2025-10-30 00:11:36.098 [main] INFO  c.q.xiaohashu.auth.XiaohashuAuthApplication - Starting XiaohashuAuthApplication using Java 17.0.12 with PID 4544 (E:\xiaohashu\xiaohashu-auth\target\classes started by hp in E:\xiaohashu)
2025-10-30 00:11:36.100 [main] INFO  c.q.xiaohashu.auth.XiaohashuAuthApplication - The following 1 profile is active: "dev"
2025-10-30 00:11:36.540 [main] INFO  o.s.d.r.config.RepositoryConfigurationDelegate - Multiple Spring Data modules found, entering strict repository configuration mode
2025-10-30 00:11:36.541 [main] INFO  o.s.d.r.config.RepositoryConfigurationDelegate - Bootstrapping Spring Data Redis repositories in DEFAULT mode.
2025-10-30 00:11:36.560 [main] INFO  o.s.d.r.config.RepositoryConfigurationDelegate - Finished Spring Data repository scanning in 9 ms. Found 0 Redis repository interfaces.
2025-10-30 00:11:36.611 [main] WARN  org.mybatis.spring.mapper.ClassPathMapperScanner - No MyBatis mapper was found in '[com.quanxiaoha.xiaohashu.auth.demos.domain.mapper]' package. Please check your configuration.
2025-10-30 00:11:36.908 [main] INFO  o.s.boot.web.embedded.tomcat.TomcatWebServer - Tomcat initialized with port(s): 8080 (http)
2025-10-30 00:11:36.913 [main] INFO  org.apache.catalina.core.StandardService - Starting service [Tomcat]
2025-10-30 00:11:36.913 [main] INFO  org.apache.catalina.core.StandardEngine - Starting Servlet engine: [Apache Tomcat/10.1.5]
2025-10-30 00:11:36.988 [main] INFO  o.a.c.core.ContainerBase.[Tomcat].[localhost].[/] - Initializing Spring embedded WebApplicationContext
2025-10-30 00:11:36.989 [main] INFO  o.s.b.w.s.c.ServletWebServerApplicationContext - Root WebApplicationContext: initialization completed in 861 ms
2025-10-30 00:11:37.034 [main] WARN  o.s.b.w.s.c.AnnotationConfigServletWebServerApplicationContext - Exception encountered during context initialization - cancelling refresh attempt: org.springframework.beans.factory.BeanCreationException: Error creating bean with name 'userController': Injection of resource dependencies failed
2025-10-30 00:11:37.036 [main] INFO  org.apache.catalina.core.StandardService - Stopping service [Tomcat]
2025-10-30 00:11:37.048 [main] INFO  o.s.b.a.logging.ConditionEvaluationReportLogger - 

Error starting ApplicationContext. To display the condition evaluation report re-run your application with 'debug' enabled.
2025-10-30 00:11:37.059 [main] ERROR o.s.b.diagnostics.LoggingFailureAnalysisReporter - 

***************************
APPLICATION FAILED TO START
***************************

Description:

A component required a bean of type 'com.quanxiaoha.xiaohashu.auth.domain.mapper.UserDOMapper' that could not be found.


Action:

Consider defining a bean of type 'com.quanxiaoha.xiaohashu.auth.domain.mapper.UserDOMapper' in your configuration.

2025-10-30 00:13:53.364 [main] INFO  c.q.xiaohashu.auth.XiaohashuAuthApplication - Starting XiaohashuAuthApplication using Java 17.0.12 with PID 5864 (E:\xiaohashu\xiaohashu-auth\target\classes started by hp in E:\xiaohashu)
2025-10-30 00:13:53.366 [main] INFO  c.q.xiaohashu.auth.XiaohashuAuthApplication - The following 1 profile is active: "dev"
2025-10-30 00:13:53.807 [main] INFO  o.s.d.r.config.RepositoryConfigurationDelegate - Multiple Spring Data modules found, entering strict repository configuration mode
2025-10-30 00:13:53.808 [main] INFO  o.s.d.r.config.RepositoryConfigurationDelegate - Bootstrapping Spring Data Redis repositories in DEFAULT mode.
2025-10-30 00:13:53.824 [main] INFO  o.s.d.r.config.RepositoryConfigurationDelegate - Finished Spring Data repository scanning in 8 ms. Found 0 Redis repository interfaces.
2025-10-30 00:13:54.154 [main] INFO  o.s.boot.web.embedded.tomcat.TomcatWebServer - Tomcat initialized with port(s): 8080 (http)
2025-10-30 00:13:54.158 [main] INFO  org.apache.catalina.core.StandardService - Starting service [Tomcat]
2025-10-30 00:13:54.158 [main] INFO  org.apache.catalina.core.StandardEngine - Starting Servlet engine: [Apache Tomcat/10.1.5]
2025-10-30 00:13:54.225 [main] INFO  o.a.c.core.ContainerBase.[Tomcat].[localhost].[/] - Initializing Spring embedded WebApplicationContext
2025-10-30 00:13:54.225 [main] INFO  o.s.b.w.s.c.ServletWebServerApplicationContext - Root WebApplicationContext: initialization completed in 828 ms
2025-10-30 00:13:54.275 [main] INFO  c.a.d.s.b.a.DruidDataSourceAutoConfigure - Init DruidDataSource
2025-10-30 00:13:54.448 [main] INFO  com.alibaba.druid.pool.DruidDataSource - {dataSource-1} inited
2025-10-30 00:13:54.985 [main] INFO  o.s.boot.web.embedded.tomcat.TomcatWebServer - Tomcat started on port(s): 8080 (http) with context path ''
2025-10-30 00:13:54.991 [main] INFO  c.q.xiaohashu.auth.XiaohashuAuthApplication - Started XiaohashuAuthApplication in 1.962 seconds (process running for 2.347)
2025-10-30 00:14:03.022 [http-nio-8080-exec-1] INFO  o.a.c.core.ContainerBase.[Tomcat].[localhost].[/] - Initializing Spring DispatcherServlet 'dispatcherServlet'
2025-10-30 00:14:03.023 [http-nio-8080-exec-1] INFO  org.springframework.web.servlet.DispatcherServlet - Initializing Servlet 'dispatcherServlet'
2025-10-30 00:14:03.023 [http-nio-8080-exec-1] INFO  org.springframework.web.servlet.DispatcherServlet - Completed initialization in 0 ms
2025-10-30 00:14:03.120 [http-nio-8080-exec-1] INFO  c.q.f.b.operationlog.aspect.ApiOperationLogAspect - ====== 请求开始: [发送短信验证码], 入参: {"phone":"18617685129"}, 请求类: VerificationCodeController, 请求方法: send =================================== 
2025-10-30 00:14:03.421 [http-nio-8080-exec-1] INFO  c.q.x.a.service.impl.VerificationCodeServiceImpl - ==> 手机号: 18617685129, 已发送验证码：【757855】
2025-10-30 00:14:03.427 [http-nio-8080-exec-1] INFO  c.q.f.b.operationlog.aspect.ApiOperationLogAspect - ====== 请求结束: [发送短信验证码], 耗时: 316ms, 出参: {"success":true,"message":null,"errorCode":null,"data":null} =================================== 
2025-10-30 00:15:33.792 [http-nio-8080-exec-5] INFO  c.q.f.b.operationlog.aspect.ApiOperationLogAspect - ====== 请求开始: [用户登录/注册], 入参: {"phone":"18617685129","code":"757855","password":null,"type":1}, 请求类: UserController, 请求方法: loginAndRegister =================================== 
2025-10-30 00:15:34.049 [http-nio-8080-exec-5] INFO  c.q.xiaohashu.auth.service.impl.UserServiceImpl - ==> 用户是否注册, phone: 18617685129, userDO: null
2025-10-30 00:15:34.182 [http-nio-8080-exec-5] ERROR c.q.x.auth.exception.GlobalExceptionHandler - /user/login request error, 
org.springframework.jdbc.BadSqlGrammarException: 
### Error updating database.  Cause: java.sql.SQLException: Column count doesn't match value count at row 1
### The error may exist in file [E:\xiaohashu\xiaohashu-auth\target\classes\mapper\UserDOMapper.xml]
### The error may involve com.quanxiaoha.xiaohashu.auth.domain.mapper.UserDOMapper.insert-Inline
### The error occurred while setting parameters
### SQL: insert into t_user (xiaohashu_id, `password`,       nickname, avatar, birthday,       background_img, phone, sex,       `status`, introduction, create_time,       update_time, is_deleted)     values (?, ?, ?,       ?, ?, ?,       ?, ?, ?,       ?, ?, ?,       ?, ?)
### Cause: java.sql.SQLException: Column count doesn't match value count at row 1
; bad SQL grammar []
	at org.springframework.jdbc.support.SQLStateSQLExceptionTranslator.doTranslate(SQLStateSQLExceptionTranslator.java:99)
	at org.springframework.jdbc.support.AbstractFallbackSQLExceptionTranslator.translate(AbstractFallbackSQLExceptionTranslator.java:70)
	at org.springframework.jdbc.support.AbstractFallbackSQLExceptionTranslator.translate(AbstractFallbackSQLExceptionTranslator.java:79)
	at org.springframework.jdbc.support.AbstractFallbackSQLExceptionTranslator.translate(AbstractFallbackSQLExceptionTranslator.java:79)
	at org.mybatis.spring.MyBatisExceptionTranslator.translateExceptionIfPossible(MyBatisExceptionTranslator.java:92)
	at org.mybatis.spring.SqlSessionTemplate$SqlSessionInterceptor.invoke(SqlSessionTemplate.java:439)
	at jdk.proxy2/jdk.proxy2.$Proxy73.insert(Unknown Source)
	at org.mybatis.spring.SqlSessionTemplate.insert(SqlSessionTemplate.java:272)
	at org.apache.ibatis.binding.MapperMethod.execute(MapperMethod.java:62)
	at org.apache.ibatis.binding.MapperProxy$PlainMethodInvoker.invoke(MapperProxy.java:142)
	at org.apache.ibatis.binding.MapperProxy.invoke(MapperProxy.java:86)
	at jdk.proxy2/jdk.proxy2.$Proxy74.insert(Unknown Source)
	at com.quanxiaoha.xiaohashu.auth.service.impl.UserServiceImpl.registerUser(UserServiceImpl.java:134)
	at com.quanxiaoha.xiaohashu.auth.service.impl.UserServiceImpl.loginAndRegister(UserServiceImpl.java:93)
	at java.base/jdk.internal.reflect.NativeMethodAccessorImpl.invoke0(Native Method)
	at java.base/jdk.internal.reflect.NativeMethodAccessorImpl.invoke(NativeMethodAccessorImpl.java:77)
	at java.base/jdk.internal.reflect.DelegatingMethodAccessorImpl.invoke(DelegatingMethodAccessorImpl.java:43)
	at java.base/java.lang.reflect.Method.invoke(Method.java:568)
	at org.springframework.aop.support.AopUtils.invokeJoinpointUsingReflection(AopUtils.java:343)
	at org.springframework.aop.framework.CglibAopProxy$DynamicAdvisedInterceptor.intercept(CglibAopProxy.java:699)
	at com.quanxiaoha.xiaohashu.auth.service.impl.UserServiceImpl$$SpringCGLIB$$0.loginAndRegister(<generated>)
	at com.quanxiaoha.xiaohashu.auth.controller.UserController.loginAndRegister(UserController.java:32)
	at java.base/jdk.internal.reflect.NativeMethodAccessorImpl.invoke0(Native Method)
	at java.base/jdk.internal.reflect.NativeMethodAccessorImpl.invoke(NativeMethodAccessorImpl.java:77)
	at java.base/jdk.internal.reflect.DelegatingMethodAccessorImpl.invoke(DelegatingMethodAccessorImpl.java:43)
	at java.base/java.lang.reflect.Method.invoke(Method.java:568)
	at org.springframework.aop.support.AopUtils.invokeJoinpointUsingReflection(AopUtils.java:343)
	at org.springframework.aop.framework.ReflectiveMethodInvocation.invokeJoinpoint(ReflectiveMethodInvocation.java:196)
	at org.springframework.aop.framework.ReflectiveMethodInvocation.proceed(ReflectiveMethodInvocation.java:163)
	at org.springframework.aop.framework.CglibAopProxy$CglibMethodInvocation.proceed(CglibAopProxy.java:752)
	at org.springframework.aop.aspectj.MethodInvocationProceedingJoinPoint.proceed(MethodInvocationProceedingJoinPoint.java:89)
	at com.quanxiaoha.framework.biz.operationlog.aspect.ApiOperationLogAspect.doAround(ApiOperationLogAspect.java:53)
	at java.base/jdk.internal.reflect.NativeMethodAccessorImpl.invoke0(Native Method)
	at java.base/jdk.internal.reflect.NativeMethodAccessorImpl.invoke(NativeMethodAccessorImpl.java:77)
	at java.base/jdk.internal.reflect.DelegatingMethodAccessorImpl.invoke(DelegatingMethodAccessorImpl.java:43)
	at java.base/java.lang.reflect.Method.invoke(Method.java:568)
	at org.springframework.aop.aspectj.AbstractAspectJAdvice.invokeAdviceMethodWithGivenArgs(AbstractAspectJAdvice.java:633)
	at org.springframework.aop.aspectj.AbstractAspectJAdvice.invokeAdviceMethod(AbstractAspectJAdvice.java:623)
	at org.springframework.aop.aspectj.AspectJAroundAdvice.invoke(AspectJAroundAdvice.java:71)
	at org.springframework.aop.framework.ReflectiveMethodInvocation.proceed(ReflectiveMethodInvocation.java:173)
	at org.springframework.aop.framework.CglibAopProxy$CglibMethodInvocation.proceed(CglibAopProxy.java:752)
	at org.springframework.aop.interceptor.ExposeInvocationInterceptor.invoke(ExposeInvocationInterceptor.java:97)
	at org.springframework.aop.framework.ReflectiveMethodInvocation.proceed(ReflectiveMethodInvocation.java:184)
	at org.springframework.aop.framework.CglibAopProxy$CglibMethodInvocation.proceed(CglibAopProxy.java:752)
	at org.springframework.aop.framework.CglibAopProxy$DynamicAdvisedInterceptor.intercept(CglibAopProxy.java:703)
	at com.quanxiaoha.xiaohashu.auth.controller.UserController$$SpringCGLIB$$0.loginAndRegister(<generated>)
	at java.base/jdk.internal.reflect.NativeMethodAccessorImpl.invoke0(Native Method)
	at java.base/jdk.internal.reflect.NativeMethodAccessorImpl.invoke(NativeMethodAccessorImpl.java:77)
	at java.base/jdk.internal.reflect.DelegatingMethodAccessorImpl.invoke(DelegatingMethodAccessorImpl.java:43)
	at java.base/java.lang.reflect.Method.invoke(Method.java:568)
	at org.springframework.web.method.support.InvocableHandlerMethod.doInvoke(InvocableHandlerMethod.java:207)
	at org.springframework.web.method.support.InvocableHandlerMethod.invokeForRequest(InvocableHandlerMethod.java:152)
	at org.springframework.web.servlet.mvc.method.annotation.ServletInvocableHandlerMethod.invokeAndHandle(ServletInvocableHandlerMethod.java:117)
	at org.springframework.web.servlet.mvc.method.annotation.RequestMappingHandlerAdapter.invokeHandlerMethod(RequestMappingHandlerAdapter.java:884)
	at org.springframework.web.servlet.mvc.method.annotation.RequestMappingHandlerAdapter.handleInternal(RequestMappingHandlerAdapter.java:797)
	at org.springframework.web.servlet.mvc.method.AbstractHandlerMethodAdapter.handle(AbstractHandlerMethodAdapter.java:87)
	at org.springframework.web.servlet.DispatcherServlet.doDispatch(DispatcherServlet.java:1080)
	at org.springframework.web.servlet.DispatcherServlet.doService(DispatcherServlet.java:973)
	at org.springframework.web.servlet.FrameworkServlet.processRequest(FrameworkServlet.java:1011)
	at org.springframework.web.servlet.FrameworkServlet.doPost(FrameworkServlet.java:914)
	at jakarta.servlet.http.HttpServlet.service(HttpServlet.java:547)
	at org.springframework.web.servlet.FrameworkServlet.service(FrameworkServlet.java:885)
	at jakarta.servlet.http.HttpServlet.service(HttpServlet.java:614)
	at org.apache.catalina.core.ApplicationFilterChain.internalDoFilter(ApplicationFilterChain.java:223)
	at org.apache.catalina.core.ApplicationFilterChain.doFilter(ApplicationFilterChain.java:158)
	at org.apache.tomcat.websocket.server.WsFilter.doFilter(WsFilter.java:53)
	at org.apache.catalina.core.ApplicationFilterChain.internalDoFilter(ApplicationFilterChain.java:185)
	at org.apache.catalina.core.ApplicationFilterChain.doFilter(ApplicationFilterChain.java:158)
	at com.alibaba.druid.support.jakarta.WebStatFilter.doFilter(WebStatFilter.java:113)
	at org.apache.catalina.core.ApplicationFilterChain.internalDoFilter(ApplicationFilterChain.java:185)
	at org.apache.catalina.core.ApplicationFilterChain.doFilter(ApplicationFilterChain.java:158)
	at org.springframework.web.filter.RequestContextFilter.doFilterInternal(RequestContextFilter.java:100)
	at org.springframework.web.filter.OncePerRequestFilter.doFilter(OncePerRequestFilter.java:116)
	at org.apache.catalina.core.ApplicationFilterChain.internalDoFilter(ApplicationFilterChain.java:185)
	at org.apache.catalina.core.ApplicationFilterChain.doFilter(ApplicationFilterChain.java:158)
	at cn.dev33.satoken.filter.SaPathCheckFilterForJakartaServlet.doFilter(SaPathCheckFilterForJakartaServlet.java:55)
	at org.apache.catalina.core.ApplicationFilterChain.internalDoFilter(ApplicationFilterChain.java:185)
	at org.apache.catalina.core.ApplicationFilterChain.doFilter(ApplicationFilterChain.java:158)
	at org.springframework.web.filter.FormContentFilter.doFilterInternal(FormContentFilter.java:93)
	at org.springframework.web.filter.OncePerRequestFilter.doFilter(OncePerRequestFilter.java:116)
	at org.apache.catalina.core.ApplicationFilterChain.internalDoFilter(ApplicationFilterChain.java:185)
	at org.apache.catalina.core.ApplicationFilterChain.doFilter(ApplicationFilterChain.java:158)
	at org.springframework.web.filter.CharacterEncodingFilter.doFilterInternal(CharacterEncodingFilter.java:201)
	at org.springframework.web.filter.OncePerRequestFilter.doFilter(OncePerRequestFilter.java:116)
	at org.apache.catalina.core.ApplicationFilterChain.internalDoFilter(ApplicationFilterChain.java:185)
	at org.apache.catalina.core.ApplicationFilterChain.doFilter(ApplicationFilterChain.java:158)
	at org.apache.catalina.core.StandardWrapperValve.invoke(StandardWrapperValve.java:177)
	at org.apache.catalina.core.StandardContextValve.invoke(StandardContextValve.java:97)
	at org.apache.catalina.authenticator.AuthenticatorBase.invoke(AuthenticatorBase.java:542)
	at org.apache.catalina.core.StandardHostValve.invoke(StandardHostValve.java:119)
	at org.apache.catalina.valves.ErrorReportValve.invoke(ErrorReportValve.java:92)
	at org.apache.catalina.core.StandardEngineValve.invoke(StandardEngineValve.java:78)
	at org.apache.catalina.connector.CoyoteAdapter.service(CoyoteAdapter.java:357)
	at org.apache.coyote.http11.Http11Processor.service(Http11Processor.java:400)
	at org.apache.coyote.AbstractProcessorLight.process(AbstractProcessorLight.java:65)
	at org.apache.coyote.AbstractProtocol$ConnectionHandler.process(AbstractProtocol.java:859)
	at org.apache.tomcat.util.net.NioEndpoint$SocketProcessor.doRun(NioEndpoint.java:1734)
	at org.apache.tomcat.util.net.SocketProcessorBase.run(SocketProcessorBase.java:52)
	at org.apache.tomcat.util.threads.ThreadPoolExecutor.runWorker(ThreadPoolExecutor.java:1191)
	at org.apache.tomcat.util.threads.ThreadPoolExecutor$Worker.run(ThreadPoolExecutor.java:659)
	at org.apache.tomcat.util.threads.TaskThread$WrappingRunnable.run(TaskThread.java:61)
	at java.base/java.lang.Thread.run(Thread.java:842)
Caused by: java.sql.SQLException: Column count doesn't match value count at row 1
	at com.mysql.cj.jdbc.exceptions.SQLError.createSQLException(SQLError.java:129)
	at com.mysql.cj.jdbc.exceptions.SQLExceptionsMapping.translateException(SQLExceptionsMapping.java:122)
	at com.mysql.cj.jdbc.ClientPreparedStatement.executeInternal(ClientPreparedStatement.java:916)
	at com.mysql.cj.jdbc.ClientPreparedStatement.execute(ClientPreparedStatement.java:354)
	at com.alibaba.druid.filter.FilterChainImpl.preparedStatement_execute(FilterChainImpl.java:3462)
	at com.alibaba.druid.filter.FilterEventAdapter.preparedStatement_execute(FilterEventAdapter.java:434)
	at com.alibaba.druid.filter.FilterChainImpl.preparedStatement_execute(FilterChainImpl.java:3460)
	at com.alibaba.druid.proxy.jdbc.PreparedStatementProxyImpl.execute(PreparedStatementProxyImpl.java:158)
	at com.alibaba.druid.pool.DruidPooledPreparedStatement.execute(DruidPooledPreparedStatement.java:483)
	at org.apache.ibatis.executor.statement.PreparedStatementHandler.update(PreparedStatementHandler.java:48)
	at org.apache.ibatis.executor.statement.RoutingStatementHandler.update(RoutingStatementHandler.java:75)
	at org.apache.ibatis.executor.SimpleExecutor.doUpdate(SimpleExecutor.java:50)
	at org.apache.ibatis.executor.BaseExecutor.update(BaseExecutor.java:117)
	at org.apache.ibatis.executor.CachingExecutor.update(CachingExecutor.java:76)
	at org.apache.ibatis.session.defaults.DefaultSqlSession.update(DefaultSqlSession.java:197)
	at org.apache.ibatis.session.defaults.DefaultSqlSession.insert(DefaultSqlSession.java:184)
	at java.base/jdk.internal.reflect.NativeMethodAccessorImpl.invoke0(Native Method)
	at java.base/jdk.internal.reflect.NativeMethodAccessorImpl.invoke(NativeMethodAccessorImpl.java:77)
	at java.base/jdk.internal.reflect.DelegatingMethodAccessorImpl.invoke(DelegatingMethodAccessorImpl.java:43)
	at java.base/java.lang.reflect.Method.invoke(Method.java:568)
	at org.mybatis.spring.SqlSessionTemplate$SqlSessionInterceptor.invoke(SqlSessionTemplate.java:425)
	... 96 common frames omitted
2025-10-30 00:18:08.020 [main] INFO  c.q.xiaohashu.auth.XiaohashuAuthApplication - Starting XiaohashuAuthApplication using Java 17.0.12 with PID 18316 (E:\xiaohashu\xiaohashu-auth\target\classes started by hp in E:\xiaohashu)
2025-10-30 00:18:08.021 [main] INFO  c.q.xiaohashu.auth.XiaohashuAuthApplication - The following 1 profile is active: "dev"
2025-10-30 00:18:08.439 [main] INFO  o.s.d.r.config.RepositoryConfigurationDelegate - Multiple Spring Data modules found, entering strict repository configuration mode
2025-10-30 00:18:08.440 [main] INFO  o.s.d.r.config.RepositoryConfigurationDelegate - Bootstrapping Spring Data Redis repositories in DEFAULT mode.
2025-10-30 00:18:08.456 [main] INFO  o.s.d.r.config.RepositoryConfigurationDelegate - Finished Spring Data repository scanning in 8 ms. Found 0 Redis repository interfaces.
2025-10-30 00:18:08.806 [main] INFO  o.s.boot.web.embedded.tomcat.TomcatWebServer - Tomcat initialized with port(s): 8080 (http)
2025-10-30 00:18:08.811 [main] INFO  org.apache.catalina.core.StandardService - Starting service [Tomcat]
2025-10-30 00:18:08.811 [main] INFO  org.apache.catalina.core.StandardEngine - Starting Servlet engine: [Apache Tomcat/10.1.5]
2025-10-30 00:18:08.874 [main] INFO  o.a.c.core.ContainerBase.[Tomcat].[localhost].[/] - Initializing Spring embedded WebApplicationContext
2025-10-30 00:18:08.875 [main] INFO  o.s.b.w.s.c.ServletWebServerApplicationContext - Root WebApplicationContext: initialization completed in 823 ms
2025-10-30 00:18:08.927 [main] INFO  c.a.d.s.b.a.DruidDataSourceAutoConfigure - Init DruidDataSource
2025-10-30 00:18:09.100 [main] INFO  com.alibaba.druid.pool.DruidDataSource - {dataSource-1} inited
2025-10-30 00:18:09.629 [main] INFO  o.s.boot.web.embedded.tomcat.TomcatWebServer - Tomcat started on port(s): 8080 (http) with context path ''
2025-10-30 00:18:09.635 [main] INFO  c.q.xiaohashu.auth.XiaohashuAuthApplication - Started XiaohashuAuthApplication in 1.939 seconds (process running for 2.371)
2025-10-30 00:18:20.132 [http-nio-8080-exec-1] INFO  o.a.c.core.ContainerBase.[Tomcat].[localhost].[/] - Initializing Spring DispatcherServlet 'dispatcherServlet'
2025-10-30 00:18:20.132 [http-nio-8080-exec-1] INFO  org.springframework.web.servlet.DispatcherServlet - Initializing Servlet 'dispatcherServlet'
2025-10-30 00:18:20.133 [http-nio-8080-exec-1] INFO  org.springframework.web.servlet.DispatcherServlet - Completed initialization in 1 ms
2025-10-30 00:18:20.216 [http-nio-8080-exec-1] INFO  c.q.f.b.operationlog.aspect.ApiOperationLogAspect - ====== 请求开始: [用户登录/注册], 入参: {"phone":"18617685129","code":"757855","password":null,"type":1}, 请求类: UserController, 请求方法: loginAndRegister =================================== 
2025-10-30 00:18:20.470 [http-nio-8080-exec-1] WARN  c.q.x.auth.exception.GlobalExceptionHandler - /user/login request fail, errorCode: AUTH-20001, errorMessage: 验证码错误
2025-10-30 00:19:29.843 [http-nio-8080-exec-9] ERROR c.q.x.auth.exception.GlobalExceptionHandler - /verification/code/send request error, 
org.springframework.web.HttpRequestMethodNotSupportedException: Request method 'GET' is not supported
	at org.springframework.web.servlet.mvc.method.RequestMappingInfoHandlerMapping.handleNoMatch(RequestMappingInfoHandlerMapping.java:265)
	at org.springframework.web.servlet.handler.AbstractHandlerMethodMapping.lookupHandlerMethod(AbstractHandlerMethodMapping.java:441)
	at org.springframework.web.servlet.handler.AbstractHandlerMethodMapping.getHandlerInternal(AbstractHandlerMethodMapping.java:382)
	at org.springframework.web.servlet.mvc.method.RequestMappingInfoHandlerMapping.getHandlerInternal(RequestMappingInfoHandlerMapping.java:126)
	at org.springframework.web.servlet.mvc.method.RequestMappingInfoHandlerMapping.getHandlerInternal(RequestMappingInfoHandlerMapping.java:68)
	at org.springframework.web.servlet.handler.AbstractHandlerMapping.getHandler(AbstractHandlerMapping.java:504)
	at org.springframework.web.servlet.DispatcherServlet.getHandler(DispatcherServlet.java:1274)
	at org.springframework.web.servlet.DispatcherServlet.doDispatch(DispatcherServlet.java:1056)
	at org.springframework.web.servlet.DispatcherServlet.doService(DispatcherServlet.java:973)
	at org.springframework.web.servlet.FrameworkServlet.processRequest(FrameworkServlet.java:1011)
	at org.springframework.web.servlet.FrameworkServlet.doGet(FrameworkServlet.java:903)
	at jakarta.servlet.http.HttpServlet.service(HttpServlet.java:527)
	at org.springframework.web.servlet.FrameworkServlet.service(FrameworkServlet.java:885)
	at jakarta.servlet.http.HttpServlet.service(HttpServlet.java:614)
	at org.apache.catalina.core.ApplicationFilterChain.internalDoFilter(ApplicationFilterChain.java:223)
	at org.apache.catalina.core.ApplicationFilterChain.doFilter(ApplicationFilterChain.java:158)
	at org.apache.tomcat.websocket.server.WsFilter.doFilter(WsFilter.java:53)
	at org.apache.catalina.core.ApplicationFilterChain.internalDoFilter(ApplicationFilterChain.java:185)
	at org.apache.catalina.core.ApplicationFilterChain.doFilter(ApplicationFilterChain.java:158)
	at com.alibaba.druid.support.jakarta.WebStatFilter.doFilter(WebStatFilter.java:113)
	at org.apache.catalina.core.ApplicationFilterChain.internalDoFilter(ApplicationFilterChain.java:185)
	at org.apache.catalina.core.ApplicationFilterChain.doFilter(ApplicationFilterChain.java:158)
	at org.springframework.web.filter.RequestContextFilter.doFilterInternal(RequestContextFilter.java:100)
	at org.springframework.web.filter.OncePerRequestFilter.doFilter(OncePerRequestFilter.java:116)
	at org.apache.catalina.core.ApplicationFilterChain.internalDoFilter(ApplicationFilterChain.java:185)
	at org.apache.catalina.core.ApplicationFilterChain.doFilter(ApplicationFilterChain.java:158)
	at cn.dev33.satoken.filter.SaPathCheckFilterForJakartaServlet.doFilter(SaPathCheckFilterForJakartaServlet.java:55)
	at org.apache.catalina.core.ApplicationFilterChain.internalDoFilter(ApplicationFilterChain.java:185)
	at org.apache.catalina.core.ApplicationFilterChain.doFilter(ApplicationFilterChain.java:158)
	at org.springframework.web.filter.FormContentFilter.doFilterInternal(FormContentFilter.java:93)
	at org.springframework.web.filter.OncePerRequestFilter.doFilter(OncePerRequestFilter.java:116)
	at org.apache.catalina.core.ApplicationFilterChain.internalDoFilter(ApplicationFilterChain.java:185)
	at org.apache.catalina.core.ApplicationFilterChain.doFilter(ApplicationFilterChain.java:158)
	at org.springframework.web.filter.CharacterEncodingFilter.doFilterInternal(CharacterEncodingFilter.java:201)
	at org.springframework.web.filter.OncePerRequestFilter.doFilter(OncePerRequestFilter.java:116)
	at org.apache.catalina.core.ApplicationFilterChain.internalDoFilter(ApplicationFilterChain.java:185)
	at org.apache.catalina.core.ApplicationFilterChain.doFilter(ApplicationFilterChain.java:158)
	at org.apache.catalina.core.StandardWrapperValve.invoke(StandardWrapperValve.java:177)
	at org.apache.catalina.core.StandardContextValve.invoke(StandardContextValve.java:97)
	at org.apache.catalina.authenticator.AuthenticatorBase.invoke(AuthenticatorBase.java:542)
	at org.apache.catalina.core.StandardHostValve.invoke(StandardHostValve.java:119)
	at org.apache.catalina.valves.ErrorReportValve.invoke(ErrorReportValve.java:92)
	at org.apache.catalina.core.StandardEngineValve.invoke(StandardEngineValve.java:78)
	at org.apache.catalina.connector.CoyoteAdapter.service(CoyoteAdapter.java:357)
	at org.apache.coyote.http11.Http11Processor.service(Http11Processor.java:400)
	at org.apache.coyote.AbstractProcessorLight.process(AbstractProcessorLight.java:65)
	at org.apache.coyote.AbstractProtocol$ConnectionHandler.process(AbstractProtocol.java:859)
	at org.apache.tomcat.util.net.NioEndpoint$SocketProcessor.doRun(NioEndpoint.java:1734)
	at org.apache.tomcat.util.net.SocketProcessorBase.run(SocketProcessorBase.java:52)
	at org.apache.tomcat.util.threads.ThreadPoolExecutor.runWorker(ThreadPoolExecutor.java:1191)
	at org.apache.tomcat.util.threads.ThreadPoolExecutor$Worker.run(ThreadPoolExecutor.java:659)
	at org.apache.tomcat.util.threads.TaskThread$WrappingRunnable.run(TaskThread.java:61)
	at java.base/java.lang.Thread.run(Thread.java:842)
2025-10-30 00:19:47.886 [http-nio-8080-exec-6] INFO  c.q.f.b.operationlog.aspect.ApiOperationLogAspect - ====== 请求开始: [发送短信验证码], 入参: {"phone":"18617685129"}, 请求类: VerificationCodeController, 请求方法: send =================================== 
2025-10-30 00:19:47.895 [http-nio-8080-exec-6] INFO  c.q.x.a.service.impl.VerificationCodeServiceImpl - ==> 手机号: 18617685129, 已发送验证码：【886197】
2025-10-30 00:19:47.902 [http-nio-8080-exec-6] INFO  c.q.f.b.operationlog.aspect.ApiOperationLogAspect - ====== 请求结束: [发送短信验证码], 耗时: 17ms, 出参: {"success":true,"message":null,"errorCode":null,"data":null} =================================== 
2025-10-30 00:20:05.469 [http-nio-8080-exec-8] INFO  c.q.f.b.operationlog.aspect.ApiOperationLogAspect - ====== 请求开始: [用户登录/注册], 入参: {"phone":"18617685129","code":"886197","password":null,"type":1}, 请求类: UserController, 请求方法: loginAndRegister =================================== 
2025-10-30 00:20:05.586 [http-nio-8080-exec-8] INFO  c.q.xiaohashu.auth.service.impl.UserServiceImpl - ==> 用户是否注册, phone: 18617685129, userDO: null
2025-10-30 00:20:05.672 [http-nio-8080-exec-8] INFO  c.q.f.b.operationlog.aspect.ApiOperationLogAspect - ====== 请求结束: [用户登录/注册], 耗时: 202ms, 出参: {"success":true,"message":null,"errorCode":null,"data":"e28e43e3-1d1b-4993-90db-ecc30b4e92ba"} =================================== 
2025-10-30 13:09:59.682 [main] INFO  c.q.xiaohashu.auth.XiaohashuAuthApplication - Starting XiaohashuAuthApplication using Java 17.0.12 with PID 17956 (E:\xiaohashu\xiaohashu-auth\target\classes started by hp in E:\xiaohashu)
2025-10-30 13:09:59.683 [main] INFO  c.q.xiaohashu.auth.XiaohashuAuthApplication - The following 1 profile is active: "dev"
2025-10-30 13:10:00.162 [main] INFO  o.s.d.r.config.RepositoryConfigurationDelegate - Multiple Spring Data modules found, entering strict repository configuration mode
2025-10-30 13:10:00.164 [main] INFO  o.s.d.r.config.RepositoryConfigurationDelegate - Bootstrapping Spring Data Redis repositories in DEFAULT mode.
2025-10-30 13:10:00.187 [main] INFO  o.s.d.r.config.RepositoryConfigurationDelegate - Finished Spring Data repository scanning in 10 ms. Found 0 Redis repository interfaces.
2025-10-30 13:10:00.608 [main] INFO  o.s.boot.web.embedded.tomcat.TomcatWebServer - Tomcat initialized with port(s): 8080 (http)
2025-10-30 13:10:00.613 [main] INFO  org.apache.catalina.core.StandardService - Starting service [Tomcat]
2025-10-30 13:10:00.613 [main] INFO  org.apache.catalina.core.StandardEngine - Starting Servlet engine: [Apache Tomcat/10.1.5]
2025-10-30 13:10:00.681 [main] INFO  o.a.c.core.ContainerBase.[Tomcat].[localhost].[/] - Initializing Spring embedded WebApplicationContext
2025-10-30 13:10:00.682 [main] INFO  o.s.b.w.s.c.ServletWebServerApplicationContext - Root WebApplicationContext: initialization completed in 967 ms
2025-10-30 13:10:00.740 [main] INFO  c.a.d.s.b.a.DruidDataSourceAutoConfigure - Init DruidDataSource
2025-10-30 13:10:00.945 [main] INFO  com.alibaba.druid.pool.DruidDataSource - {dataSource-1} inited
2025-10-30 13:10:01.557 [main] WARN  o.s.b.w.s.c.AnnotationConfigServletWebServerApplicationContext - Exception encountered during context initialization - cancelling refresh attempt: org.springframework.context.ApplicationContextException: Failed to start bean 'webServerStartStop'
2025-10-30 13:10:01.566 [main] INFO  com.alibaba.druid.pool.DruidDataSource - {dataSource-1} closing ...
2025-10-30 13:10:01.570 [main] INFO  com.alibaba.druid.pool.DruidDataSource - {dataSource-1} closed
2025-10-30 13:10:01.571 [main] INFO  org.apache.catalina.core.StandardService - Stopping service [Tomcat]
2025-10-30 13:10:01.581 [main] INFO  o.s.b.a.logging.ConditionEvaluationReportLogger - 

Error starting ApplicationContext. To display the condition evaluation report re-run your application with 'debug' enabled.
2025-10-30 13:10:01.589 [main] ERROR o.s.b.diagnostics.LoggingFailureAnalysisReporter - 

***************************
APPLICATION FAILED TO START
***************************

Description:

Web server failed to start. Port 8080 was already in use.

Action:

Identify and stop the process that's listening on port 8080 or configure this application to listen on another port.

2025-10-30 13:10:28.902 [main] INFO  c.q.xiaohashu.auth.XiaohashuAuthApplication - Starting XiaohashuAuthApplication using Java 17.0.12 with PID 20288 (E:\xiaohashu\xiaohashu-auth\target\classes started by hp in E:\xiaohashu)
2025-10-30 13:10:28.904 [main] INFO  c.q.xiaohashu.auth.XiaohashuAuthApplication - The following 1 profile is active: "dev"
2025-10-30 13:10:29.328 [main] INFO  o.s.d.r.config.RepositoryConfigurationDelegate - Multiple Spring Data modules found, entering strict repository configuration mode
2025-10-30 13:10:29.329 [main] INFO  o.s.d.r.config.RepositoryConfigurationDelegate - Bootstrapping Spring Data Redis repositories in DEFAULT mode.
2025-10-30 13:10:29.347 [main] INFO  o.s.d.r.config.RepositoryConfigurationDelegate - Finished Spring Data repository scanning in 9 ms. Found 0 Redis repository interfaces.
2025-10-30 13:10:29.724 [main] INFO  o.s.boot.web.embedded.tomcat.TomcatWebServer - Tomcat initialized with port(s): 8080 (http)
2025-10-30 13:10:29.729 [main] INFO  org.apache.catalina.core.StandardService - Starting service [Tomcat]
2025-10-30 13:10:29.729 [main] INFO  org.apache.catalina.core.StandardEngine - Starting Servlet engine: [Apache Tomcat/10.1.5]
2025-10-30 13:10:29.793 [main] INFO  o.a.c.core.ContainerBase.[Tomcat].[localhost].[/] - Initializing Spring embedded WebApplicationContext
2025-10-30 13:10:29.793 [main] INFO  o.s.b.w.s.c.ServletWebServerApplicationContext - Root WebApplicationContext: initialization completed in 859 ms
2025-10-30 13:10:29.849 [main] INFO  c.a.d.s.b.a.DruidDataSourceAutoConfigure - Init DruidDataSource
2025-10-30 13:10:30.051 [main] INFO  com.alibaba.druid.pool.DruidDataSource - {dataSource-1} inited
2025-10-30 13:10:30.585 [main] INFO  o.s.boot.web.embedded.tomcat.TomcatWebServer - Tomcat started on port(s): 8080 (http) with context path ''
2025-10-30 13:10:30.590 [main] INFO  c.q.xiaohashu.auth.XiaohashuAuthApplication - Started XiaohashuAuthApplication in 2.032 seconds (process running for 2.499)
2025-10-30 13:11:14.996 [http-nio-8080-exec-3] INFO  o.a.c.core.ContainerBase.[Tomcat].[localhost].[/] - Initializing Spring DispatcherServlet 'dispatcherServlet'
2025-10-30 13:11:14.996 [http-nio-8080-exec-3] INFO  org.springframework.web.servlet.DispatcherServlet - Initializing Servlet 'dispatcherServlet'
2025-10-30 13:11:14.997 [http-nio-8080-exec-3] INFO  org.springframework.web.servlet.DispatcherServlet - Completed initialization in 1 ms
2025-10-30 13:11:15.137 [http-nio-8080-exec-3] INFO  c.q.f.b.operationlog.aspect.ApiOperationLogAspect - ====== 请求开始: [用户登录/注册], 入参: {"phone":"18617685129","code":"","password":null,"type":1}, 请求类: UserController, 请求方法: loginAndRegister =================================== 
2025-10-30 13:11:15.148 [http-nio-8080-exec-3] WARN  c.q.x.auth.exception.GlobalExceptionHandler - /user/login request error, errorCode: AUTH-10001, errorMessage: 验证码不能为空
2025-10-30 13:21:42.192 [main] INFO  c.q.xiaohashu.auth.XiaohashuAuthApplication - Starting XiaohashuAuthApplication using Java 17.0.12 with PID 9568 (E:\xiaohashu\xiaohashu-auth\target\classes started by hp in E:\xiaohashu)
2025-10-30 13:21:42.193 [main] INFO  c.q.xiaohashu.auth.XiaohashuAuthApplication - The following 1 profile is active: "dev"
2025-10-30 13:21:42.590 [main] INFO  o.s.d.r.config.RepositoryConfigurationDelegate - Multiple Spring Data modules found, entering strict repository configuration mode
2025-10-30 13:21:42.591 [main] INFO  o.s.d.r.config.RepositoryConfigurationDelegate - Bootstrapping Spring Data Redis repositories in DEFAULT mode.
2025-10-30 13:21:42.609 [main] INFO  o.s.d.r.config.RepositoryConfigurationDelegate - Finished Spring Data repository scanning in 9 ms. Found 0 Redis repository interfaces.
2025-10-30 13:21:42.941 [main] INFO  o.s.boot.web.embedded.tomcat.TomcatWebServer - Tomcat initialized with port(s): 8080 (http)
2025-10-30 13:21:42.946 [main] INFO  org.apache.catalina.core.StandardService - Starting service [Tomcat]
2025-10-30 13:21:42.946 [main] INFO  org.apache.catalina.core.StandardEngine - Starting Servlet engine: [Apache Tomcat/10.1.5]
2025-10-30 13:21:43.019 [main] INFO  o.a.c.core.ContainerBase.[Tomcat].[localhost].[/] - Initializing Spring embedded WebApplicationContext
2025-10-30 13:21:43.019 [main] INFO  o.s.b.w.s.c.ServletWebServerApplicationContext - Root WebApplicationContext: initialization completed in 795 ms
2025-10-30 13:21:43.074 [main] INFO  c.a.d.s.b.a.DruidDataSourceAutoConfigure - Init DruidDataSource
2025-10-30 13:21:43.236 [main] INFO  com.alibaba.druid.pool.DruidDataSource - {dataSource-1} inited
2025-10-30 13:21:43.760 [main] INFO  o.s.boot.web.embedded.tomcat.TomcatWebServer - Tomcat started on port(s): 8080 (http) with context path ''
2025-10-30 13:21:43.766 [main] INFO  c.q.xiaohashu.auth.XiaohashuAuthApplication - Started XiaohashuAuthApplication in 1.892 seconds (process running for 2.358)
2025-10-30 13:21:43.767 [main] INFO  c.q.x.auth.runner.PushRolePermissions2RedisRunner - ==> 服务启动，开始同步角色权限数据到 Redis 中...
2025-10-30 13:21:43.767 [main] INFO  c.q.x.auth.runner.PushRolePermissions2RedisRunner - ==> 服务启动，成功同步角色权限数据到 Redis 中...
2025-10-30 14:29:10.836 [main] INFO  c.a.b.nacos.config.util.NacosConfigPropertiesUtils - nacosConfigProperties : NacosConfigProperties{serverAddr='http://127.0.0.1:8848/', contextPath='null', encode='null', endpoint='null', namespace='null', accessKey='******', secretKey='******', ramRoleName='null', autoRefresh=true, dataId='xiaohashu-auth', dataIds='null', group='DEFAULT_GROUP', type=YAML, maxRetry='null', configLongPollTimeout='null', configRetryTime='null', enableRemoteSyncConfig=false, extConfig=[], bootstrap=Bootstrap{enable=true, snapshotEnable=false, logEnable=false}}
2025-10-30 14:29:10.876 [main] INFO  c.a.b.nacos.config.util.NacosConfigPropertiesUtils - nacosConfigProperties : NacosConfigProperties{serverAddr='http://127.0.0.1:8848/', contextPath='null', encode='null', endpoint='null', namespace='null', accessKey='******', secretKey='******', ramRoleName='null', autoRefresh=true, dataId='xiaohashu-auth', dataIds='null', group='DEFAULT_GROUP', type=YAML, maxRetry='null', configLongPollTimeout='null', configRetryTime='null', enableRemoteSyncConfig=false, extConfig=[], bootstrap=Bootstrap{enable=true, snapshotEnable=false, logEnable=false}}
2025-10-30 14:29:10.884 [main] WARN  com.alibaba.nacos.client.logging.NacosLogging - Load Logback Configuration of Nacos fail, message: Could not initialize Logback Nacos logging from classpath:nacos-logback.xml
2025-10-30 14:29:10.884 [main] INFO  c.a.n.client.config.impl.LocalConfigInfoProcessor - LOCAL_SNAPSHOT_PATH:C:\Users\hp\nacos\config
2025-10-30 14:29:10.892 [main] INFO  com.alibaba.nacos.client.utils.ParamUtil - [settings] [req-serv] nacos-server port:8848
2025-10-30 14:29:10.892 [main] INFO  com.alibaba.nacos.client.utils.ParamUtil - [settings] [http-client] connect timeout:1000
2025-10-30 14:29:10.893 [main] INFO  com.alibaba.nacos.client.utils.ParamUtil - PER_TASK_CONFIG_SIZE: 3000.0
2025-10-30 14:29:10.909 [main] INFO  c.a.n.p.auth.spi.client.ClientAuthPluginManager - [ClientAuthPluginManager] Load ClientAuthService com.alibaba.nacos.client.auth.impl.NacosClientAuthServiceImpl success.
2025-10-30 14:29:10.910 [main] INFO  c.a.n.p.auth.spi.client.ClientAuthPluginManager - [ClientAuthPluginManager] Load ClientAuthService com.alibaba.nacos.client.auth.ram.RamClientAuthServiceImpl success.
2025-10-30 14:29:10.911 [main] INFO  c.a.n.client.auth.ram.identify.CredentialWatcher - null No credential found
2025-10-30 14:29:10.917 [main] INFO  com.alibaba.nacos.common.remote.client - [RpcClientFactory] create a new rpc client of aca91914-2d0f-4f55-a978-77671d151e6f_config-0
2025-10-30 14:29:10.928 [main] INFO  com.alibaba.nacos.common.remote.client - [aca91914-2d0f-4f55-a978-77671d151e6f_config-0] Register server push request handler:com.alibaba.nacos.client.config.impl.ClientWorker$ConfigRpcTransportClient$$Lambda$413/0x0000010a89273b48
2025-10-30 14:29:10.928 [main] INFO  com.alibaba.nacos.common.remote.client - [aca91914-2d0f-4f55-a978-77671d151e6f_config-0] Register server push request handler:com.alibaba.nacos.client.config.impl.ClientWorker$ConfigRpcTransportClient$$Lambda$414/0x0000010a892743a8
2025-10-30 14:29:10.929 [main] INFO  com.alibaba.nacos.common.remote.client - [aca91914-2d0f-4f55-a978-77671d151e6f_config-0] Registry connection listener to current client:com.alibaba.nacos.client.config.impl.ClientWorker$ConfigRpcTransportClient$1
2025-10-30 14:29:10.929 [main] INFO  com.alibaba.nacos.common.remote.client - [aca91914-2d0f-4f55-a978-77671d151e6f_config-0] RpcClient init, ServerListFactory = com.alibaba.nacos.client.config.impl.ClientWorker$ConfigRpcTransportClient$2
2025-10-30 14:29:10.934 [main] INFO  com.alibaba.nacos.common.remote.client - [aca91914-2d0f-4f55-a978-77671d151e6f_config-0] Try to connect to server on start up, server: {serverIp = '127.0.0.1', server main port = 8848}
2025-10-30 14:29:11.022 [main] INFO  c.a.nacos.common.remote.client.grpc.GrpcClient - grpc client connection server:127.0.0.1 ip,serverPort:9848,grpcTslConfig:{"sslProvider":"OPENSSL","enableTls":false,"mutualAuthEnable":false,"trustAll":false}
2025-10-30 14:29:11.865 [main] INFO  com.alibaba.nacos.common.remote.client - [aca91914-2d0f-4f55-a978-77671d151e6f_config-0] Success to connect to server [127.0.0.1:8848] on start up, connectionId = 1761805751690_127.0.0.1_14222
2025-10-30 14:29:11.866 [com.alibaba.nacos.client.remote.worker] INFO  com.alibaba.nacos.common.remote.client - [aca91914-2d0f-4f55-a978-77671d151e6f_config-0] Notify connected event to listeners.
2025-10-30 14:29:11.867 [com.alibaba.nacos.client.remote.worker] INFO  com.alibaba.nacos.client.config.impl.ClientWorker - [aca91914-2d0f-4f55-a978-77671d151e6f_config-0] Connected,notify listen context...
2025-10-30 14:29:11.867 [main] INFO  com.alibaba.nacos.common.remote.client - [aca91914-2d0f-4f55-a978-77671d151e6f_config-0] Register server push request handler:com.alibaba.nacos.common.remote.client.RpcClient$ConnectResetRequestHandler
2025-10-30 14:29:11.868 [main] INFO  com.alibaba.nacos.common.remote.client - [aca91914-2d0f-4f55-a978-77671d151e6f_config-0] Register server push request handler:com.alibaba.nacos.common.remote.client.RpcClient$$Lambda$477/0x0000010a893dd8d0
2025-10-30 14:29:11.887 [main] INFO  com.alibaba.nacos.client.config.impl.Limiter - limitTime:5.0
2025-10-30 14:29:11.922 [main] INFO  c.alibaba.boot.nacos.config.util.NacosConfigLoader - load config from nacos, data-id is : xiaohashu-auth, group is : DEFAULT_GROUP
2025-10-30 14:29:11.924 [main] INFO  com.alibaba.nacos.client.config.impl.CacheData - nacos.cache.data.init.snapshot = true 
2025-10-30 14:29:11.924 [main] INFO  com.alibaba.nacos.client.config.impl.ClientWorker - [fixed-127.0.0.1_8848_] [subscribe] xiaohashu-auth+DEFAULT_GROUP
2025-10-30 14:29:11.927 [main] INFO  com.alibaba.nacos.client.config.impl.CacheData - [fixed-127.0.0.1_8848_] [add-listener] ok, tenant=, dataId=xiaohashu-auth, group=DEFAULT_GROUP, cnt=1
2025-10-30 14:29:11.929 [main] INFO  c.q.xiaohashu.auth.XiaohashuAuthApplication - Starting XiaohashuAuthApplication using Java 17.0.12 with PID 9468 (E:\xiaohashu\xiaohashu-auth\target\classes started by hp in E:\xiaohashu)
2025-10-30 14:29:11.929 [main] INFO  c.q.xiaohashu.auth.XiaohashuAuthApplication - The following 1 profile is active: "dev"
2025-10-30 14:29:12.374 [main] INFO  o.s.d.r.config.RepositoryConfigurationDelegate - Multiple Spring Data modules found, entering strict repository configuration mode
2025-10-30 14:29:12.376 [main] INFO  o.s.d.r.config.RepositoryConfigurationDelegate - Bootstrapping Spring Data Redis repositories in DEFAULT mode.
2025-10-30 14:29:12.396 [main] INFO  o.s.d.r.config.RepositoryConfigurationDelegate - Finished Spring Data repository scanning in 9 ms. Found 0 Redis repository interfaces.
2025-10-30 14:29:12.786 [main] INFO  o.s.boot.web.embedded.tomcat.TomcatWebServer - Tomcat initialized with port(s): 8080 (http)
2025-10-30 14:29:12.794 [main] INFO  org.apache.catalina.core.StandardService - Starting service [Tomcat]
2025-10-30 14:29:12.794 [main] INFO  org.apache.catalina.core.StandardEngine - Starting Servlet engine: [Apache Tomcat/10.1.5]
2025-10-30 14:29:12.855 [main] INFO  o.a.c.core.ContainerBase.[Tomcat].[localhost].[/] - Initializing Spring embedded WebApplicationContext
2025-10-30 14:29:12.856 [main] INFO  o.s.b.w.s.c.ServletWebServerApplicationContext - Root WebApplicationContext: initialization completed in 901 ms
2025-10-30 14:29:12.924 [main] INFO  c.a.d.s.b.a.DruidDataSourceAutoConfigure - Init DruidDataSource
2025-10-30 14:29:13.107 [main] INFO  com.alibaba.druid.pool.DruidDataSource - {dataSource-1} inited
2025-10-30 14:29:13.764 [main] INFO  o.s.boot.web.embedded.tomcat.TomcatWebServer - Tomcat started on port(s): 8080 (http) with context path ''
2025-10-30 14:29:13.782 [main] INFO  c.q.xiaohashu.auth.XiaohashuAuthApplication - Started XiaohashuAuthApplication in 3.276 seconds (process running for 3.776)
2025-10-30 14:29:13.783 [main] INFO  c.q.x.auth.runner.PushRolePermissions2RedisRunner - ==> 服务启动，开始同步角色权限数据到 Redis 中...
2025-10-30 14:29:14.197 [main] INFO  c.q.x.auth.runner.PushRolePermissions2RedisRunner - ==> 服务启动，成功同步角色权限数据到 Redis 中...
2025-10-30 14:30:19.960 [http-nio-8080-exec-6] INFO  org.springframework.web.servlet.DispatcherServlet - Initializing Servlet 'dispatcherServlet'
2025-10-30 14:30:19.963 [http-nio-8080-exec-6] INFO  org.springframework.web.servlet.DispatcherServlet - Completed initialization in 3 ms
2025-10-30 14:33:11.407 [main] INFO  c.a.b.nacos.config.util.NacosConfigPropertiesUtils - nacosConfigProperties : NacosConfigProperties{serverAddr='http://127.0.0.1:8848/', contextPath='null', encode='null', endpoint='null', namespace='null', accessKey='******', secretKey='******', ramRoleName='null', autoRefresh=true, dataId='xiaohashu-auth', dataIds='null', group='DEFAULT_GROUP', type=YAML, maxRetry='null', configLongPollTimeout='null', configRetryTime='null', enableRemoteSyncConfig=false, extConfig=[], bootstrap=Bootstrap{enable=true, snapshotEnable=false, logEnable=false}}
2025-10-30 14:33:11.448 [main] INFO  c.a.b.nacos.config.util.NacosConfigPropertiesUtils - nacosConfigProperties : NacosConfigProperties{serverAddr='http://127.0.0.1:8848/', contextPath='null', encode='null', endpoint='null', namespace='null', accessKey='******', secretKey='******', ramRoleName='null', autoRefresh=true, dataId='xiaohashu-auth', dataIds='null', group='DEFAULT_GROUP', type=YAML, maxRetry='null', configLongPollTimeout='null', configRetryTime='null', enableRemoteSyncConfig=false, extConfig=[], bootstrap=Bootstrap{enable=true, snapshotEnable=false, logEnable=false}}
2025-10-30 14:33:11.458 [main] WARN  com.alibaba.nacos.client.logging.NacosLogging - Load Logback Configuration of Nacos fail, message: Could not initialize Logback Nacos logging from classpath:nacos-logback.xml
2025-10-30 14:33:11.459 [main] INFO  c.a.n.client.config.impl.LocalConfigInfoProcessor - LOCAL_SNAPSHOT_PATH:C:\Users\hp\nacos\config
2025-10-30 14:33:11.467 [main] INFO  com.alibaba.nacos.client.utils.ParamUtil - [settings] [req-serv] nacos-server port:8848
2025-10-30 14:33:11.467 [main] INFO  com.alibaba.nacos.client.utils.ParamUtil - [settings] [http-client] connect timeout:1000
2025-10-30 14:33:11.468 [main] INFO  com.alibaba.nacos.client.utils.ParamUtil - PER_TASK_CONFIG_SIZE: 3000.0
2025-10-30 14:33:11.484 [main] INFO  c.a.n.p.auth.spi.client.ClientAuthPluginManager - [ClientAuthPluginManager] Load ClientAuthService com.alibaba.nacos.client.auth.impl.NacosClientAuthServiceImpl success.
2025-10-30 14:33:11.484 [main] INFO  c.a.n.p.auth.spi.client.ClientAuthPluginManager - [ClientAuthPluginManager] Load ClientAuthService com.alibaba.nacos.client.auth.ram.RamClientAuthServiceImpl success.
2025-10-30 14:33:11.485 [main] INFO  c.a.n.client.auth.ram.identify.CredentialWatcher - null No credential found
2025-10-30 14:33:11.493 [main] INFO  com.alibaba.nacos.common.remote.client - [RpcClientFactory] create a new rpc client of e9f72cc8-3299-4cf6-89b0-023d90a29ba1_config-0
2025-10-30 14:33:11.506 [main] INFO  com.alibaba.nacos.common.remote.client - [e9f72cc8-3299-4cf6-89b0-023d90a29ba1_config-0] Register server push request handler:com.alibaba.nacos.client.config.impl.ClientWorker$ConfigRpcTransportClient$$Lambda$413/0x0000023346276fd0
2025-10-30 14:33:11.506 [main] INFO  com.alibaba.nacos.common.remote.client - [e9f72cc8-3299-4cf6-89b0-023d90a29ba1_config-0] Register server push request handler:com.alibaba.nacos.client.config.impl.ClientWorker$ConfigRpcTransportClient$$Lambda$414/0x0000023346277ca0
2025-10-30 14:33:11.507 [main] INFO  com.alibaba.nacos.common.remote.client - [e9f72cc8-3299-4cf6-89b0-023d90a29ba1_config-0] Registry connection listener to current client:com.alibaba.nacos.client.config.impl.ClientWorker$ConfigRpcTransportClient$1
2025-10-30 14:33:11.507 [main] INFO  com.alibaba.nacos.common.remote.client - [e9f72cc8-3299-4cf6-89b0-023d90a29ba1_config-0] RpcClient init, ServerListFactory = com.alibaba.nacos.client.config.impl.ClientWorker$ConfigRpcTransportClient$2
2025-10-30 14:33:11.513 [main] INFO  com.alibaba.nacos.common.remote.client - [e9f72cc8-3299-4cf6-89b0-023d90a29ba1_config-0] Try to connect to server on start up, server: {serverIp = '127.0.0.1', server main port = 8848}
2025-10-30 14:33:11.609 [main] INFO  c.a.nacos.common.remote.client.grpc.GrpcClient - grpc client connection server:127.0.0.1 ip,serverPort:9848,grpcTslConfig:{"sslProvider":"OPENSSL","enableTls":false,"mutualAuthEnable":false,"trustAll":false}
2025-10-30 14:33:12.314 [main] INFO  com.alibaba.nacos.common.remote.client - [e9f72cc8-3299-4cf6-89b0-023d90a29ba1_config-0] Success to connect to server [127.0.0.1:8848] on start up, connectionId = 1761805992154_127.0.0.1_14477
2025-10-30 14:33:12.314 [com.alibaba.nacos.client.remote.worker] INFO  com.alibaba.nacos.common.remote.client - [e9f72cc8-3299-4cf6-89b0-023d90a29ba1_config-0] Notify connected event to listeners.
2025-10-30 14:33:12.314 [com.alibaba.nacos.client.remote.worker] INFO  com.alibaba.nacos.client.config.impl.ClientWorker - [e9f72cc8-3299-4cf6-89b0-023d90a29ba1_config-0] Connected,notify listen context...
2025-10-30 14:33:12.315 [main] INFO  com.alibaba.nacos.common.remote.client - [e9f72cc8-3299-4cf6-89b0-023d90a29ba1_config-0] Register server push request handler:com.alibaba.nacos.common.remote.client.RpcClient$ConnectResetRequestHandler
2025-10-30 14:33:12.315 [main] INFO  com.alibaba.nacos.common.remote.client - [e9f72cc8-3299-4cf6-89b0-023d90a29ba1_config-0] Register server push request handler:com.alibaba.nacos.common.remote.client.RpcClient$$Lambda$477/0x00000233463df3f8
2025-10-30 14:33:12.333 [main] INFO  com.alibaba.nacos.client.config.impl.Limiter - limitTime:5.0
2025-10-30 14:33:12.350 [main] INFO  c.alibaba.boot.nacos.config.util.NacosConfigLoader - load config from nacos, data-id is : xiaohashu-auth, group is : DEFAULT_GROUP
2025-10-30 14:33:12.352 [main] INFO  com.alibaba.nacos.client.config.impl.CacheData - nacos.cache.data.init.snapshot = true 
2025-10-30 14:33:12.352 [main] INFO  com.alibaba.nacos.client.config.impl.ClientWorker - [fixed-127.0.0.1_8848_] [subscribe] xiaohashu-auth+DEFAULT_GROUP
2025-10-30 14:33:12.355 [main] INFO  com.alibaba.nacos.client.config.impl.CacheData - [fixed-127.0.0.1_8848_] [add-listener] ok, tenant=, dataId=xiaohashu-auth, group=DEFAULT_GROUP, cnt=1
2025-10-30 14:33:12.358 [main] INFO  c.q.xiaohashu.auth.XiaohashuAuthApplication - Starting XiaohashuAuthApplication using Java 17.0.12 with PID 22932 (E:\xiaohashu\xiaohashu-auth\target\classes started by hp in E:\xiaohashu)
2025-10-30 14:33:12.358 [main] INFO  c.q.xiaohashu.auth.XiaohashuAuthApplication - The following 1 profile is active: "dev"
2025-10-30 14:33:12.745 [main] INFO  o.s.d.r.config.RepositoryConfigurationDelegate - Multiple Spring Data modules found, entering strict repository configuration mode
2025-10-30 14:33:12.746 [main] INFO  o.s.d.r.config.RepositoryConfigurationDelegate - Bootstrapping Spring Data Redis repositories in DEFAULT mode.
2025-10-30 14:33:12.763 [main] INFO  o.s.d.r.config.RepositoryConfigurationDelegate - Finished Spring Data repository scanning in 8 ms. Found 0 Redis repository interfaces.
2025-10-30 14:33:13.109 [main] INFO  o.s.boot.web.embedded.tomcat.TomcatWebServer - Tomcat initialized with port(s): 8080 (http)
2025-10-30 14:33:13.114 [main] INFO  org.apache.catalina.core.StandardService - Starting service [Tomcat]
2025-10-30 14:33:13.114 [main] INFO  org.apache.catalina.core.StandardEngine - Starting Servlet engine: [Apache Tomcat/10.1.5]
2025-10-30 14:33:13.171 [main] INFO  o.a.c.core.ContainerBase.[Tomcat].[localhost].[/] - Initializing Spring embedded WebApplicationContext
2025-10-30 14:33:13.172 [main] INFO  o.s.b.w.s.c.ServletWebServerApplicationContext - Root WebApplicationContext: initialization completed in 786 ms
2025-10-30 14:33:13.230 [main] INFO  c.a.d.s.b.a.DruidDataSourceAutoConfigure - Init DruidDataSource
2025-10-30 14:33:13.398 [main] INFO  com.alibaba.druid.pool.DruidDataSource - {dataSource-1} inited
2025-10-30 14:33:13.949 [main] INFO  o.s.boot.web.embedded.tomcat.TomcatWebServer - Tomcat started on port(s): 8080 (http) with context path ''
2025-10-30 14:33:13.963 [main] INFO  c.q.xiaohashu.auth.XiaohashuAuthApplication - Started XiaohashuAuthApplication in 2.893 seconds (process running for 3.416)
2025-10-30 14:33:13.964 [main] INFO  c.q.x.auth.runner.PushRolePermissions2RedisRunner - ==> 服务启动，开始同步角色权限数据到 Redis 中...
2025-10-30 14:33:14.243 [main] WARN  c.q.x.auth.runner.PushRolePermissions2RedisRunner - ==> 角色权限数据已经同步至 Redis 中，不再同步...
2025-10-30 14:33:20.755 [http-nio-8080-exec-1] INFO  o.a.c.core.ContainerBase.[Tomcat].[localhost].[/] - Initializing Spring DispatcherServlet 'dispatcherServlet'
2025-10-30 14:33:20.756 [http-nio-8080-exec-1] INFO  org.springframework.web.servlet.DispatcherServlet - Initializing Servlet 'dispatcherServlet'
2025-10-30 14:33:20.756 [http-nio-8080-exec-1] INFO  org.springframework.web.servlet.DispatcherServlet - Completed initialization in 0 ms
2025-10-30 14:56:05.575 [main] INFO  c.a.b.nacos.config.util.NacosConfigPropertiesUtils - nacosConfigProperties : NacosConfigProperties{serverAddr='http://127.0.0.1:8848/', contextPath='null', encode='null', endpoint='null', namespace='null', accessKey='******', secretKey='******', ramRoleName='null', autoRefresh=true, dataId='xiaohashu-auth', dataIds='null', group='DEFAULT_GROUP', type=YAML, maxRetry='null', configLongPollTimeout='null', configRetryTime='null', enableRemoteSyncConfig=false, extConfig=[], bootstrap=Bootstrap{enable=true, snapshotEnable=false, logEnable=false}}
2025-10-30 14:56:05.617 [main] INFO  c.a.b.nacos.config.util.NacosConfigPropertiesUtils - nacosConfigProperties : NacosConfigProperties{serverAddr='http://127.0.0.1:8848/', contextPath='null', encode='null', endpoint='null', namespace='null', accessKey='******', secretKey='******', ramRoleName='null', autoRefresh=true, dataId='xiaohashu-auth', dataIds='null', group='DEFAULT_GROUP', type=YAML, maxRetry='null', configLongPollTimeout='null', configRetryTime='null', enableRemoteSyncConfig=false, extConfig=[], bootstrap=Bootstrap{enable=true, snapshotEnable=false, logEnable=false}}
2025-10-30 14:56:05.627 [main] WARN  com.alibaba.nacos.client.logging.NacosLogging - Load Logback Configuration of Nacos fail, message: Could not initialize Logback Nacos logging from classpath:nacos-logback.xml
2025-10-30 14:56:05.628 [main] INFO  c.a.n.client.config.impl.LocalConfigInfoProcessor - LOCAL_SNAPSHOT_PATH:C:\Users\hp\nacos\config
2025-10-30 14:56:05.636 [main] INFO  com.alibaba.nacos.client.utils.ParamUtil - [settings] [req-serv] nacos-server port:8848
2025-10-30 14:56:05.636 [main] INFO  com.alibaba.nacos.client.utils.ParamUtil - [settings] [http-client] connect timeout:1000
2025-10-30 14:56:05.638 [main] INFO  com.alibaba.nacos.client.utils.ParamUtil - PER_TASK_CONFIG_SIZE: 3000.0
2025-10-30 14:56:05.657 [main] INFO  c.a.n.p.auth.spi.client.ClientAuthPluginManager - [ClientAuthPluginManager] Load ClientAuthService com.alibaba.nacos.client.auth.impl.NacosClientAuthServiceImpl success.
2025-10-30 14:56:05.657 [main] INFO  c.a.n.p.auth.spi.client.ClientAuthPluginManager - [ClientAuthPluginManager] Load ClientAuthService com.alibaba.nacos.client.auth.ram.RamClientAuthServiceImpl success.
2025-10-30 14:56:05.659 [main] INFO  c.a.n.client.auth.ram.identify.CredentialWatcher - null No credential found
2025-10-30 14:56:05.667 [main] INFO  com.alibaba.nacos.common.remote.client - [RpcClientFactory] create a new rpc client of 53562760-65e5-4828-85b2-738468e241e4_config-0
2025-10-30 14:56:05.679 [main] INFO  com.alibaba.nacos.common.remote.client - [53562760-65e5-4828-85b2-738468e241e4_config-0] Register server push request handler:com.alibaba.nacos.client.config.impl.ClientWorker$ConfigRpcTransportClient$$Lambda$413/0x0000024d1d274a58
2025-10-30 14:56:05.679 [main] INFO  com.alibaba.nacos.common.remote.client - [53562760-65e5-4828-85b2-738468e241e4_config-0] Register server push request handler:com.alibaba.nacos.client.config.impl.ClientWorker$ConfigRpcTransportClient$$Lambda$414/0x0000024d1d2754b0
2025-10-30 14:56:05.680 [main] INFO  com.alibaba.nacos.common.remote.client - [53562760-65e5-4828-85b2-738468e241e4_config-0] Registry connection listener to current client:com.alibaba.nacos.client.config.impl.ClientWorker$ConfigRpcTransportClient$1
2025-10-30 14:56:05.680 [main] INFO  com.alibaba.nacos.common.remote.client - [53562760-65e5-4828-85b2-738468e241e4_config-0] RpcClient init, ServerListFactory = com.alibaba.nacos.client.config.impl.ClientWorker$ConfigRpcTransportClient$2
2025-10-30 14:56:05.686 [main] INFO  com.alibaba.nacos.common.remote.client - [53562760-65e5-4828-85b2-738468e241e4_config-0] Try to connect to server on start up, server: {serverIp = '127.0.0.1', server main port = 8848}
2025-10-30 14:56:05.785 [main] INFO  c.a.nacos.common.remote.client.grpc.GrpcClient - grpc client connection server:127.0.0.1 ip,serverPort:9848,grpcTslConfig:{"sslProvider":"OPENSSL","enableTls":false,"mutualAuthEnable":false,"trustAll":false}
2025-10-30 14:56:06.513 [main] INFO  com.alibaba.nacos.common.remote.client - [53562760-65e5-4828-85b2-738468e241e4_config-0] Success to connect to server [127.0.0.1:8848] on start up, connectionId = 1761807366351_127.0.0.1_1290
2025-10-30 14:56:06.513 [com.alibaba.nacos.client.remote.worker] INFO  com.alibaba.nacos.common.remote.client - [53562760-65e5-4828-85b2-738468e241e4_config-0] Notify connected event to listeners.
2025-10-30 14:56:06.513 [com.alibaba.nacos.client.remote.worker] INFO  com.alibaba.nacos.client.config.impl.ClientWorker - [53562760-65e5-4828-85b2-738468e241e4_config-0] Connected,notify listen context...
2025-10-30 14:56:06.513 [main] INFO  com.alibaba.nacos.common.remote.client - [53562760-65e5-4828-85b2-738468e241e4_config-0] Register server push request handler:com.alibaba.nacos.common.remote.client.RpcClient$ConnectResetRequestHandler
2025-10-30 14:56:06.514 [main] INFO  com.alibaba.nacos.common.remote.client - [53562760-65e5-4828-85b2-738468e241e4_config-0] Register server push request handler:com.alibaba.nacos.common.remote.client.RpcClient$$Lambda$477/0x0000024d1d3de368
2025-10-30 14:56:06.534 [main] INFO  com.alibaba.nacos.client.config.impl.Limiter - limitTime:5.0
2025-10-30 14:56:06.546 [main] INFO  c.alibaba.boot.nacos.config.util.NacosConfigLoader - load config from nacos, data-id is : xiaohashu-auth, group is : DEFAULT_GROUP
2025-10-30 14:56:06.549 [main] INFO  com.alibaba.nacos.client.config.impl.CacheData - nacos.cache.data.init.snapshot = true 
2025-10-30 14:56:06.550 [main] INFO  com.alibaba.nacos.client.config.impl.ClientWorker - [fixed-127.0.0.1_8848_] [subscribe] xiaohashu-auth+DEFAULT_GROUP
2025-10-30 14:56:06.552 [main] INFO  com.alibaba.nacos.client.config.impl.CacheData - [fixed-127.0.0.1_8848_] [add-listener] ok, tenant=, dataId=xiaohashu-auth, group=DEFAULT_GROUP, cnt=1
2025-10-30 14:56:06.555 [main] INFO  c.q.xiaohashu.auth.XiaohashuAuthApplication - Starting XiaohashuAuthApplication using Java 17.0.12 with PID 23312 (E:\xiaohashu\xiaohashu-auth\target\classes started by hp in E:\xiaohashu)
2025-10-30 14:56:06.557 [main] INFO  c.q.xiaohashu.auth.XiaohashuAuthApplication - The following 1 profile is active: "dev"
2025-10-30 14:56:07.041 [main] INFO  o.s.d.r.config.RepositoryConfigurationDelegate - Multiple Spring Data modules found, entering strict repository configuration mode
2025-10-30 14:56:07.042 [main] INFO  o.s.d.r.config.RepositoryConfigurationDelegate - Bootstrapping Spring Data Redis repositories in DEFAULT mode.
2025-10-30 14:56:07.067 [main] INFO  o.s.d.r.config.RepositoryConfigurationDelegate - Finished Spring Data repository scanning in 11 ms. Found 0 Redis repository interfaces.
2025-10-30 14:56:07.514 [main] INFO  o.s.boot.web.embedded.tomcat.TomcatWebServer - Tomcat initialized with port(s): 8080 (http)
2025-10-30 14:56:07.519 [main] INFO  org.apache.catalina.core.StandardService - Starting service [Tomcat]
2025-10-30 14:56:07.519 [main] INFO  org.apache.catalina.core.StandardEngine - Starting Servlet engine: [Apache Tomcat/10.1.5]
2025-10-30 14:56:07.589 [main] INFO  o.a.c.core.ContainerBase.[Tomcat].[localhost].[/] - Initializing Spring embedded WebApplicationContext
2025-10-30 14:56:07.589 [main] INFO  o.s.b.w.s.c.ServletWebServerApplicationContext - Root WebApplicationContext: initialization completed in 1005 ms
2025-10-30 14:56:07.683 [main] INFO  c.a.d.s.b.a.DruidDataSourceAutoConfigure - Init DruidDataSource
2025-10-30 14:56:07.978 [main] INFO  com.alibaba.druid.pool.DruidDataSource - {dataSource-1} inited
2025-10-30 14:56:08.624 [main] INFO  o.s.boot.web.embedded.tomcat.TomcatWebServer - Tomcat started on port(s): 8080 (http) with context path ''
2025-10-30 14:56:08.640 [main] INFO  c.q.xiaohashu.auth.XiaohashuAuthApplication - Started XiaohashuAuthApplication in 3.414 seconds (process running for 3.89)
2025-10-30 14:56:08.642 [main] INFO  c.q.x.auth.runner.PushRolePermissions2RedisRunner - ==> 服务启动，开始同步角色权限数据到 Redis 中...
2025-10-30 14:56:08.926 [main] WARN  c.q.x.auth.runner.PushRolePermissions2RedisRunner - ==> 角色权限数据已经同步至 Redis 中，不再同步...
2025-10-30 14:56:14.644 [http-nio-8080-exec-3] INFO  o.a.c.core.ContainerBase.[Tomcat].[localhost].[/] - Initializing Spring DispatcherServlet 'dispatcherServlet'
2025-10-30 14:56:14.644 [http-nio-8080-exec-3] INFO  org.springframework.web.servlet.DispatcherServlet - Initializing Servlet 'dispatcherServlet'
2025-10-30 14:56:14.645 [http-nio-8080-exec-3] INFO  org.springframework.web.servlet.DispatcherServlet - Completed initialization in 1 ms
2025-10-30 15:00:29.381 [main] INFO  c.a.b.nacos.config.util.NacosConfigPropertiesUtils - nacosConfigProperties : NacosConfigProperties{serverAddr='http://127.0.0.1:8848/', contextPath='null', encode='null', endpoint='null', namespace='null', accessKey='******', secretKey='******', ramRoleName='null', autoRefresh=true, dataId='xiaohashu-auth', dataIds='null', group='DEFAULT_GROUP', type=YAML, maxRetry='null', configLongPollTimeout='null', configRetryTime='null', enableRemoteSyncConfig=false, extConfig=[], bootstrap=Bootstrap{enable=true, snapshotEnable=false, logEnable=false}}
2025-10-30 15:00:29.420 [main] INFO  c.a.b.nacos.config.util.NacosConfigPropertiesUtils - nacosConfigProperties : NacosConfigProperties{serverAddr='http://127.0.0.1:8848/', contextPath='null', encode='null', endpoint='null', namespace='null', accessKey='******', secretKey='******', ramRoleName='null', autoRefresh=true, dataId='xiaohashu-auth', dataIds='null', group='DEFAULT_GROUP', type=YAML, maxRetry='null', configLongPollTimeout='null', configRetryTime='null', enableRemoteSyncConfig=false, extConfig=[], bootstrap=Bootstrap{enable=true, snapshotEnable=false, logEnable=false}}
2025-10-30 15:00:29.429 [main] WARN  com.alibaba.nacos.client.logging.NacosLogging - Load Logback Configuration of Nacos fail, message: Could not initialize Logback Nacos logging from classpath:nacos-logback.xml
2025-10-30 15:00:29.429 [main] INFO  c.a.n.client.config.impl.LocalConfigInfoProcessor - LOCAL_SNAPSHOT_PATH:C:\Users\hp\nacos\config
2025-10-30 15:00:29.437 [main] INFO  com.alibaba.nacos.client.utils.ParamUtil - [settings] [req-serv] nacos-server port:8848
2025-10-30 15:00:29.437 [main] INFO  com.alibaba.nacos.client.utils.ParamUtil - [settings] [http-client] connect timeout:1000
2025-10-30 15:00:29.437 [main] INFO  com.alibaba.nacos.client.utils.ParamUtil - PER_TASK_CONFIG_SIZE: 3000.0
2025-10-30 15:00:29.451 [main] INFO  c.a.n.p.auth.spi.client.ClientAuthPluginManager - [ClientAuthPluginManager] Load ClientAuthService com.alibaba.nacos.client.auth.impl.NacosClientAuthServiceImpl success.
2025-10-30 15:00:29.451 [main] INFO  c.a.n.p.auth.spi.client.ClientAuthPluginManager - [ClientAuthPluginManager] Load ClientAuthService com.alibaba.nacos.client.auth.ram.RamClientAuthServiceImpl success.
2025-10-30 15:00:29.453 [main] INFO  c.a.n.client.auth.ram.identify.CredentialWatcher - null No credential found
2025-10-30 15:00:29.462 [main] INFO  com.alibaba.nacos.common.remote.client - [RpcClientFactory] create a new rpc client of 82934f1d-5fcd-42d1-9d29-31e4e796562b_config-0
2025-10-30 15:00:29.480 [main] INFO  com.alibaba.nacos.common.remote.client - [82934f1d-5fcd-42d1-9d29-31e4e796562b_config-0] Register server push request handler:com.alibaba.nacos.client.config.impl.ClientWorker$ConfigRpcTransportClient$$Lambda$413/0x000001cf96274238
2025-10-30 15:00:29.480 [main] INFO  com.alibaba.nacos.common.remote.client - [82934f1d-5fcd-42d1-9d29-31e4e796562b_config-0] Register server push request handler:com.alibaba.nacos.client.config.impl.ClientWorker$ConfigRpcTransportClient$$Lambda$414/0x000001cf96274a98
2025-10-30 15:00:29.480 [main] INFO  com.alibaba.nacos.common.remote.client - [82934f1d-5fcd-42d1-9d29-31e4e796562b_config-0] Registry connection listener to current client:com.alibaba.nacos.client.config.impl.ClientWorker$ConfigRpcTransportClient$1
2025-10-30 15:00:29.481 [main] INFO  com.alibaba.nacos.common.remote.client - [82934f1d-5fcd-42d1-9d29-31e4e796562b_config-0] RpcClient init, ServerListFactory = com.alibaba.nacos.client.config.impl.ClientWorker$ConfigRpcTransportClient$2
2025-10-30 15:00:29.487 [main] INFO  com.alibaba.nacos.common.remote.client - [82934f1d-5fcd-42d1-9d29-31e4e796562b_config-0] Try to connect to server on start up, server: {serverIp = '127.0.0.1', server main port = 8848}
2025-10-30 15:00:29.584 [main] INFO  c.a.nacos.common.remote.client.grpc.GrpcClient - grpc client connection server:127.0.0.1 ip,serverPort:9848,grpcTslConfig:{"sslProvider":"OPENSSL","enableTls":false,"mutualAuthEnable":false,"trustAll":false}
2025-10-30 15:00:30.255 [main] INFO  com.alibaba.nacos.common.remote.client - [82934f1d-5fcd-42d1-9d29-31e4e796562b_config-0] Success to connect to server [127.0.0.1:8848] on start up, connectionId = 1761807630102_127.0.0.1_1553
2025-10-30 15:00:30.255 [com.alibaba.nacos.client.remote.worker] INFO  com.alibaba.nacos.common.remote.client - [82934f1d-5fcd-42d1-9d29-31e4e796562b_config-0] Notify connected event to listeners.
2025-10-30 15:00:30.255 [com.alibaba.nacos.client.remote.worker] INFO  com.alibaba.nacos.client.config.impl.ClientWorker - [82934f1d-5fcd-42d1-9d29-31e4e796562b_config-0] Connected,notify listen context...
2025-10-30 15:00:30.256 [main] INFO  com.alibaba.nacos.common.remote.client - [82934f1d-5fcd-42d1-9d29-31e4e796562b_config-0] Register server push request handler:com.alibaba.nacos.common.remote.client.RpcClient$ConnectResetRequestHandler
2025-10-30 15:00:30.256 [main] INFO  com.alibaba.nacos.common.remote.client - [82934f1d-5fcd-42d1-9d29-31e4e796562b_config-0] Register server push request handler:com.alibaba.nacos.common.remote.client.RpcClient$$Lambda$477/0x000001cf963de9f8
2025-10-30 15:00:30.269 [main] INFO  com.alibaba.nacos.client.config.impl.Limiter - limitTime:5.0
2025-10-30 15:00:30.281 [main] INFO  c.alibaba.boot.nacos.config.util.NacosConfigLoader - load config from nacos, data-id is : xiaohashu-auth, group is : DEFAULT_GROUP
2025-10-30 15:00:30.283 [main] INFO  com.alibaba.nacos.client.config.impl.CacheData - nacos.cache.data.init.snapshot = true 
2025-10-30 15:00:30.283 [main] INFO  com.alibaba.nacos.client.config.impl.ClientWorker - [fixed-127.0.0.1_8848_] [subscribe] xiaohashu-auth+DEFAULT_GROUP
2025-10-30 15:00:30.285 [main] INFO  com.alibaba.nacos.client.config.impl.CacheData - [fixed-127.0.0.1_8848_] [add-listener] ok, tenant=, dataId=xiaohashu-auth, group=DEFAULT_GROUP, cnt=1
2025-10-30 15:00:30.289 [main] INFO  c.q.xiaohashu.auth.XiaohashuAuthApplication - Starting XiaohashuAuthApplication using Java 17.0.12 with PID 14024 (E:\xiaohashu\xiaohashu-auth\target\classes started by hp in E:\xiaohashu)
2025-10-30 15:00:30.291 [main] INFO  c.q.xiaohashu.auth.XiaohashuAuthApplication - The following 1 profile is active: "dev"
2025-10-30 15:00:30.709 [main] INFO  o.s.d.r.config.RepositoryConfigurationDelegate - Multiple Spring Data modules found, entering strict repository configuration mode
2025-10-30 15:00:30.710 [main] INFO  o.s.d.r.config.RepositoryConfigurationDelegate - Bootstrapping Spring Data Redis repositories in DEFAULT mode.
2025-10-30 15:00:30.726 [main] INFO  o.s.d.r.config.RepositoryConfigurationDelegate - Finished Spring Data repository scanning in 8 ms. Found 0 Redis repository interfaces.
2025-10-30 15:00:31.076 [main] INFO  o.s.boot.web.embedded.tomcat.TomcatWebServer - Tomcat initialized with port(s): 8080 (http)
2025-10-30 15:00:31.080 [main] INFO  org.apache.catalina.core.StandardService - Starting service [Tomcat]
2025-10-30 15:00:31.080 [main] INFO  org.apache.catalina.core.StandardEngine - Starting Servlet engine: [Apache Tomcat/10.1.5]
2025-10-30 15:00:31.132 [main] INFO  o.a.c.core.ContainerBase.[Tomcat].[localhost].[/] - Initializing Spring embedded WebApplicationContext
2025-10-30 15:00:31.133 [main] INFO  o.s.b.w.s.c.ServletWebServerApplicationContext - Root WebApplicationContext: initialization completed in 817 ms
2025-10-30 15:00:31.185 [main] INFO  c.a.d.s.b.a.DruidDataSourceAutoConfigure - Init DruidDataSource
2025-10-30 15:00:31.355 [main] INFO  com.alibaba.druid.pool.DruidDataSource - {dataSource-1} inited
2025-10-30 15:00:31.950 [main] INFO  o.s.boot.web.embedded.tomcat.TomcatWebServer - Tomcat started on port(s): 8080 (http) with context path ''
2025-10-30 15:00:31.964 [main] INFO  c.q.xiaohashu.auth.XiaohashuAuthApplication - Started XiaohashuAuthApplication in 2.919 seconds (process running for 3.38)
2025-10-30 15:00:31.966 [main] INFO  c.q.x.auth.runner.PushRolePermissions2RedisRunner - ==> 服务启动，开始同步角色权限数据到 Redis 中...
2025-10-30 15:00:32.228 [main] WARN  c.q.x.auth.runner.PushRolePermissions2RedisRunner - ==> 角色权限数据已经同步至 Redis 中，不再同步...
2025-10-30 15:00:41.106 [http-nio-8080-exec-1] INFO  o.a.c.core.ContainerBase.[Tomcat].[localhost].[/] - Initializing Spring DispatcherServlet 'dispatcherServlet'
2025-10-30 15:00:41.106 [http-nio-8080-exec-1] INFO  org.springframework.web.servlet.DispatcherServlet - Initializing Servlet 'dispatcherServlet'
2025-10-30 15:00:41.107 [http-nio-8080-exec-1] INFO  org.springframework.web.servlet.DispatcherServlet - Completed initialization in 1 ms
2025-10-30 15:15:27.454 [main] INFO  c.a.b.nacos.config.util.NacosConfigPropertiesUtils - nacosConfigProperties : NacosConfigProperties{serverAddr='localhost:8848', contextPath='null', encode='null', endpoint='null', namespace='null', accessKey='******', secretKey='******', ramRoleName='null', autoRefresh=true, dataId='xiaohashu-auth', dataIds='null', group='DEFAULT_GROUP', type=YAML, maxRetry='null', configLongPollTimeout='null', configRetryTime='null', enableRemoteSyncConfig=false, extConfig=[], bootstrap=Bootstrap{enable=true, snapshotEnable=false, logEnable=false}}
2025-10-30 15:15:27.495 [main] INFO  c.a.b.nacos.config.util.NacosConfigPropertiesUtils - nacosConfigProperties : NacosConfigProperties{serverAddr='localhost:8848', contextPath='null', encode='null', endpoint='null', namespace='null', accessKey='******', secretKey='******', ramRoleName='null', autoRefresh=true, dataId='xiaohashu-auth', dataIds='null', group='DEFAULT_GROUP', type=YAML, maxRetry='null', configLongPollTimeout='null', configRetryTime='null', enableRemoteSyncConfig=false, extConfig=[], bootstrap=Bootstrap{enable=true, snapshotEnable=false, logEnable=false}}
2025-10-30 15:15:27.504 [main] WARN  com.alibaba.nacos.client.logging.NacosLogging - Load Logback Configuration of Nacos fail, message: Could not initialize Logback Nacos logging from classpath:nacos-logback.xml
2025-10-30 15:15:27.504 [main] INFO  c.a.n.client.config.impl.LocalConfigInfoProcessor - LOCAL_SNAPSHOT_PATH:C:\Users\hp\nacos\config
2025-10-30 15:15:27.513 [main] INFO  com.alibaba.nacos.client.utils.ParamUtil - [settings] [req-serv] nacos-server port:8848
2025-10-30 15:15:27.513 [main] INFO  com.alibaba.nacos.client.utils.ParamUtil - [settings] [http-client] connect timeout:1000
2025-10-30 15:15:27.513 [main] INFO  com.alibaba.nacos.client.utils.ParamUtil - PER_TASK_CONFIG_SIZE: 3000.0
2025-10-30 15:15:27.532 [main] INFO  c.a.n.p.auth.spi.client.ClientAuthPluginManager - [ClientAuthPluginManager] Load ClientAuthService com.alibaba.nacos.client.auth.impl.NacosClientAuthServiceImpl success.
2025-10-30 15:15:27.532 [main] INFO  c.a.n.p.auth.spi.client.ClientAuthPluginManager - [ClientAuthPluginManager] Load ClientAuthService com.alibaba.nacos.client.auth.ram.RamClientAuthServiceImpl success.
2025-10-30 15:15:27.534 [main] INFO  c.a.n.client.auth.ram.identify.CredentialWatcher - null No credential found
2025-10-30 15:15:27.541 [main] INFO  com.alibaba.nacos.common.remote.client - [RpcClientFactory] create a new rpc client of a2ab4eca-34c2-4715-8e88-4288851f44ba_config-0
2025-10-30 15:15:27.553 [main] INFO  com.alibaba.nacos.common.remote.client - [a2ab4eca-34c2-4715-8e88-4288851f44ba_config-0] Register server push request handler:com.alibaba.nacos.client.config.impl.ClientWorker$ConfigRpcTransportClient$$Lambda$413/0x000002018127f5d8
2025-10-30 15:15:27.554 [main] INFO  com.alibaba.nacos.common.remote.client - [a2ab4eca-34c2-4715-8e88-4288851f44ba_config-0] Register server push request handler:com.alibaba.nacos.client.config.impl.ClientWorker$ConfigRpcTransportClient$$Lambda$414/0x0000020181280230
2025-10-30 15:15:27.554 [main] INFO  com.alibaba.nacos.common.remote.client - [a2ab4eca-34c2-4715-8e88-4288851f44ba_config-0] Registry connection listener to current client:com.alibaba.nacos.client.config.impl.ClientWorker$ConfigRpcTransportClient$1
2025-10-30 15:15:27.554 [main] INFO  com.alibaba.nacos.common.remote.client - [a2ab4eca-34c2-4715-8e88-4288851f44ba_config-0] RpcClient init, ServerListFactory = com.alibaba.nacos.client.config.impl.ClientWorker$ConfigRpcTransportClient$2
2025-10-30 15:15:27.560 [main] INFO  com.alibaba.nacos.common.remote.client - [a2ab4eca-34c2-4715-8e88-4288851f44ba_config-0] Try to connect to server on start up, server: {serverIp = 'localhost', server main port = 8848}
2025-10-30 15:15:27.645 [main] INFO  c.a.nacos.common.remote.client.grpc.GrpcClient - grpc client connection server:localhost ip,serverPort:9848,grpcTslConfig:{"sslProvider":"OPENSSL","enableTls":false,"mutualAuthEnable":false,"trustAll":false}
2025-10-30 15:15:28.375 [main] INFO  com.alibaba.nacos.common.remote.client - [a2ab4eca-34c2-4715-8e88-4288851f44ba_config-0] Success to connect to server [localhost:8848] on start up, connectionId = 1761808528217_127.0.0.1_2403
2025-10-30 15:15:28.376 [main] INFO  com.alibaba.nacos.common.remote.client - [a2ab4eca-34c2-4715-8e88-4288851f44ba_config-0] Register server push request handler:com.alibaba.nacos.common.remote.client.RpcClient$ConnectResetRequestHandler
2025-10-30 15:15:28.376 [com.alibaba.nacos.client.remote.worker] INFO  com.alibaba.nacos.common.remote.client - [a2ab4eca-34c2-4715-8e88-4288851f44ba_config-0] Notify connected event to listeners.
2025-10-30 15:15:28.376 [com.alibaba.nacos.client.remote.worker] INFO  com.alibaba.nacos.client.config.impl.ClientWorker - [a2ab4eca-34c2-4715-8e88-4288851f44ba_config-0] Connected,notify listen context...
2025-10-30 15:15:28.376 [main] INFO  com.alibaba.nacos.common.remote.client - [a2ab4eca-34c2-4715-8e88-4288851f44ba_config-0] Register server push request handler:com.alibaba.nacos.common.remote.client.RpcClient$$Lambda$477/0x00000201813de120
2025-10-30 15:15:28.397 [main] INFO  com.alibaba.nacos.client.config.impl.Limiter - limitTime:5.0
2025-10-30 15:15:28.410 [main] INFO  c.alibaba.boot.nacos.config.util.NacosConfigLoader - load config from nacos, data-id is : xiaohashu-auth, group is : DEFAULT_GROUP
2025-10-30 15:15:28.412 [main] INFO  com.alibaba.nacos.client.config.impl.CacheData - nacos.cache.data.init.snapshot = true 
2025-10-30 15:15:28.412 [main] INFO  com.alibaba.nacos.client.config.impl.ClientWorker - [fixed-localhost_8848] [subscribe] xiaohashu-auth+DEFAULT_GROUP
2025-10-30 15:15:28.415 [main] INFO  com.alibaba.nacos.client.config.impl.CacheData - [fixed-localhost_8848] [add-listener] ok, tenant=, dataId=xiaohashu-auth, group=DEFAULT_GROUP, cnt=1
2025-10-30 15:15:28.418 [main] INFO  c.q.xiaohashu.auth.XiaohashuAuthApplication - Starting XiaohashuAuthApplication using Java 17.0.12 with PID 26300 (E:\xiaohashu\xiaohashu-auth\target\classes started by hp in E:\xiaohashu)
2025-10-30 15:15:28.419 [main] INFO  c.q.xiaohashu.auth.XiaohashuAuthApplication - The following 1 profile is active: "dev"
2025-10-30 15:15:28.907 [main] INFO  o.s.d.r.config.RepositoryConfigurationDelegate - Multiple Spring Data modules found, entering strict repository configuration mode
2025-10-30 15:15:28.908 [main] INFO  o.s.d.r.config.RepositoryConfigurationDelegate - Bootstrapping Spring Data Redis repositories in DEFAULT mode.
2025-10-30 15:15:28.925 [main] INFO  o.s.d.r.config.RepositoryConfigurationDelegate - Finished Spring Data repository scanning in 8 ms. Found 0 Redis repository interfaces.
2025-10-30 15:15:29.295 [main] INFO  o.s.boot.web.embedded.tomcat.TomcatWebServer - Tomcat initialized with port(s): 8080 (http)
2025-10-30 15:15:29.300 [main] INFO  org.apache.catalina.core.StandardService - Starting service [Tomcat]
2025-10-30 15:15:29.300 [main] INFO  org.apache.catalina.core.StandardEngine - Starting Servlet engine: [Apache Tomcat/10.1.5]
2025-10-30 15:15:29.368 [main] INFO  o.a.c.core.ContainerBase.[Tomcat].[localhost].[/] - Initializing Spring embedded WebApplicationContext
2025-10-30 15:15:29.369 [main] INFO  o.s.b.w.s.c.ServletWebServerApplicationContext - Root WebApplicationContext: initialization completed in 914 ms
2025-10-30 15:15:29.428 [main] INFO  c.a.d.s.b.a.DruidDataSourceAutoConfigure - Init DruidDataSource
2025-10-30 15:15:29.614 [main] INFO  com.alibaba.druid.pool.DruidDataSource - {dataSource-1} inited
2025-10-30 15:15:30.258 [main] INFO  o.s.boot.web.embedded.tomcat.TomcatWebServer - Tomcat started on port(s): 8080 (http) with context path ''
2025-10-30 15:15:30.273 [main] INFO  c.q.xiaohashu.auth.XiaohashuAuthApplication - Started XiaohashuAuthApplication in 3.161 seconds (process running for 3.678)
2025-10-30 15:15:30.274 [main] INFO  c.q.x.auth.runner.PushRolePermissions2RedisRunner - ==> 服务启动，开始同步角色权限数据到 Redis 中...
2025-10-30 15:15:30.573 [main] WARN  c.q.x.auth.runner.PushRolePermissions2RedisRunner - ==> 角色权限数据已经同步至 Redis 中，不再同步...
2025-10-30 15:15:37.445 [http-nio-8080-exec-2] INFO  o.a.c.core.ContainerBase.[Tomcat].[localhost].[/] - Initializing Spring DispatcherServlet 'dispatcherServlet'
2025-10-30 15:15:37.445 [http-nio-8080-exec-2] INFO  org.springframework.web.servlet.DispatcherServlet - Initializing Servlet 'dispatcherServlet'
2025-10-30 15:15:37.445 [http-nio-8080-exec-2] INFO  org.springframework.web.servlet.DispatcherServlet - Completed initialization in 0 ms
2025-10-30 15:31:22.861 [main] WARN  com.alibaba.nacos.client.logging.NacosLogging - Load Logback Configuration of Nacos fail, message: Could not initialize Logback Nacos logging from classpath:nacos-logback.xml
2025-10-30 15:31:22.903 [main] WARN  com.alibaba.nacos.client.logging.NacosLogging - Load Logback Configuration of Nacos fail, message: Could not initialize Logback Nacos logging from classpath:nacos-logback.xml
2025-10-30 15:31:22.905 [main] INFO  c.q.xiaohashu.auth.XiaohashuAuthApplication - Starting XiaohashuAuthApplication using Java 17.0.12 with PID 22180 (E:\xiaohashu\xiaohashu-auth\target\classes started by hp in E:\xiaohashu)
2025-10-30 15:31:22.906 [main] INFO  c.q.xiaohashu.auth.XiaohashuAuthApplication - The following 1 profile is active: "dev"
2025-10-30 15:31:22.933 [main] WARN  c.a.cloud.nacos.configdata.NacosConfigDataLoader - [Nacos Config] config[dataId=xiaohashu-auth.yaml, group=DEFAULT_GROUP] is empty
2025-10-30 15:31:23.329 [main] INFO  o.s.d.r.config.RepositoryConfigurationDelegate - Multiple Spring Data modules found, entering strict repository configuration mode
2025-10-30 15:31:23.331 [main] INFO  o.s.d.r.config.RepositoryConfigurationDelegate - Bootstrapping Spring Data Redis repositories in DEFAULT mode.
2025-10-30 15:31:23.348 [main] INFO  o.s.d.r.config.RepositoryConfigurationDelegate - Finished Spring Data repository scanning in 10 ms. Found 0 Redis repository interfaces.
2025-10-30 15:31:23.478 [main] INFO  o.springframework.cloud.context.scope.GenericScope - BeanFactory id=86e9e4a1-ac05-300f-b690-fbdac610e4ad
2025-10-30 15:31:23.739 [main] INFO  o.s.boot.web.embedded.tomcat.TomcatWebServer - Tomcat initialized with port(s): 8080 (http)
2025-10-30 15:31:23.744 [main] INFO  org.apache.catalina.core.StandardService - Starting service [Tomcat]
2025-10-30 15:31:23.745 [main] INFO  org.apache.catalina.core.StandardEngine - Starting Servlet engine: [Apache Tomcat/10.1.5]
2025-10-30 15:31:23.800 [main] INFO  o.a.c.core.ContainerBase.[Tomcat].[localhost].[/] - Initializing Spring embedded WebApplicationContext
2025-10-30 15:31:23.801 [main] INFO  o.s.b.w.s.c.ServletWebServerApplicationContext - Root WebApplicationContext: initialization completed in 867 ms
2025-10-30 15:31:23.853 [main] INFO  c.a.d.s.b.a.DruidDataSourceAutoConfigure - Init DruidDataSource
2025-10-30 15:31:24.019 [main] INFO  com.alibaba.druid.pool.DruidDataSource - {dataSource-1} inited
2025-10-30 15:31:25.757 [main] INFO  org.springframework.cloud.commons.util.InetUtils - Cannot determine local hostname
2025-10-30 15:31:25.803 [main] INFO  o.s.boot.web.embedded.tomcat.TomcatWebServer - Tomcat started on port(s): 8080 (http) with context path ''
2025-10-30 15:31:26.964 [main] INFO  org.springframework.cloud.commons.util.InetUtils - Cannot determine local hostname
2025-10-30 15:31:26.970 [main] INFO  c.q.xiaohashu.auth.XiaohashuAuthApplication - Started XiaohashuAuthApplication in 6.408 seconds (process running for 6.872)
2025-10-30 15:31:26.972 [main] INFO  c.q.x.auth.runner.PushRolePermissions2RedisRunner - ==> 服务启动，开始同步角色权限数据到 Redis 中...
2025-10-30 15:31:27.238 [main] WARN  c.q.x.auth.runner.PushRolePermissions2RedisRunner - ==> 角色权限数据已经同步至 Redis 中，不再同步...
2025-10-30 15:31:27.239 [main] INFO  com.alibaba.nacos.client.config.impl.CacheData - nacos.cache.data.init.snapshot = true 
2025-10-30 15:31:27.240 [main] INFO  com.alibaba.nacos.client.config.impl.ClientWorker - [fixed-localhost_8848] [subscribe] xiaohashu-auth.yaml+DEFAULT_GROUP
2025-10-30 15:31:27.243 [main] INFO  com.alibaba.nacos.client.config.impl.CacheData - [fixed-localhost_8848] [add-listener] ok, tenant=, dataId=xiaohashu-auth.yaml, group=DEFAULT_GROUP, cnt=1
2025-10-30 15:31:27.243 [main] INFO  c.a.cloud.nacos.refresh.NacosContextRefresher - [Nacos Config] Listening config: dataId=xiaohashu-auth.yaml, group=DEFAULT_GROUP
2025-10-30 15:31:38.906 [http-nio-8080-exec-1] INFO  o.a.c.core.ContainerBase.[Tomcat].[localhost].[/] - Initializing Spring DispatcherServlet 'dispatcherServlet'
2025-10-30 15:31:38.906 [http-nio-8080-exec-1] INFO  org.springframework.web.servlet.DispatcherServlet - Initializing Servlet 'dispatcherServlet'
2025-10-30 15:31:38.907 [http-nio-8080-exec-1] INFO  org.springframework.web.servlet.DispatcherServlet - Completed initialization in 1 ms
2025-10-30 15:34:03.782 [main] WARN  com.alibaba.nacos.client.logging.NacosLogging - Load Logback Configuration of Nacos fail, message: Could not initialize Logback Nacos logging from classpath:nacos-logback.xml
2025-10-30 15:34:03.824 [main] WARN  com.alibaba.nacos.client.logging.NacosLogging - Load Logback Configuration of Nacos fail, message: Could not initialize Logback Nacos logging from classpath:nacos-logback.xml
2025-10-30 15:34:03.826 [main] INFO  c.q.xiaohashu.auth.XiaohashuAuthApplication - Starting XiaohashuAuthApplication using Java 17.0.12 with PID 26308 (E:\xiaohashu\xiaohashu-auth\target\classes started by hp in E:\xiaohashu)
2025-10-30 15:34:03.827 [main] INFO  c.q.xiaohashu.auth.XiaohashuAuthApplication - The following 1 profile is active: "dev"
2025-10-30 15:34:03.850 [main] WARN  c.a.cloud.nacos.configdata.NacosConfigDataLoader - [Nacos Config] config[dataId=xiaohashu-auth.yaml, group=DEFAULT_GROUP] is empty
2025-10-30 15:34:04.245 [main] INFO  o.s.d.r.config.RepositoryConfigurationDelegate - Multiple Spring Data modules found, entering strict repository configuration mode
2025-10-30 15:34:04.246 [main] INFO  o.s.d.r.config.RepositoryConfigurationDelegate - Bootstrapping Spring Data Redis repositories in DEFAULT mode.
2025-10-30 15:34:04.262 [main] INFO  o.s.d.r.config.RepositoryConfigurationDelegate - Finished Spring Data repository scanning in 9 ms. Found 0 Redis repository interfaces.
2025-10-30 15:34:04.372 [main] INFO  o.springframework.cloud.context.scope.GenericScope - BeanFactory id=fa683bda-48a7-3917-bdde-2689ed3a82b3
2025-10-30 15:34:04.619 [main] INFO  o.s.boot.web.embedded.tomcat.TomcatWebServer - Tomcat initialized with port(s): 8080 (http)
2025-10-30 15:34:04.625 [main] INFO  org.apache.catalina.core.StandardService - Starting service [Tomcat]
2025-10-30 15:34:04.625 [main] INFO  org.apache.catalina.core.StandardEngine - Starting Servlet engine: [Apache Tomcat/10.1.5]
2025-10-30 15:34:04.684 [main] INFO  o.a.c.core.ContainerBase.[Tomcat].[localhost].[/] - Initializing Spring embedded WebApplicationContext
2025-10-30 15:34:04.684 [main] INFO  o.s.b.w.s.c.ServletWebServerApplicationContext - Root WebApplicationContext: initialization completed in 833 ms
2025-10-30 15:34:04.750 [main] INFO  c.a.d.s.b.a.DruidDataSourceAutoConfigure - Init DruidDataSource
2025-10-30 15:34:04.912 [main] INFO  com.alibaba.druid.pool.DruidDataSource - {dataSource-1} inited
2025-10-30 15:34:06.599 [main] INFO  org.springframework.cloud.commons.util.InetUtils - Cannot determine local hostname
2025-10-30 15:34:06.644 [main] INFO  o.s.boot.web.embedded.tomcat.TomcatWebServer - Tomcat started on port(s): 8080 (http) with context path ''
2025-10-30 15:34:07.804 [main] INFO  org.springframework.cloud.commons.util.InetUtils - Cannot determine local hostname
2025-10-30 15:34:07.812 [main] INFO  c.q.xiaohashu.auth.XiaohashuAuthApplication - Started XiaohashuAuthApplication in 6.283 seconds (process running for 6.791)
2025-10-30 15:34:07.814 [main] INFO  c.q.x.auth.runner.PushRolePermissions2RedisRunner - ==> 服务启动，开始同步角色权限数据到 Redis 中...
2025-10-30 15:34:08.071 [main] WARN  c.q.x.auth.runner.PushRolePermissions2RedisRunner - ==> 角色权限数据已经同步至 Redis 中，不再同步...
2025-10-30 15:34:08.072 [main] INFO  com.alibaba.nacos.client.config.impl.CacheData - nacos.cache.data.init.snapshot = true 
2025-10-30 15:34:08.073 [main] INFO  com.alibaba.nacos.client.config.impl.ClientWorker - [fixed-localhost_8848] [subscribe] xiaohashu-auth.yaml+DEFAULT_GROUP
2025-10-30 15:34:08.076 [main] INFO  com.alibaba.nacos.client.config.impl.CacheData - [fixed-localhost_8848] [add-listener] ok, tenant=, dataId=xiaohashu-auth.yaml, group=DEFAULT_GROUP, cnt=1
2025-10-30 15:34:08.076 [main] INFO  c.a.cloud.nacos.refresh.NacosContextRefresher - [Nacos Config] Listening config: dataId=xiaohashu-auth.yaml, group=DEFAULT_GROUP
2025-10-30 15:34:16.424 [http-nio-8080-exec-1] INFO  o.a.c.core.ContainerBase.[Tomcat].[localhost].[/] - Initializing Spring DispatcherServlet 'dispatcherServlet'
2025-10-30 15:34:16.424 [http-nio-8080-exec-1] INFO  org.springframework.web.servlet.DispatcherServlet - Initializing Servlet 'dispatcherServlet'
2025-10-30 15:34:16.425 [http-nio-8080-exec-1] INFO  org.springframework.web.servlet.DispatcherServlet - Completed initialization in 1 ms
2025-10-30 15:36:55.984 [main] WARN  com.alibaba.nacos.client.logging.NacosLogging - Load Logback Configuration of Nacos fail, message: Could not initialize Logback Nacos logging from classpath:nacos-logback.xml
2025-10-30 15:36:56.024 [main] WARN  com.alibaba.nacos.client.logging.NacosLogging - Load Logback Configuration of Nacos fail, message: Could not initialize Logback Nacos logging from classpath:nacos-logback.xml
2025-10-30 15:36:56.026 [main] INFO  c.q.xiaohashu.auth.XiaohashuAuthApplication - Starting XiaohashuAuthApplication using Java 17.0.12 with PID 11892 (E:\xiaohashu\xiaohashu-auth\target\classes started by hp in E:\xiaohashu)
2025-10-30 15:36:56.026 [main] INFO  c.q.xiaohashu.auth.XiaohashuAuthApplication - The following 1 profile is active: "dev"
2025-10-30 15:36:56.054 [main] WARN  c.a.cloud.nacos.configdata.NacosConfigDataLoader - [Nacos Config] config[dataId=xiaohashu-auth.yaml, group=DEFAULT_GROUP] is empty
2025-10-30 15:36:56.443 [main] INFO  o.s.d.r.config.RepositoryConfigurationDelegate - Multiple Spring Data modules found, entering strict repository configuration mode
2025-10-30 15:36:56.445 [main] INFO  o.s.d.r.config.RepositoryConfigurationDelegate - Bootstrapping Spring Data Redis repositories in DEFAULT mode.
2025-10-30 15:36:56.461 [main] INFO  o.s.d.r.config.RepositoryConfigurationDelegate - Finished Spring Data repository scanning in 8 ms. Found 0 Redis repository interfaces.
2025-10-30 15:36:56.572 [main] INFO  o.springframework.cloud.context.scope.GenericScope - BeanFactory id=fa683bda-48a7-3917-bdde-2689ed3a82b3
2025-10-30 15:36:56.817 [main] INFO  o.s.boot.web.embedded.tomcat.TomcatWebServer - Tomcat initialized with port(s): 8080 (http)
2025-10-30 15:36:56.821 [main] INFO  org.apache.catalina.core.StandardService - Starting service [Tomcat]
2025-10-30 15:36:56.821 [main] INFO  org.apache.catalina.core.StandardEngine - Starting Servlet engine: [Apache Tomcat/10.1.5]
2025-10-30 15:36:56.879 [main] INFO  o.a.c.core.ContainerBase.[Tomcat].[localhost].[/] - Initializing Spring embedded WebApplicationContext
2025-10-30 15:36:56.879 [main] INFO  o.s.b.w.s.c.ServletWebServerApplicationContext - Root WebApplicationContext: initialization completed in 823 ms
2025-10-30 15:36:56.943 [main] INFO  c.a.d.s.b.a.DruidDataSourceAutoConfigure - Init DruidDataSource
2025-10-30 15:36:57.097 [main] INFO  com.alibaba.druid.pool.DruidDataSource - {dataSource-1} inited
2025-10-30 15:36:58.786 [main] INFO  org.springframework.cloud.commons.util.InetUtils - Cannot determine local hostname
2025-10-30 15:36:58.833 [main] INFO  o.s.boot.web.embedded.tomcat.TomcatWebServer - Tomcat started on port(s): 8080 (http) with context path ''
2025-10-30 15:36:59.997 [main] INFO  org.springframework.cloud.commons.util.InetUtils - Cannot determine local hostname
2025-10-30 15:37:00.004 [main] INFO  c.q.xiaohashu.auth.XiaohashuAuthApplication - Started XiaohashuAuthApplication in 6.238 seconds (process running for 6.665)
2025-10-30 15:37:00.006 [main] INFO  c.q.x.auth.runner.PushRolePermissions2RedisRunner - ==> 服务启动，开始同步角色权限数据到 Redis 中...
2025-10-30 15:37:00.283 [main] WARN  c.q.x.auth.runner.PushRolePermissions2RedisRunner - ==> 角色权限数据已经同步至 Redis 中，不再同步...
2025-10-30 15:37:00.284 [main] INFO  com.alibaba.nacos.client.config.impl.CacheData - nacos.cache.data.init.snapshot = true 
2025-10-30 15:37:00.285 [main] INFO  com.alibaba.nacos.client.config.impl.ClientWorker - [fixed-localhost_8848] [subscribe] xiaohashu-auth.yaml+DEFAULT_GROUP
2025-10-30 15:37:00.288 [main] INFO  com.alibaba.nacos.client.config.impl.CacheData - [fixed-localhost_8848] [add-listener] ok, tenant=, dataId=xiaohashu-auth.yaml, group=DEFAULT_GROUP, cnt=1
2025-10-30 15:37:00.288 [main] INFO  c.a.cloud.nacos.refresh.NacosContextRefresher - [Nacos Config] Listening config: dataId=xiaohashu-auth.yaml, group=DEFAULT_GROUP
2025-10-30 15:37:12.256 [http-nio-8080-exec-1] INFO  o.a.c.core.ContainerBase.[Tomcat].[localhost].[/] - Initializing Spring DispatcherServlet 'dispatcherServlet'
2025-10-30 15:37:12.256 [http-nio-8080-exec-1] INFO  org.springframework.web.servlet.DispatcherServlet - Initializing Servlet 'dispatcherServlet'
2025-10-30 15:37:12.257 [http-nio-8080-exec-1] INFO  org.springframework.web.servlet.DispatcherServlet - Completed initialization in 1 ms
2025-10-30 15:39:46.227 [main] WARN  com.alibaba.nacos.client.logging.NacosLogging - Load Logback Configuration of Nacos fail, message: Could not initialize Logback Nacos logging from classpath:nacos-logback.xml
2025-10-30 15:39:46.268 [main] WARN  com.alibaba.nacos.client.logging.NacosLogging - Load Logback Configuration of Nacos fail, message: Could not initialize Logback Nacos logging from classpath:nacos-logback.xml
2025-10-30 15:39:46.270 [main] INFO  c.q.xiaohashu.auth.XiaohashuAuthApplication - Starting XiaohashuAuthApplication using Java 17.0.12 with PID 25152 (E:\xiaohashu\xiaohashu-auth\target\classes started by hp in E:\xiaohashu)
2025-10-30 15:39:46.272 [main] INFO  c.q.xiaohashu.auth.XiaohashuAuthApplication - The following 1 profile is active: "dev"
2025-10-30 15:39:46.308 [main] WARN  c.a.cloud.nacos.configdata.NacosConfigDataLoader - [Nacos Config] config[dataId=xiaohashu-auth.yaml, group=DEFAULT_GROUP] is empty
2025-10-30 15:39:46.726 [main] INFO  o.s.d.r.config.RepositoryConfigurationDelegate - Multiple Spring Data modules found, entering strict repository configuration mode
2025-10-30 15:39:46.728 [main] INFO  o.s.d.r.config.RepositoryConfigurationDelegate - Bootstrapping Spring Data Redis repositories in DEFAULT mode.
2025-10-30 15:39:46.746 [main] INFO  o.s.d.r.config.RepositoryConfigurationDelegate - Finished Spring Data repository scanning in 10 ms. Found 0 Redis repository interfaces.
2025-10-30 15:39:46.882 [main] INFO  o.springframework.cloud.context.scope.GenericScope - BeanFactory id=fa683bda-48a7-3917-bdde-2689ed3a82b3
2025-10-30 15:39:47.132 [main] INFO  o.s.boot.web.embedded.tomcat.TomcatWebServer - Tomcat initialized with port(s): 8080 (http)
2025-10-30 15:39:47.136 [main] INFO  org.apache.catalina.core.StandardService - Starting service [Tomcat]
2025-10-30 15:39:47.137 [main] INFO  org.apache.catalina.core.StandardEngine - Starting Servlet engine: [Apache Tomcat/10.1.5]
2025-10-30 15:39:47.199 [main] INFO  o.a.c.core.ContainerBase.[Tomcat].[localhost].[/] - Initializing Spring embedded WebApplicationContext
2025-10-30 15:39:47.200 [main] INFO  o.s.b.w.s.c.ServletWebServerApplicationContext - Root WebApplicationContext: initialization completed in 890 ms
2025-10-30 15:39:47.272 [main] INFO  c.a.d.s.b.a.DruidDataSourceAutoConfigure - Init DruidDataSource
2025-10-30 15:39:47.441 [main] INFO  com.alibaba.druid.pool.DruidDataSource - {dataSource-1} inited
2025-10-30 15:39:49.206 [main] INFO  org.springframework.cloud.commons.util.InetUtils - Cannot determine local hostname
2025-10-30 15:39:49.247 [main] INFO  o.s.boot.web.embedded.tomcat.TomcatWebServer - Tomcat started on port(s): 8080 (http) with context path ''
2025-10-30 15:39:50.406 [main] INFO  org.springframework.cloud.commons.util.InetUtils - Cannot determine local hostname
2025-10-30 15:39:50.412 [main] INFO  c.q.xiaohashu.auth.XiaohashuAuthApplication - Started XiaohashuAuthApplication in 6.483 seconds (process running for 6.924)
2025-10-30 15:39:50.414 [main] INFO  c.q.x.auth.runner.PushRolePermissions2RedisRunner - ==> 服务启动，开始同步角色权限数据到 Redis 中...
2025-10-30 15:39:50.676 [main] WARN  c.q.x.auth.runner.PushRolePermissions2RedisRunner - ==> 角色权限数据已经同步至 Redis 中，不再同步...
2025-10-30 15:39:50.678 [main] INFO  com.alibaba.nacos.client.config.impl.CacheData - nacos.cache.data.init.snapshot = true 
2025-10-30 15:39:50.678 [main] INFO  com.alibaba.nacos.client.config.impl.ClientWorker - [fixed-localhost_8848] [subscribe] xiaohashu-auth.yaml+DEFAULT_GROUP
2025-10-30 15:39:50.681 [main] INFO  com.alibaba.nacos.client.config.impl.CacheData - [fixed-localhost_8848] [add-listener] ok, tenant=, dataId=xiaohashu-auth.yaml, group=DEFAULT_GROUP, cnt=1
2025-10-30 15:39:50.681 [main] INFO  c.a.cloud.nacos.refresh.NacosContextRefresher - [Nacos Config] Listening config: dataId=xiaohashu-auth.yaml, group=DEFAULT_GROUP
2025-10-30 15:39:57.865 [http-nio-8080-exec-3] INFO  o.a.c.core.ContainerBase.[Tomcat].[localhost].[/] - Initializing Spring DispatcherServlet 'dispatcherServlet'
2025-10-30 15:39:57.865 [http-nio-8080-exec-3] INFO  org.springframework.web.servlet.DispatcherServlet - Initializing Servlet 'dispatcherServlet'
2025-10-30 15:39:57.866 [http-nio-8080-exec-3] INFO  org.springframework.web.servlet.DispatcherServlet - Completed initialization in 1 ms
2025-10-30 15:44:24.566 [nacos-grpc-client-executor-localhost-72] ERROR c.a.nacos.common.remote.client.grpc.GrpcClient - [1761809985941_127.0.0.1_3749]Request stream error, switch server,error={}
com.alibaba.nacos.shaded.io.grpc.StatusRuntimeException: UNAVAILABLE: io exception
	at com.alibaba.nacos.shaded.io.grpc.Status.asRuntimeException(Status.java:539)
	at com.alibaba.nacos.shaded.io.grpc.stub.ClientCalls$StreamObserverToCallListenerAdapter.onClose(ClientCalls.java:487)
	at com.alibaba.nacos.shaded.io.grpc.internal.ClientCallImpl.closeObserver(ClientCallImpl.java:563)
	at com.alibaba.nacos.shaded.io.grpc.internal.ClientCallImpl.access$300(ClientCallImpl.java:70)
	at com.alibaba.nacos.shaded.io.grpc.internal.ClientCallImpl$ClientStreamListenerImpl$1StreamClosed.runInternal(ClientCallImpl.java:744)
	at com.alibaba.nacos.shaded.io.grpc.internal.ClientCallImpl$ClientStreamListenerImpl$1StreamClosed.runInContext(ClientCallImpl.java:723)
	at com.alibaba.nacos.shaded.io.grpc.internal.ContextRunnable.run(ContextRunnable.java:37)
	at com.alibaba.nacos.shaded.io.grpc.internal.SerializingExecutor.run(SerializingExecutor.java:133)
	at java.base/java.util.concurrent.ThreadPoolExecutor.runWorker(ThreadPoolExecutor.java:1136)
	at java.base/java.util.concurrent.ThreadPoolExecutor$Worker.run(ThreadPoolExecutor.java:635)
	at java.base/java.lang.Thread.run(Thread.java:842)
Caused by: java.net.SocketException: Connection reset
	at java.base/sun.nio.ch.SocketChannelImpl.throwConnectionReset(SocketChannelImpl.java:394)
	at java.base/sun.nio.ch.SocketChannelImpl.read(SocketChannelImpl.java:426)
	at com.alibaba.nacos.shaded.io.grpc.netty.shaded.io.netty.buffer.PooledByteBuf.setBytes(PooledByteBuf.java:258)
	at com.alibaba.nacos.shaded.io.grpc.netty.shaded.io.netty.buffer.AbstractByteBuf.writeBytes(AbstractByteBuf.java:1132)
	at com.alibaba.nacos.shaded.io.grpc.netty.shaded.io.netty.channel.socket.nio.NioSocketChannel.doReadBytes(NioSocketChannel.java:357)
	at com.alibaba.nacos.shaded.io.grpc.netty.shaded.io.netty.channel.nio.AbstractNioByteChannel$NioByteUnsafe.read(AbstractNioByteChannel.java:151)
	at com.alibaba.nacos.shaded.io.grpc.netty.shaded.io.netty.channel.nio.NioEventLoop.processSelectedKey(NioEventLoop.java:722)
	at com.alibaba.nacos.shaded.io.grpc.netty.shaded.io.netty.channel.nio.NioEventLoop.processSelectedKeysOptimized(NioEventLoop.java:658)
	at com.alibaba.nacos.shaded.io.grpc.netty.shaded.io.netty.channel.nio.NioEventLoop.processSelectedKeys(NioEventLoop.java:584)
	at com.alibaba.nacos.shaded.io.grpc.netty.shaded.io.netty.channel.nio.NioEventLoop.run(NioEventLoop.java:496)
	at com.alibaba.nacos.shaded.io.grpc.netty.shaded.io.netty.util.concurrent.SingleThreadEventExecutor$4.run(SingleThreadEventExecutor.java:997)
	at com.alibaba.nacos.shaded.io.grpc.netty.shaded.io.netty.util.internal.ThreadExecutorMap$2.run(ThreadExecutorMap.java:74)
	at com.alibaba.nacos.shaded.io.grpc.netty.shaded.io.netty.util.concurrent.FastThreadLocalRunnable.run(FastThreadLocalRunnable.java:30)
	... 1 common frames omitted
2025-10-30 15:44:24.570 [com.alibaba.nacos.client.remote.worker] INFO  com.alibaba.nacos.common.remote.client - [7c9b3d26-7bcf-45dc-becf-7a498bbd3d8d_config-0] Try to reconnect to a new server, server is  not appointed, will choose a random server.
2025-10-30 15:44:24.570 [com.alibaba.nacos.client.remote.worker] INFO  c.a.nacos.common.remote.client.grpc.GrpcClient - grpc client connection server:localhost ip,serverPort:9848,grpcTslConfig:{"sslProvider":"OPENSSL","enableTls":false,"mutualAuthEnable":false,"trustAll":false}
2025-10-30 15:44:24.590 [com.alibaba.nacos.client.remote.worker] ERROR c.a.nacos.common.remote.client.grpc.GrpcClient - Server check fail, please check server localhost ,port 9848 is available , error ={}
java.util.concurrent.ExecutionException: com.alibaba.nacos.shaded.io.grpc.StatusRuntimeException: UNAVAILABLE: io exception
	at com.alibaba.nacos.shaded.com.google.common.util.concurrent.AbstractFuture.getDoneValue(AbstractFuture.java:566)
	at com.alibaba.nacos.shaded.com.google.common.util.concurrent.AbstractFuture.get(AbstractFuture.java:445)
	at com.alibaba.nacos.common.remote.client.grpc.GrpcClient.serverCheck(GrpcClient.java:218)
	at com.alibaba.nacos.common.remote.client.grpc.GrpcClient.connectToServer(GrpcClient.java:329)
	at com.alibaba.nacos.common.remote.client.RpcClient.reconnect(RpcClient.java:502)
	at com.alibaba.nacos.common.remote.client.RpcClient.lambda$start$2(RpcClient.java:343)
	at java.base/java.util.concurrent.Executors$RunnableAdapter.call(Executors.java:539)
	at java.base/java.util.concurrent.FutureTask.run(FutureTask.java:264)
	at java.base/java.util.concurrent.ScheduledThreadPoolExecutor$ScheduledFutureTask.run(ScheduledThreadPoolExecutor.java:304)
	at java.base/java.util.concurrent.ThreadPoolExecutor.runWorker(ThreadPoolExecutor.java:1136)
	at java.base/java.util.concurrent.ThreadPoolExecutor$Worker.run(ThreadPoolExecutor.java:635)
	at java.base/java.lang.Thread.run(Thread.java:842)
Caused by: com.alibaba.nacos.shaded.io.grpc.StatusRuntimeException: UNAVAILABLE: io exception
	at com.alibaba.nacos.shaded.io.grpc.Status.asRuntimeException(Status.java:539)
	at com.alibaba.nacos.shaded.io.grpc.stub.ClientCalls$UnaryStreamToFuture.onClose(ClientCalls.java:544)
	at com.alibaba.nacos.shaded.io.grpc.internal.DelayedClientCall$DelayedListener$3.run(DelayedClientCall.java:471)
	at com.alibaba.nacos.shaded.io.grpc.internal.DelayedClientCall$DelayedListener.delayOrExecute(DelayedClientCall.java:435)
	at com.alibaba.nacos.shaded.io.grpc.internal.DelayedClientCall$DelayedListener.onClose(DelayedClientCall.java:468)
	at com.alibaba.nacos.shaded.io.grpc.internal.ClientCallImpl.closeObserver(ClientCallImpl.java:563)
	at com.alibaba.nacos.shaded.io.grpc.internal.ClientCallImpl.access$300(ClientCallImpl.java:70)
	at com.alibaba.nacos.shaded.io.grpc.internal.ClientCallImpl$ClientStreamListenerImpl$1StreamClosed.runInternal(ClientCallImpl.java:744)
	at com.alibaba.nacos.shaded.io.grpc.internal.ClientCallImpl$ClientStreamListenerImpl$1StreamClosed.runInContext(ClientCallImpl.java:723)
	at com.alibaba.nacos.shaded.io.grpc.internal.ContextRunnable.run(ContextRunnable.java:37)
	at com.alibaba.nacos.shaded.io.grpc.internal.SerializingExecutor.run(SerializingExecutor.java:133)
	... 3 common frames omitted
Caused by: com.alibaba.nacos.shaded.io.grpc.netty.shaded.io.netty.channel.AbstractChannel$AnnotatedConnectException: Connection refused: no further information: localhost/[0:0:0:0:0:0:0:1]:9848
Caused by: java.net.ConnectException: Connection refused: no further information
	at java.base/sun.nio.ch.Net.pollConnect(Native Method)
	at java.base/sun.nio.ch.Net.pollConnectNow(Net.java:672)
	at java.base/sun.nio.ch.SocketChannelImpl.finishConnect(SocketChannelImpl.java:946)
	at com.alibaba.nacos.shaded.io.grpc.netty.shaded.io.netty.channel.socket.nio.NioSocketChannel.doFinishConnect(NioSocketChannel.java:337)
	at com.alibaba.nacos.shaded.io.grpc.netty.shaded.io.netty.channel.nio.AbstractNioChannel$AbstractNioUnsafe.finishConnect(AbstractNioChannel.java:334)
	at com.alibaba.nacos.shaded.io.grpc.netty.shaded.io.netty.channel.nio.NioEventLoop.processSelectedKey(NioEventLoop.java:710)
	at com.alibaba.nacos.shaded.io.grpc.netty.shaded.io.netty.channel.nio.NioEventLoop.processSelectedKeysOptimized(NioEventLoop.java:658)
	at com.alibaba.nacos.shaded.io.grpc.netty.shaded.io.netty.channel.nio.NioEventLoop.processSelectedKeys(NioEventLoop.java:584)
	at com.alibaba.nacos.shaded.io.grpc.netty.shaded.io.netty.channel.nio.NioEventLoop.run(NioEventLoop.java:496)
	at com.alibaba.nacos.shaded.io.grpc.netty.shaded.io.netty.util.concurrent.SingleThreadEventExecutor$4.run(SingleThreadEventExecutor.java:997)
	at com.alibaba.nacos.shaded.io.grpc.netty.shaded.io.netty.util.internal.ThreadExecutorMap$2.run(ThreadExecutorMap.java:74)
	at com.alibaba.nacos.shaded.io.grpc.netty.shaded.io.netty.util.concurrent.FastThreadLocalRunnable.run(FastThreadLocalRunnable.java:30)
	at java.base/java.lang.Thread.run(Thread.java:842)
2025-10-30 15:44:24.694 [com.alibaba.nacos.client.remote.worker] INFO  c.a.nacos.common.remote.client.grpc.GrpcClient - grpc client connection server:localhost ip,serverPort:9848,grpcTslConfig:{"sslProvider":"OPENSSL","enableTls":false,"mutualAuthEnable":false,"trustAll":false}
2025-10-30 15:44:24.703 [com.alibaba.nacos.client.remote.worker] ERROR c.a.nacos.common.remote.client.grpc.GrpcClient - Server check fail, please check server localhost ,port 9848 is available , error ={}
java.util.concurrent.ExecutionException: com.alibaba.nacos.shaded.io.grpc.StatusRuntimeException: UNAVAILABLE: io exception
	at com.alibaba.nacos.shaded.com.google.common.util.concurrent.AbstractFuture.getDoneValue(AbstractFuture.java:566)
	at com.alibaba.nacos.shaded.com.google.common.util.concurrent.AbstractFuture.get(AbstractFuture.java:445)
	at com.alibaba.nacos.common.remote.client.grpc.GrpcClient.serverCheck(GrpcClient.java:218)
	at com.alibaba.nacos.common.remote.client.grpc.GrpcClient.connectToServer(GrpcClient.java:329)
	at com.alibaba.nacos.common.remote.client.RpcClient.reconnect(RpcClient.java:502)
	at com.alibaba.nacos.common.remote.client.RpcClient.lambda$start$2(RpcClient.java:343)
	at java.base/java.util.concurrent.Executors$RunnableAdapter.call(Executors.java:539)
	at java.base/java.util.concurrent.FutureTask.run(FutureTask.java:264)
	at java.base/java.util.concurrent.ScheduledThreadPoolExecutor$ScheduledFutureTask.run(ScheduledThreadPoolExecutor.java:304)
	at java.base/java.util.concurrent.ThreadPoolExecutor.runWorker(ThreadPoolExecutor.java:1136)
	at java.base/java.util.concurrent.ThreadPoolExecutor$Worker.run(ThreadPoolExecutor.java:635)
	at java.base/java.lang.Thread.run(Thread.java:842)
Caused by: com.alibaba.nacos.shaded.io.grpc.StatusRuntimeException: UNAVAILABLE: io exception
	at com.alibaba.nacos.shaded.io.grpc.Status.asRuntimeException(Status.java:539)
	at com.alibaba.nacos.shaded.io.grpc.stub.ClientCalls$UnaryStreamToFuture.onClose(ClientCalls.java:544)
	at com.alibaba.nacos.shaded.io.grpc.internal.DelayedClientCall$DelayedListener$3.run(DelayedClientCall.java:471)
	at com.alibaba.nacos.shaded.io.grpc.internal.DelayedClientCall$DelayedListener.delayOrExecute(DelayedClientCall.java:435)
	at com.alibaba.nacos.shaded.io.grpc.internal.DelayedClientCall$DelayedListener.onClose(DelayedClientCall.java:468)
	at com.alibaba.nacos.shaded.io.grpc.internal.ClientCallImpl.closeObserver(ClientCallImpl.java:563)
	at com.alibaba.nacos.shaded.io.grpc.internal.ClientCallImpl.access$300(ClientCallImpl.java:70)
	at com.alibaba.nacos.shaded.io.grpc.internal.ClientCallImpl$ClientStreamListenerImpl$1StreamClosed.runInternal(ClientCallImpl.java:744)
	at com.alibaba.nacos.shaded.io.grpc.internal.ClientCallImpl$ClientStreamListenerImpl$1StreamClosed.runInContext(ClientCallImpl.java:723)
	at com.alibaba.nacos.shaded.io.grpc.internal.ContextRunnable.run(ContextRunnable.java:37)
	at com.alibaba.nacos.shaded.io.grpc.internal.SerializingExecutor.run(SerializingExecutor.java:133)
	... 3 common frames omitted
Caused by: com.alibaba.nacos.shaded.io.grpc.netty.shaded.io.netty.channel.AbstractChannel$AnnotatedConnectException: Connection refused: no further information: localhost/[0:0:0:0:0:0:0:1]:9848
Caused by: java.net.ConnectException: Connection refused: no further information
	at java.base/sun.nio.ch.Net.pollConnect(Native Method)
	at java.base/sun.nio.ch.Net.pollConnectNow(Net.java:672)
	at java.base/sun.nio.ch.SocketChannelImpl.finishConnect(SocketChannelImpl.java:946)
	at com.alibaba.nacos.shaded.io.grpc.netty.shaded.io.netty.channel.socket.nio.NioSocketChannel.doFinishConnect(NioSocketChannel.java:337)
	at com.alibaba.nacos.shaded.io.grpc.netty.shaded.io.netty.channel.nio.AbstractNioChannel$AbstractNioUnsafe.finishConnect(AbstractNioChannel.java:334)
	at com.alibaba.nacos.shaded.io.grpc.netty.shaded.io.netty.channel.nio.NioEventLoop.processSelectedKey(NioEventLoop.java:710)
	at com.alibaba.nacos.shaded.io.grpc.netty.shaded.io.netty.channel.nio.NioEventLoop.processSelectedKeysOptimized(NioEventLoop.java:658)
	at com.alibaba.nacos.shaded.io.grpc.netty.shaded.io.netty.channel.nio.NioEventLoop.processSelectedKeys(NioEventLoop.java:584)
	at com.alibaba.nacos.shaded.io.grpc.netty.shaded.io.netty.channel.nio.NioEventLoop.run(NioEventLoop.java:496)
	at com.alibaba.nacos.shaded.io.grpc.netty.shaded.io.netty.util.concurrent.SingleThreadEventExecutor$4.run(SingleThreadEventExecutor.java:997)
	at com.alibaba.nacos.shaded.io.grpc.netty.shaded.io.netty.util.internal.ThreadExecutorMap$2.run(ThreadExecutorMap.java:74)
	at com.alibaba.nacos.shaded.io.grpc.netty.shaded.io.netty.util.concurrent.FastThreadLocalRunnable.run(FastThreadLocalRunnable.java:30)
	at java.base/java.lang.Thread.run(Thread.java:842)
2025-10-30 15:44:24.704 [com.alibaba.nacos.client.remote.worker] INFO  com.alibaba.nacos.common.remote.client - [7c9b3d26-7bcf-45dc-becf-7a498bbd3d8d_config-0] Fail to connect server, after trying 1 times, last try server is {serverIp = 'localhost', server main port = 8848}, error = unknown
2025-10-30 15:44:24.916 [com.alibaba.nacos.client.remote.worker] INFO  c.a.nacos.common.remote.client.grpc.GrpcClient - grpc client connection server:localhost ip,serverPort:9848,grpcTslConfig:{"sslProvider":"OPENSSL","enableTls":false,"mutualAuthEnable":false,"trustAll":false}
2025-10-30 15:44:24.925 [com.alibaba.nacos.client.remote.worker] ERROR c.a.nacos.common.remote.client.grpc.GrpcClient - Server check fail, please check server localhost ,port 9848 is available , error ={}
java.util.concurrent.ExecutionException: com.alibaba.nacos.shaded.io.grpc.StatusRuntimeException: UNAVAILABLE: io exception
	at com.alibaba.nacos.shaded.com.google.common.util.concurrent.AbstractFuture.getDoneValue(AbstractFuture.java:566)
	at com.alibaba.nacos.shaded.com.google.common.util.concurrent.AbstractFuture.get(AbstractFuture.java:445)
	at com.alibaba.nacos.common.remote.client.grpc.GrpcClient.serverCheck(GrpcClient.java:218)
	at com.alibaba.nacos.common.remote.client.grpc.GrpcClient.connectToServer(GrpcClient.java:329)
	at com.alibaba.nacos.common.remote.client.RpcClient.reconnect(RpcClient.java:502)
	at com.alibaba.nacos.common.remote.client.RpcClient.lambda$start$2(RpcClient.java:343)
	at java.base/java.util.concurrent.Executors$RunnableAdapter.call(Executors.java:539)
	at java.base/java.util.concurrent.FutureTask.run(FutureTask.java:264)
	at java.base/java.util.concurrent.ScheduledThreadPoolExecutor$ScheduledFutureTask.run(ScheduledThreadPoolExecutor.java:304)
	at java.base/java.util.concurrent.ThreadPoolExecutor.runWorker(ThreadPoolExecutor.java:1136)
	at java.base/java.util.concurrent.ThreadPoolExecutor$Worker.run(ThreadPoolExecutor.java:635)
	at java.base/java.lang.Thread.run(Thread.java:842)
Caused by: com.alibaba.nacos.shaded.io.grpc.StatusRuntimeException: UNAVAILABLE: io exception
	at com.alibaba.nacos.shaded.io.grpc.Status.asRuntimeException(Status.java:539)
	at com.alibaba.nacos.shaded.io.grpc.stub.ClientCalls$UnaryStreamToFuture.onClose(ClientCalls.java:544)
	at com.alibaba.nacos.shaded.io.grpc.internal.DelayedClientCall$DelayedListener$3.run(DelayedClientCall.java:471)
	at com.alibaba.nacos.shaded.io.grpc.internal.DelayedClientCall$DelayedListener.delayOrExecute(DelayedClientCall.java:435)
	at com.alibaba.nacos.shaded.io.grpc.internal.DelayedClientCall$DelayedListener.onClose(DelayedClientCall.java:468)
	at com.alibaba.nacos.shaded.io.grpc.internal.ClientCallImpl.closeObserver(ClientCallImpl.java:563)
	at com.alibaba.nacos.shaded.io.grpc.internal.ClientCallImpl.access$300(ClientCallImpl.java:70)
	at com.alibaba.nacos.shaded.io.grpc.internal.ClientCallImpl$ClientStreamListenerImpl$1StreamClosed.runInternal(ClientCallImpl.java:744)
	at com.alibaba.nacos.shaded.io.grpc.internal.ClientCallImpl$ClientStreamListenerImpl$1StreamClosed.runInContext(ClientCallImpl.java:723)
	at com.alibaba.nacos.shaded.io.grpc.internal.ContextRunnable.run(ContextRunnable.java:37)
	at com.alibaba.nacos.shaded.io.grpc.internal.SerializingExecutor.run(SerializingExecutor.java:133)
	... 3 common frames omitted
Caused by: com.alibaba.nacos.shaded.io.grpc.netty.shaded.io.netty.channel.AbstractChannel$AnnotatedConnectException: Connection refused: no further information: localhost/[0:0:0:0:0:0:0:1]:9848
Caused by: java.net.ConnectException: Connection refused: no further information
	at java.base/sun.nio.ch.Net.pollConnect(Native Method)
	at java.base/sun.nio.ch.Net.pollConnectNow(Net.java:672)
	at java.base/sun.nio.ch.SocketChannelImpl.finishConnect(SocketChannelImpl.java:946)
	at com.alibaba.nacos.shaded.io.grpc.netty.shaded.io.netty.channel.socket.nio.NioSocketChannel.doFinishConnect(NioSocketChannel.java:337)
	at com.alibaba.nacos.shaded.io.grpc.netty.shaded.io.netty.channel.nio.AbstractNioChannel$AbstractNioUnsafe.finishConnect(AbstractNioChannel.java:334)
	at com.alibaba.nacos.shaded.io.grpc.netty.shaded.io.netty.channel.nio.NioEventLoop.processSelectedKey(NioEventLoop.java:710)
	at com.alibaba.nacos.shaded.io.grpc.netty.shaded.io.netty.channel.nio.NioEventLoop.processSelectedKeysOptimized(NioEventLoop.java:658)
	at com.alibaba.nacos.shaded.io.grpc.netty.shaded.io.netty.channel.nio.NioEventLoop.processSelectedKeys(NioEventLoop.java:584)
	at com.alibaba.nacos.shaded.io.grpc.netty.shaded.io.netty.channel.nio.NioEventLoop.run(NioEventLoop.java:496)
	at com.alibaba.nacos.shaded.io.grpc.netty.shaded.io.netty.util.concurrent.SingleThreadEventExecutor$4.run(SingleThreadEventExecutor.java:997)
	at com.alibaba.nacos.shaded.io.grpc.netty.shaded.io.netty.util.internal.ThreadExecutorMap$2.run(ThreadExecutorMap.java:74)
	at com.alibaba.nacos.shaded.io.grpc.netty.shaded.io.netty.util.concurrent.FastThreadLocalRunnable.run(FastThreadLocalRunnable.java:30)
	at java.base/java.lang.Thread.run(Thread.java:842)
2025-10-30 15:44:24.927 [com.alibaba.nacos.client.remote.worker] INFO  com.alibaba.nacos.common.remote.client - [7c9b3d26-7bcf-45dc-becf-7a498bbd3d8d_config-0] Fail to connect server, after trying 2 times, last try server is {serverIp = 'localhost', server main port = 8848}, error = unknown
2025-10-30 15:44:25.229 [com.alibaba.nacos.client.remote.worker] INFO  c.a.nacos.common.remote.client.grpc.GrpcClient - grpc client connection server:localhost ip,serverPort:9848,grpcTslConfig:{"sslProvider":"OPENSSL","enableTls":false,"mutualAuthEnable":false,"trustAll":false}
2025-10-30 15:44:25.236 [com.alibaba.nacos.client.remote.worker] ERROR c.a.nacos.common.remote.client.grpc.GrpcClient - Server check fail, please check server localhost ,port 9848 is available , error ={}
java.util.concurrent.ExecutionException: com.alibaba.nacos.shaded.io.grpc.StatusRuntimeException: UNAVAILABLE: io exception
	at com.alibaba.nacos.shaded.com.google.common.util.concurrent.AbstractFuture.getDoneValue(AbstractFuture.java:566)
	at com.alibaba.nacos.shaded.com.google.common.util.concurrent.AbstractFuture.get(AbstractFuture.java:445)
	at com.alibaba.nacos.common.remote.client.grpc.GrpcClient.serverCheck(GrpcClient.java:218)
	at com.alibaba.nacos.common.remote.client.grpc.GrpcClient.connectToServer(GrpcClient.java:329)
	at com.alibaba.nacos.common.remote.client.RpcClient.reconnect(RpcClient.java:502)
	at com.alibaba.nacos.common.remote.client.RpcClient.lambda$start$2(RpcClient.java:343)
	at java.base/java.util.concurrent.Executors$RunnableAdapter.call(Executors.java:539)
	at java.base/java.util.concurrent.FutureTask.run(FutureTask.java:264)
	at java.base/java.util.concurrent.ScheduledThreadPoolExecutor$ScheduledFutureTask.run(ScheduledThreadPoolExecutor.java:304)
	at java.base/java.util.concurrent.ThreadPoolExecutor.runWorker(ThreadPoolExecutor.java:1136)
	at java.base/java.util.concurrent.ThreadPoolExecutor$Worker.run(ThreadPoolExecutor.java:635)
	at java.base/java.lang.Thread.run(Thread.java:842)
Caused by: com.alibaba.nacos.shaded.io.grpc.StatusRuntimeException: UNAVAILABLE: io exception
	at com.alibaba.nacos.shaded.io.grpc.Status.asRuntimeException(Status.java:539)
	at com.alibaba.nacos.shaded.io.grpc.stub.ClientCalls$UnaryStreamToFuture.onClose(ClientCalls.java:544)
	at com.alibaba.nacos.shaded.io.grpc.internal.DelayedClientCall$DelayedListener$3.run(DelayedClientCall.java:471)
	at com.alibaba.nacos.shaded.io.grpc.internal.DelayedClientCall$DelayedListener.delayOrExecute(DelayedClientCall.java:435)
	at com.alibaba.nacos.shaded.io.grpc.internal.DelayedClientCall$DelayedListener.onClose(DelayedClientCall.java:468)
	at com.alibaba.nacos.shaded.io.grpc.internal.ClientCallImpl.closeObserver(ClientCallImpl.java:563)
	at com.alibaba.nacos.shaded.io.grpc.internal.ClientCallImpl.access$300(ClientCallImpl.java:70)
	at com.alibaba.nacos.shaded.io.grpc.internal.ClientCallImpl$ClientStreamListenerImpl$1StreamClosed.runInternal(ClientCallImpl.java:744)
	at com.alibaba.nacos.shaded.io.grpc.internal.ClientCallImpl$ClientStreamListenerImpl$1StreamClosed.runInContext(ClientCallImpl.java:723)
	at com.alibaba.nacos.shaded.io.grpc.internal.ContextRunnable.run(ContextRunnable.java:37)
	at com.alibaba.nacos.shaded.io.grpc.internal.SerializingExecutor.run(SerializingExecutor.java:133)
	... 3 common frames omitted
Caused by: com.alibaba.nacos.shaded.io.grpc.netty.shaded.io.netty.channel.AbstractChannel$AnnotatedConnectException: Connection refused: no further information: localhost/[0:0:0:0:0:0:0:1]:9848
Caused by: java.net.ConnectException: Connection refused: no further information
	at java.base/sun.nio.ch.Net.pollConnect(Native Method)
	at java.base/sun.nio.ch.Net.pollConnectNow(Net.java:672)
	at java.base/sun.nio.ch.SocketChannelImpl.finishConnect(SocketChannelImpl.java:946)
	at com.alibaba.nacos.shaded.io.grpc.netty.shaded.io.netty.channel.socket.nio.NioSocketChannel.doFinishConnect(NioSocketChannel.java:337)
	at com.alibaba.nacos.shaded.io.grpc.netty.shaded.io.netty.channel.nio.AbstractNioChannel$AbstractNioUnsafe.finishConnect(AbstractNioChannel.java:334)
	at com.alibaba.nacos.shaded.io.grpc.netty.shaded.io.netty.channel.nio.NioEventLoop.processSelectedKey(NioEventLoop.java:710)
	at com.alibaba.nacos.shaded.io.grpc.netty.shaded.io.netty.channel.nio.NioEventLoop.processSelectedKeysOptimized(NioEventLoop.java:658)
	at com.alibaba.nacos.shaded.io.grpc.netty.shaded.io.netty.channel.nio.NioEventLoop.processSelectedKeys(NioEventLoop.java:584)
	at com.alibaba.nacos.shaded.io.grpc.netty.shaded.io.netty.channel.nio.NioEventLoop.run(NioEventLoop.java:496)
	at com.alibaba.nacos.shaded.io.grpc.netty.shaded.io.netty.util.concurrent.SingleThreadEventExecutor$4.run(SingleThreadEventExecutor.java:997)
	at com.alibaba.nacos.shaded.io.grpc.netty.shaded.io.netty.util.internal.ThreadExecutorMap$2.run(ThreadExecutorMap.java:74)
	at com.alibaba.nacos.shaded.io.grpc.netty.shaded.io.netty.util.concurrent.FastThreadLocalRunnable.run(FastThreadLocalRunnable.java:30)
	at java.base/java.lang.Thread.run(Thread.java:842)
2025-10-30 15:44:25.236 [com.alibaba.nacos.client.remote.worker] INFO  com.alibaba.nacos.common.remote.client - [7c9b3d26-7bcf-45dc-becf-7a498bbd3d8d_config-0] Fail to connect server, after trying 3 times, last try server is {serverIp = 'localhost', server main port = 8848}, error = unknown
2025-10-30 15:44:25.653 [com.alibaba.nacos.client.remote.worker] INFO  c.a.nacos.common.remote.client.grpc.GrpcClient - grpc client connection server:localhost ip,serverPort:9848,grpcTslConfig:{"sslProvider":"OPENSSL","enableTls":false,"mutualAuthEnable":false,"trustAll":false}
2025-10-30 15:44:25.660 [com.alibaba.nacos.client.remote.worker] ERROR c.a.nacos.common.remote.client.grpc.GrpcClient - Server check fail, please check server localhost ,port 9848 is available , error ={}
java.util.concurrent.ExecutionException: com.alibaba.nacos.shaded.io.grpc.StatusRuntimeException: UNAVAILABLE: io exception
	at com.alibaba.nacos.shaded.com.google.common.util.concurrent.AbstractFuture.getDoneValue(AbstractFuture.java:566)
	at com.alibaba.nacos.shaded.com.google.common.util.concurrent.AbstractFuture.get(AbstractFuture.java:445)
	at com.alibaba.nacos.common.remote.client.grpc.GrpcClient.serverCheck(GrpcClient.java:218)
	at com.alibaba.nacos.common.remote.client.grpc.GrpcClient.connectToServer(GrpcClient.java:329)
	at com.alibaba.nacos.common.remote.client.RpcClient.reconnect(RpcClient.java:502)
	at com.alibaba.nacos.common.remote.client.RpcClient.lambda$start$2(RpcClient.java:343)
	at java.base/java.util.concurrent.Executors$RunnableAdapter.call(Executors.java:539)
	at java.base/java.util.concurrent.FutureTask.run(FutureTask.java:264)
	at java.base/java.util.concurrent.ScheduledThreadPoolExecutor$ScheduledFutureTask.run(ScheduledThreadPoolExecutor.java:304)
	at java.base/java.util.concurrent.ThreadPoolExecutor.runWorker(ThreadPoolExecutor.java:1136)
	at java.base/java.util.concurrent.ThreadPoolExecutor$Worker.run(ThreadPoolExecutor.java:635)
	at java.base/java.lang.Thread.run(Thread.java:842)
Caused by: com.alibaba.nacos.shaded.io.grpc.StatusRuntimeException: UNAVAILABLE: io exception
	at com.alibaba.nacos.shaded.io.grpc.Status.asRuntimeException(Status.java:539)
	at com.alibaba.nacos.shaded.io.grpc.stub.ClientCalls$UnaryStreamToFuture.onClose(ClientCalls.java:544)
	at com.alibaba.nacos.shaded.io.grpc.internal.ClientCallImpl.closeObserver(ClientCallImpl.java:563)
	at com.alibaba.nacos.shaded.io.grpc.internal.ClientCallImpl.access$300(ClientCallImpl.java:70)
	at com.alibaba.nacos.shaded.io.grpc.internal.ClientCallImpl$ClientStreamListenerImpl$1StreamClosed.runInternal(ClientCallImpl.java:744)
	at com.alibaba.nacos.shaded.io.grpc.internal.ClientCallImpl$ClientStreamListenerImpl$1StreamClosed.runInContext(ClientCallImpl.java:723)
	at com.alibaba.nacos.shaded.io.grpc.internal.ContextRunnable.run(ContextRunnable.java:37)
	at com.alibaba.nacos.shaded.io.grpc.internal.SerializingExecutor.run(SerializingExecutor.java:133)
	... 3 common frames omitted
Caused by: com.alibaba.nacos.shaded.io.grpc.netty.shaded.io.netty.channel.AbstractChannel$AnnotatedConnectException: Connection refused: no further information: localhost/[0:0:0:0:0:0:0:1]:9848
Caused by: java.net.ConnectException: Connection refused: no further information
	at java.base/sun.nio.ch.Net.pollConnect(Native Method)
	at java.base/sun.nio.ch.Net.pollConnectNow(Net.java:672)
	at java.base/sun.nio.ch.SocketChannelImpl.finishConnect(SocketChannelImpl.java:946)
	at com.alibaba.nacos.shaded.io.grpc.netty.shaded.io.netty.channel.socket.nio.NioSocketChannel.doFinishConnect(NioSocketChannel.java:337)
	at com.alibaba.nacos.shaded.io.grpc.netty.shaded.io.netty.channel.nio.AbstractNioChannel$AbstractNioUnsafe.finishConnect(AbstractNioChannel.java:334)
	at com.alibaba.nacos.shaded.io.grpc.netty.shaded.io.netty.channel.nio.NioEventLoop.processSelectedKey(NioEventLoop.java:710)
	at com.alibaba.nacos.shaded.io.grpc.netty.shaded.io.netty.channel.nio.NioEventLoop.processSelectedKeysOptimized(NioEventLoop.java:658)
	at com.alibaba.nacos.shaded.io.grpc.netty.shaded.io.netty.channel.nio.NioEventLoop.processSelectedKeys(NioEventLoop.java:584)
	at com.alibaba.nacos.shaded.io.grpc.netty.shaded.io.netty.channel.nio.NioEventLoop.run(NioEventLoop.java:496)
	at com.alibaba.nacos.shaded.io.grpc.netty.shaded.io.netty.util.concurrent.SingleThreadEventExecutor$4.run(SingleThreadEventExecutor.java:997)
	at com.alibaba.nacos.shaded.io.grpc.netty.shaded.io.netty.util.internal.ThreadExecutorMap$2.run(ThreadExecutorMap.java:74)
	at com.alibaba.nacos.shaded.io.grpc.netty.shaded.io.netty.util.concurrent.FastThreadLocalRunnable.run(FastThreadLocalRunnable.java:30)
	at java.base/java.lang.Thread.run(Thread.java:842)
2025-10-30 15:44:25.661 [com.alibaba.nacos.client.remote.worker] INFO  com.alibaba.nacos.common.remote.client - [7c9b3d26-7bcf-45dc-becf-7a498bbd3d8d_config-0] Fail to connect server, after trying 4 times, last try server is {serverIp = 'localhost', server main port = 8848}, error = unknown
2025-10-30 15:44:26.165 [com.alibaba.nacos.client.remote.worker] INFO  c.a.nacos.common.remote.client.grpc.GrpcClient - grpc client connection server:localhost ip,serverPort:9848,grpcTslConfig:{"sslProvider":"OPENSSL","enableTls":false,"mutualAuthEnable":false,"trustAll":false}
2025-10-30 15:44:26.174 [com.alibaba.nacos.client.remote.worker] ERROR c.a.nacos.common.remote.client.grpc.GrpcClient - Server check fail, please check server localhost ,port 9848 is available , error ={}
java.util.concurrent.ExecutionException: com.alibaba.nacos.shaded.io.grpc.StatusRuntimeException: UNAVAILABLE: io exception
	at com.alibaba.nacos.shaded.com.google.common.util.concurrent.AbstractFuture.getDoneValue(AbstractFuture.java:566)
	at com.alibaba.nacos.shaded.com.google.common.util.concurrent.AbstractFuture.get(AbstractFuture.java:445)
	at com.alibaba.nacos.common.remote.client.grpc.GrpcClient.serverCheck(GrpcClient.java:218)
	at com.alibaba.nacos.common.remote.client.grpc.GrpcClient.connectToServer(GrpcClient.java:329)
	at com.alibaba.nacos.common.remote.client.RpcClient.reconnect(RpcClient.java:502)
	at com.alibaba.nacos.common.remote.client.RpcClient.lambda$start$2(RpcClient.java:343)
	at java.base/java.util.concurrent.Executors$RunnableAdapter.call(Executors.java:539)
	at java.base/java.util.concurrent.FutureTask.run(FutureTask.java:264)
	at java.base/java.util.concurrent.ScheduledThreadPoolExecutor$ScheduledFutureTask.run(ScheduledThreadPoolExecutor.java:304)
	at java.base/java.util.concurrent.ThreadPoolExecutor.runWorker(ThreadPoolExecutor.java:1136)
	at java.base/java.util.concurrent.ThreadPoolExecutor$Worker.run(ThreadPoolExecutor.java:635)
	at java.base/java.lang.Thread.run(Thread.java:842)
Caused by: com.alibaba.nacos.shaded.io.grpc.StatusRuntimeException: UNAVAILABLE: io exception
	at com.alibaba.nacos.shaded.io.grpc.Status.asRuntimeException(Status.java:539)
	at com.alibaba.nacos.shaded.io.grpc.stub.ClientCalls$UnaryStreamToFuture.onClose(ClientCalls.java:544)
	at com.alibaba.nacos.shaded.io.grpc.internal.ClientCallImpl.closeObserver(ClientCallImpl.java:563)
	at com.alibaba.nacos.shaded.io.grpc.internal.ClientCallImpl.access$300(ClientCallImpl.java:70)
	at com.alibaba.nacos.shaded.io.grpc.internal.ClientCallImpl$ClientStreamListenerImpl$1StreamClosed.runInternal(ClientCallImpl.java:744)
	at com.alibaba.nacos.shaded.io.grpc.internal.ClientCallImpl$ClientStreamListenerImpl$1StreamClosed.runInContext(ClientCallImpl.java:723)
	at com.alibaba.nacos.shaded.io.grpc.internal.ContextRunnable.run(ContextRunnable.java:37)
	at com.alibaba.nacos.shaded.io.grpc.internal.SerializingExecutor.run(SerializingExecutor.java:133)
	... 3 common frames omitted
Caused by: com.alibaba.nacos.shaded.io.grpc.netty.shaded.io.netty.channel.AbstractChannel$AnnotatedConnectException: Connection refused: no further information: localhost/[0:0:0:0:0:0:0:1]:9848
Caused by: java.net.ConnectException: Connection refused: no further information
	at java.base/sun.nio.ch.Net.pollConnect(Native Method)
	at java.base/sun.nio.ch.Net.pollConnectNow(Net.java:672)
	at java.base/sun.nio.ch.SocketChannelImpl.finishConnect(SocketChannelImpl.java:946)
	at com.alibaba.nacos.shaded.io.grpc.netty.shaded.io.netty.channel.socket.nio.NioSocketChannel.doFinishConnect(NioSocketChannel.java:337)
	at com.alibaba.nacos.shaded.io.grpc.netty.shaded.io.netty.channel.nio.AbstractNioChannel$AbstractNioUnsafe.finishConnect(AbstractNioChannel.java:334)
	at com.alibaba.nacos.shaded.io.grpc.netty.shaded.io.netty.channel.nio.NioEventLoop.processSelectedKey(NioEventLoop.java:710)
	at com.alibaba.nacos.shaded.io.grpc.netty.shaded.io.netty.channel.nio.NioEventLoop.processSelectedKeysOptimized(NioEventLoop.java:658)
	at com.alibaba.nacos.shaded.io.grpc.netty.shaded.io.netty.channel.nio.NioEventLoop.processSelectedKeys(NioEventLoop.java:584)
	at com.alibaba.nacos.shaded.io.grpc.netty.shaded.io.netty.channel.nio.NioEventLoop.run(NioEventLoop.java:496)
	at com.alibaba.nacos.shaded.io.grpc.netty.shaded.io.netty.util.concurrent.SingleThreadEventExecutor$4.run(SingleThreadEventExecutor.java:997)
	at com.alibaba.nacos.shaded.io.grpc.netty.shaded.io.netty.util.internal.ThreadExecutorMap$2.run(ThreadExecutorMap.java:74)
	at com.alibaba.nacos.shaded.io.grpc.netty.shaded.io.netty.util.concurrent.FastThreadLocalRunnable.run(FastThreadLocalRunnable.java:30)
	at java.base/java.lang.Thread.run(Thread.java:842)
2025-10-30 15:44:26.175 [com.alibaba.nacos.client.remote.worker] INFO  com.alibaba.nacos.common.remote.client - [7c9b3d26-7bcf-45dc-becf-7a498bbd3d8d_config-0] Fail to connect server, after trying 5 times, last try server is {serverIp = 'localhost', server main port = 8848}, error = unknown
2025-10-30 15:44:26.778 [com.alibaba.nacos.client.remote.worker] INFO  c.a.nacos.common.remote.client.grpc.GrpcClient - grpc client connection server:localhost ip,serverPort:9848,grpcTslConfig:{"sslProvider":"OPENSSL","enableTls":false,"mutualAuthEnable":false,"trustAll":false}
2025-10-30 15:44:26.786 [com.alibaba.nacos.client.remote.worker] ERROR c.a.nacos.common.remote.client.grpc.GrpcClient - Server check fail, please check server localhost ,port 9848 is available , error ={}
java.util.concurrent.ExecutionException: com.alibaba.nacos.shaded.io.grpc.StatusRuntimeException: UNAVAILABLE: io exception
	at com.alibaba.nacos.shaded.com.google.common.util.concurrent.AbstractFuture.getDoneValue(AbstractFuture.java:566)
	at com.alibaba.nacos.shaded.com.google.common.util.concurrent.AbstractFuture.get(AbstractFuture.java:445)
	at com.alibaba.nacos.common.remote.client.grpc.GrpcClient.serverCheck(GrpcClient.java:218)
	at com.alibaba.nacos.common.remote.client.grpc.GrpcClient.connectToServer(GrpcClient.java:329)
	at com.alibaba.nacos.common.remote.client.RpcClient.reconnect(RpcClient.java:502)
	at com.alibaba.nacos.common.remote.client.RpcClient.lambda$start$2(RpcClient.java:343)
	at java.base/java.util.concurrent.Executors$RunnableAdapter.call(Executors.java:539)
	at java.base/java.util.concurrent.FutureTask.run(FutureTask.java:264)
	at java.base/java.util.concurrent.ScheduledThreadPoolExecutor$ScheduledFutureTask.run(ScheduledThreadPoolExecutor.java:304)
	at java.base/java.util.concurrent.ThreadPoolExecutor.runWorker(ThreadPoolExecutor.java:1136)
	at java.base/java.util.concurrent.ThreadPoolExecutor$Worker.run(ThreadPoolExecutor.java:635)
	at java.base/java.lang.Thread.run(Thread.java:842)
Caused by: com.alibaba.nacos.shaded.io.grpc.StatusRuntimeException: UNAVAILABLE: io exception
	at com.alibaba.nacos.shaded.io.grpc.Status.asRuntimeException(Status.java:539)
	at com.alibaba.nacos.shaded.io.grpc.stub.ClientCalls$UnaryStreamToFuture.onClose(ClientCalls.java:544)
	at com.alibaba.nacos.shaded.io.grpc.internal.DelayedClientCall$DelayedListener$3.run(DelayedClientCall.java:471)
	at com.alibaba.nacos.shaded.io.grpc.internal.DelayedClientCall$DelayedListener.delayOrExecute(DelayedClientCall.java:435)
	at com.alibaba.nacos.shaded.io.grpc.internal.DelayedClientCall$DelayedListener.onClose(DelayedClientCall.java:468)
	at com.alibaba.nacos.shaded.io.grpc.internal.ClientCallImpl.closeObserver(ClientCallImpl.java:563)
	at com.alibaba.nacos.shaded.io.grpc.internal.ClientCallImpl.access$300(ClientCallImpl.java:70)
	at com.alibaba.nacos.shaded.io.grpc.internal.ClientCallImpl$ClientStreamListenerImpl$1StreamClosed.runInternal(ClientCallImpl.java:744)
	at com.alibaba.nacos.shaded.io.grpc.internal.ClientCallImpl$ClientStreamListenerImpl$1StreamClosed.runInContext(ClientCallImpl.java:723)
	at com.alibaba.nacos.shaded.io.grpc.internal.ContextRunnable.run(ContextRunnable.java:37)
	at com.alibaba.nacos.shaded.io.grpc.internal.SerializingExecutor.run(SerializingExecutor.java:133)
	... 3 common frames omitted
Caused by: com.alibaba.nacos.shaded.io.grpc.netty.shaded.io.netty.channel.AbstractChannel$AnnotatedConnectException: Connection refused: no further information: localhost/[0:0:0:0:0:0:0:1]:9848
Caused by: java.net.ConnectException: Connection refused: no further information
	at java.base/sun.nio.ch.Net.pollConnect(Native Method)
	at java.base/sun.nio.ch.Net.pollConnectNow(Net.java:672)
	at java.base/sun.nio.ch.SocketChannelImpl.finishConnect(SocketChannelImpl.java:946)
	at com.alibaba.nacos.shaded.io.grpc.netty.shaded.io.netty.channel.socket.nio.NioSocketChannel.doFinishConnect(NioSocketChannel.java:337)
	at com.alibaba.nacos.shaded.io.grpc.netty.shaded.io.netty.channel.nio.AbstractNioChannel$AbstractNioUnsafe.finishConnect(AbstractNioChannel.java:334)
	at com.alibaba.nacos.shaded.io.grpc.netty.shaded.io.netty.channel.nio.NioEventLoop.processSelectedKey(NioEventLoop.java:710)
	at com.alibaba.nacos.shaded.io.grpc.netty.shaded.io.netty.channel.nio.NioEventLoop.processSelectedKeysOptimized(NioEventLoop.java:658)
	at com.alibaba.nacos.shaded.io.grpc.netty.shaded.io.netty.channel.nio.NioEventLoop.processSelectedKeys(NioEventLoop.java:584)
	at com.alibaba.nacos.shaded.io.grpc.netty.shaded.io.netty.channel.nio.NioEventLoop.run(NioEventLoop.java:496)
	at com.alibaba.nacos.shaded.io.grpc.netty.shaded.io.netty.util.concurrent.SingleThreadEventExecutor$4.run(SingleThreadEventExecutor.java:997)
	at com.alibaba.nacos.shaded.io.grpc.netty.shaded.io.netty.util.internal.ThreadExecutorMap$2.run(ThreadExecutorMap.java:74)
	at com.alibaba.nacos.shaded.io.grpc.netty.shaded.io.netty.util.concurrent.FastThreadLocalRunnable.run(FastThreadLocalRunnable.java:30)
	at java.base/java.lang.Thread.run(Thread.java:842)
2025-10-30 15:44:26.787 [com.alibaba.nacos.client.remote.worker] INFO  com.alibaba.nacos.common.remote.client - [7c9b3d26-7bcf-45dc-becf-7a498bbd3d8d_config-0] Fail to connect server, after trying 6 times, last try server is {serverIp = 'localhost', server main port = 8848}, error = unknown
2025-10-30 15:44:27.497 [com.alibaba.nacos.client.remote.worker] INFO  c.a.nacos.common.remote.client.grpc.GrpcClient - grpc client connection server:localhost ip,serverPort:9848,grpcTslConfig:{"sslProvider":"OPENSSL","enableTls":false,"mutualAuthEnable":false,"trustAll":false}
2025-10-30 15:44:27.503 [com.alibaba.nacos.client.remote.worker] ERROR c.a.nacos.common.remote.client.grpc.GrpcClient - Server check fail, please check server localhost ,port 9848 is available , error ={}
java.util.concurrent.ExecutionException: com.alibaba.nacos.shaded.io.grpc.StatusRuntimeException: UNAVAILABLE: io exception
	at com.alibaba.nacos.shaded.com.google.common.util.concurrent.AbstractFuture.getDoneValue(AbstractFuture.java:566)
	at com.alibaba.nacos.shaded.com.google.common.util.concurrent.AbstractFuture.get(AbstractFuture.java:445)
	at com.alibaba.nacos.common.remote.client.grpc.GrpcClient.serverCheck(GrpcClient.java:218)
	at com.alibaba.nacos.common.remote.client.grpc.GrpcClient.connectToServer(GrpcClient.java:329)
	at com.alibaba.nacos.common.remote.client.RpcClient.reconnect(RpcClient.java:502)
	at com.alibaba.nacos.common.remote.client.RpcClient.lambda$start$2(RpcClient.java:343)
	at java.base/java.util.concurrent.Executors$RunnableAdapter.call(Executors.java:539)
	at java.base/java.util.concurrent.FutureTask.run(FutureTask.java:264)
	at java.base/java.util.concurrent.ScheduledThreadPoolExecutor$ScheduledFutureTask.run(ScheduledThreadPoolExecutor.java:304)
	at java.base/java.util.concurrent.ThreadPoolExecutor.runWorker(ThreadPoolExecutor.java:1136)
	at java.base/java.util.concurrent.ThreadPoolExecutor$Worker.run(ThreadPoolExecutor.java:635)
	at java.base/java.lang.Thread.run(Thread.java:842)
Caused by: com.alibaba.nacos.shaded.io.grpc.StatusRuntimeException: UNAVAILABLE: io exception
	at com.alibaba.nacos.shaded.io.grpc.Status.asRuntimeException(Status.java:539)
	at com.alibaba.nacos.shaded.io.grpc.stub.ClientCalls$UnaryStreamToFuture.onClose(ClientCalls.java:544)
	at com.alibaba.nacos.shaded.io.grpc.internal.DelayedClientCall$DelayedListener$3.run(DelayedClientCall.java:471)
	at com.alibaba.nacos.shaded.io.grpc.internal.DelayedClientCall$DelayedListener.delayOrExecute(DelayedClientCall.java:435)
	at com.alibaba.nacos.shaded.io.grpc.internal.DelayedClientCall$DelayedListener.onClose(DelayedClientCall.java:468)
	at com.alibaba.nacos.shaded.io.grpc.internal.ClientCallImpl.closeObserver(ClientCallImpl.java:563)
	at com.alibaba.nacos.shaded.io.grpc.internal.ClientCallImpl.access$300(ClientCallImpl.java:70)
	at com.alibaba.nacos.shaded.io.grpc.internal.ClientCallImpl$ClientStreamListenerImpl$1StreamClosed.runInternal(ClientCallImpl.java:744)
	at com.alibaba.nacos.shaded.io.grpc.internal.ClientCallImpl$ClientStreamListenerImpl$1StreamClosed.runInContext(ClientCallImpl.java:723)
	at com.alibaba.nacos.shaded.io.grpc.internal.ContextRunnable.run(ContextRunnable.java:37)
	at com.alibaba.nacos.shaded.io.grpc.internal.SerializingExecutor.run(SerializingExecutor.java:133)
	... 3 common frames omitted
Caused by: com.alibaba.nacos.shaded.io.grpc.netty.shaded.io.netty.channel.AbstractChannel$AnnotatedConnectException: Connection refused: no further information: localhost/[0:0:0:0:0:0:0:1]:9848
Caused by: java.net.ConnectException: Connection refused: no further information
	at java.base/sun.nio.ch.Net.pollConnect(Native Method)
	at java.base/sun.nio.ch.Net.pollConnectNow(Net.java:672)
	at java.base/sun.nio.ch.SocketChannelImpl.finishConnect(SocketChannelImpl.java:946)
	at com.alibaba.nacos.shaded.io.grpc.netty.shaded.io.netty.channel.socket.nio.NioSocketChannel.doFinishConnect(NioSocketChannel.java:337)
	at com.alibaba.nacos.shaded.io.grpc.netty.shaded.io.netty.channel.nio.AbstractNioChannel$AbstractNioUnsafe.finishConnect(AbstractNioChannel.java:334)
	at com.alibaba.nacos.shaded.io.grpc.netty.shaded.io.netty.channel.nio.NioEventLoop.processSelectedKey(NioEventLoop.java:710)
	at com.alibaba.nacos.shaded.io.grpc.netty.shaded.io.netty.channel.nio.NioEventLoop.processSelectedKeysOptimized(NioEventLoop.java:658)
	at com.alibaba.nacos.shaded.io.grpc.netty.shaded.io.netty.channel.nio.NioEventLoop.processSelectedKeys(NioEventLoop.java:584)
	at com.alibaba.nacos.shaded.io.grpc.netty.shaded.io.netty.channel.nio.NioEventLoop.run(NioEventLoop.java:496)
	at com.alibaba.nacos.shaded.io.grpc.netty.shaded.io.netty.util.concurrent.SingleThreadEventExecutor$4.run(SingleThreadEventExecutor.java:997)
	at com.alibaba.nacos.shaded.io.grpc.netty.shaded.io.netty.util.internal.ThreadExecutorMap$2.run(ThreadExecutorMap.java:74)
	at com.alibaba.nacos.shaded.io.grpc.netty.shaded.io.netty.util.concurrent.FastThreadLocalRunnable.run(FastThreadLocalRunnable.java:30)
	at java.base/java.lang.Thread.run(Thread.java:842)
2025-10-30 15:44:27.504 [com.alibaba.nacos.client.remote.worker] INFO  com.alibaba.nacos.common.remote.client - [7c9b3d26-7bcf-45dc-becf-7a498bbd3d8d_config-0] Fail to connect server, after trying 7 times, last try server is {serverIp = 'localhost', server main port = 8848}, error = unknown
2025-10-30 15:44:28.314 [com.alibaba.nacos.client.remote.worker] INFO  c.a.nacos.common.remote.client.grpc.GrpcClient - grpc client connection server:localhost ip,serverPort:9848,grpcTslConfig:{"sslProvider":"OPENSSL","enableTls":false,"mutualAuthEnable":false,"trustAll":false}
2025-10-30 15:44:28.317 [com.alibaba.nacos.client.remote.worker] ERROR c.a.nacos.common.remote.client.grpc.GrpcClient - Server check fail, please check server localhost ,port 9848 is available , error ={}
java.util.concurrent.ExecutionException: com.alibaba.nacos.shaded.io.grpc.StatusRuntimeException: UNAVAILABLE: io exception
	at com.alibaba.nacos.shaded.com.google.common.util.concurrent.AbstractFuture.getDoneValue(AbstractFuture.java:566)
	at com.alibaba.nacos.shaded.com.google.common.util.concurrent.AbstractFuture.get(AbstractFuture.java:445)
	at com.alibaba.nacos.common.remote.client.grpc.GrpcClient.serverCheck(GrpcClient.java:218)
	at com.alibaba.nacos.common.remote.client.grpc.GrpcClient.connectToServer(GrpcClient.java:329)
	at com.alibaba.nacos.common.remote.client.RpcClient.reconnect(RpcClient.java:502)
	at com.alibaba.nacos.common.remote.client.RpcClient.lambda$start$2(RpcClient.java:343)
	at java.base/java.util.concurrent.Executors$RunnableAdapter.call(Executors.java:539)
	at java.base/java.util.concurrent.FutureTask.run(FutureTask.java:264)
	at java.base/java.util.concurrent.ScheduledThreadPoolExecutor$ScheduledFutureTask.run(ScheduledThreadPoolExecutor.java:304)
	at java.base/java.util.concurrent.ThreadPoolExecutor.runWorker(ThreadPoolExecutor.java:1136)
	at java.base/java.util.concurrent.ThreadPoolExecutor$Worker.run(ThreadPoolExecutor.java:635)
	at java.base/java.lang.Thread.run(Thread.java:842)
Caused by: com.alibaba.nacos.shaded.io.grpc.StatusRuntimeException: UNAVAILABLE: io exception
	at com.alibaba.nacos.shaded.io.grpc.Status.asRuntimeException(Status.java:539)
	at com.alibaba.nacos.shaded.io.grpc.stub.ClientCalls$UnaryStreamToFuture.onClose(ClientCalls.java:544)
	at com.alibaba.nacos.shaded.io.grpc.internal.DelayedClientCall$DelayedListener$3.run(DelayedClientCall.java:471)
	at com.alibaba.nacos.shaded.io.grpc.internal.DelayedClientCall$DelayedListener.delayOrExecute(DelayedClientCall.java:435)
	at com.alibaba.nacos.shaded.io.grpc.internal.DelayedClientCall$DelayedListener.onClose(DelayedClientCall.java:468)
	at com.alibaba.nacos.shaded.io.grpc.internal.ClientCallImpl.closeObserver(ClientCallImpl.java:563)
	at com.alibaba.nacos.shaded.io.grpc.internal.ClientCallImpl.access$300(ClientCallImpl.java:70)
	at com.alibaba.nacos.shaded.io.grpc.internal.ClientCallImpl$ClientStreamListenerImpl$1StreamClosed.runInternal(ClientCallImpl.java:744)
	at com.alibaba.nacos.shaded.io.grpc.internal.ClientCallImpl$ClientStreamListenerImpl$1StreamClosed.runInContext(ClientCallImpl.java:723)
	at com.alibaba.nacos.shaded.io.grpc.internal.ContextRunnable.run(ContextRunnable.java:37)
	at com.alibaba.nacos.shaded.io.grpc.internal.SerializingExecutor.run(SerializingExecutor.java:133)
	... 3 common frames omitted
Caused by: com.alibaba.nacos.shaded.io.grpc.netty.shaded.io.netty.channel.AbstractChannel$AnnotatedConnectException: Connection refused: no further information: localhost/[0:0:0:0:0:0:0:1]:9848
Caused by: java.net.ConnectException: Connection refused: no further information
	at java.base/sun.nio.ch.Net.pollConnect(Native Method)
	at java.base/sun.nio.ch.Net.pollConnectNow(Net.java:672)
	at java.base/sun.nio.ch.SocketChannelImpl.finishConnect(SocketChannelImpl.java:946)
	at com.alibaba.nacos.shaded.io.grpc.netty.shaded.io.netty.channel.socket.nio.NioSocketChannel.doFinishConnect(NioSocketChannel.java:337)
	at com.alibaba.nacos.shaded.io.grpc.netty.shaded.io.netty.channel.nio.AbstractNioChannel$AbstractNioUnsafe.finishConnect(AbstractNioChannel.java:334)
	at com.alibaba.nacos.shaded.io.grpc.netty.shaded.io.netty.channel.nio.NioEventLoop.processSelectedKey(NioEventLoop.java:710)
	at com.alibaba.nacos.shaded.io.grpc.netty.shaded.io.netty.channel.nio.NioEventLoop.processSelectedKeysOptimized(NioEventLoop.java:658)
	at com.alibaba.nacos.shaded.io.grpc.netty.shaded.io.netty.channel.nio.NioEventLoop.processSelectedKeys(NioEventLoop.java:584)
	at com.alibaba.nacos.shaded.io.grpc.netty.shaded.io.netty.channel.nio.NioEventLoop.run(NioEventLoop.java:496)
	at com.alibaba.nacos.shaded.io.grpc.netty.shaded.io.netty.util.concurrent.SingleThreadEventExecutor$4.run(SingleThreadEventExecutor.java:997)
	at com.alibaba.nacos.shaded.io.grpc.netty.shaded.io.netty.util.internal.ThreadExecutorMap$2.run(ThreadExecutorMap.java:74)
	at com.alibaba.nacos.shaded.io.grpc.netty.shaded.io.netty.util.concurrent.FastThreadLocalRunnable.run(FastThreadLocalRunnable.java:30)
	at java.base/java.lang.Thread.run(Thread.java:842)
2025-10-30 15:44:28.317 [com.alibaba.nacos.client.remote.worker] INFO  com.alibaba.nacos.common.remote.client - [7c9b3d26-7bcf-45dc-becf-7a498bbd3d8d_config-0] Fail to connect server, after trying 8 times, last try server is {serverIp = 'localhost', server main port = 8848}, error = unknown
2025-10-30 15:44:29.223 [com.alibaba.nacos.client.remote.worker] INFO  c.a.nacos.common.remote.client.grpc.GrpcClient - grpc client connection server:localhost ip,serverPort:9848,grpcTslConfig:{"sslProvider":"OPENSSL","enableTls":false,"mutualAuthEnable":false,"trustAll":false}
2025-10-30 15:44:29.231 [com.alibaba.nacos.client.remote.worker] ERROR c.a.nacos.common.remote.client.grpc.GrpcClient - Server check fail, please check server localhost ,port 9848 is available , error ={}
java.util.concurrent.ExecutionException: com.alibaba.nacos.shaded.io.grpc.StatusRuntimeException: UNAVAILABLE: io exception
	at com.alibaba.nacos.shaded.com.google.common.util.concurrent.AbstractFuture.getDoneValue(AbstractFuture.java:566)
	at com.alibaba.nacos.shaded.com.google.common.util.concurrent.AbstractFuture.get(AbstractFuture.java:445)
	at com.alibaba.nacos.common.remote.client.grpc.GrpcClient.serverCheck(GrpcClient.java:218)
	at com.alibaba.nacos.common.remote.client.grpc.GrpcClient.connectToServer(GrpcClient.java:329)
	at com.alibaba.nacos.common.remote.client.RpcClient.reconnect(RpcClient.java:502)
	at com.alibaba.nacos.common.remote.client.RpcClient.lambda$start$2(RpcClient.java:343)
	at java.base/java.util.concurrent.Executors$RunnableAdapter.call(Executors.java:539)
	at java.base/java.util.concurrent.FutureTask.run(FutureTask.java:264)
	at java.base/java.util.concurrent.ScheduledThreadPoolExecutor$ScheduledFutureTask.run(ScheduledThreadPoolExecutor.java:304)
	at java.base/java.util.concurrent.ThreadPoolExecutor.runWorker(ThreadPoolExecutor.java:1136)
	at java.base/java.util.concurrent.ThreadPoolExecutor$Worker.run(ThreadPoolExecutor.java:635)
	at java.base/java.lang.Thread.run(Thread.java:842)
Caused by: com.alibaba.nacos.shaded.io.grpc.StatusRuntimeException: UNAVAILABLE: io exception
	at com.alibaba.nacos.shaded.io.grpc.Status.asRuntimeException(Status.java:539)
	at com.alibaba.nacos.shaded.io.grpc.stub.ClientCalls$UnaryStreamToFuture.onClose(ClientCalls.java:544)
	at com.alibaba.nacos.shaded.io.grpc.internal.DelayedClientCall$DelayedListener$3.run(DelayedClientCall.java:471)
	at com.alibaba.nacos.shaded.io.grpc.internal.DelayedClientCall$DelayedListener.delayOrExecute(DelayedClientCall.java:435)
	at com.alibaba.nacos.shaded.io.grpc.internal.DelayedClientCall$DelayedListener.onClose(DelayedClientCall.java:468)
	at com.alibaba.nacos.shaded.io.grpc.internal.ClientCallImpl.closeObserver(ClientCallImpl.java:563)
	at com.alibaba.nacos.shaded.io.grpc.internal.ClientCallImpl.access$300(ClientCallImpl.java:70)
	at com.alibaba.nacos.shaded.io.grpc.internal.ClientCallImpl$ClientStreamListenerImpl$1StreamClosed.runInternal(ClientCallImpl.java:744)
	at com.alibaba.nacos.shaded.io.grpc.internal.ClientCallImpl$ClientStreamListenerImpl$1StreamClosed.runInContext(ClientCallImpl.java:723)
	at com.alibaba.nacos.shaded.io.grpc.internal.ContextRunnable.run(ContextRunnable.java:37)
	at com.alibaba.nacos.shaded.io.grpc.internal.SerializingExecutor.run(SerializingExecutor.java:133)
	... 3 common frames omitted
Caused by: com.alibaba.nacos.shaded.io.grpc.netty.shaded.io.netty.channel.AbstractChannel$AnnotatedConnectException: Connection refused: no further information: localhost/[0:0:0:0:0:0:0:1]:9848
Caused by: java.net.ConnectException: Connection refused: no further information
	at java.base/sun.nio.ch.Net.pollConnect(Native Method)
	at java.base/sun.nio.ch.Net.pollConnectNow(Net.java:672)
	at java.base/sun.nio.ch.SocketChannelImpl.finishConnect(SocketChannelImpl.java:946)
	at com.alibaba.nacos.shaded.io.grpc.netty.shaded.io.netty.channel.socket.nio.NioSocketChannel.doFinishConnect(NioSocketChannel.java:337)
	at com.alibaba.nacos.shaded.io.grpc.netty.shaded.io.netty.channel.nio.AbstractNioChannel$AbstractNioUnsafe.finishConnect(AbstractNioChannel.java:334)
	at com.alibaba.nacos.shaded.io.grpc.netty.shaded.io.netty.channel.nio.NioEventLoop.processSelectedKey(NioEventLoop.java:710)
	at com.alibaba.nacos.shaded.io.grpc.netty.shaded.io.netty.channel.nio.NioEventLoop.processSelectedKeysOptimized(NioEventLoop.java:658)
	at com.alibaba.nacos.shaded.io.grpc.netty.shaded.io.netty.channel.nio.NioEventLoop.processSelectedKeys(NioEventLoop.java:584)
	at com.alibaba.nacos.shaded.io.grpc.netty.shaded.io.netty.channel.nio.NioEventLoop.run(NioEventLoop.java:496)
	at com.alibaba.nacos.shaded.io.grpc.netty.shaded.io.netty.util.concurrent.SingleThreadEventExecutor$4.run(SingleThreadEventExecutor.java:997)
	at com.alibaba.nacos.shaded.io.grpc.netty.shaded.io.netty.util.internal.ThreadExecutorMap$2.run(ThreadExecutorMap.java:74)
	at com.alibaba.nacos.shaded.io.grpc.netty.shaded.io.netty.util.concurrent.FastThreadLocalRunnable.run(FastThreadLocalRunnable.java:30)
	at java.base/java.lang.Thread.run(Thread.java:842)
2025-10-30 15:44:29.231 [com.alibaba.nacos.client.remote.worker] INFO  com.alibaba.nacos.common.remote.client - [7c9b3d26-7bcf-45dc-becf-7a498bbd3d8d_config-0] Fail to connect server, after trying 9 times, last try server is {serverIp = 'localhost', server main port = 8848}, error = unknown
2025-10-30 15:44:30.242 [com.alibaba.nacos.client.remote.worker] INFO  c.a.nacos.common.remote.client.grpc.GrpcClient - grpc client connection server:localhost ip,serverPort:9848,grpcTslConfig:{"sslProvider":"OPENSSL","enableTls":false,"mutualAuthEnable":false,"trustAll":false}
2025-10-30 15:44:30.246 [com.alibaba.nacos.client.remote.worker] ERROR c.a.nacos.common.remote.client.grpc.GrpcClient - Server check fail, please check server localhost ,port 9848 is available , error ={}
java.util.concurrent.ExecutionException: com.alibaba.nacos.shaded.io.grpc.StatusRuntimeException: UNAVAILABLE: io exception
	at com.alibaba.nacos.shaded.com.google.common.util.concurrent.AbstractFuture.getDoneValue(AbstractFuture.java:566)
	at com.alibaba.nacos.shaded.com.google.common.util.concurrent.AbstractFuture.get(AbstractFuture.java:445)
	at com.alibaba.nacos.common.remote.client.grpc.GrpcClient.serverCheck(GrpcClient.java:218)
	at com.alibaba.nacos.common.remote.client.grpc.GrpcClient.connectToServer(GrpcClient.java:329)
	at com.alibaba.nacos.common.remote.client.RpcClient.reconnect(RpcClient.java:502)
	at com.alibaba.nacos.common.remote.client.RpcClient.lambda$start$2(RpcClient.java:343)
	at java.base/java.util.concurrent.Executors$RunnableAdapter.call(Executors.java:539)
	at java.base/java.util.concurrent.FutureTask.run(FutureTask.java:264)
	at java.base/java.util.concurrent.ScheduledThreadPoolExecutor$ScheduledFutureTask.run(ScheduledThreadPoolExecutor.java:304)
	at java.base/java.util.concurrent.ThreadPoolExecutor.runWorker(ThreadPoolExecutor.java:1136)
	at java.base/java.util.concurrent.ThreadPoolExecutor$Worker.run(ThreadPoolExecutor.java:635)
	at java.base/java.lang.Thread.run(Thread.java:842)
Caused by: com.alibaba.nacos.shaded.io.grpc.StatusRuntimeException: UNAVAILABLE: io exception
	at com.alibaba.nacos.shaded.io.grpc.Status.asRuntimeException(Status.java:539)
	at com.alibaba.nacos.shaded.io.grpc.stub.ClientCalls$UnaryStreamToFuture.onClose(ClientCalls.java:544)
	at com.alibaba.nacos.shaded.io.grpc.internal.DelayedClientCall$DelayedListener$3.run(DelayedClientCall.java:471)
	at com.alibaba.nacos.shaded.io.grpc.internal.DelayedClientCall$DelayedListener.delayOrExecute(DelayedClientCall.java:435)
	at com.alibaba.nacos.shaded.io.grpc.internal.DelayedClientCall$DelayedListener.onClose(DelayedClientCall.java:468)
	at com.alibaba.nacos.shaded.io.grpc.internal.ClientCallImpl.closeObserver(ClientCallImpl.java:563)
	at com.alibaba.nacos.shaded.io.grpc.internal.ClientCallImpl.access$300(ClientCallImpl.java:70)
	at com.alibaba.nacos.shaded.io.grpc.internal.ClientCallImpl$ClientStreamListenerImpl$1StreamClosed.runInternal(ClientCallImpl.java:744)
	at com.alibaba.nacos.shaded.io.grpc.internal.ClientCallImpl$ClientStreamListenerImpl$1StreamClosed.runInContext(ClientCallImpl.java:723)
	at com.alibaba.nacos.shaded.io.grpc.internal.ContextRunnable.run(ContextRunnable.java:37)
	at com.alibaba.nacos.shaded.io.grpc.internal.SerializingExecutor.run(SerializingExecutor.java:133)
	... 3 common frames omitted
Caused by: com.alibaba.nacos.shaded.io.grpc.netty.shaded.io.netty.channel.AbstractChannel$AnnotatedConnectException: Connection refused: no further information: localhost/[0:0:0:0:0:0:0:1]:9848
Caused by: java.net.ConnectException: Connection refused: no further information
	at java.base/sun.nio.ch.Net.pollConnect(Native Method)
	at java.base/sun.nio.ch.Net.pollConnectNow(Net.java:672)
	at java.base/sun.nio.ch.SocketChannelImpl.finishConnect(SocketChannelImpl.java:946)
	at com.alibaba.nacos.shaded.io.grpc.netty.shaded.io.netty.channel.socket.nio.NioSocketChannel.doFinishConnect(NioSocketChannel.java:337)
	at com.alibaba.nacos.shaded.io.grpc.netty.shaded.io.netty.channel.nio.AbstractNioChannel$AbstractNioUnsafe.finishConnect(AbstractNioChannel.java:334)
	at com.alibaba.nacos.shaded.io.grpc.netty.shaded.io.netty.channel.nio.NioEventLoop.processSelectedKey(NioEventLoop.java:710)
	at com.alibaba.nacos.shaded.io.grpc.netty.shaded.io.netty.channel.nio.NioEventLoop.processSelectedKeysOptimized(NioEventLoop.java:658)
	at com.alibaba.nacos.shaded.io.grpc.netty.shaded.io.netty.channel.nio.NioEventLoop.processSelectedKeys(NioEventLoop.java:584)
	at com.alibaba.nacos.shaded.io.grpc.netty.shaded.io.netty.channel.nio.NioEventLoop.run(NioEventLoop.java:496)
	at com.alibaba.nacos.shaded.io.grpc.netty.shaded.io.netty.util.concurrent.SingleThreadEventExecutor$4.run(SingleThreadEventExecutor.java:997)
	at com.alibaba.nacos.shaded.io.grpc.netty.shaded.io.netty.util.internal.ThreadExecutorMap$2.run(ThreadExecutorMap.java:74)
	at com.alibaba.nacos.shaded.io.grpc.netty.shaded.io.netty.util.concurrent.FastThreadLocalRunnable.run(FastThreadLocalRunnable.java:30)
	at java.base/java.lang.Thread.run(Thread.java:842)
2025-10-30 15:44:30.247 [com.alibaba.nacos.client.remote.worker] INFO  com.alibaba.nacos.common.remote.client - [7c9b3d26-7bcf-45dc-becf-7a498bbd3d8d_config-0] Fail to connect server, after trying 10 times, last try server is {serverIp = 'localhost', server main port = 8848}, error = unknown
2025-10-30 15:44:31.357 [com.alibaba.nacos.client.remote.worker] INFO  c.a.nacos.common.remote.client.grpc.GrpcClient - grpc client connection server:localhost ip,serverPort:9848,grpcTslConfig:{"sslProvider":"OPENSSL","enableTls":false,"mutualAuthEnable":false,"trustAll":false}
2025-10-30 15:44:31.363 [com.alibaba.nacos.client.remote.worker] ERROR c.a.nacos.common.remote.client.grpc.GrpcClient - Server check fail, please check server localhost ,port 9848 is available , error ={}
java.util.concurrent.ExecutionException: com.alibaba.nacos.shaded.io.grpc.StatusRuntimeException: UNAVAILABLE: io exception
	at com.alibaba.nacos.shaded.com.google.common.util.concurrent.AbstractFuture.getDoneValue(AbstractFuture.java:566)
	at com.alibaba.nacos.shaded.com.google.common.util.concurrent.AbstractFuture.get(AbstractFuture.java:445)
	at com.alibaba.nacos.common.remote.client.grpc.GrpcClient.serverCheck(GrpcClient.java:218)
	at com.alibaba.nacos.common.remote.client.grpc.GrpcClient.connectToServer(GrpcClient.java:329)
	at com.alibaba.nacos.common.remote.client.RpcClient.reconnect(RpcClient.java:502)
	at com.alibaba.nacos.common.remote.client.RpcClient.lambda$start$2(RpcClient.java:343)
	at java.base/java.util.concurrent.Executors$RunnableAdapter.call(Executors.java:539)
	at java.base/java.util.concurrent.FutureTask.run(FutureTask.java:264)
	at java.base/java.util.concurrent.ScheduledThreadPoolExecutor$ScheduledFutureTask.run(ScheduledThreadPoolExecutor.java:304)
	at java.base/java.util.concurrent.ThreadPoolExecutor.runWorker(ThreadPoolExecutor.java:1136)
	at java.base/java.util.concurrent.ThreadPoolExecutor$Worker.run(ThreadPoolExecutor.java:635)
	at java.base/java.lang.Thread.run(Thread.java:842)
Caused by: com.alibaba.nacos.shaded.io.grpc.StatusRuntimeException: UNAVAILABLE: io exception
	at com.alibaba.nacos.shaded.io.grpc.Status.asRuntimeException(Status.java:539)
	at com.alibaba.nacos.shaded.io.grpc.stub.ClientCalls$UnaryStreamToFuture.onClose(ClientCalls.java:544)
	at com.alibaba.nacos.shaded.io.grpc.internal.ClientCallImpl.closeObserver(ClientCallImpl.java:563)
	at com.alibaba.nacos.shaded.io.grpc.internal.ClientCallImpl.access$300(ClientCallImpl.java:70)
	at com.alibaba.nacos.shaded.io.grpc.internal.ClientCallImpl$ClientStreamListenerImpl$1StreamClosed.runInternal(ClientCallImpl.java:744)
	at com.alibaba.nacos.shaded.io.grpc.internal.ClientCallImpl$ClientStreamListenerImpl$1StreamClosed.runInContext(ClientCallImpl.java:723)
	at com.alibaba.nacos.shaded.io.grpc.internal.ContextRunnable.run(ContextRunnable.java:37)
	at com.alibaba.nacos.shaded.io.grpc.internal.SerializingExecutor.run(SerializingExecutor.java:133)
	... 3 common frames omitted
Caused by: com.alibaba.nacos.shaded.io.grpc.netty.shaded.io.netty.channel.AbstractChannel$AnnotatedConnectException: Connection refused: no further information: localhost/[0:0:0:0:0:0:0:1]:9848
Caused by: java.net.ConnectException: Connection refused: no further information
	at java.base/sun.nio.ch.Net.pollConnect(Native Method)
	at java.base/sun.nio.ch.Net.pollConnectNow(Net.java:672)
	at java.base/sun.nio.ch.SocketChannelImpl.finishConnect(SocketChannelImpl.java:946)
	at com.alibaba.nacos.shaded.io.grpc.netty.shaded.io.netty.channel.socket.nio.NioSocketChannel.doFinishConnect(NioSocketChannel.java:337)
	at com.alibaba.nacos.shaded.io.grpc.netty.shaded.io.netty.channel.nio.AbstractNioChannel$AbstractNioUnsafe.finishConnect(AbstractNioChannel.java:334)
	at com.alibaba.nacos.shaded.io.grpc.netty.shaded.io.netty.channel.nio.NioEventLoop.processSelectedKey(NioEventLoop.java:710)
	at com.alibaba.nacos.shaded.io.grpc.netty.shaded.io.netty.channel.nio.NioEventLoop.processSelectedKeysOptimized(NioEventLoop.java:658)
	at com.alibaba.nacos.shaded.io.grpc.netty.shaded.io.netty.channel.nio.NioEventLoop.processSelectedKeys(NioEventLoop.java:584)
	at com.alibaba.nacos.shaded.io.grpc.netty.shaded.io.netty.channel.nio.NioEventLoop.run(NioEventLoop.java:496)
	at com.alibaba.nacos.shaded.io.grpc.netty.shaded.io.netty.util.concurrent.SingleThreadEventExecutor$4.run(SingleThreadEventExecutor.java:997)
	at com.alibaba.nacos.shaded.io.grpc.netty.shaded.io.netty.util.internal.ThreadExecutorMap$2.run(ThreadExecutorMap.java:74)
	at com.alibaba.nacos.shaded.io.grpc.netty.shaded.io.netty.util.concurrent.FastThreadLocalRunnable.run(FastThreadLocalRunnable.java:30)
	at java.base/java.lang.Thread.run(Thread.java:842)
2025-10-30 15:44:31.364 [com.alibaba.nacos.client.remote.worker] INFO  com.alibaba.nacos.common.remote.client - [7c9b3d26-7bcf-45dc-becf-7a498bbd3d8d_config-0] Fail to connect server, after trying 11 times, last try server is {serverIp = 'localhost', server main port = 8848}, error = unknown
2025-10-30 15:44:32.568 [com.alibaba.nacos.client.remote.worker] INFO  c.a.nacos.common.remote.client.grpc.GrpcClient - grpc client connection server:localhost ip,serverPort:9848,grpcTslConfig:{"sslProvider":"OPENSSL","enableTls":false,"mutualAuthEnable":false,"trustAll":false}
2025-10-30 15:44:32.584 [com.alibaba.nacos.client.remote.worker] ERROR c.a.nacos.common.remote.client.grpc.GrpcClient - Server check fail, please check server localhost ,port 9848 is available , error ={}
java.util.concurrent.ExecutionException: com.alibaba.nacos.shaded.io.grpc.StatusRuntimeException: UNAVAILABLE: io exception
	at com.alibaba.nacos.shaded.com.google.common.util.concurrent.AbstractFuture.getDoneValue(AbstractFuture.java:566)
	at com.alibaba.nacos.shaded.com.google.common.util.concurrent.AbstractFuture.get(AbstractFuture.java:445)
	at com.alibaba.nacos.common.remote.client.grpc.GrpcClient.serverCheck(GrpcClient.java:218)
	at com.alibaba.nacos.common.remote.client.grpc.GrpcClient.connectToServer(GrpcClient.java:329)
	at com.alibaba.nacos.common.remote.client.RpcClient.reconnect(RpcClient.java:502)
	at com.alibaba.nacos.common.remote.client.RpcClient.lambda$start$2(RpcClient.java:343)
	at java.base/java.util.concurrent.Executors$RunnableAdapter.call(Executors.java:539)
	at java.base/java.util.concurrent.FutureTask.run(FutureTask.java:264)
	at java.base/java.util.concurrent.ScheduledThreadPoolExecutor$ScheduledFutureTask.run(ScheduledThreadPoolExecutor.java:304)
	at java.base/java.util.concurrent.ThreadPoolExecutor.runWorker(ThreadPoolExecutor.java:1136)
	at java.base/java.util.concurrent.ThreadPoolExecutor$Worker.run(ThreadPoolExecutor.java:635)
	at java.base/java.lang.Thread.run(Thread.java:842)
Caused by: com.alibaba.nacos.shaded.io.grpc.StatusRuntimeException: UNAVAILABLE: io exception
	at com.alibaba.nacos.shaded.io.grpc.Status.asRuntimeException(Status.java:539)
	at com.alibaba.nacos.shaded.io.grpc.stub.ClientCalls$UnaryStreamToFuture.onClose(ClientCalls.java:544)
	at com.alibaba.nacos.shaded.io.grpc.internal.DelayedClientCall$DelayedListener$3.run(DelayedClientCall.java:471)
	at com.alibaba.nacos.shaded.io.grpc.internal.DelayedClientCall$DelayedListener.delayOrExecute(DelayedClientCall.java:435)
	at com.alibaba.nacos.shaded.io.grpc.internal.DelayedClientCall$DelayedListener.onClose(DelayedClientCall.java:468)
	at com.alibaba.nacos.shaded.io.grpc.internal.ClientCallImpl.closeObserver(ClientCallImpl.java:563)
	at com.alibaba.nacos.shaded.io.grpc.internal.ClientCallImpl.access$300(ClientCallImpl.java:70)
	at com.alibaba.nacos.shaded.io.grpc.internal.ClientCallImpl$ClientStreamListenerImpl$1StreamClosed.runInternal(ClientCallImpl.java:744)
	at com.alibaba.nacos.shaded.io.grpc.internal.ClientCallImpl$ClientStreamListenerImpl$1StreamClosed.runInContext(ClientCallImpl.java:723)
	at com.alibaba.nacos.shaded.io.grpc.internal.ContextRunnable.run(ContextRunnable.java:37)
	at com.alibaba.nacos.shaded.io.grpc.internal.SerializingExecutor.run(SerializingExecutor.java:133)
	... 3 common frames omitted
Caused by: com.alibaba.nacos.shaded.io.grpc.netty.shaded.io.netty.channel.AbstractChannel$AnnotatedConnectException: Connection refused: no further information: localhost/[0:0:0:0:0:0:0:1]:9848
Caused by: java.net.ConnectException: Connection refused: no further information
	at java.base/sun.nio.ch.Net.pollConnect(Native Method)
	at java.base/sun.nio.ch.Net.pollConnectNow(Net.java:672)
	at java.base/sun.nio.ch.SocketChannelImpl.finishConnect(SocketChannelImpl.java:946)
	at com.alibaba.nacos.shaded.io.grpc.netty.shaded.io.netty.channel.socket.nio.NioSocketChannel.doFinishConnect(NioSocketChannel.java:337)
	at com.alibaba.nacos.shaded.io.grpc.netty.shaded.io.netty.channel.nio.AbstractNioChannel$AbstractNioUnsafe.finishConnect(AbstractNioChannel.java:334)
	at com.alibaba.nacos.shaded.io.grpc.netty.shaded.io.netty.channel.nio.NioEventLoop.processSelectedKey(NioEventLoop.java:710)
	at com.alibaba.nacos.shaded.io.grpc.netty.shaded.io.netty.channel.nio.NioEventLoop.processSelectedKeysOptimized(NioEventLoop.java:658)
	at com.alibaba.nacos.shaded.io.grpc.netty.shaded.io.netty.channel.nio.NioEventLoop.processSelectedKeys(NioEventLoop.java:584)
	at com.alibaba.nacos.shaded.io.grpc.netty.shaded.io.netty.channel.nio.NioEventLoop.run(NioEventLoop.java:496)
	at com.alibaba.nacos.shaded.io.grpc.netty.shaded.io.netty.util.concurrent.SingleThreadEventExecutor$4.run(SingleThreadEventExecutor.java:997)
	at com.alibaba.nacos.shaded.io.grpc.netty.shaded.io.netty.util.internal.ThreadExecutorMap$2.run(ThreadExecutorMap.java:74)
	at com.alibaba.nacos.shaded.io.grpc.netty.shaded.io.netty.util.concurrent.FastThreadLocalRunnable.run(FastThreadLocalRunnable.java:30)
	at java.base/java.lang.Thread.run(Thread.java:842)
2025-10-30 15:44:32.585 [com.alibaba.nacos.client.remote.worker] INFO  com.alibaba.nacos.common.remote.client - [7c9b3d26-7bcf-45dc-becf-7a498bbd3d8d_config-0] Fail to connect server, after trying 12 times, last try server is {serverIp = 'localhost', server main port = 8848}, error = unknown
2025-10-30 15:44:33.899 [com.alibaba.nacos.client.remote.worker] INFO  c.a.nacos.common.remote.client.grpc.GrpcClient - grpc client connection server:localhost ip,serverPort:9848,grpcTslConfig:{"sslProvider":"OPENSSL","enableTls":false,"mutualAuthEnable":false,"trustAll":false}
2025-10-30 15:44:33.904 [com.alibaba.nacos.client.remote.worker] ERROR c.a.nacos.common.remote.client.grpc.GrpcClient - Server check fail, please check server localhost ,port 9848 is available , error ={}
java.util.concurrent.ExecutionException: com.alibaba.nacos.shaded.io.grpc.StatusRuntimeException: UNAVAILABLE: io exception
	at com.alibaba.nacos.shaded.com.google.common.util.concurrent.AbstractFuture.getDoneValue(AbstractFuture.java:566)
	at com.alibaba.nacos.shaded.com.google.common.util.concurrent.AbstractFuture.get(AbstractFuture.java:445)
	at com.alibaba.nacos.common.remote.client.grpc.GrpcClient.serverCheck(GrpcClient.java:218)
	at com.alibaba.nacos.common.remote.client.grpc.GrpcClient.connectToServer(GrpcClient.java:329)
	at com.alibaba.nacos.common.remote.client.RpcClient.reconnect(RpcClient.java:502)
	at com.alibaba.nacos.common.remote.client.RpcClient.lambda$start$2(RpcClient.java:343)
	at java.base/java.util.concurrent.Executors$RunnableAdapter.call(Executors.java:539)
	at java.base/java.util.concurrent.FutureTask.run(FutureTask.java:264)
	at java.base/java.util.concurrent.ScheduledThreadPoolExecutor$ScheduledFutureTask.run(ScheduledThreadPoolExecutor.java:304)
	at java.base/java.util.concurrent.ThreadPoolExecutor.runWorker(ThreadPoolExecutor.java:1136)
	at java.base/java.util.concurrent.ThreadPoolExecutor$Worker.run(ThreadPoolExecutor.java:635)
	at java.base/java.lang.Thread.run(Thread.java:842)
Caused by: com.alibaba.nacos.shaded.io.grpc.StatusRuntimeException: UNAVAILABLE: io exception
	at com.alibaba.nacos.shaded.io.grpc.Status.asRuntimeException(Status.java:539)
	at com.alibaba.nacos.shaded.io.grpc.stub.ClientCalls$UnaryStreamToFuture.onClose(ClientCalls.java:544)
	at com.alibaba.nacos.shaded.io.grpc.internal.ClientCallImpl.closeObserver(ClientCallImpl.java:563)
	at com.alibaba.nacos.shaded.io.grpc.internal.ClientCallImpl.access$300(ClientCallImpl.java:70)
	at com.alibaba.nacos.shaded.io.grpc.internal.ClientCallImpl$ClientStreamListenerImpl$1StreamClosed.runInternal(ClientCallImpl.java:744)
	at com.alibaba.nacos.shaded.io.grpc.internal.ClientCallImpl$ClientStreamListenerImpl$1StreamClosed.runInContext(ClientCallImpl.java:723)
	at com.alibaba.nacos.shaded.io.grpc.internal.ContextRunnable.run(ContextRunnable.java:37)
	at com.alibaba.nacos.shaded.io.grpc.internal.SerializingExecutor.run(SerializingExecutor.java:133)
	... 3 common frames omitted
Caused by: com.alibaba.nacos.shaded.io.grpc.netty.shaded.io.netty.channel.AbstractChannel$AnnotatedConnectException: Connection refused: no further information: localhost/[0:0:0:0:0:0:0:1]:9848
Caused by: java.net.ConnectException: Connection refused: no further information
	at java.base/sun.nio.ch.Net.pollConnect(Native Method)
	at java.base/sun.nio.ch.Net.pollConnectNow(Net.java:672)
	at java.base/sun.nio.ch.SocketChannelImpl.finishConnect(SocketChannelImpl.java:946)
	at com.alibaba.nacos.shaded.io.grpc.netty.shaded.io.netty.channel.socket.nio.NioSocketChannel.doFinishConnect(NioSocketChannel.java:337)
	at com.alibaba.nacos.shaded.io.grpc.netty.shaded.io.netty.channel.nio.AbstractNioChannel$AbstractNioUnsafe.finishConnect(AbstractNioChannel.java:334)
	at com.alibaba.nacos.shaded.io.grpc.netty.shaded.io.netty.channel.nio.NioEventLoop.processSelectedKey(NioEventLoop.java:710)
	at com.alibaba.nacos.shaded.io.grpc.netty.shaded.io.netty.channel.nio.NioEventLoop.processSelectedKeysOptimized(NioEventLoop.java:658)
	at com.alibaba.nacos.shaded.io.grpc.netty.shaded.io.netty.channel.nio.NioEventLoop.processSelectedKeys(NioEventLoop.java:584)
	at com.alibaba.nacos.shaded.io.grpc.netty.shaded.io.netty.channel.nio.NioEventLoop.run(NioEventLoop.java:496)
	at com.alibaba.nacos.shaded.io.grpc.netty.shaded.io.netty.util.concurrent.SingleThreadEventExecutor$4.run(SingleThreadEventExecutor.java:997)
	at com.alibaba.nacos.shaded.io.grpc.netty.shaded.io.netty.util.internal.ThreadExecutorMap$2.run(ThreadExecutorMap.java:74)
	at com.alibaba.nacos.shaded.io.grpc.netty.shaded.io.netty.util.concurrent.FastThreadLocalRunnable.run(FastThreadLocalRunnable.java:30)
	at java.base/java.lang.Thread.run(Thread.java:842)
2025-10-30 15:44:33.904 [com.alibaba.nacos.client.remote.worker] INFO  com.alibaba.nacos.common.remote.client - [7c9b3d26-7bcf-45dc-becf-7a498bbd3d8d_config-0] Fail to connect server, after trying 13 times, last try server is {serverIp = 'localhost', server main port = 8848}, error = unknown
2025-10-30 15:44:35.309 [com.alibaba.nacos.client.remote.worker] INFO  c.a.nacos.common.remote.client.grpc.GrpcClient - grpc client connection server:localhost ip,serverPort:9848,grpcTslConfig:{"sslProvider":"OPENSSL","enableTls":false,"mutualAuthEnable":false,"trustAll":false}
2025-10-30 15:44:35.315 [com.alibaba.nacos.client.remote.worker] ERROR c.a.nacos.common.remote.client.grpc.GrpcClient - Server check fail, please check server localhost ,port 9848 is available , error ={}
java.util.concurrent.ExecutionException: com.alibaba.nacos.shaded.io.grpc.StatusRuntimeException: UNAVAILABLE: io exception
	at com.alibaba.nacos.shaded.com.google.common.util.concurrent.AbstractFuture.getDoneValue(AbstractFuture.java:566)
	at com.alibaba.nacos.shaded.com.google.common.util.concurrent.AbstractFuture.get(AbstractFuture.java:445)
	at com.alibaba.nacos.common.remote.client.grpc.GrpcClient.serverCheck(GrpcClient.java:218)
	at com.alibaba.nacos.common.remote.client.grpc.GrpcClient.connectToServer(GrpcClient.java:329)
	at com.alibaba.nacos.common.remote.client.RpcClient.reconnect(RpcClient.java:502)
	at com.alibaba.nacos.common.remote.client.RpcClient.lambda$start$2(RpcClient.java:343)
	at java.base/java.util.concurrent.Executors$RunnableAdapter.call(Executors.java:539)
	at java.base/java.util.concurrent.FutureTask.run(FutureTask.java:264)
	at java.base/java.util.concurrent.ScheduledThreadPoolExecutor$ScheduledFutureTask.run(ScheduledThreadPoolExecutor.java:304)
	at java.base/java.util.concurrent.ThreadPoolExecutor.runWorker(ThreadPoolExecutor.java:1136)
	at java.base/java.util.concurrent.ThreadPoolExecutor$Worker.run(ThreadPoolExecutor.java:635)
	at java.base/java.lang.Thread.run(Thread.java:842)
Caused by: com.alibaba.nacos.shaded.io.grpc.StatusRuntimeException: UNAVAILABLE: io exception
	at com.alibaba.nacos.shaded.io.grpc.Status.asRuntimeException(Status.java:539)
	at com.alibaba.nacos.shaded.io.grpc.stub.ClientCalls$UnaryStreamToFuture.onClose(ClientCalls.java:544)
	at com.alibaba.nacos.shaded.io.grpc.internal.DelayedClientCall$DelayedListener$3.run(DelayedClientCall.java:471)
	at com.alibaba.nacos.shaded.io.grpc.internal.DelayedClientCall$DelayedListener.delayOrExecute(DelayedClientCall.java:435)
	at com.alibaba.nacos.shaded.io.grpc.internal.DelayedClientCall$DelayedListener.onClose(DelayedClientCall.java:468)
	at com.alibaba.nacos.shaded.io.grpc.internal.ClientCallImpl.closeObserver(ClientCallImpl.java:563)
	at com.alibaba.nacos.shaded.io.grpc.internal.ClientCallImpl.access$300(ClientCallImpl.java:70)
	at com.alibaba.nacos.shaded.io.grpc.internal.ClientCallImpl$ClientStreamListenerImpl$1StreamClosed.runInternal(ClientCallImpl.java:744)
	at com.alibaba.nacos.shaded.io.grpc.internal.ClientCallImpl$ClientStreamListenerImpl$1StreamClosed.runInContext(ClientCallImpl.java:723)
	at com.alibaba.nacos.shaded.io.grpc.internal.ContextRunnable.run(ContextRunnable.java:37)
	at com.alibaba.nacos.shaded.io.grpc.internal.SerializingExecutor.run(SerializingExecutor.java:133)
	... 3 common frames omitted
Caused by: com.alibaba.nacos.shaded.io.grpc.netty.shaded.io.netty.channel.AbstractChannel$AnnotatedConnectException: Connection refused: no further information: localhost/[0:0:0:0:0:0:0:1]:9848
Caused by: java.net.ConnectException: Connection refused: no further information
	at java.base/sun.nio.ch.Net.pollConnect(Native Method)
	at java.base/sun.nio.ch.Net.pollConnectNow(Net.java:672)
	at java.base/sun.nio.ch.SocketChannelImpl.finishConnect(SocketChannelImpl.java:946)
	at com.alibaba.nacos.shaded.io.grpc.netty.shaded.io.netty.channel.socket.nio.NioSocketChannel.doFinishConnect(NioSocketChannel.java:337)
	at com.alibaba.nacos.shaded.io.grpc.netty.shaded.io.netty.channel.nio.AbstractNioChannel$AbstractNioUnsafe.finishConnect(AbstractNioChannel.java:334)
	at com.alibaba.nacos.shaded.io.grpc.netty.shaded.io.netty.channel.nio.NioEventLoop.processSelectedKey(NioEventLoop.java:710)
	at com.alibaba.nacos.shaded.io.grpc.netty.shaded.io.netty.channel.nio.NioEventLoop.processSelectedKeysOptimized(NioEventLoop.java:658)
	at com.alibaba.nacos.shaded.io.grpc.netty.shaded.io.netty.channel.nio.NioEventLoop.processSelectedKeys(NioEventLoop.java:584)
	at com.alibaba.nacos.shaded.io.grpc.netty.shaded.io.netty.channel.nio.NioEventLoop.run(NioEventLoop.java:496)
	at com.alibaba.nacos.shaded.io.grpc.netty.shaded.io.netty.util.concurrent.SingleThreadEventExecutor$4.run(SingleThreadEventExecutor.java:997)
	at com.alibaba.nacos.shaded.io.grpc.netty.shaded.io.netty.util.internal.ThreadExecutorMap$2.run(ThreadExecutorMap.java:74)
	at com.alibaba.nacos.shaded.io.grpc.netty.shaded.io.netty.util.concurrent.FastThreadLocalRunnable.run(FastThreadLocalRunnable.java:30)
	at java.base/java.lang.Thread.run(Thread.java:842)
2025-10-30 15:44:35.315 [com.alibaba.nacos.client.remote.worker] INFO  com.alibaba.nacos.common.remote.client - [7c9b3d26-7bcf-45dc-becf-7a498bbd3d8d_config-0] Fail to connect server, after trying 14 times, last try server is {serverIp = 'localhost', server main port = 8848}, error = unknown
2025-10-30 15:44:36.821 [com.alibaba.nacos.client.remote.worker] INFO  c.a.nacos.common.remote.client.grpc.GrpcClient - grpc client connection server:localhost ip,serverPort:9848,grpcTslConfig:{"sslProvider":"OPENSSL","enableTls":false,"mutualAuthEnable":false,"trustAll":false}
2025-10-30 15:44:36.826 [com.alibaba.nacos.client.remote.worker] ERROR c.a.nacos.common.remote.client.grpc.GrpcClient - Server check fail, please check server localhost ,port 9848 is available , error ={}
java.util.concurrent.ExecutionException: com.alibaba.nacos.shaded.io.grpc.StatusRuntimeException: UNAVAILABLE: io exception
	at com.alibaba.nacos.shaded.com.google.common.util.concurrent.AbstractFuture.getDoneValue(AbstractFuture.java:566)
	at com.alibaba.nacos.shaded.com.google.common.util.concurrent.AbstractFuture.get(AbstractFuture.java:445)
	at com.alibaba.nacos.common.remote.client.grpc.GrpcClient.serverCheck(GrpcClient.java:218)
	at com.alibaba.nacos.common.remote.client.grpc.GrpcClient.connectToServer(GrpcClient.java:329)
	at com.alibaba.nacos.common.remote.client.RpcClient.reconnect(RpcClient.java:502)
	at com.alibaba.nacos.common.remote.client.RpcClient.lambda$start$2(RpcClient.java:343)
	at java.base/java.util.concurrent.Executors$RunnableAdapter.call(Executors.java:539)
	at java.base/java.util.concurrent.FutureTask.run(FutureTask.java:264)
	at java.base/java.util.concurrent.ScheduledThreadPoolExecutor$ScheduledFutureTask.run(ScheduledThreadPoolExecutor.java:304)
	at java.base/java.util.concurrent.ThreadPoolExecutor.runWorker(ThreadPoolExecutor.java:1136)
	at java.base/java.util.concurrent.ThreadPoolExecutor$Worker.run(ThreadPoolExecutor.java:635)
	at java.base/java.lang.Thread.run(Thread.java:842)
Caused by: com.alibaba.nacos.shaded.io.grpc.StatusRuntimeException: UNAVAILABLE: io exception
	at com.alibaba.nacos.shaded.io.grpc.Status.asRuntimeException(Status.java:539)
	at com.alibaba.nacos.shaded.io.grpc.stub.ClientCalls$UnaryStreamToFuture.onClose(ClientCalls.java:544)
	at com.alibaba.nacos.shaded.io.grpc.internal.DelayedClientCall$DelayedListener$3.run(DelayedClientCall.java:471)
	at com.alibaba.nacos.shaded.io.grpc.internal.DelayedClientCall$DelayedListener.delayOrExecute(DelayedClientCall.java:435)
	at com.alibaba.nacos.shaded.io.grpc.internal.DelayedClientCall$DelayedListener.onClose(DelayedClientCall.java:468)
	at com.alibaba.nacos.shaded.io.grpc.internal.ClientCallImpl.closeObserver(ClientCallImpl.java:563)
	at com.alibaba.nacos.shaded.io.grpc.internal.ClientCallImpl.access$300(ClientCallImpl.java:70)
	at com.alibaba.nacos.shaded.io.grpc.internal.ClientCallImpl$ClientStreamListenerImpl$1StreamClosed.runInternal(ClientCallImpl.java:744)
	at com.alibaba.nacos.shaded.io.grpc.internal.ClientCallImpl$ClientStreamListenerImpl$1StreamClosed.runInContext(ClientCallImpl.java:723)
	at com.alibaba.nacos.shaded.io.grpc.internal.ContextRunnable.run(ContextRunnable.java:37)
	at com.alibaba.nacos.shaded.io.grpc.internal.SerializingExecutor.run(SerializingExecutor.java:133)
	... 3 common frames omitted
Caused by: com.alibaba.nacos.shaded.io.grpc.netty.shaded.io.netty.channel.AbstractChannel$AnnotatedConnectException: Connection refused: no further information: localhost/[0:0:0:0:0:0:0:1]:9848
Caused by: java.net.ConnectException: Connection refused: no further information
	at java.base/sun.nio.ch.Net.pollConnect(Native Method)
	at java.base/sun.nio.ch.Net.pollConnectNow(Net.java:672)
	at java.base/sun.nio.ch.SocketChannelImpl.finishConnect(SocketChannelImpl.java:946)
	at com.alibaba.nacos.shaded.io.grpc.netty.shaded.io.netty.channel.socket.nio.NioSocketChannel.doFinishConnect(NioSocketChannel.java:337)
	at com.alibaba.nacos.shaded.io.grpc.netty.shaded.io.netty.channel.nio.AbstractNioChannel$AbstractNioUnsafe.finishConnect(AbstractNioChannel.java:334)
	at com.alibaba.nacos.shaded.io.grpc.netty.shaded.io.netty.channel.nio.NioEventLoop.processSelectedKey(NioEventLoop.java:710)
	at com.alibaba.nacos.shaded.io.grpc.netty.shaded.io.netty.channel.nio.NioEventLoop.processSelectedKeysOptimized(NioEventLoop.java:658)
	at com.alibaba.nacos.shaded.io.grpc.netty.shaded.io.netty.channel.nio.NioEventLoop.processSelectedKeys(NioEventLoop.java:584)
	at com.alibaba.nacos.shaded.io.grpc.netty.shaded.io.netty.channel.nio.NioEventLoop.run(NioEventLoop.java:496)
	at com.alibaba.nacos.shaded.io.grpc.netty.shaded.io.netty.util.concurrent.SingleThreadEventExecutor$4.run(SingleThreadEventExecutor.java:997)
	at com.alibaba.nacos.shaded.io.grpc.netty.shaded.io.netty.util.internal.ThreadExecutorMap$2.run(ThreadExecutorMap.java:74)
	at com.alibaba.nacos.shaded.io.grpc.netty.shaded.io.netty.util.concurrent.FastThreadLocalRunnable.run(FastThreadLocalRunnable.java:30)
	at java.base/java.lang.Thread.run(Thread.java:842)
2025-10-30 15:44:36.827 [com.alibaba.nacos.client.remote.worker] INFO  com.alibaba.nacos.common.remote.client - [7c9b3d26-7bcf-45dc-becf-7a498bbd3d8d_config-0] Fail to connect server, after trying 15 times, last try server is {serverIp = 'localhost', server main port = 8848}, error = unknown
2025-10-30 15:44:38.440 [com.alibaba.nacos.client.remote.worker] INFO  c.a.nacos.common.remote.client.grpc.GrpcClient - grpc client connection server:localhost ip,serverPort:9848,grpcTslConfig:{"sslProvider":"OPENSSL","enableTls":false,"mutualAuthEnable":false,"trustAll":false}
2025-10-30 15:44:38.446 [com.alibaba.nacos.client.remote.worker] ERROR c.a.nacos.common.remote.client.grpc.GrpcClient - Server check fail, please check server localhost ,port 9848 is available , error ={}
java.util.concurrent.ExecutionException: com.alibaba.nacos.shaded.io.grpc.StatusRuntimeException: UNAVAILABLE: io exception
	at com.alibaba.nacos.shaded.com.google.common.util.concurrent.AbstractFuture.getDoneValue(AbstractFuture.java:566)
	at com.alibaba.nacos.shaded.com.google.common.util.concurrent.AbstractFuture.get(AbstractFuture.java:445)
	at com.alibaba.nacos.common.remote.client.grpc.GrpcClient.serverCheck(GrpcClient.java:218)
	at com.alibaba.nacos.common.remote.client.grpc.GrpcClient.connectToServer(GrpcClient.java:329)
	at com.alibaba.nacos.common.remote.client.RpcClient.reconnect(RpcClient.java:502)
	at com.alibaba.nacos.common.remote.client.RpcClient.lambda$start$2(RpcClient.java:343)
	at java.base/java.util.concurrent.Executors$RunnableAdapter.call(Executors.java:539)
	at java.base/java.util.concurrent.FutureTask.run(FutureTask.java:264)
	at java.base/java.util.concurrent.ScheduledThreadPoolExecutor$ScheduledFutureTask.run(ScheduledThreadPoolExecutor.java:304)
	at java.base/java.util.concurrent.ThreadPoolExecutor.runWorker(ThreadPoolExecutor.java:1136)
	at java.base/java.util.concurrent.ThreadPoolExecutor$Worker.run(ThreadPoolExecutor.java:635)
	at java.base/java.lang.Thread.run(Thread.java:842)
Caused by: com.alibaba.nacos.shaded.io.grpc.StatusRuntimeException: UNAVAILABLE: io exception
	at com.alibaba.nacos.shaded.io.grpc.Status.asRuntimeException(Status.java:539)
	at com.alibaba.nacos.shaded.io.grpc.stub.ClientCalls$UnaryStreamToFuture.onClose(ClientCalls.java:544)
	at com.alibaba.nacos.shaded.io.grpc.internal.DelayedClientCall$DelayedListener$3.run(DelayedClientCall.java:471)
	at com.alibaba.nacos.shaded.io.grpc.internal.DelayedClientCall$DelayedListener.delayOrExecute(DelayedClientCall.java:435)
	at com.alibaba.nacos.shaded.io.grpc.internal.DelayedClientCall$DelayedListener.onClose(DelayedClientCall.java:468)
	at com.alibaba.nacos.shaded.io.grpc.internal.ClientCallImpl.closeObserver(ClientCallImpl.java:563)
	at com.alibaba.nacos.shaded.io.grpc.internal.ClientCallImpl.access$300(ClientCallImpl.java:70)
	at com.alibaba.nacos.shaded.io.grpc.internal.ClientCallImpl$ClientStreamListenerImpl$1StreamClosed.runInternal(ClientCallImpl.java:744)
	at com.alibaba.nacos.shaded.io.grpc.internal.ClientCallImpl$ClientStreamListenerImpl$1StreamClosed.runInContext(ClientCallImpl.java:723)
	at com.alibaba.nacos.shaded.io.grpc.internal.ContextRunnable.run(ContextRunnable.java:37)
	at com.alibaba.nacos.shaded.io.grpc.internal.SerializingExecutor.run(SerializingExecutor.java:133)
	... 3 common frames omitted
Caused by: com.alibaba.nacos.shaded.io.grpc.netty.shaded.io.netty.channel.AbstractChannel$AnnotatedConnectException: Connection refused: no further information: localhost/[0:0:0:0:0:0:0:1]:9848
Caused by: java.net.ConnectException: Connection refused: no further information
	at java.base/sun.nio.ch.Net.pollConnect(Native Method)
	at java.base/sun.nio.ch.Net.pollConnectNow(Net.java:672)
	at java.base/sun.nio.ch.SocketChannelImpl.finishConnect(SocketChannelImpl.java:946)
	at com.alibaba.nacos.shaded.io.grpc.netty.shaded.io.netty.channel.socket.nio.NioSocketChannel.doFinishConnect(NioSocketChannel.java:337)
	at com.alibaba.nacos.shaded.io.grpc.netty.shaded.io.netty.channel.nio.AbstractNioChannel$AbstractNioUnsafe.finishConnect(AbstractNioChannel.java:334)
	at com.alibaba.nacos.shaded.io.grpc.netty.shaded.io.netty.channel.nio.NioEventLoop.processSelectedKey(NioEventLoop.java:710)
	at com.alibaba.nacos.shaded.io.grpc.netty.shaded.io.netty.channel.nio.NioEventLoop.processSelectedKeysOptimized(NioEventLoop.java:658)
	at com.alibaba.nacos.shaded.io.grpc.netty.shaded.io.netty.channel.nio.NioEventLoop.processSelectedKeys(NioEventLoop.java:584)
	at com.alibaba.nacos.shaded.io.grpc.netty.shaded.io.netty.channel.nio.NioEventLoop.run(NioEventLoop.java:496)
	at com.alibaba.nacos.shaded.io.grpc.netty.shaded.io.netty.util.concurrent.SingleThreadEventExecutor$4.run(SingleThreadEventExecutor.java:997)
	at com.alibaba.nacos.shaded.io.grpc.netty.shaded.io.netty.util.internal.ThreadExecutorMap$2.run(ThreadExecutorMap.java:74)
	at com.alibaba.nacos.shaded.io.grpc.netty.shaded.io.netty.util.concurrent.FastThreadLocalRunnable.run(FastThreadLocalRunnable.java:30)
	at java.base/java.lang.Thread.run(Thread.java:842)
2025-10-30 15:44:38.446 [com.alibaba.nacos.client.remote.worker] INFO  com.alibaba.nacos.common.remote.client - [7c9b3d26-7bcf-45dc-becf-7a498bbd3d8d_config-0] Fail to connect server, after trying 16 times, last try server is {serverIp = 'localhost', server main port = 8848}, error = unknown
2025-10-30 15:44:40.148 [com.alibaba.nacos.client.remote.worker] INFO  c.a.nacos.common.remote.client.grpc.GrpcClient - grpc client connection server:localhost ip,serverPort:9848,grpcTslConfig:{"sslProvider":"OPENSSL","enableTls":false,"mutualAuthEnable":false,"trustAll":false}
2025-10-30 15:44:40.153 [com.alibaba.nacos.client.remote.worker] ERROR c.a.nacos.common.remote.client.grpc.GrpcClient - Server check fail, please check server localhost ,port 9848 is available , error ={}
java.util.concurrent.ExecutionException: com.alibaba.nacos.shaded.io.grpc.StatusRuntimeException: UNAVAILABLE: io exception
	at com.alibaba.nacos.shaded.com.google.common.util.concurrent.AbstractFuture.getDoneValue(AbstractFuture.java:566)
	at com.alibaba.nacos.shaded.com.google.common.util.concurrent.AbstractFuture.get(AbstractFuture.java:445)
	at com.alibaba.nacos.common.remote.client.grpc.GrpcClient.serverCheck(GrpcClient.java:218)
	at com.alibaba.nacos.common.remote.client.grpc.GrpcClient.connectToServer(GrpcClient.java:329)
	at com.alibaba.nacos.common.remote.client.RpcClient.reconnect(RpcClient.java:502)
	at com.alibaba.nacos.common.remote.client.RpcClient.lambda$start$2(RpcClient.java:343)
	at java.base/java.util.concurrent.Executors$RunnableAdapter.call(Executors.java:539)
	at java.base/java.util.concurrent.FutureTask.run(FutureTask.java:264)
	at java.base/java.util.concurrent.ScheduledThreadPoolExecutor$ScheduledFutureTask.run(ScheduledThreadPoolExecutor.java:304)
	at java.base/java.util.concurrent.ThreadPoolExecutor.runWorker(ThreadPoolExecutor.java:1136)
	at java.base/java.util.concurrent.ThreadPoolExecutor$Worker.run(ThreadPoolExecutor.java:635)
	at java.base/java.lang.Thread.run(Thread.java:842)
Caused by: com.alibaba.nacos.shaded.io.grpc.StatusRuntimeException: UNAVAILABLE: io exception
	at com.alibaba.nacos.shaded.io.grpc.Status.asRuntimeException(Status.java:539)
	at com.alibaba.nacos.shaded.io.grpc.stub.ClientCalls$UnaryStreamToFuture.onClose(ClientCalls.java:544)
	at com.alibaba.nacos.shaded.io.grpc.internal.DelayedClientCall$DelayedListener$3.run(DelayedClientCall.java:471)
	at com.alibaba.nacos.shaded.io.grpc.internal.DelayedClientCall$DelayedListener.delayOrExecute(DelayedClientCall.java:435)
	at com.alibaba.nacos.shaded.io.grpc.internal.DelayedClientCall$DelayedListener.onClose(DelayedClientCall.java:468)
	at com.alibaba.nacos.shaded.io.grpc.internal.ClientCallImpl.closeObserver(ClientCallImpl.java:563)
	at com.alibaba.nacos.shaded.io.grpc.internal.ClientCallImpl.access$300(ClientCallImpl.java:70)
	at com.alibaba.nacos.shaded.io.grpc.internal.ClientCallImpl$ClientStreamListenerImpl$1StreamClosed.runInternal(ClientCallImpl.java:744)
	at com.alibaba.nacos.shaded.io.grpc.internal.ClientCallImpl$ClientStreamListenerImpl$1StreamClosed.runInContext(ClientCallImpl.java:723)
	at com.alibaba.nacos.shaded.io.grpc.internal.ContextRunnable.run(ContextRunnable.java:37)
	at com.alibaba.nacos.shaded.io.grpc.internal.SerializingExecutor.run(SerializingExecutor.java:133)
	... 3 common frames omitted
Caused by: com.alibaba.nacos.shaded.io.grpc.netty.shaded.io.netty.channel.AbstractChannel$AnnotatedConnectException: Connection refused: no further information: localhost/[0:0:0:0:0:0:0:1]:9848
Caused by: java.net.ConnectException: Connection refused: no further information
	at java.base/sun.nio.ch.Net.pollConnect(Native Method)
	at java.base/sun.nio.ch.Net.pollConnectNow(Net.java:672)
	at java.base/sun.nio.ch.SocketChannelImpl.finishConnect(SocketChannelImpl.java:946)
	at com.alibaba.nacos.shaded.io.grpc.netty.shaded.io.netty.channel.socket.nio.NioSocketChannel.doFinishConnect(NioSocketChannel.java:337)
	at com.alibaba.nacos.shaded.io.grpc.netty.shaded.io.netty.channel.nio.AbstractNioChannel$AbstractNioUnsafe.finishConnect(AbstractNioChannel.java:334)
	at com.alibaba.nacos.shaded.io.grpc.netty.shaded.io.netty.channel.nio.NioEventLoop.processSelectedKey(NioEventLoop.java:710)
	at com.alibaba.nacos.shaded.io.grpc.netty.shaded.io.netty.channel.nio.NioEventLoop.processSelectedKeysOptimized(NioEventLoop.java:658)
	at com.alibaba.nacos.shaded.io.grpc.netty.shaded.io.netty.channel.nio.NioEventLoop.processSelectedKeys(NioEventLoop.java:584)
	at com.alibaba.nacos.shaded.io.grpc.netty.shaded.io.netty.channel.nio.NioEventLoop.run(NioEventLoop.java:496)
	at com.alibaba.nacos.shaded.io.grpc.netty.shaded.io.netty.util.concurrent.SingleThreadEventExecutor$4.run(SingleThreadEventExecutor.java:997)
	at com.alibaba.nacos.shaded.io.grpc.netty.shaded.io.netty.util.internal.ThreadExecutorMap$2.run(ThreadExecutorMap.java:74)
	at com.alibaba.nacos.shaded.io.grpc.netty.shaded.io.netty.util.concurrent.FastThreadLocalRunnable.run(FastThreadLocalRunnable.java:30)
	at java.base/java.lang.Thread.run(Thread.java:842)
2025-10-30 15:44:40.154 [com.alibaba.nacos.client.remote.worker] INFO  com.alibaba.nacos.common.remote.client - [7c9b3d26-7bcf-45dc-becf-7a498bbd3d8d_config-0] Fail to connect server, after trying 17 times, last try server is {serverIp = 'localhost', server main port = 8848}, error = unknown
2025-10-30 15:44:41.962 [com.alibaba.nacos.client.remote.worker] INFO  c.a.nacos.common.remote.client.grpc.GrpcClient - grpc client connection server:localhost ip,serverPort:9848,grpcTslConfig:{"sslProvider":"OPENSSL","enableTls":false,"mutualAuthEnable":false,"trustAll":false}
2025-10-30 15:44:41.969 [com.alibaba.nacos.client.remote.worker] ERROR c.a.nacos.common.remote.client.grpc.GrpcClient - Server check fail, please check server localhost ,port 9848 is available , error ={}
java.util.concurrent.ExecutionException: com.alibaba.nacos.shaded.io.grpc.StatusRuntimeException: UNAVAILABLE: io exception
	at com.alibaba.nacos.shaded.com.google.common.util.concurrent.AbstractFuture.getDoneValue(AbstractFuture.java:566)
	at com.alibaba.nacos.shaded.com.google.common.util.concurrent.AbstractFuture.get(AbstractFuture.java:445)
	at com.alibaba.nacos.common.remote.client.grpc.GrpcClient.serverCheck(GrpcClient.java:218)
	at com.alibaba.nacos.common.remote.client.grpc.GrpcClient.connectToServer(GrpcClient.java:329)
	at com.alibaba.nacos.common.remote.client.RpcClient.reconnect(RpcClient.java:502)
	at com.alibaba.nacos.common.remote.client.RpcClient.lambda$start$2(RpcClient.java:343)
	at java.base/java.util.concurrent.Executors$RunnableAdapter.call(Executors.java:539)
	at java.base/java.util.concurrent.FutureTask.run(FutureTask.java:264)
	at java.base/java.util.concurrent.ScheduledThreadPoolExecutor$ScheduledFutureTask.run(ScheduledThreadPoolExecutor.java:304)
	at java.base/java.util.concurrent.ThreadPoolExecutor.runWorker(ThreadPoolExecutor.java:1136)
	at java.base/java.util.concurrent.ThreadPoolExecutor$Worker.run(ThreadPoolExecutor.java:635)
	at java.base/java.lang.Thread.run(Thread.java:842)
Caused by: com.alibaba.nacos.shaded.io.grpc.StatusRuntimeException: UNAVAILABLE: io exception
	at com.alibaba.nacos.shaded.io.grpc.Status.asRuntimeException(Status.java:539)
	at com.alibaba.nacos.shaded.io.grpc.stub.ClientCalls$UnaryStreamToFuture.onClose(ClientCalls.java:544)
	at com.alibaba.nacos.shaded.io.grpc.internal.DelayedClientCall$DelayedListener$3.run(DelayedClientCall.java:471)
	at com.alibaba.nacos.shaded.io.grpc.internal.DelayedClientCall$DelayedListener.delayOrExecute(DelayedClientCall.java:435)
	at com.alibaba.nacos.shaded.io.grpc.internal.DelayedClientCall$DelayedListener.onClose(DelayedClientCall.java:468)
	at com.alibaba.nacos.shaded.io.grpc.internal.ClientCallImpl.closeObserver(ClientCallImpl.java:563)
	at com.alibaba.nacos.shaded.io.grpc.internal.ClientCallImpl.access$300(ClientCallImpl.java:70)
	at com.alibaba.nacos.shaded.io.grpc.internal.ClientCallImpl$ClientStreamListenerImpl$1StreamClosed.runInternal(ClientCallImpl.java:744)
	at com.alibaba.nacos.shaded.io.grpc.internal.ClientCallImpl$ClientStreamListenerImpl$1StreamClosed.runInContext(ClientCallImpl.java:723)
	at com.alibaba.nacos.shaded.io.grpc.internal.ContextRunnable.run(ContextRunnable.java:37)
	at com.alibaba.nacos.shaded.io.grpc.internal.SerializingExecutor.run(SerializingExecutor.java:133)
	... 3 common frames omitted
Caused by: com.alibaba.nacos.shaded.io.grpc.netty.shaded.io.netty.channel.AbstractChannel$AnnotatedConnectException: Connection refused: no further information: localhost/[0:0:0:0:0:0:0:1]:9848
Caused by: java.net.ConnectException: Connection refused: no further information
	at java.base/sun.nio.ch.Net.pollConnect(Native Method)
	at java.base/sun.nio.ch.Net.pollConnectNow(Net.java:672)
	at java.base/sun.nio.ch.SocketChannelImpl.finishConnect(SocketChannelImpl.java:946)
	at com.alibaba.nacos.shaded.io.grpc.netty.shaded.io.netty.channel.socket.nio.NioSocketChannel.doFinishConnect(NioSocketChannel.java:337)
	at com.alibaba.nacos.shaded.io.grpc.netty.shaded.io.netty.channel.nio.AbstractNioChannel$AbstractNioUnsafe.finishConnect(AbstractNioChannel.java:334)
	at com.alibaba.nacos.shaded.io.grpc.netty.shaded.io.netty.channel.nio.NioEventLoop.processSelectedKey(NioEventLoop.java:710)
	at com.alibaba.nacos.shaded.io.grpc.netty.shaded.io.netty.channel.nio.NioEventLoop.processSelectedKeysOptimized(NioEventLoop.java:658)
	at com.alibaba.nacos.shaded.io.grpc.netty.shaded.io.netty.channel.nio.NioEventLoop.processSelectedKeys(NioEventLoop.java:584)
	at com.alibaba.nacos.shaded.io.grpc.netty.shaded.io.netty.channel.nio.NioEventLoop.run(NioEventLoop.java:496)
	at com.alibaba.nacos.shaded.io.grpc.netty.shaded.io.netty.util.concurrent.SingleThreadEventExecutor$4.run(SingleThreadEventExecutor.java:997)
	at com.alibaba.nacos.shaded.io.grpc.netty.shaded.io.netty.util.internal.ThreadExecutorMap$2.run(ThreadExecutorMap.java:74)
	at com.alibaba.nacos.shaded.io.grpc.netty.shaded.io.netty.util.concurrent.FastThreadLocalRunnable.run(FastThreadLocalRunnable.java:30)
	at java.base/java.lang.Thread.run(Thread.java:842)
2025-10-30 15:44:41.970 [com.alibaba.nacos.client.remote.worker] INFO  com.alibaba.nacos.common.remote.client - [7c9b3d26-7bcf-45dc-becf-7a498bbd3d8d_config-0] Fail to connect server, after trying 18 times, last try server is {serverIp = 'localhost', server main port = 8848}, error = unknown
2025-10-30 15:44:43.878 [com.alibaba.nacos.client.remote.worker] INFO  c.a.nacos.common.remote.client.grpc.GrpcClient - grpc client connection server:localhost ip,serverPort:9848,grpcTslConfig:{"sslProvider":"OPENSSL","enableTls":false,"mutualAuthEnable":false,"trustAll":false}
2025-10-30 15:44:43.883 [com.alibaba.nacos.client.remote.worker] ERROR c.a.nacos.common.remote.client.grpc.GrpcClient - Server check fail, please check server localhost ,port 9848 is available , error ={}
java.util.concurrent.ExecutionException: com.alibaba.nacos.shaded.io.grpc.StatusRuntimeException: UNAVAILABLE: io exception
	at com.alibaba.nacos.shaded.com.google.common.util.concurrent.AbstractFuture.getDoneValue(AbstractFuture.java:566)
	at com.alibaba.nacos.shaded.com.google.common.util.concurrent.AbstractFuture.get(AbstractFuture.java:445)
	at com.alibaba.nacos.common.remote.client.grpc.GrpcClient.serverCheck(GrpcClient.java:218)
	at com.alibaba.nacos.common.remote.client.grpc.GrpcClient.connectToServer(GrpcClient.java:329)
	at com.alibaba.nacos.common.remote.client.RpcClient.reconnect(RpcClient.java:502)
	at com.alibaba.nacos.common.remote.client.RpcClient.lambda$start$2(RpcClient.java:343)
	at java.base/java.util.concurrent.Executors$RunnableAdapter.call(Executors.java:539)
	at java.base/java.util.concurrent.FutureTask.run(FutureTask.java:264)
	at java.base/java.util.concurrent.ScheduledThreadPoolExecutor$ScheduledFutureTask.run(ScheduledThreadPoolExecutor.java:304)
	at java.base/java.util.concurrent.ThreadPoolExecutor.runWorker(ThreadPoolExecutor.java:1136)
	at java.base/java.util.concurrent.ThreadPoolExecutor$Worker.run(ThreadPoolExecutor.java:635)
	at java.base/java.lang.Thread.run(Thread.java:842)
Caused by: com.alibaba.nacos.shaded.io.grpc.StatusRuntimeException: UNAVAILABLE: io exception
	at com.alibaba.nacos.shaded.io.grpc.Status.asRuntimeException(Status.java:539)
	at com.alibaba.nacos.shaded.io.grpc.stub.ClientCalls$UnaryStreamToFuture.onClose(ClientCalls.java:544)
	at com.alibaba.nacos.shaded.io.grpc.internal.DelayedClientCall$DelayedListener$3.run(DelayedClientCall.java:471)
	at com.alibaba.nacos.shaded.io.grpc.internal.DelayedClientCall$DelayedListener.delayOrExecute(DelayedClientCall.java:435)
	at com.alibaba.nacos.shaded.io.grpc.internal.DelayedClientCall$DelayedListener.onClose(DelayedClientCall.java:468)
	at com.alibaba.nacos.shaded.io.grpc.internal.ClientCallImpl.closeObserver(ClientCallImpl.java:563)
	at com.alibaba.nacos.shaded.io.grpc.internal.ClientCallImpl.access$300(ClientCallImpl.java:70)
	at com.alibaba.nacos.shaded.io.grpc.internal.ClientCallImpl$ClientStreamListenerImpl$1StreamClosed.runInternal(ClientCallImpl.java:744)
	at com.alibaba.nacos.shaded.io.grpc.internal.ClientCallImpl$ClientStreamListenerImpl$1StreamClosed.runInContext(ClientCallImpl.java:723)
	at com.alibaba.nacos.shaded.io.grpc.internal.ContextRunnable.run(ContextRunnable.java:37)
	at com.alibaba.nacos.shaded.io.grpc.internal.SerializingExecutor.run(SerializingExecutor.java:133)
	... 3 common frames omitted
Caused by: com.alibaba.nacos.shaded.io.grpc.netty.shaded.io.netty.channel.AbstractChannel$AnnotatedConnectException: Connection refused: no further information: localhost/[0:0:0:0:0:0:0:1]:9848
Caused by: java.net.ConnectException: Connection refused: no further information
	at java.base/sun.nio.ch.Net.pollConnect(Native Method)
	at java.base/sun.nio.ch.Net.pollConnectNow(Net.java:672)
	at java.base/sun.nio.ch.SocketChannelImpl.finishConnect(SocketChannelImpl.java:946)
	at com.alibaba.nacos.shaded.io.grpc.netty.shaded.io.netty.channel.socket.nio.NioSocketChannel.doFinishConnect(NioSocketChannel.java:337)
	at com.alibaba.nacos.shaded.io.grpc.netty.shaded.io.netty.channel.nio.AbstractNioChannel$AbstractNioUnsafe.finishConnect(AbstractNioChannel.java:334)
	at com.alibaba.nacos.shaded.io.grpc.netty.shaded.io.netty.channel.nio.NioEventLoop.processSelectedKey(NioEventLoop.java:710)
	at com.alibaba.nacos.shaded.io.grpc.netty.shaded.io.netty.channel.nio.NioEventLoop.processSelectedKeysOptimized(NioEventLoop.java:658)
	at com.alibaba.nacos.shaded.io.grpc.netty.shaded.io.netty.channel.nio.NioEventLoop.processSelectedKeys(NioEventLoop.java:584)
	at com.alibaba.nacos.shaded.io.grpc.netty.shaded.io.netty.channel.nio.NioEventLoop.run(NioEventLoop.java:496)
	at com.alibaba.nacos.shaded.io.grpc.netty.shaded.io.netty.util.concurrent.SingleThreadEventExecutor$4.run(SingleThreadEventExecutor.java:997)
	at com.alibaba.nacos.shaded.io.grpc.netty.shaded.io.netty.util.internal.ThreadExecutorMap$2.run(ThreadExecutorMap.java:74)
	at com.alibaba.nacos.shaded.io.grpc.netty.shaded.io.netty.util.concurrent.FastThreadLocalRunnable.run(FastThreadLocalRunnable.java:30)
	at java.base/java.lang.Thread.run(Thread.java:842)
2025-10-30 15:44:43.884 [com.alibaba.nacos.client.remote.worker] INFO  com.alibaba.nacos.common.remote.client - [7c9b3d26-7bcf-45dc-becf-7a498bbd3d8d_config-0] Fail to connect server, after trying 19 times, last try server is {serverIp = 'localhost', server main port = 8848}, error = unknown
2025-10-30 15:44:45.893 [com.alibaba.nacos.client.remote.worker] INFO  c.a.nacos.common.remote.client.grpc.GrpcClient - grpc client connection server:localhost ip,serverPort:9848,grpcTslConfig:{"sslProvider":"OPENSSL","enableTls":false,"mutualAuthEnable":false,"trustAll":false}
2025-10-30 15:44:46.320 [com.alibaba.nacos.client.Worker] ERROR com.alibaba.nacos.common.remote.client - Send request fail, request = ConfigBatchListenRequest{headers={charset=UTF-8, Client-AppName=unknown, Client-RequestToken=c90444c406cceb7a05fa8231e5fcea2b, Client-RequestTS=1761810286210, exConfigInfo=true}, requestId='null'}, retryTimes = 0, errorMessage = Client not connected, current status:UNHEALTHY
2025-10-30 15:44:46.398 [com.alibaba.nacos.client.remote.worker] INFO  com.alibaba.nacos.common.remote.client - [7c9b3d26-7bcf-45dc-becf-7a498bbd3d8d_config-0] Fail to connect server, after trying 20 times, last try server is {serverIp = 'localhost', server main port = 8848}, error = unknown
2025-10-30 15:44:46.430 [com.alibaba.nacos.client.Worker] ERROR com.alibaba.nacos.common.remote.client - Send request fail, request = ConfigBatchListenRequest{headers={charset=UTF-8, Client-AppName=unknown, Client-RequestToken=c90444c406cceb7a05fa8231e5fcea2b, Client-RequestTS=1761810286210, exConfigInfo=true}, requestId='null'}, retryTimes = 1, errorMessage = Client not connected, current status:UNHEALTHY
2025-10-30 15:44:46.541 [com.alibaba.nacos.client.Worker] ERROR com.alibaba.nacos.common.remote.client - Send request fail, request = ConfigBatchListenRequest{headers={charset=UTF-8, Client-AppName=unknown, Client-RequestToken=c90444c406cceb7a05fa8231e5fcea2b, Client-RequestTS=1761810286210, exConfigInfo=true}, requestId='null'}, retryTimes = 2, errorMessage = Client not connected, current status:UNHEALTHY
2025-10-30 15:44:46.541 [com.alibaba.nacos.client.Worker] ERROR com.alibaba.nacos.client.config.impl.ClientWorker - Async listen config change error 
com.alibaba.nacos.api.exception.NacosException: Client not connected, current status:UNHEALTHY
	at com.alibaba.nacos.common.remote.client.RpcClient.request(RpcClient.java:643)
	at com.alibaba.nacos.client.config.impl.ClientWorker$ConfigRpcTransportClient.requestProxy(ClientWorker.java:1011)
	at com.alibaba.nacos.client.config.impl.ClientWorker$ConfigRpcTransportClient.requestProxy(ClientWorker.java:992)
	at com.alibaba.nacos.client.config.impl.ClientWorker$ConfigRpcTransportClient.executeConfigListen(ClientWorker.java:786)
	at com.alibaba.nacos.client.config.impl.ClientWorker$ConfigRpcTransportClient.lambda$startInternal$2(ClientWorker.java:704)
	at java.base/java.util.concurrent.Executors$RunnableAdapter.call(Executors.java:539)
	at java.base/java.util.concurrent.FutureTask.run(FutureTask.java:264)
	at java.base/java.util.concurrent.ScheduledThreadPoolExecutor$ScheduledFutureTask.run(ScheduledThreadPoolExecutor.java:304)
	at java.base/java.util.concurrent.ThreadPoolExecutor.runWorker(ThreadPoolExecutor.java:1136)
	at java.base/java.util.concurrent.ThreadPoolExecutor$Worker.run(ThreadPoolExecutor.java:635)
	at java.base/java.lang.Thread.run(Thread.java:842)
2025-10-30 15:44:48.509 [com.alibaba.nacos.client.remote.worker] INFO  c.a.nacos.common.remote.client.grpc.GrpcClient - grpc client connection server:localhost ip,serverPort:9848,grpcTslConfig:{"sslProvider":"OPENSSL","enableTls":false,"mutualAuthEnable":false,"trustAll":false}
2025-10-30 15:44:48.634 [com.alibaba.nacos.client.remote.worker] INFO  com.alibaba.nacos.common.remote.client - [7c9b3d26-7bcf-45dc-becf-7a498bbd3d8d_config-0] Success to connect a server [localhost:8848], connectionId = 1761810288513_127.0.0.1_4172
2025-10-30 15:44:48.634 [com.alibaba.nacos.client.remote.worker] INFO  com.alibaba.nacos.common.remote.client - [7c9b3d26-7bcf-45dc-becf-7a498bbd3d8d_config-0] Abandon prev connection, server is localhost:8848, connectionId is 1761809985941_127.0.0.1_3749
2025-10-30 15:44:48.634 [com.alibaba.nacos.client.remote.worker] INFO  com.alibaba.nacos.common.remote.client - Close current connection 1761809985941_127.0.0.1_3749
2025-10-30 15:44:48.634 [com.alibaba.nacos.client.remote.worker] INFO  com.alibaba.nacos.common.remote.client - [7c9b3d26-7bcf-45dc-becf-7a498bbd3d8d_config-0] Notify disconnected event to listeners
2025-10-30 15:44:48.634 [com.alibaba.nacos.client.remote.worker] INFO  com.alibaba.nacos.client.config.impl.ClientWorker - [7c9b3d26-7bcf-45dc-becf-7a498bbd3d8d_config-0] DisConnected,clear listen context...
2025-10-30 15:44:48.634 [com.alibaba.nacos.client.remote.worker] INFO  com.alibaba.nacos.common.remote.client - [7c9b3d26-7bcf-45dc-becf-7a498bbd3d8d_config-0] Notify connected event to listeners.
2025-10-30 15:44:48.634 [com.alibaba.nacos.client.remote.worker] INFO  com.alibaba.nacos.client.config.impl.ClientWorker - [7c9b3d26-7bcf-45dc-becf-7a498bbd3d8d_config-0] Connected,notify listen context...
2025-10-30 15:48:52.861 [main] INFO  c.a.b.nacos.config.util.NacosConfigPropertiesUtils - nacosConfigProperties : NacosConfigProperties{serverAddr='http://127.0.0.1:8848/', contextPath='null', encode='null', endpoint='null', namespace='null', accessKey='******', secretKey='******', ramRoleName='null', autoRefresh=true, dataId='xiaohashu-auth', dataIds='null', group='DEFAULT_GROUP', type=YAML, maxRetry='null', configLongPollTimeout='null', configRetryTime='null', enableRemoteSyncConfig=false, extConfig=[], bootstrap=Bootstrap{enable=true, snapshotEnable=false, logEnable=false}}
2025-10-30 15:48:52.906 [main] INFO  c.a.b.nacos.config.util.NacosConfigPropertiesUtils - nacosConfigProperties : NacosConfigProperties{serverAddr='http://127.0.0.1:8848/', contextPath='null', encode='null', endpoint='null', namespace='null', accessKey='******', secretKey='******', ramRoleName='null', autoRefresh=true, dataId='xiaohashu-auth', dataIds='null', group='DEFAULT_GROUP', type=YAML, maxRetry='null', configLongPollTimeout='null', configRetryTime='null', enableRemoteSyncConfig=false, extConfig=[], bootstrap=Bootstrap{enable=true, snapshotEnable=false, logEnable=false}}
2025-10-30 15:48:52.915 [main] WARN  com.alibaba.nacos.client.logging.NacosLogging - Load Logback Configuration of Nacos fail, message: Could not initialize Logback Nacos logging from classpath:nacos-logback.xml
2025-10-30 15:48:52.915 [main] INFO  c.a.n.client.config.impl.LocalConfigInfoProcessor - LOCAL_SNAPSHOT_PATH:C:\Users\hp\nacos\config
2025-10-30 15:48:52.924 [main] INFO  com.alibaba.nacos.client.utils.ParamUtil - [settings] [req-serv] nacos-server port:8848
2025-10-30 15:48:52.925 [main] INFO  com.alibaba.nacos.client.utils.ParamUtil - [settings] [http-client] connect timeout:1000
2025-10-30 15:48:52.925 [main] INFO  com.alibaba.nacos.client.utils.ParamUtil - PER_TASK_CONFIG_SIZE: 3000.0
2025-10-30 15:48:52.943 [main] INFO  c.a.n.p.auth.spi.client.ClientAuthPluginManager - [ClientAuthPluginManager] Load ClientAuthService com.alibaba.nacos.client.auth.impl.NacosClientAuthServiceImpl success.
2025-10-30 15:48:52.944 [main] INFO  c.a.n.p.auth.spi.client.ClientAuthPluginManager - [ClientAuthPluginManager] Load ClientAuthService com.alibaba.nacos.client.auth.ram.RamClientAuthServiceImpl success.
2025-10-30 15:48:52.946 [main] INFO  c.a.n.client.auth.ram.identify.CredentialWatcher - null No credential found
2025-10-30 15:48:52.955 [main] INFO  com.alibaba.nacos.common.remote.client - [RpcClientFactory] create a new rpc client of b3773eab-8e1a-4e8a-aa3e-ca78b176315d_config-0
2025-10-30 15:48:52.969 [main] INFO  com.alibaba.nacos.common.remote.client - [b3773eab-8e1a-4e8a-aa3e-ca78b176315d_config-0] Register server push request handler:com.alibaba.nacos.client.config.impl.ClientWorker$ConfigRpcTransportClient$$Lambda$413/0x00000238a2275b88
2025-10-30 15:48:52.969 [main] INFO  com.alibaba.nacos.common.remote.client - [b3773eab-8e1a-4e8a-aa3e-ca78b176315d_config-0] Register server push request handler:com.alibaba.nacos.client.config.impl.ClientWorker$ConfigRpcTransportClient$$Lambda$414/0x00000238a22763e8
2025-10-30 15:48:52.972 [main] INFO  com.alibaba.nacos.common.remote.client - [b3773eab-8e1a-4e8a-aa3e-ca78b176315d_config-0] Registry connection listener to current client:com.alibaba.nacos.client.config.impl.ClientWorker$ConfigRpcTransportClient$1
2025-10-30 15:48:52.972 [main] INFO  com.alibaba.nacos.common.remote.client - [b3773eab-8e1a-4e8a-aa3e-ca78b176315d_config-0] RpcClient init, ServerListFactory = com.alibaba.nacos.client.config.impl.ClientWorker$ConfigRpcTransportClient$2
2025-10-30 15:48:52.980 [main] INFO  com.alibaba.nacos.common.remote.client - [b3773eab-8e1a-4e8a-aa3e-ca78b176315d_config-0] Try to connect to server on start up, server: {serverIp = '127.0.0.1', server main port = 8848}
2025-10-30 15:48:53.102 [main] INFO  c.a.nacos.common.remote.client.grpc.GrpcClient - grpc client connection server:127.0.0.1 ip,serverPort:9848,grpcTslConfig:{"sslProvider":"OPENSSL","enableTls":false,"mutualAuthEnable":false,"trustAll":false}
2025-10-30 15:48:53.831 [main] INFO  com.alibaba.nacos.common.remote.client - [b3773eab-8e1a-4e8a-aa3e-ca78b176315d_config-0] Success to connect to server [127.0.0.1:8848] on start up, connectionId = 1761810533674_127.0.0.1_4603
2025-10-30 15:48:53.831 [com.alibaba.nacos.client.remote.worker] INFO  com.alibaba.nacos.common.remote.client - [b3773eab-8e1a-4e8a-aa3e-ca78b176315d_config-0] Notify connected event to listeners.
2025-10-30 15:48:53.832 [com.alibaba.nacos.client.remote.worker] INFO  com.alibaba.nacos.client.config.impl.ClientWorker - [b3773eab-8e1a-4e8a-aa3e-ca78b176315d_config-0] Connected,notify listen context...
2025-10-30 15:48:53.832 [main] INFO  com.alibaba.nacos.common.remote.client - [b3773eab-8e1a-4e8a-aa3e-ca78b176315d_config-0] Register server push request handler:com.alibaba.nacos.common.remote.client.RpcClient$ConnectResetRequestHandler
2025-10-30 15:48:53.832 [main] INFO  com.alibaba.nacos.common.remote.client - [b3773eab-8e1a-4e8a-aa3e-ca78b176315d_config-0] Register server push request handler:com.alibaba.nacos.common.remote.client.RpcClient$$Lambda$477/0x00000238a23ddcf0
2025-10-30 15:48:53.851 [main] INFO  com.alibaba.nacos.client.config.impl.Limiter - limitTime:5.0
2025-10-30 15:48:53.928 [main] INFO  c.alibaba.boot.nacos.config.util.NacosConfigLoader - load config from nacos, data-id is : xiaohashu-auth, group is : DEFAULT_GROUP
2025-10-30 15:48:53.930 [main] INFO  com.alibaba.nacos.client.config.impl.CacheData - nacos.cache.data.init.snapshot = true 
2025-10-30 15:48:53.930 [main] INFO  com.alibaba.nacos.client.config.impl.ClientWorker - [fixed-127.0.0.1_8848_] [subscribe] xiaohashu-auth+DEFAULT_GROUP
2025-10-30 15:48:53.933 [main] INFO  com.alibaba.nacos.client.config.impl.CacheData - [fixed-127.0.0.1_8848_] [add-listener] ok, tenant=, dataId=xiaohashu-auth, group=DEFAULT_GROUP, cnt=1
2025-10-30 15:48:53.936 [main] INFO  c.q.xiaohashu.auth.XiaohashuAuthApplication - Starting XiaohashuAuthApplication using Java 17.0.12 with PID 24236 (E:\xiaohashu\xiaohashu-auth\target\classes started by hp in E:\xiaohashu)
2025-10-30 15:48:53.937 [main] INFO  c.q.xiaohashu.auth.XiaohashuAuthApplication - The following 1 profile is active: "dev"
2025-10-30 15:48:54.413 [main] INFO  o.s.d.r.config.RepositoryConfigurationDelegate - Multiple Spring Data modules found, entering strict repository configuration mode
2025-10-30 15:48:54.414 [main] INFO  o.s.d.r.config.RepositoryConfigurationDelegate - Bootstrapping Spring Data Redis repositories in DEFAULT mode.
2025-10-30 15:48:54.433 [main] INFO  o.s.d.r.config.RepositoryConfigurationDelegate - Finished Spring Data repository scanning in 9 ms. Found 0 Redis repository interfaces.
2025-10-30 15:48:54.877 [main] INFO  o.s.boot.web.embedded.tomcat.TomcatWebServer - Tomcat initialized with port(s): 8080 (http)
2025-10-30 15:48:54.883 [main] INFO  org.apache.catalina.core.StandardService - Starting service [Tomcat]
2025-10-30 15:48:54.883 [main] INFO  org.apache.catalina.core.StandardEngine - Starting Servlet engine: [Apache Tomcat/10.1.5]
2025-10-30 15:48:54.945 [main] INFO  o.a.c.core.ContainerBase.[Tomcat].[localhost].[/] - Initializing Spring embedded WebApplicationContext
2025-10-30 15:48:54.945 [main] INFO  o.s.b.w.s.c.ServletWebServerApplicationContext - Root WebApplicationContext: initialization completed in 980 ms
2025-10-30 15:48:54.995 [main] WARN  o.s.b.w.s.c.AnnotationConfigServletWebServerApplicationContext - Exception encountered during context initialization - cancelling refresh attempt: org.springframework.beans.factory.BeanCreationException: Error creating bean with name 'testController': Injection of @NacosValue dependencies is failed
2025-10-30 15:48:54.995 [main] INFO  c.a.n.s.c.a.c.NacosValueAnnotationBeanPostProcessor - class com.alibaba.nacos.spring.context.annotation.config.NacosValueAnnotationBeanPostProcessor was destroying!
2025-10-30 15:48:54.995 [main] INFO  c.a.n.s.b.f.a.AnnotationNacosInjectedBeanPostProcessor - class com.alibaba.nacos.spring.beans.factory.annotation.AnnotationNacosInjectedBeanPostProcessor was destroying!
2025-10-30 15:48:54.997 [main] INFO  org.apache.catalina.core.StandardService - Stopping service [Tomcat]
2025-10-30 15:48:55.011 [main] INFO  o.s.b.a.logging.ConditionEvaluationReportLogger - 

Error starting ApplicationContext. To display the condition evaluation report re-run your application with 'debug' enabled.
2025-10-30 15:48:55.024 [main] ERROR org.springframework.boot.SpringApplication - Application run failed
org.springframework.beans.factory.BeanCreationException: Error creating bean with name 'testController': Injection of @NacosValue dependencies is failed
	at com.alibaba.nacos.spring.beans.factory.annotation.AbstractAnnotationBeanPostProcessor.postProcessProperties(AbstractAnnotationBeanPostProcessor.java:182)
	at org.springframework.beans.factory.support.AbstractAutowireCapableBeanFactory.populateBean(AbstractAutowireCapableBeanFactory.java:1397)
	at org.springframework.beans.factory.support.AbstractAutowireCapableBeanFactory.doCreateBean(AbstractAutowireCapableBeanFactory.java:598)
	at org.springframework.beans.factory.support.AbstractAutowireCapableBeanFactory.createBean(AbstractAutowireCapableBeanFactory.java:521)
	at org.springframework.beans.factory.support.AbstractBeanFactory.lambda$doGetBean$0(AbstractBeanFactory.java:326)
	at org.springframework.beans.factory.support.DefaultSingletonBeanRegistry.getSingleton(DefaultSingletonBeanRegistry.java:234)
	at org.springframework.beans.factory.support.AbstractBeanFactory.doGetBean(AbstractBeanFactory.java:324)
	at org.springframework.beans.factory.support.AbstractBeanFactory.getBean(AbstractBeanFactory.java:200)
	at org.springframework.beans.factory.support.DefaultListableBeanFactory.preInstantiateSingletons(DefaultListableBeanFactory.java:961)
	at org.springframework.context.support.AbstractApplicationContext.finishBeanFactoryInitialization(AbstractApplicationContext.java:915)
	at org.springframework.context.support.AbstractApplicationContext.refresh(AbstractApplicationContext.java:584)
	at org.springframework.boot.web.servlet.context.ServletWebServerApplicationContext.refresh(ServletWebServerApplicationContext.java:146)
	at org.springframework.boot.SpringApplication.refresh(SpringApplication.java:730)
	at org.springframework.boot.SpringApplication.refreshContext(SpringApplication.java:432)
	at org.springframework.boot.SpringApplication.run(SpringApplication.java:308)
	at org.springframework.boot.SpringApplication.run(SpringApplication.java:1302)
	at org.springframework.boot.SpringApplication.run(SpringApplication.java:1291)
	at com.quanxiaoha.xiaohashu.auth.XiaohashuAuthApplication.main(XiaohashuAuthApplication.java:12)
Caused by: java.lang.IllegalArgumentException: Could not resolve placeholder 'rate-limit.api.limit' in value "${rate-limit.api.limit}"
	at org.springframework.util.PropertyPlaceholderHelper.parseStringValue(PropertyPlaceholderHelper.java:180)
	at org.springframework.util.PropertyPlaceholderHelper.replacePlaceholders(PropertyPlaceholderHelper.java:126)
	at org.springframework.core.env.AbstractPropertyResolver.doResolvePlaceholders(AbstractPropertyResolver.java:239)
	at org.springframework.core.env.AbstractPropertyResolver.resolveRequiredPlaceholders(AbstractPropertyResolver.java:210)
	at org.springframework.context.support.PropertySourcesPlaceholderConfigurer.lambda$processProperties$0(PropertySourcesPlaceholderConfigurer.java:191)
	at org.springframework.beans.factory.support.AbstractBeanFactory.resolveEmbeddedValue(AbstractBeanFactory.java:920)
	at com.alibaba.nacos.spring.context.annotation.config.NacosValueAnnotationBeanPostProcessor.resolveStringValue(NacosValueAnnotationBeanPostProcessor.java:189)
	at com.alibaba.nacos.spring.context.annotation.config.NacosValueAnnotationBeanPostProcessor.doGetInjectedBean(NacosValueAnnotationBeanPostProcessor.java:121)
	at com.alibaba.nacos.spring.beans.factory.annotation.AbstractAnnotationBeanPostProcessor.getInjectedObject(AbstractAnnotationBeanPostProcessor.java:408)
	at com.alibaba.nacos.spring.beans.factory.annotation.AbstractAnnotationBeanPostProcessor$AnnotatedFieldElement.inject(AbstractAnnotationBeanPostProcessor.java:625)
	at org.springframework.beans.factory.annotation.InjectionMetadata.inject(InjectionMetadata.java:133)
	at com.alibaba.nacos.spring.beans.factory.annotation.AbstractAnnotationBeanPostProcessor.postProcessProperties(AbstractAnnotationBeanPostProcessor.java:178)
	... 17 common frames omitted
2025-10-30 15:48:55.026 [Thread-1] WARN  c.alibaba.nacos.common.http.HttpClientBeanHolder - [HttpClientBeanHolder] Start destroying common HttpClient
2025-10-30 15:48:55.026 [Thread-6] WARN  com.alibaba.nacos.common.notify.NotifyCenter - [NotifyCenter] Start destroying Publisher
2025-10-30 15:48:55.027 [Thread-6] WARN  com.alibaba.nacos.common.notify.NotifyCenter - [NotifyCenter] Destruction of the end
2025-10-30 15:48:55.027 [Thread-1] WARN  c.alibaba.nacos.common.http.HttpClientBeanHolder - [HttpClientBeanHolder] Destruction of the end
2025-10-30 15:49:27.458 [main] INFO  c.a.b.nacos.config.util.NacosConfigPropertiesUtils - nacosConfigProperties : NacosConfigProperties{serverAddr='http://127.0.0.1:8848/', contextPath='null', encode='null', endpoint='null', namespace='null', accessKey='******', secretKey='******', ramRoleName='null', autoRefresh=true, dataId='xiaohashu-auth', dataIds='null', group='DEFAULT_GROUP', type=YAML, maxRetry='null', configLongPollTimeout='null', configRetryTime='null', enableRemoteSyncConfig=false, extConfig=[], bootstrap=Bootstrap{enable=true, snapshotEnable=false, logEnable=false}}
2025-10-30 15:49:27.504 [main] INFO  c.a.b.nacos.config.util.NacosConfigPropertiesUtils - nacosConfigProperties : NacosConfigProperties{serverAddr='http://127.0.0.1:8848/', contextPath='null', encode='null', endpoint='null', namespace='null', accessKey='******', secretKey='******', ramRoleName='null', autoRefresh=true, dataId='xiaohashu-auth', dataIds='null', group='DEFAULT_GROUP', type=YAML, maxRetry='null', configLongPollTimeout='null', configRetryTime='null', enableRemoteSyncConfig=false, extConfig=[], bootstrap=Bootstrap{enable=true, snapshotEnable=false, logEnable=false}}
2025-10-30 15:49:27.514 [main] WARN  com.alibaba.nacos.client.logging.NacosLogging - Load Logback Configuration of Nacos fail, message: Could not initialize Logback Nacos logging from classpath:nacos-logback.xml
2025-10-30 15:49:27.514 [main] INFO  c.a.n.client.config.impl.LocalConfigInfoProcessor - LOCAL_SNAPSHOT_PATH:C:\Users\hp\nacos\config
2025-10-30 15:49:27.523 [main] INFO  com.alibaba.nacos.client.utils.ParamUtil - [settings] [req-serv] nacos-server port:8848
2025-10-30 15:49:27.523 [main] INFO  com.alibaba.nacos.client.utils.ParamUtil - [settings] [http-client] connect timeout:1000
2025-10-30 15:49:27.524 [main] INFO  com.alibaba.nacos.client.utils.ParamUtil - PER_TASK_CONFIG_SIZE: 3000.0
2025-10-30 15:49:27.540 [main] INFO  c.a.n.p.auth.spi.client.ClientAuthPluginManager - [ClientAuthPluginManager] Load ClientAuthService com.alibaba.nacos.client.auth.impl.NacosClientAuthServiceImpl success.
2025-10-30 15:49:27.540 [main] INFO  c.a.n.p.auth.spi.client.ClientAuthPluginManager - [ClientAuthPluginManager] Load ClientAuthService com.alibaba.nacos.client.auth.ram.RamClientAuthServiceImpl success.
2025-10-30 15:49:27.542 [main] INFO  c.a.n.client.auth.ram.identify.CredentialWatcher - null No credential found
2025-10-30 15:49:27.549 [main] INFO  com.alibaba.nacos.common.remote.client - [RpcClientFactory] create a new rpc client of e657c51b-c940-41e8-ba38-a72f30a73058_config-0
2025-10-30 15:49:27.562 [main] INFO  com.alibaba.nacos.common.remote.client - [e657c51b-c940-41e8-ba38-a72f30a73058_config-0] Register server push request handler:com.alibaba.nacos.client.config.impl.ClientWorker$ConfigRpcTransportClient$$Lambda$413/0x00000165872756b8
2025-10-30 15:49:27.563 [main] INFO  com.alibaba.nacos.common.remote.client - [e657c51b-c940-41e8-ba38-a72f30a73058_config-0] Register server push request handler:com.alibaba.nacos.client.config.impl.ClientWorker$ConfigRpcTransportClient$$Lambda$414/0x0000016587276348
2025-10-30 15:49:27.563 [main] INFO  com.alibaba.nacos.common.remote.client - [e657c51b-c940-41e8-ba38-a72f30a73058_config-0] Registry connection listener to current client:com.alibaba.nacos.client.config.impl.ClientWorker$ConfigRpcTransportClient$1
2025-10-30 15:49:27.563 [main] INFO  com.alibaba.nacos.common.remote.client - [e657c51b-c940-41e8-ba38-a72f30a73058_config-0] RpcClient init, ServerListFactory = com.alibaba.nacos.client.config.impl.ClientWorker$ConfigRpcTransportClient$2
2025-10-30 15:49:27.569 [main] INFO  com.alibaba.nacos.common.remote.client - [e657c51b-c940-41e8-ba38-a72f30a73058_config-0] Try to connect to server on start up, server: {serverIp = '127.0.0.1', server main port = 8848}
2025-10-30 15:49:27.677 [main] INFO  c.a.nacos.common.remote.client.grpc.GrpcClient - grpc client connection server:127.0.0.1 ip,serverPort:9848,grpcTslConfig:{"sslProvider":"OPENSSL","enableTls":false,"mutualAuthEnable":false,"trustAll":false}
2025-10-30 15:49:28.364 [main] INFO  com.alibaba.nacos.common.remote.client - [e657c51b-c940-41e8-ba38-a72f30a73058_config-0] Success to connect to server [127.0.0.1:8848] on start up, connectionId = 1761810568201_127.0.0.1_4618
2025-10-30 15:49:28.364 [com.alibaba.nacos.client.remote.worker] INFO  com.alibaba.nacos.common.remote.client - [e657c51b-c940-41e8-ba38-a72f30a73058_config-0] Notify connected event to listeners.
2025-10-30 15:49:28.364 [main] INFO  com.alibaba.nacos.common.remote.client - [e657c51b-c940-41e8-ba38-a72f30a73058_config-0] Register server push request handler:com.alibaba.nacos.common.remote.client.RpcClient$ConnectResetRequestHandler
2025-10-30 15:49:28.364 [com.alibaba.nacos.client.remote.worker] INFO  com.alibaba.nacos.client.config.impl.ClientWorker - [e657c51b-c940-41e8-ba38-a72f30a73058_config-0] Connected,notify listen context...
2025-10-30 15:49:28.365 [main] INFO  com.alibaba.nacos.common.remote.client - [e657c51b-c940-41e8-ba38-a72f30a73058_config-0] Register server push request handler:com.alibaba.nacos.common.remote.client.RpcClient$$Lambda$477/0x00000165873dd8d0
2025-10-30 15:49:28.379 [main] INFO  com.alibaba.nacos.client.config.impl.Limiter - limitTime:5.0
2025-10-30 15:49:28.392 [main] INFO  c.alibaba.boot.nacos.config.util.NacosConfigLoader - load config from nacos, data-id is : xiaohashu-auth, group is : DEFAULT_GROUP
2025-10-30 15:49:28.394 [main] INFO  com.alibaba.nacos.client.config.impl.CacheData - nacos.cache.data.init.snapshot = true 
2025-10-30 15:49:28.394 [main] INFO  com.alibaba.nacos.client.config.impl.ClientWorker - [fixed-127.0.0.1_8848_] [subscribe] xiaohashu-auth+DEFAULT_GROUP
2025-10-30 15:49:28.397 [main] INFO  com.alibaba.nacos.client.config.impl.CacheData - [fixed-127.0.0.1_8848_] [add-listener] ok, tenant=, dataId=xiaohashu-auth, group=DEFAULT_GROUP, cnt=1
2025-10-30 15:49:28.399 [main] INFO  c.q.xiaohashu.auth.XiaohashuAuthApplication - Starting XiaohashuAuthApplication using Java 17.0.12 with PID 21512 (E:\xiaohashu\xiaohashu-auth\target\classes started by hp in E:\xiaohashu)
2025-10-30 15:49:28.400 [main] INFO  c.q.xiaohashu.auth.XiaohashuAuthApplication - The following 1 profile is active: "dev"
2025-10-30 15:49:28.852 [main] INFO  o.s.d.r.config.RepositoryConfigurationDelegate - Multiple Spring Data modules found, entering strict repository configuration mode
2025-10-30 15:49:28.854 [main] INFO  o.s.d.r.config.RepositoryConfigurationDelegate - Bootstrapping Spring Data Redis repositories in DEFAULT mode.
2025-10-30 15:49:28.872 [main] INFO  o.s.d.r.config.RepositoryConfigurationDelegate - Finished Spring Data repository scanning in 8 ms. Found 0 Redis repository interfaces.
2025-10-30 15:49:29.246 [main] INFO  o.s.boot.web.embedded.tomcat.TomcatWebServer - Tomcat initialized with port(s): 8080 (http)
2025-10-30 15:49:29.251 [main] INFO  org.apache.catalina.core.StandardService - Starting service [Tomcat]
2025-10-30 15:49:29.251 [main] INFO  org.apache.catalina.core.StandardEngine - Starting Servlet engine: [Apache Tomcat/10.1.5]
2025-10-30 15:49:29.309 [main] INFO  o.a.c.core.ContainerBase.[Tomcat].[localhost].[/] - Initializing Spring embedded WebApplicationContext
2025-10-30 15:49:29.310 [main] INFO  o.s.b.w.s.c.ServletWebServerApplicationContext - Root WebApplicationContext: initialization completed in 881 ms
2025-10-30 15:49:29.369 [main] INFO  c.a.d.s.b.a.DruidDataSourceAutoConfigure - Init DruidDataSource
2025-10-30 15:49:29.554 [main] INFO  com.alibaba.druid.pool.DruidDataSource - {dataSource-1} inited
2025-10-30 15:49:30.231 [main] INFO  o.s.boot.web.embedded.tomcat.TomcatWebServer - Tomcat started on port(s): 8080 (http) with context path ''
2025-10-30 15:49:30.247 [main] INFO  c.q.xiaohashu.auth.XiaohashuAuthApplication - Started XiaohashuAuthApplication in 3.142 seconds (process running for 3.594)
2025-10-30 15:49:30.248 [main] INFO  c.q.x.auth.runner.PushRolePermissions2RedisRunner - ==> 服务启动，开始同步角色权限数据到 Redis 中...
2025-10-30 15:49:30.534 [main] WARN  c.q.x.auth.runner.PushRolePermissions2RedisRunner - ==> 角色权限数据已经同步至 Redis 中，不再同步...
2025-10-30 15:49:45.527 [http-nio-8080-exec-2] INFO  o.a.c.core.ContainerBase.[Tomcat].[localhost].[/] - Initializing Spring DispatcherServlet 'dispatcherServlet'
2025-10-30 15:49:45.528 [http-nio-8080-exec-2] INFO  org.springframework.web.servlet.DispatcherServlet - Initializing Servlet 'dispatcherServlet'
2025-10-30 15:49:45.528 [http-nio-8080-exec-2] INFO  org.springframework.web.servlet.DispatcherServlet - Completed initialization in 0 ms
2025-10-30 15:51:41.340 [main] INFO  c.a.b.nacos.config.util.NacosConfigPropertiesUtils - nacosConfigProperties : NacosConfigProperties{serverAddr='127.0.0.1:8848/', contextPath='null', encode='null', endpoint='null', namespace='null', accessKey='******', secretKey='******', ramRoleName='null', autoRefresh=true, dataId='xiaohashu-auth', dataIds='null', group='DEFAULT_GROUP', type=YAML, maxRetry='null', configLongPollTimeout='null', configRetryTime='null', enableRemoteSyncConfig=false, extConfig=[], bootstrap=Bootstrap{enable=true, snapshotEnable=false, logEnable=false}}
2025-10-30 15:51:41.379 [main] INFO  c.a.b.nacos.config.util.NacosConfigPropertiesUtils - nacosConfigProperties : NacosConfigProperties{serverAddr='127.0.0.1:8848/', contextPath='null', encode='null', endpoint='null', namespace='null', accessKey='******', secretKey='******', ramRoleName='null', autoRefresh=true, dataId='xiaohashu-auth', dataIds='null', group='DEFAULT_GROUP', type=YAML, maxRetry='null', configLongPollTimeout='null', configRetryTime='null', enableRemoteSyncConfig=false, extConfig=[], bootstrap=Bootstrap{enable=true, snapshotEnable=false, logEnable=false}}
2025-10-30 15:51:41.387 [main] WARN  com.alibaba.nacos.client.logging.NacosLogging - Load Logback Configuration of Nacos fail, message: Could not initialize Logback Nacos logging from classpath:nacos-logback.xml
2025-10-30 15:51:41.387 [main] INFO  c.a.n.client.config.impl.LocalConfigInfoProcessor - LOCAL_SNAPSHOT_PATH:C:\Users\hp\nacos\config
2025-10-30 15:51:41.395 [main] INFO  com.alibaba.nacos.client.utils.ParamUtil - [settings] [req-serv] nacos-server port:8848
2025-10-30 15:51:41.396 [main] INFO  com.alibaba.nacos.client.utils.ParamUtil - [settings] [http-client] connect timeout:1000
2025-10-30 15:51:41.396 [main] INFO  com.alibaba.nacos.client.utils.ParamUtil - PER_TASK_CONFIG_SIZE: 3000.0
2025-10-30 15:51:41.409 [main] INFO  c.a.n.p.auth.spi.client.ClientAuthPluginManager - [ClientAuthPluginManager] Load ClientAuthService com.alibaba.nacos.client.auth.impl.NacosClientAuthServiceImpl success.
2025-10-30 15:51:41.409 [main] INFO  c.a.n.p.auth.spi.client.ClientAuthPluginManager - [ClientAuthPluginManager] Load ClientAuthService com.alibaba.nacos.client.auth.ram.RamClientAuthServiceImpl success.
2025-10-30 15:51:41.411 [main] INFO  c.a.n.client.auth.ram.identify.CredentialWatcher - null No credential found
2025-10-30 15:51:41.417 [main] INFO  com.alibaba.nacos.common.remote.client - [RpcClientFactory] create a new rpc client of 6a2462ad-0537-4c67-b467-9a8bb51e6d15_config-0
2025-10-30 15:51:41.428 [main] INFO  com.alibaba.nacos.common.remote.client - [6a2462ad-0537-4c67-b467-9a8bb51e6d15_config-0] Register server push request handler:com.alibaba.nacos.client.config.impl.ClientWorker$ConfigRpcTransportClient$$Lambda$413/0x0000019a9e275ee0
2025-10-30 15:51:41.429 [main] INFO  com.alibaba.nacos.common.remote.client - [6a2462ad-0537-4c67-b467-9a8bb51e6d15_config-0] Register server push request handler:com.alibaba.nacos.client.config.impl.ClientWorker$ConfigRpcTransportClient$$Lambda$414/0x0000019a9e276740
2025-10-30 15:51:41.430 [main] INFO  com.alibaba.nacos.common.remote.client - [6a2462ad-0537-4c67-b467-9a8bb51e6d15_config-0] Registry connection listener to current client:com.alibaba.nacos.client.config.impl.ClientWorker$ConfigRpcTransportClient$1
2025-10-30 15:51:41.431 [main] INFO  com.alibaba.nacos.common.remote.client - [6a2462ad-0537-4c67-b467-9a8bb51e6d15_config-0] RpcClient init, ServerListFactory = com.alibaba.nacos.client.config.impl.ClientWorker$ConfigRpcTransportClient$2
2025-10-30 15:51:41.436 [main] INFO  com.alibaba.nacos.common.remote.client - [6a2462ad-0537-4c67-b467-9a8bb51e6d15_config-0] Try to connect to server on start up, server: {serverIp = '127.0.0.1', server main port = 8848}
2025-10-30 15:51:41.535 [main] INFO  c.a.nacos.common.remote.client.grpc.GrpcClient - grpc client connection server:127.0.0.1 ip,serverPort:9848,grpcTslConfig:{"sslProvider":"OPENSSL","enableTls":false,"mutualAuthEnable":false,"trustAll":false}
2025-10-30 15:51:42.191 [main] INFO  com.alibaba.nacos.common.remote.client - [6a2462ad-0537-4c67-b467-9a8bb51e6d15_config-0] Success to connect to server [127.0.0.1:8848] on start up, connectionId = 1761810702022_127.0.0.1_4685
2025-10-30 15:51:42.191 [com.alibaba.nacos.client.remote.worker] INFO  com.alibaba.nacos.common.remote.client - [6a2462ad-0537-4c67-b467-9a8bb51e6d15_config-0] Notify connected event to listeners.
2025-10-30 15:51:42.191 [com.alibaba.nacos.client.remote.worker] INFO  com.alibaba.nacos.client.config.impl.ClientWorker - [6a2462ad-0537-4c67-b467-9a8bb51e6d15_config-0] Connected,notify listen context...
2025-10-30 15:51:42.191 [main] INFO  com.alibaba.nacos.common.remote.client - [6a2462ad-0537-4c67-b467-9a8bb51e6d15_config-0] Register server push request handler:com.alibaba.nacos.common.remote.client.RpcClient$ConnectResetRequestHandler
2025-10-30 15:51:42.192 [main] INFO  com.alibaba.nacos.common.remote.client - [6a2462ad-0537-4c67-b467-9a8bb51e6d15_config-0] Register server push request handler:com.alibaba.nacos.common.remote.client.RpcClient$$Lambda$477/0x0000019a9e3dd8d0
2025-10-30 15:51:42.207 [main] INFO  com.alibaba.nacos.client.config.impl.Limiter - limitTime:5.0
2025-10-30 15:51:42.219 [main] INFO  c.alibaba.boot.nacos.config.util.NacosConfigLoader - load config from nacos, data-id is : xiaohashu-auth, group is : DEFAULT_GROUP
2025-10-30 15:51:42.220 [main] INFO  com.alibaba.nacos.client.config.impl.CacheData - nacos.cache.data.init.snapshot = true 
2025-10-30 15:51:42.220 [main] INFO  com.alibaba.nacos.client.config.impl.ClientWorker - [fixed-127.0.0.1_8848_] [subscribe] xiaohashu-auth+DEFAULT_GROUP
2025-10-30 15:51:42.223 [main] INFO  com.alibaba.nacos.client.config.impl.CacheData - [fixed-127.0.0.1_8848_] [add-listener] ok, tenant=, dataId=xiaohashu-auth, group=DEFAULT_GROUP, cnt=1
2025-10-30 15:51:42.226 [main] INFO  c.q.xiaohashu.auth.XiaohashuAuthApplication - Starting XiaohashuAuthApplication using Java 17.0.12 with PID 22672 (E:\xiaohashu\xiaohashu-auth\target\classes started by hp in E:\xiaohashu)
2025-10-30 15:51:42.227 [main] INFO  c.q.xiaohashu.auth.XiaohashuAuthApplication - The following 1 profile is active: "dev"
2025-10-30 15:51:42.530 [main] INFO  c.a.n.p.auth.spi.client.ClientAuthPluginManager - [ClientAuthPluginManager] Load ClientAuthService com.alibaba.nacos.client.auth.impl.NacosClientAuthServiceImpl success.
2025-10-30 15:51:42.531 [main] INFO  c.a.n.p.auth.spi.client.ClientAuthPluginManager - [ClientAuthPluginManager] Load ClientAuthService com.alibaba.nacos.client.auth.ram.RamClientAuthServiceImpl success.
2025-10-30 15:51:42.531 [main] INFO  com.alibaba.nacos.common.remote.client - [RpcClientFactory] create a new rpc client of 37bbea00-48b8-475b-a97a-ff3a4cd8918d_config-0
2025-10-30 15:51:42.531 [main] INFO  com.alibaba.nacos.common.remote.client - [37bbea00-48b8-475b-a97a-ff3a4cd8918d_config-0] Register server push request handler:com.alibaba.nacos.client.config.impl.ClientWorker$ConfigRpcTransportClient$$Lambda$413/0x0000019a9e275ee0
2025-10-30 15:51:42.532 [main] INFO  com.alibaba.nacos.common.remote.client - [37bbea00-48b8-475b-a97a-ff3a4cd8918d_config-0] Register server push request handler:com.alibaba.nacos.client.config.impl.ClientWorker$ConfigRpcTransportClient$$Lambda$414/0x0000019a9e276740
2025-10-30 15:51:42.532 [main] INFO  com.alibaba.nacos.common.remote.client - [37bbea00-48b8-475b-a97a-ff3a4cd8918d_config-0] Registry connection listener to current client:com.alibaba.nacos.client.config.impl.ClientWorker$ConfigRpcTransportClient$1
2025-10-30 15:51:42.532 [main] INFO  com.alibaba.nacos.common.remote.client - [37bbea00-48b8-475b-a97a-ff3a4cd8918d_config-0] RpcClient init, ServerListFactory = com.alibaba.nacos.client.config.impl.ClientWorker$ConfigRpcTransportClient$2
2025-10-30 15:51:42.532 [main] INFO  com.alibaba.nacos.common.remote.client - [37bbea00-48b8-475b-a97a-ff3a4cd8918d_config-0] Try to connect to server on start up, server: {serverIp = '127.0.0.1', server main port = 8848}
2025-10-30 15:51:42.532 [main] INFO  c.a.nacos.common.remote.client.grpc.GrpcClient - grpc client connection server:127.0.0.1 ip,serverPort:9848,grpcTslConfig:{"sslProvider":"OPENSSL","enableTls":false,"mutualAuthEnable":false,"trustAll":false}
2025-10-30 15:51:42.648 [main] INFO  com.alibaba.nacos.common.remote.client - [37bbea00-48b8-475b-a97a-ff3a4cd8918d_config-0] Success to connect to server [127.0.0.1:8848] on start up, connectionId = 1761810702537_127.0.0.1_4686
2025-10-30 15:51:42.648 [com.alibaba.nacos.client.remote.worker] INFO  com.alibaba.nacos.common.remote.client - [37bbea00-48b8-475b-a97a-ff3a4cd8918d_config-0] Notify connected event to listeners.
2025-10-30 15:51:42.648 [com.alibaba.nacos.client.remote.worker] INFO  com.alibaba.nacos.client.config.impl.ClientWorker - [37bbea00-48b8-475b-a97a-ff3a4cd8918d_config-0] Connected,notify listen context...
2025-10-30 15:51:42.648 [main] INFO  com.alibaba.nacos.common.remote.client - [37bbea00-48b8-475b-a97a-ff3a4cd8918d_config-0] Register server push request handler:com.alibaba.nacos.common.remote.client.RpcClient$ConnectResetRequestHandler
2025-10-30 15:51:42.648 [main] INFO  com.alibaba.nacos.common.remote.client - [37bbea00-48b8-475b-a97a-ff3a4cd8918d_config-0] Register server push request handler:com.alibaba.nacos.common.remote.client.RpcClient$$Lambda$477/0x0000019a9e3dd8d0
2025-10-30 15:51:42.656 [main] WARN  c.a.n.s.c.env.AnnotationNacosPropertySourceBuilder - There is no content for NacosPropertySource from dataId[xiaohashu-auth] , groupId[DEFAULT_GROUP] , properties[{accessKey=${nacos.access-key:}, clusterName=${nacos.cluster-name:}, configLongPollTimeout=${nacos.configLongPollTimeout:}, configRetryTime=${nacos.configRetryTime:}, contextPath=${nacos.context-path:}, enableRemoteSyncConfig=${nacos.enableRemoteSyncConfig:}, encode=${nacos.encode:UTF-8}, endpoint=${nacos.endpoint:}, maxRetry=${nacos.maxRetry:}, namespace=${nacos.namespace:}, password=${nacos.password:}, secretKey=${nacos.secret-key:}, serverAddr=${nacos.server-addr:}, username=${nacos.username:}}].
2025-10-30 15:51:42.656 [main] INFO  com.alibaba.nacos.client.config.impl.ClientWorker - [fixed-127.0.0.1_8848_] [subscribe] xiaohashu-auth+DEFAULT_GROUP
2025-10-30 15:51:42.656 [main] INFO  com.alibaba.nacos.client.config.impl.CacheData - [fixed-127.0.0.1_8848_] [add-listener] ok, tenant=, dataId=xiaohashu-auth, group=DEFAULT_GROUP, cnt=1
2025-10-30 15:51:42.766 [main] INFO  o.s.d.r.config.RepositoryConfigurationDelegate - Multiple Spring Data modules found, entering strict repository configuration mode
2025-10-30 15:51:42.768 [main] INFO  o.s.d.r.config.RepositoryConfigurationDelegate - Bootstrapping Spring Data Redis repositories in DEFAULT mode.
2025-10-30 15:51:42.790 [main] INFO  o.s.d.r.config.RepositoryConfigurationDelegate - Finished Spring Data repository scanning in 12 ms. Found 0 Redis repository interfaces.
2025-10-30 15:51:43.142 [main] INFO  o.s.boot.web.embedded.tomcat.TomcatWebServer - Tomcat initialized with port(s): 8080 (http)
2025-10-30 15:51:43.148 [main] INFO  org.apache.catalina.core.StandardService - Starting service [Tomcat]
2025-10-30 15:51:43.148 [main] INFO  org.apache.catalina.core.StandardEngine - Starting Servlet engine: [Apache Tomcat/10.1.5]
2025-10-30 15:51:43.203 [main] INFO  o.a.c.core.ContainerBase.[Tomcat].[localhost].[/] - Initializing Spring embedded WebApplicationContext
2025-10-30 15:51:43.203 [main] INFO  o.s.b.w.s.c.ServletWebServerApplicationContext - Root WebApplicationContext: initialization completed in 944 ms
2025-10-30 15:51:43.260 [main] INFO  c.a.d.s.b.a.DruidDataSourceAutoConfigure - Init DruidDataSource
2025-10-30 15:51:43.422 [main] INFO  com.alibaba.druid.pool.DruidDataSource - {dataSource-1} inited
2025-10-30 15:51:43.987 [main] INFO  o.s.boot.web.embedded.tomcat.TomcatWebServer - Tomcat started on port(s): 8080 (http) with context path ''
2025-10-30 15:51:43.991 [main] INFO  c.a.n.s.c.e.LoggingNacosConfigMetadataEventListener - Nacos Config Metadata : dataId='xiaohashu-auth', groupId='DEFAULT_GROUP', beanName='xiaohashuAuthApplication', bean='null', beanType='class com.quanxiaoha.xiaohashu.auth.XiaohashuAuthApplication', annotatedElement='null', xmlResource='null', nacosProperties='{encode=UTF-8, serverAddr=127.0.0.1:8848/, enableRemoteSyncConfig=false}', nacosPropertiesAttributes='{accessKey=${nacos.access-key:}, clusterName=${nacos.cluster-name:}, configLongPollTimeout=${nacos.configLongPollTimeout:}, configRetryTime=${nacos.configRetryTime:}, contextPath=${nacos.context-path:}, enableRemoteSyncConfig=${nacos.enableRemoteSyncConfig:}, encode=${nacos.encode:UTF-8}, endpoint=${nacos.endpoint:}, maxRetry=${nacos.maxRetry:}, namespace=${nacos.namespace:}, password=${nacos.password:}, secretKey=${nacos.secret-key:}, serverAddr=${nacos.server-addr:}, username=${nacos.username:}}', source='com.quanxiaoha.xiaohashu.auth.XiaohashuAuthApplication', timestamp='1761810702656'
2025-10-30 15:51:44.001 [main] INFO  c.q.xiaohashu.auth.XiaohashuAuthApplication - Started XiaohashuAuthApplication in 2.989 seconds (process running for 3.432)
2025-10-30 15:51:44.002 [main] INFO  c.q.x.auth.runner.PushRolePermissions2RedisRunner - ==> 服务启动，开始同步角色权限数据到 Redis 中...
2025-10-30 15:51:44.270 [main] WARN  c.q.x.auth.runner.PushRolePermissions2RedisRunner - ==> 角色权限数据已经同步至 Redis 中，不再同步...
2025-10-30 15:52:00.540 [http-nio-8080-exec-3] INFO  o.a.c.core.ContainerBase.[Tomcat].[localhost].[/] - Initializing Spring DispatcherServlet 'dispatcherServlet'
2025-10-30 15:52:00.540 [http-nio-8080-exec-3] INFO  org.springframework.web.servlet.DispatcherServlet - Initializing Servlet 'dispatcherServlet'
2025-10-30 15:52:00.541 [http-nio-8080-exec-3] INFO  org.springframework.web.servlet.DispatcherServlet - Completed initialization in 0 ms
2025-10-30 15:57:05.868 [main] INFO  c.a.b.nacos.config.util.NacosConfigPropertiesUtils - nacosConfigProperties : NacosConfigProperties{serverAddr='127.0.0.1:8848/', contextPath='null', encode='null', endpoint='null', namespace='null', accessKey='******', secretKey='******', ramRoleName='null', autoRefresh=true, dataId='xiaohashu-auth', dataIds='null', group='DEFAULT_GROUP', type=YAML, maxRetry='null', configLongPollTimeout='null', configRetryTime='null', enableRemoteSyncConfig=true, extConfig=[], bootstrap=Bootstrap{enable=true, snapshotEnable=false, logEnable=false}}
2025-10-30 15:57:05.916 [main] INFO  c.a.b.nacos.config.util.NacosConfigPropertiesUtils - nacosConfigProperties : NacosConfigProperties{serverAddr='127.0.0.1:8848/', contextPath='null', encode='null', endpoint='null', namespace='null', accessKey='******', secretKey='******', ramRoleName='null', autoRefresh=true, dataId='xiaohashu-auth', dataIds='null', group='DEFAULT_GROUP', type=YAML, maxRetry='null', configLongPollTimeout='null', configRetryTime='null', enableRemoteSyncConfig=true, extConfig=[], bootstrap=Bootstrap{enable=true, snapshotEnable=false, logEnable=false}}
2025-10-30 15:57:05.926 [main] WARN  com.alibaba.nacos.client.logging.NacosLogging - Load Logback Configuration of Nacos fail, message: Could not initialize Logback Nacos logging from classpath:nacos-logback.xml
2025-10-30 15:57:05.926 [main] INFO  c.a.n.client.config.impl.LocalConfigInfoProcessor - LOCAL_SNAPSHOT_PATH:C:\Users\hp\nacos\config
2025-10-30 15:57:05.935 [main] INFO  com.alibaba.nacos.client.utils.ParamUtil - [settings] [req-serv] nacos-server port:8848
2025-10-30 15:57:05.935 [main] INFO  com.alibaba.nacos.client.utils.ParamUtil - [settings] [http-client] connect timeout:1000
2025-10-30 15:57:05.936 [main] INFO  com.alibaba.nacos.client.utils.ParamUtil - PER_TASK_CONFIG_SIZE: 3000.0
2025-10-30 15:57:05.955 [main] INFO  c.a.n.p.auth.spi.client.ClientAuthPluginManager - [ClientAuthPluginManager] Load ClientAuthService com.alibaba.nacos.client.auth.impl.NacosClientAuthServiceImpl success.
2025-10-30 15:57:05.955 [main] INFO  c.a.n.p.auth.spi.client.ClientAuthPluginManager - [ClientAuthPluginManager] Load ClientAuthService com.alibaba.nacos.client.auth.ram.RamClientAuthServiceImpl success.
2025-10-30 15:57:05.957 [main] INFO  c.a.n.client.auth.ram.identify.CredentialWatcher - null No credential found
2025-10-30 15:57:05.966 [main] INFO  com.alibaba.nacos.common.remote.client - [RpcClientFactory] create a new rpc client of 775e72fb-2dbd-4ebb-8b80-076c2e4aedfa_config-0
2025-10-30 15:57:05.981 [main] INFO  com.alibaba.nacos.common.remote.client - [775e72fb-2dbd-4ebb-8b80-076c2e4aedfa_config-0] Register server push request handler:com.alibaba.nacos.client.config.impl.ClientWorker$ConfigRpcTransportClient$$Lambda$413/0x000001be81279400
2025-10-30 15:57:05.981 [main] INFO  com.alibaba.nacos.common.remote.client - [775e72fb-2dbd-4ebb-8b80-076c2e4aedfa_config-0] Register server push request handler:com.alibaba.nacos.client.config.impl.ClientWorker$ConfigRpcTransportClient$$Lambda$414/0x000001be81279a70
2025-10-30 15:57:05.982 [main] INFO  com.alibaba.nacos.common.remote.client - [775e72fb-2dbd-4ebb-8b80-076c2e4aedfa_config-0] Registry connection listener to current client:com.alibaba.nacos.client.config.impl.ClientWorker$ConfigRpcTransportClient$1
2025-10-30 15:57:05.982 [main] INFO  com.alibaba.nacos.common.remote.client - [775e72fb-2dbd-4ebb-8b80-076c2e4aedfa_config-0] RpcClient init, ServerListFactory = com.alibaba.nacos.client.config.impl.ClientWorker$ConfigRpcTransportClient$2
2025-10-30 15:57:05.988 [main] INFO  com.alibaba.nacos.common.remote.client - [775e72fb-2dbd-4ebb-8b80-076c2e4aedfa_config-0] Try to connect to server on start up, server: {serverIp = '127.0.0.1', server main port = 8848}
2025-10-30 15:57:06.105 [main] INFO  c.a.nacos.common.remote.client.grpc.GrpcClient - grpc client connection server:127.0.0.1 ip,serverPort:9848,grpcTslConfig:{"sslProvider":"OPENSSL","enableTls":false,"mutualAuthEnable":false,"trustAll":false}
2025-10-30 15:57:06.805 [main] INFO  com.alibaba.nacos.common.remote.client - [775e72fb-2dbd-4ebb-8b80-076c2e4aedfa_config-0] Success to connect to server [127.0.0.1:8848] on start up, connectionId = 1761811026634_127.0.0.1_5046
2025-10-30 15:57:06.805 [com.alibaba.nacos.client.remote.worker] INFO  com.alibaba.nacos.common.remote.client - [775e72fb-2dbd-4ebb-8b80-076c2e4aedfa_config-0] Notify connected event to listeners.
2025-10-30 15:57:06.805 [main] INFO  com.alibaba.nacos.common.remote.client - [775e72fb-2dbd-4ebb-8b80-076c2e4aedfa_config-0] Register server push request handler:com.alibaba.nacos.common.remote.client.RpcClient$ConnectResetRequestHandler
2025-10-30 15:57:06.805 [com.alibaba.nacos.client.remote.worker] INFO  com.alibaba.nacos.client.config.impl.ClientWorker - [775e72fb-2dbd-4ebb-8b80-076c2e4aedfa_config-0] Connected,notify listen context...
2025-10-30 15:57:06.805 [main] INFO  com.alibaba.nacos.common.remote.client - [775e72fb-2dbd-4ebb-8b80-076c2e4aedfa_config-0] Register server push request handler:com.alibaba.nacos.common.remote.client.RpcClient$$Lambda$477/0x000001be813dd8d0
2025-10-30 15:57:06.827 [main] INFO  com.alibaba.nacos.client.config.impl.Limiter - limitTime:5.0
2025-10-30 15:57:06.839 [main] INFO  c.alibaba.boot.nacos.config.util.NacosConfigLoader - load config from nacos, data-id is : xiaohashu-auth, group is : DEFAULT_GROUP
2025-10-30 15:57:06.841 [main] INFO  com.alibaba.nacos.client.config.impl.CacheData - nacos.cache.data.init.snapshot = true 
2025-10-30 15:57:07.034 [main] INFO  com.alibaba.nacos.client.config.impl.ClientWorker - [fixed-127.0.0.1_8848_] [subscribe] xiaohashu-auth+DEFAULT_GROUP
2025-10-30 15:57:07.037 [main] INFO  com.alibaba.nacos.client.config.impl.CacheData - [fixed-127.0.0.1_8848_] [add-listener] ok, tenant=, dataId=xiaohashu-auth, group=DEFAULT_GROUP, cnt=1
2025-10-30 15:57:07.040 [main] INFO  c.q.xiaohashu.auth.XiaohashuAuthApplication - Starting XiaohashuAuthApplication using Java 17.0.12 with PID 22036 (E:\xiaohashu\xiaohashu-auth\target\classes started by hp in E:\xiaohashu)
2025-10-30 15:57:07.041 [main] INFO  c.q.xiaohashu.auth.XiaohashuAuthApplication - The following 1 profile is active: "dev"
2025-10-30 15:57:07.341 [main] INFO  c.a.n.p.auth.spi.client.ClientAuthPluginManager - [ClientAuthPluginManager] Load ClientAuthService com.alibaba.nacos.client.auth.impl.NacosClientAuthServiceImpl success.
2025-10-30 15:57:07.341 [main] INFO  c.a.n.p.auth.spi.client.ClientAuthPluginManager - [ClientAuthPluginManager] Load ClientAuthService com.alibaba.nacos.client.auth.ram.RamClientAuthServiceImpl success.
2025-10-30 15:57:07.342 [main] INFO  com.alibaba.nacos.common.remote.client - [RpcClientFactory] create a new rpc client of 68663b40-3254-41f1-aedd-e5335223c815_config-0
2025-10-30 15:57:07.342 [main] INFO  com.alibaba.nacos.common.remote.client - [68663b40-3254-41f1-aedd-e5335223c815_config-0] Register server push request handler:com.alibaba.nacos.client.config.impl.ClientWorker$ConfigRpcTransportClient$$Lambda$413/0x000001be81279400
2025-10-30 15:57:07.342 [main] INFO  com.alibaba.nacos.common.remote.client - [68663b40-3254-41f1-aedd-e5335223c815_config-0] Register server push request handler:com.alibaba.nacos.client.config.impl.ClientWorker$ConfigRpcTransportClient$$Lambda$414/0x000001be81279a70
2025-10-30 15:57:07.342 [main] INFO  com.alibaba.nacos.common.remote.client - [68663b40-3254-41f1-aedd-e5335223c815_config-0] Registry connection listener to current client:com.alibaba.nacos.client.config.impl.ClientWorker$ConfigRpcTransportClient$1
2025-10-30 15:57:07.342 [main] INFO  com.alibaba.nacos.common.remote.client - [68663b40-3254-41f1-aedd-e5335223c815_config-0] RpcClient init, ServerListFactory = com.alibaba.nacos.client.config.impl.ClientWorker$ConfigRpcTransportClient$2
2025-10-30 15:57:07.342 [main] INFO  com.alibaba.nacos.common.remote.client - [68663b40-3254-41f1-aedd-e5335223c815_config-0] Try to connect to server on start up, server: {serverIp = '127.0.0.1', server main port = 8848}
2025-10-30 15:57:07.342 [main] INFO  c.a.nacos.common.remote.client.grpc.GrpcClient - grpc client connection server:127.0.0.1 ip,serverPort:9848,grpcTslConfig:{"sslProvider":"OPENSSL","enableTls":false,"mutualAuthEnable":false,"trustAll":false}
2025-10-30 15:57:07.456 [main] INFO  com.alibaba.nacos.common.remote.client - [68663b40-3254-41f1-aedd-e5335223c815_config-0] Success to connect to server [127.0.0.1:8848] on start up, connectionId = 1761811027346_127.0.0.1_5047
2025-10-30 15:57:07.456 [main] INFO  com.alibaba.nacos.common.remote.client - [68663b40-3254-41f1-aedd-e5335223c815_config-0] Register server push request handler:com.alibaba.nacos.common.remote.client.RpcClient$ConnectResetRequestHandler
2025-10-30 15:57:07.456 [main] INFO  com.alibaba.nacos.common.remote.client - [68663b40-3254-41f1-aedd-e5335223c815_config-0] Register server push request handler:com.alibaba.nacos.common.remote.client.RpcClient$$Lambda$477/0x000001be813dd8d0
2025-10-30 15:57:07.456 [com.alibaba.nacos.client.remote.worker] INFO  com.alibaba.nacos.common.remote.client - [68663b40-3254-41f1-aedd-e5335223c815_config-0] Notify connected event to listeners.
2025-10-30 15:57:07.456 [com.alibaba.nacos.client.remote.worker] INFO  com.alibaba.nacos.client.config.impl.ClientWorker - [68663b40-3254-41f1-aedd-e5335223c815_config-0] Connected,notify listen context...
2025-10-30 15:57:07.461 [main] WARN  c.a.n.s.c.env.AnnotationNacosPropertySourceBuilder - There is no content for NacosPropertySource from dataId[xiaohashu-auth] , groupId[DEFAULT_GROUP] , properties[{accessKey=${nacos.access-key:}, clusterName=${nacos.cluster-name:}, configLongPollTimeout=${nacos.configLongPollTimeout:}, configRetryTime=${nacos.configRetryTime:}, contextPath=${nacos.context-path:}, enableRemoteSyncConfig=${nacos.enableRemoteSyncConfig:}, encode=${nacos.encode:UTF-8}, endpoint=${nacos.endpoint:}, maxRetry=${nacos.maxRetry:}, namespace=${nacos.namespace:}, password=${nacos.password:}, secretKey=${nacos.secret-key:}, serverAddr=${nacos.server-addr:}, username=${nacos.username:}}].
2025-10-30 15:57:07.468 [main] INFO  com.alibaba.nacos.client.config.impl.ClientWorker - [fixed-127.0.0.1_8848_] [subscribe] xiaohashu-auth+DEFAULT_GROUP
2025-10-30 15:57:07.468 [main] INFO  com.alibaba.nacos.client.config.impl.CacheData - [fixed-127.0.0.1_8848_] [add-listener] ok, tenant=, dataId=xiaohashu-auth, group=DEFAULT_GROUP, cnt=1
2025-10-30 15:57:07.586 [main] INFO  o.s.d.r.config.RepositoryConfigurationDelegate - Multiple Spring Data modules found, entering strict repository configuration mode
2025-10-30 15:57:07.588 [main] INFO  o.s.d.r.config.RepositoryConfigurationDelegate - Bootstrapping Spring Data Redis repositories in DEFAULT mode.
2025-10-30 15:57:07.607 [main] INFO  o.s.d.r.config.RepositoryConfigurationDelegate - Finished Spring Data repository scanning in 9 ms. Found 0 Redis repository interfaces.
2025-10-30 15:57:07.976 [main] INFO  o.s.boot.web.embedded.tomcat.TomcatWebServer - Tomcat initialized with port(s): 8080 (http)
2025-10-30 15:57:07.981 [main] INFO  org.apache.catalina.core.StandardService - Starting service [Tomcat]
2025-10-30 15:57:07.981 [main] INFO  org.apache.catalina.core.StandardEngine - Starting Servlet engine: [Apache Tomcat/10.1.5]
2025-10-30 15:57:08.041 [main] INFO  o.a.c.core.ContainerBase.[Tomcat].[localhost].[/] - Initializing Spring embedded WebApplicationContext
2025-10-30 15:57:08.041 [main] INFO  o.s.b.w.s.c.ServletWebServerApplicationContext - Root WebApplicationContext: initialization completed in 967 ms
2025-10-30 15:57:08.099 [main] INFO  c.a.d.s.b.a.DruidDataSourceAutoConfigure - Init DruidDataSource
2025-10-30 15:57:08.265 [main] INFO  com.alibaba.druid.pool.DruidDataSource - {dataSource-1} inited
2025-10-30 15:57:08.836 [main] INFO  o.s.boot.web.embedded.tomcat.TomcatWebServer - Tomcat started on port(s): 8080 (http) with context path ''
2025-10-30 15:57:08.841 [main] INFO  c.a.n.s.c.e.LoggingNacosConfigMetadataEventListener - Nacos Config Metadata : dataId='xiaohashu-auth', groupId='DEFAULT_GROUP', beanName='xiaohashuAuthApplication', bean='null', beanType='class com.quanxiaoha.xiaohashu.auth.XiaohashuAuthApplication', annotatedElement='null', xmlResource='null', nacosProperties='{encode=UTF-8, serverAddr=127.0.0.1:8848/, enableRemoteSyncConfig=true}', nacosPropertiesAttributes='{accessKey=${nacos.access-key:}, clusterName=${nacos.cluster-name:}, configLongPollTimeout=${nacos.configLongPollTimeout:}, configRetryTime=${nacos.configRetryTime:}, contextPath=${nacos.context-path:}, enableRemoteSyncConfig=${nacos.enableRemoteSyncConfig:}, encode=${nacos.encode:UTF-8}, endpoint=${nacos.endpoint:}, maxRetry=${nacos.maxRetry:}, namespace=${nacos.namespace:}, password=${nacos.password:}, secretKey=${nacos.secret-key:}, serverAddr=${nacos.server-addr:}, username=${nacos.username:}}', source='com.quanxiaoha.xiaohashu.auth.XiaohashuAuthApplication', timestamp='1761811027462'
2025-10-30 15:57:08.854 [main] INFO  c.q.xiaohashu.auth.XiaohashuAuthApplication - Started XiaohashuAuthApplication in 3.339 seconds (process running for 3.881)
2025-10-30 15:57:08.854 [main] INFO  c.q.x.auth.runner.PushRolePermissions2RedisRunner - ==> 服务启动，开始同步角色权限数据到 Redis 中...
2025-10-30 15:57:09.147 [main] WARN  c.q.x.auth.runner.PushRolePermissions2RedisRunner - ==> 角色权限数据已经同步至 Redis 中，不再同步...
2025-10-30 15:57:19.464 [http-nio-8080-exec-3] INFO  o.a.c.core.ContainerBase.[Tomcat].[localhost].[/] - Initializing Spring DispatcherServlet 'dispatcherServlet'
2025-10-30 15:57:19.464 [http-nio-8080-exec-3] INFO  org.springframework.web.servlet.DispatcherServlet - Initializing Servlet 'dispatcherServlet'
2025-10-30 15:57:19.465 [http-nio-8080-exec-3] INFO  org.springframework.web.servlet.DispatcherServlet - Completed initialization in 1 ms
2025-10-30 15:58:52.652 [main] INFO  c.a.b.nacos.config.util.NacosConfigPropertiesUtils - nacosConfigProperties : NacosConfigProperties{serverAddr='127.0.0.1:8848/', contextPath='null', encode='null', endpoint='null', namespace='null', accessKey='******', secretKey='******', ramRoleName='null', autoRefresh=true, dataId='xiaohashu-auth', dataIds='null', group='DEFAULT_GROUP', type=YAML, maxRetry='null', configLongPollTimeout='null', configRetryTime='null', enableRemoteSyncConfig=true, extConfig=[], bootstrap=Bootstrap{enable=true, snapshotEnable=false, logEnable=false}}
2025-10-30 15:58:52.692 [main] INFO  c.a.b.nacos.config.util.NacosConfigPropertiesUtils - nacosConfigProperties : NacosConfigProperties{serverAddr='127.0.0.1:8848/', contextPath='null', encode='null', endpoint='null', namespace='null', accessKey='******', secretKey='******', ramRoleName='null', autoRefresh=true, dataId='xiaohashu-auth', dataIds='null', group='DEFAULT_GROUP', type=YAML, maxRetry='null', configLongPollTimeout='null', configRetryTime='null', enableRemoteSyncConfig=true, extConfig=[], bootstrap=Bootstrap{enable=true, snapshotEnable=false, logEnable=false}}
2025-10-30 15:58:52.701 [main] WARN  com.alibaba.nacos.client.logging.NacosLogging - Load Logback Configuration of Nacos fail, message: Could not initialize Logback Nacos logging from classpath:nacos-logback.xml
2025-10-30 15:58:52.702 [main] INFO  c.a.n.client.config.impl.LocalConfigInfoProcessor - LOCAL_SNAPSHOT_PATH:C:\Users\hp\nacos\config
2025-10-30 15:58:52.709 [main] INFO  com.alibaba.nacos.client.utils.ParamUtil - [settings] [req-serv] nacos-server port:8848
2025-10-30 15:58:52.709 [main] INFO  com.alibaba.nacos.client.utils.ParamUtil - [settings] [http-client] connect timeout:1000
2025-10-30 15:58:52.710 [main] INFO  com.alibaba.nacos.client.utils.ParamUtil - PER_TASK_CONFIG_SIZE: 3000.0
2025-10-30 15:58:52.723 [main] INFO  c.a.n.p.auth.spi.client.ClientAuthPluginManager - [ClientAuthPluginManager] Load ClientAuthService com.alibaba.nacos.client.auth.impl.NacosClientAuthServiceImpl success.
2025-10-30 15:58:52.723 [main] INFO  c.a.n.p.auth.spi.client.ClientAuthPluginManager - [ClientAuthPluginManager] Load ClientAuthService com.alibaba.nacos.client.auth.ram.RamClientAuthServiceImpl success.
2025-10-30 15:58:52.725 [main] INFO  c.a.n.client.auth.ram.identify.CredentialWatcher - null No credential found
2025-10-30 15:58:52.731 [main] INFO  com.alibaba.nacos.common.remote.client - [RpcClientFactory] create a new rpc client of c9fdcd3b-3279-4d10-9437-3a8c6437ce53_config-0
2025-10-30 15:58:52.744 [main] INFO  com.alibaba.nacos.common.remote.client - [c9fdcd3b-3279-4d10-9437-3a8c6437ce53_config-0] Register server push request handler:com.alibaba.nacos.client.config.impl.ClientWorker$ConfigRpcTransportClient$$Lambda$413/0x0000018dca273fc0
2025-10-30 15:58:52.744 [main] INFO  com.alibaba.nacos.common.remote.client - [c9fdcd3b-3279-4d10-9437-3a8c6437ce53_config-0] Register server push request handler:com.alibaba.nacos.client.config.impl.ClientWorker$ConfigRpcTransportClient$$Lambda$414/0x0000018dca2747d0
2025-10-30 15:58:52.745 [main] INFO  com.alibaba.nacos.common.remote.client - [c9fdcd3b-3279-4d10-9437-3a8c6437ce53_config-0] Registry connection listener to current client:com.alibaba.nacos.client.config.impl.ClientWorker$ConfigRpcTransportClient$1
2025-10-30 15:58:52.745 [main] INFO  com.alibaba.nacos.common.remote.client - [c9fdcd3b-3279-4d10-9437-3a8c6437ce53_config-0] RpcClient init, ServerListFactory = com.alibaba.nacos.client.config.impl.ClientWorker$ConfigRpcTransportClient$2
2025-10-30 15:58:52.749 [main] INFO  com.alibaba.nacos.common.remote.client - [c9fdcd3b-3279-4d10-9437-3a8c6437ce53_config-0] Try to connect to server on start up, server: {serverIp = '127.0.0.1', server main port = 8848}
2025-10-30 15:58:52.845 [main] INFO  c.a.nacos.common.remote.client.grpc.GrpcClient - grpc client connection server:127.0.0.1 ip,serverPort:9848,grpcTslConfig:{"sslProvider":"OPENSSL","enableTls":false,"mutualAuthEnable":false,"trustAll":false}
2025-10-30 15:58:53.479 [main] INFO  com.alibaba.nacos.common.remote.client - [c9fdcd3b-3279-4d10-9437-3a8c6437ce53_config-0] Success to connect to server [127.0.0.1:8848] on start up, connectionId = 1761811133325_127.0.0.1_5191
2025-10-30 15:58:53.480 [com.alibaba.nacos.client.remote.worker] INFO  com.alibaba.nacos.common.remote.client - [c9fdcd3b-3279-4d10-9437-3a8c6437ce53_config-0] Notify connected event to listeners.
2025-10-30 15:58:53.480 [main] INFO  com.alibaba.nacos.common.remote.client - [c9fdcd3b-3279-4d10-9437-3a8c6437ce53_config-0] Register server push request handler:com.alibaba.nacos.common.remote.client.RpcClient$ConnectResetRequestHandler
2025-10-30 15:58:53.480 [com.alibaba.nacos.client.remote.worker] INFO  com.alibaba.nacos.client.config.impl.ClientWorker - [c9fdcd3b-3279-4d10-9437-3a8c6437ce53_config-0] Connected,notify listen context...
2025-10-30 15:58:53.480 [main] INFO  com.alibaba.nacos.common.remote.client - [c9fdcd3b-3279-4d10-9437-3a8c6437ce53_config-0] Register server push request handler:com.alibaba.nacos.common.remote.client.RpcClient$$Lambda$477/0x0000018dca3df3f8
2025-10-30 15:58:53.494 [main] INFO  com.alibaba.nacos.client.config.impl.Limiter - limitTime:5.0
2025-10-30 15:58:53.504 [main] INFO  c.alibaba.boot.nacos.config.util.NacosConfigLoader - load config from nacos, data-id is : xiaohashu-auth, group is : DEFAULT_GROUP
2025-10-30 15:58:53.505 [main] INFO  com.alibaba.nacos.client.config.impl.CacheData - nacos.cache.data.init.snapshot = true 
2025-10-30 15:58:53.700 [main] INFO  com.alibaba.nacos.client.config.impl.ClientWorker - [fixed-127.0.0.1_8848_] [subscribe] xiaohashu-auth+DEFAULT_GROUP
2025-10-30 15:58:53.704 [main] INFO  com.alibaba.nacos.client.config.impl.CacheData - [fixed-127.0.0.1_8848_] [add-listener] ok, tenant=, dataId=xiaohashu-auth, group=DEFAULT_GROUP, cnt=1
2025-10-30 15:58:53.707 [main] INFO  c.q.xiaohashu.auth.XiaohashuAuthApplication - Starting XiaohashuAuthApplication using Java 17.0.12 with PID 4440 (E:\xiaohashu\xiaohashu-auth\target\classes started by hp in E:\xiaohashu)
2025-10-30 15:58:53.707 [main] INFO  c.q.xiaohashu.auth.XiaohashuAuthApplication - The following 1 profile is active: "dev"
2025-10-30 15:58:53.982 [main] INFO  c.a.n.p.auth.spi.client.ClientAuthPluginManager - [ClientAuthPluginManager] Load ClientAuthService com.alibaba.nacos.client.auth.impl.NacosClientAuthServiceImpl success.
2025-10-30 15:58:53.982 [main] INFO  c.a.n.p.auth.spi.client.ClientAuthPluginManager - [ClientAuthPluginManager] Load ClientAuthService com.alibaba.nacos.client.auth.ram.RamClientAuthServiceImpl success.
2025-10-30 15:58:53.983 [main] INFO  com.alibaba.nacos.common.remote.client - [RpcClientFactory] create a new rpc client of fce88d9f-b310-441e-ac94-f0ee3d2554e8_config-0
2025-10-30 15:58:53.983 [main] INFO  com.alibaba.nacos.common.remote.client - [fce88d9f-b310-441e-ac94-f0ee3d2554e8_config-0] Register server push request handler:com.alibaba.nacos.client.config.impl.ClientWorker$ConfigRpcTransportClient$$Lambda$413/0x0000018dca273fc0
2025-10-30 15:58:53.983 [main] INFO  com.alibaba.nacos.common.remote.client - [fce88d9f-b310-441e-ac94-f0ee3d2554e8_config-0] Register server push request handler:com.alibaba.nacos.client.config.impl.ClientWorker$ConfigRpcTransportClient$$Lambda$414/0x0000018dca2747d0
2025-10-30 15:58:53.983 [main] INFO  com.alibaba.nacos.common.remote.client - [fce88d9f-b310-441e-ac94-f0ee3d2554e8_config-0] Registry connection listener to current client:com.alibaba.nacos.client.config.impl.ClientWorker$ConfigRpcTransportClient$1
2025-10-30 15:58:53.983 [main] INFO  com.alibaba.nacos.common.remote.client - [fce88d9f-b310-441e-ac94-f0ee3d2554e8_config-0] RpcClient init, ServerListFactory = com.alibaba.nacos.client.config.impl.ClientWorker$ConfigRpcTransportClient$2
2025-10-30 15:58:53.984 [main] INFO  com.alibaba.nacos.common.remote.client - [fce88d9f-b310-441e-ac94-f0ee3d2554e8_config-0] Try to connect to server on start up, server: {serverIp = '127.0.0.1', server main port = 8848}
2025-10-30 15:58:53.984 [main] INFO  c.a.nacos.common.remote.client.grpc.GrpcClient - grpc client connection server:127.0.0.1 ip,serverPort:9848,grpcTslConfig:{"sslProvider":"OPENSSL","enableTls":false,"mutualAuthEnable":false,"trustAll":false}
2025-10-30 15:58:54.092 [main] INFO  com.alibaba.nacos.common.remote.client - [fce88d9f-b310-441e-ac94-f0ee3d2554e8_config-0] Success to connect to server [127.0.0.1:8848] on start up, connectionId = 1761811133988_127.0.0.1_5192
2025-10-30 15:58:54.092 [com.alibaba.nacos.client.remote.worker] INFO  com.alibaba.nacos.common.remote.client - [fce88d9f-b310-441e-ac94-f0ee3d2554e8_config-0] Notify connected event to listeners.
2025-10-30 15:58:54.092 [main] INFO  com.alibaba.nacos.common.remote.client - [fce88d9f-b310-441e-ac94-f0ee3d2554e8_config-0] Register server push request handler:com.alibaba.nacos.common.remote.client.RpcClient$ConnectResetRequestHandler
2025-10-30 15:58:54.092 [main] INFO  com.alibaba.nacos.common.remote.client - [fce88d9f-b310-441e-ac94-f0ee3d2554e8_config-0] Register server push request handler:com.alibaba.nacos.common.remote.client.RpcClient$$Lambda$477/0x0000018dca3df3f8
2025-10-30 15:58:54.092 [com.alibaba.nacos.client.remote.worker] INFO  com.alibaba.nacos.client.config.impl.ClientWorker - [fce88d9f-b310-441e-ac94-f0ee3d2554e8_config-0] Connected,notify listen context...
2025-10-30 15:58:54.097 [main] WARN  c.a.n.s.c.env.AnnotationNacosPropertySourceBuilder - There is no content for NacosPropertySource from dataId[xiaohashu-auth] , groupId[DEFAULT_GROUP] , properties[{accessKey=${nacos.access-key:}, clusterName=${nacos.cluster-name:}, configLongPollTimeout=${nacos.configLongPollTimeout:}, configRetryTime=${nacos.configRetryTime:}, contextPath=${nacos.context-path:}, enableRemoteSyncConfig=${nacos.enableRemoteSyncConfig:}, encode=${nacos.encode:UTF-8}, endpoint=${nacos.endpoint:}, maxRetry=${nacos.maxRetry:}, namespace=${nacos.namespace:}, password=${nacos.password:}, secretKey=${nacos.secret-key:}, serverAddr=${nacos.server-addr:}, username=${nacos.username:}}].
2025-10-30 15:58:54.102 [main] INFO  com.alibaba.nacos.client.config.impl.ClientWorker - [fixed-127.0.0.1_8848_] [subscribe] xiaohashu-auth+DEFAULT_GROUP
2025-10-30 15:58:54.102 [main] INFO  com.alibaba.nacos.client.config.impl.CacheData - [fixed-127.0.0.1_8848_] [add-listener] ok, tenant=, dataId=xiaohashu-auth, group=DEFAULT_GROUP, cnt=1
2025-10-30 15:58:54.208 [main] INFO  o.s.d.r.config.RepositoryConfigurationDelegate - Multiple Spring Data modules found, entering strict repository configuration mode
2025-10-30 15:58:54.209 [main] INFO  o.s.d.r.config.RepositoryConfigurationDelegate - Bootstrapping Spring Data Redis repositories in DEFAULT mode.
2025-10-30 15:58:54.226 [main] INFO  o.s.d.r.config.RepositoryConfigurationDelegate - Finished Spring Data repository scanning in 9 ms. Found 0 Redis repository interfaces.
2025-10-30 15:58:54.578 [main] INFO  o.s.boot.web.embedded.tomcat.TomcatWebServer - Tomcat initialized with port(s): 8080 (http)
2025-10-30 15:58:54.584 [main] INFO  org.apache.catalina.core.StandardService - Starting service [Tomcat]
2025-10-30 15:58:54.584 [main] INFO  org.apache.catalina.core.StandardEngine - Starting Servlet engine: [Apache Tomcat/10.1.5]
2025-10-30 15:58:54.645 [main] INFO  o.a.c.core.ContainerBase.[Tomcat].[localhost].[/] - Initializing Spring embedded WebApplicationContext
2025-10-30 15:58:54.645 [main] INFO  o.s.b.w.s.c.ServletWebServerApplicationContext - Root WebApplicationContext: initialization completed in 907 ms
2025-10-30 15:58:54.698 [main] WARN  o.s.b.w.s.c.AnnotationConfigServletWebServerApplicationContext - Exception encountered during context initialization - cancelling refresh attempt: org.springframework.beans.factory.UnsatisfiedDependencyException: Error creating bean with name 'testController': Unsatisfied dependency expressed through field 'configService': No qualifying bean of type 'com.alibaba.nacos.api.config.ConfigService' available: expected at least 1 bean which qualifies as autowire candidate. Dependency annotations: {@org.springframework.beans.factory.annotation.Autowired(required=true)}
2025-10-30 15:58:54.699 [main] INFO  c.a.n.s.c.a.c.NacosValueAnnotationBeanPostProcessor - 100 was destroying!
2025-10-30 15:58:54.699 [main] INFO  c.a.n.s.c.a.c.NacosValueAnnotationBeanPostProcessor - class com.alibaba.nacos.spring.context.annotation.config.NacosValueAnnotationBeanPostProcessor was destroying!
2025-10-30 15:58:54.700 [main] INFO  c.a.n.s.b.f.a.AnnotationNacosInjectedBeanPostProcessor - class com.alibaba.nacos.spring.beans.factory.annotation.AnnotationNacosInjectedBeanPostProcessor was destroying!
2025-10-30 15:58:54.700 [main] INFO  com.alibaba.nacos.client.config.impl.ClientWorker - com.alibaba.nacos.client.config.impl.ClientWorker do shutdown begin
2025-10-30 15:58:54.700 [main] INFO  c.a.n.client.auth.ram.identify.CredentialWatcher - [null] CredentialWatcher is stopped
2025-10-30 15:58:54.700 [main] INFO  c.a.n.client.auth.ram.identify.CredentialService - [null] CredentialService is freed
2025-10-30 15:58:54.700 [main] INFO  com.alibaba.nacos.client.config.impl.ClientWorker - Trying to shutdown transport client com.alibaba.nacos.client.config.impl.ClientWorker$ConfigRpcTransportClient@7752c0e7
2025-10-30 15:58:54.700 [main] INFO  com.alibaba.nacos.client.config.impl.ClientWorker - Trying to shutdown rpc client fce88d9f-b310-441e-ac94-f0ee3d2554e8_config-0
2025-10-30 15:58:54.700 [main] INFO  com.alibaba.nacos.common.remote.client - Shutdown rpc client, set status to shutdown
2025-10-30 15:58:54.700 [main] INFO  com.alibaba.nacos.common.remote.client - Shutdown client event executor java.util.concurrent.ScheduledThreadPoolExecutor@77ba583[Running, pool size = 2, active threads = 2, queued tasks = 0, completed tasks = 0]
2025-10-30 15:58:54.700 [main] INFO  com.alibaba.nacos.common.remote.client - Close current connection 1761811133988_127.0.0.1_5192
2025-10-30 15:58:54.702 [main] INFO  c.a.nacos.common.remote.client.grpc.GrpcClient - Shutdown grpc executor java.util.concurrent.ThreadPoolExecutor@71fb8301[Running, pool size = 13, active threads = 1, queued tasks = 0, completed tasks = 12]
2025-10-30 15:58:54.702 [nacos-grpc-client-executor-127.0.0.1-12] WARN  c.a.nacos.common.remote.client.grpc.GrpcClient - [1761811133988_127.0.0.1_5192]Ignore error event,isRunning:false,isAbandon=false
2025-10-30 15:58:54.702 [main] INFO  com.alibaba.nacos.client.config.impl.ClientWorker - Remove rpc client fce88d9f-b310-441e-ac94-f0ee3d2554e8_config-0
2025-10-30 15:58:54.702 [main] INFO  com.alibaba.nacos.client.config.impl.ClientWorker - Shutdown executor java.util.concurrent.ScheduledThreadPoolExecutor@7cdfa824[Running, pool size = 3, active threads = 1, queued tasks = 1, completed tasks = 1]
2025-10-30 15:58:54.702 [main] INFO  com.alibaba.nacos.client.config.impl.ClientWorker - com.alibaba.nacos.client.config.impl.ClientWorker do shutdown stop
2025-10-30 15:58:54.705 [main] INFO  org.apache.catalina.core.StandardService - Stopping service [Tomcat]
2025-10-30 15:58:54.718 [main] INFO  o.s.b.a.logging.ConditionEvaluationReportLogger - 

Error starting ApplicationContext. To display the condition evaluation report re-run your application with 'debug' enabled.
2025-10-30 15:58:54.730 [main] ERROR o.s.b.diagnostics.LoggingFailureAnalysisReporter - 

***************************
APPLICATION FAILED TO START
***************************

Description:

Field configService in com.quanxiaoha.xiaohashu.auth.controller.TestController required a bean of type 'com.alibaba.nacos.api.config.ConfigService' that could not be found.

The injection point has the following annotations:
	- @org.springframework.beans.factory.annotation.Autowired(required=true)


Action:

Consider defining a bean of type 'com.alibaba.nacos.api.config.ConfigService' in your configuration.

2025-10-30 15:58:54.730 [Thread-1] WARN  c.alibaba.nacos.common.http.HttpClientBeanHolder - [HttpClientBeanHolder] Start destroying common HttpClient
2025-10-30 15:58:54.730 [Thread-6] WARN  com.alibaba.nacos.common.notify.NotifyCenter - [NotifyCenter] Start destroying Publisher
2025-10-30 15:58:54.731 [Thread-6] WARN  com.alibaba.nacos.common.notify.NotifyCenter - [NotifyCenter] Destruction of the end
2025-10-30 15:58:54.731 [Thread-1] WARN  c.alibaba.nacos.common.http.HttpClientBeanHolder - [HttpClientBeanHolder] Destruction of the end
2025-10-30 15:59:54.416 [main] INFO  c.a.b.nacos.config.util.NacosConfigPropertiesUtils - nacosConfigProperties : NacosConfigProperties{serverAddr='127.0.0.1:8848/', contextPath='null', encode='null', endpoint='null', namespace='null', accessKey='******', secretKey='******', ramRoleName='null', autoRefresh=true, dataId='xiaohashu-auth', dataIds='null', group='DEFAULT_GROUP', type=YAML, maxRetry='null', configLongPollTimeout='null', configRetryTime='null', enableRemoteSyncConfig=true, extConfig=[], bootstrap=Bootstrap{enable=true, snapshotEnable=false, logEnable=false}}
2025-10-30 15:59:54.459 [main] INFO  c.a.b.nacos.config.util.NacosConfigPropertiesUtils - nacosConfigProperties : NacosConfigProperties{serverAddr='127.0.0.1:8848/', contextPath='null', encode='null', endpoint='null', namespace='null', accessKey='******', secretKey='******', ramRoleName='null', autoRefresh=true, dataId='xiaohashu-auth', dataIds='null', group='DEFAULT_GROUP', type=YAML, maxRetry='null', configLongPollTimeout='null', configRetryTime='null', enableRemoteSyncConfig=true, extConfig=[], bootstrap=Bootstrap{enable=true, snapshotEnable=false, logEnable=false}}
2025-10-30 15:59:54.468 [main] WARN  com.alibaba.nacos.client.logging.NacosLogging - Load Logback Configuration of Nacos fail, message: Could not initialize Logback Nacos logging from classpath:nacos-logback.xml
2025-10-30 15:59:54.468 [main] INFO  c.a.n.client.config.impl.LocalConfigInfoProcessor - LOCAL_SNAPSHOT_PATH:C:\Users\hp\nacos\config
2025-10-30 15:59:54.475 [main] INFO  com.alibaba.nacos.client.utils.ParamUtil - [settings] [req-serv] nacos-server port:8848
2025-10-30 15:59:54.476 [main] INFO  com.alibaba.nacos.client.utils.ParamUtil - [settings] [http-client] connect timeout:1000
2025-10-30 15:59:54.476 [main] INFO  com.alibaba.nacos.client.utils.ParamUtil - PER_TASK_CONFIG_SIZE: 3000.0
2025-10-30 15:59:54.491 [main] INFO  c.a.n.p.auth.spi.client.ClientAuthPluginManager - [ClientAuthPluginManager] Load ClientAuthService com.alibaba.nacos.client.auth.impl.NacosClientAuthServiceImpl success.
2025-10-30 15:59:54.491 [main] INFO  c.a.n.p.auth.spi.client.ClientAuthPluginManager - [ClientAuthPluginManager] Load ClientAuthService com.alibaba.nacos.client.auth.ram.RamClientAuthServiceImpl success.
2025-10-30 15:59:54.492 [main] INFO  c.a.n.client.auth.ram.identify.CredentialWatcher - null No credential found
2025-10-30 15:59:54.498 [main] INFO  com.alibaba.nacos.common.remote.client - [RpcClientFactory] create a new rpc client of c43184c7-3932-4c25-9f25-f4004fdda565_config-0
2025-10-30 15:59:54.509 [main] INFO  com.alibaba.nacos.common.remote.client - [c43184c7-3932-4c25-9f25-f4004fdda565_config-0] Register server push request handler:com.alibaba.nacos.client.config.impl.ClientWorker$ConfigRpcTransportClient$$Lambda$413/0x0000028781276448
2025-10-30 15:59:54.509 [main] INFO  com.alibaba.nacos.common.remote.client - [c43184c7-3932-4c25-9f25-f4004fdda565_config-0] Register server push request handler:com.alibaba.nacos.client.config.impl.ClientWorker$ConfigRpcTransportClient$$Lambda$414/0x0000028781276aa8
2025-10-30 15:59:54.509 [main] INFO  com.alibaba.nacos.common.remote.client - [c43184c7-3932-4c25-9f25-f4004fdda565_config-0] Registry connection listener to current client:com.alibaba.nacos.client.config.impl.ClientWorker$ConfigRpcTransportClient$1
2025-10-30 15:59:54.510 [main] INFO  com.alibaba.nacos.common.remote.client - [c43184c7-3932-4c25-9f25-f4004fdda565_config-0] RpcClient init, ServerListFactory = com.alibaba.nacos.client.config.impl.ClientWorker$ConfigRpcTransportClient$2
2025-10-30 15:59:54.514 [main] INFO  com.alibaba.nacos.common.remote.client - [c43184c7-3932-4c25-9f25-f4004fdda565_config-0] Try to connect to server on start up, server: {serverIp = '127.0.0.1', server main port = 8848}
2025-10-30 15:59:54.612 [main] INFO  c.a.nacos.common.remote.client.grpc.GrpcClient - grpc client connection server:127.0.0.1 ip,serverPort:9848,grpcTslConfig:{"sslProvider":"OPENSSL","enableTls":false,"mutualAuthEnable":false,"trustAll":false}
2025-10-30 15:59:55.310 [main] INFO  com.alibaba.nacos.common.remote.client - [c43184c7-3932-4c25-9f25-f4004fdda565_config-0] Success to connect to server [127.0.0.1:8848] on start up, connectionId = 1761811195161_127.0.0.1_5217
2025-10-30 15:59:55.311 [com.alibaba.nacos.client.remote.worker] INFO  com.alibaba.nacos.common.remote.client - [c43184c7-3932-4c25-9f25-f4004fdda565_config-0] Notify connected event to listeners.
2025-10-30 15:59:55.311 [com.alibaba.nacos.client.remote.worker] INFO  com.alibaba.nacos.client.config.impl.ClientWorker - [c43184c7-3932-4c25-9f25-f4004fdda565_config-0] Connected,notify listen context...
2025-10-30 15:59:55.311 [main] INFO  com.alibaba.nacos.common.remote.client - [c43184c7-3932-4c25-9f25-f4004fdda565_config-0] Register server push request handler:com.alibaba.nacos.common.remote.client.RpcClient$ConnectResetRequestHandler
2025-10-30 15:59:55.311 [main] INFO  com.alibaba.nacos.common.remote.client - [c43184c7-3932-4c25-9f25-f4004fdda565_config-0] Register server push request handler:com.alibaba.nacos.common.remote.client.RpcClient$$Lambda$477/0x00000287813de120
2025-10-30 15:59:55.325 [main] INFO  com.alibaba.nacos.client.config.impl.Limiter - limitTime:5.0
2025-10-30 15:59:55.337 [main] INFO  c.alibaba.boot.nacos.config.util.NacosConfigLoader - load config from nacos, data-id is : xiaohashu-auth, group is : DEFAULT_GROUP
2025-10-30 15:59:55.338 [main] INFO  com.alibaba.nacos.client.config.impl.CacheData - nacos.cache.data.init.snapshot = true 
2025-10-30 15:59:55.534 [main] INFO  com.alibaba.nacos.client.config.impl.ClientWorker - [fixed-127.0.0.1_8848_] [subscribe] xiaohashu-auth+DEFAULT_GROUP
2025-10-30 15:59:55.537 [main] INFO  com.alibaba.nacos.client.config.impl.CacheData - [fixed-127.0.0.1_8848_] [add-listener] ok, tenant=, dataId=xiaohashu-auth, group=DEFAULT_GROUP, cnt=1
2025-10-30 15:59:55.540 [main] INFO  c.q.xiaohashu.auth.XiaohashuAuthApplication - Starting XiaohashuAuthApplication using Java 17.0.12 with PID 23044 (E:\xiaohashu\xiaohashu-auth\target\classes started by hp in E:\xiaohashu)
2025-10-30 15:59:55.541 [main] INFO  c.q.xiaohashu.auth.XiaohashuAuthApplication - The following 1 profile is active: "dev"
2025-10-30 15:59:55.817 [main] INFO  c.a.n.p.auth.spi.client.ClientAuthPluginManager - [ClientAuthPluginManager] Load ClientAuthService com.alibaba.nacos.client.auth.impl.NacosClientAuthServiceImpl success.
2025-10-30 15:59:55.817 [main] INFO  c.a.n.p.auth.spi.client.ClientAuthPluginManager - [ClientAuthPluginManager] Load ClientAuthService com.alibaba.nacos.client.auth.ram.RamClientAuthServiceImpl success.
2025-10-30 15:59:55.818 [main] INFO  com.alibaba.nacos.common.remote.client - [RpcClientFactory] create a new rpc client of 7b1d2fc3-e862-4184-a539-6733aa5f398d_config-0
2025-10-30 15:59:55.818 [main] INFO  com.alibaba.nacos.common.remote.client - [7b1d2fc3-e862-4184-a539-6733aa5f398d_config-0] Register server push request handler:com.alibaba.nacos.client.config.impl.ClientWorker$ConfigRpcTransportClient$$Lambda$413/0x0000028781276448
2025-10-30 15:59:55.818 [main] INFO  com.alibaba.nacos.common.remote.client - [7b1d2fc3-e862-4184-a539-6733aa5f398d_config-0] Register server push request handler:com.alibaba.nacos.client.config.impl.ClientWorker$ConfigRpcTransportClient$$Lambda$414/0x0000028781276aa8
2025-10-30 15:59:55.818 [main] INFO  com.alibaba.nacos.common.remote.client - [7b1d2fc3-e862-4184-a539-6733aa5f398d_config-0] Registry connection listener to current client:com.alibaba.nacos.client.config.impl.ClientWorker$ConfigRpcTransportClient$1
2025-10-30 15:59:55.818 [main] INFO  com.alibaba.nacos.common.remote.client - [7b1d2fc3-e862-4184-a539-6733aa5f398d_config-0] RpcClient init, ServerListFactory = com.alibaba.nacos.client.config.impl.ClientWorker$ConfigRpcTransportClient$2
2025-10-30 15:59:55.818 [main] INFO  com.alibaba.nacos.common.remote.client - [7b1d2fc3-e862-4184-a539-6733aa5f398d_config-0] Try to connect to server on start up, server: {serverIp = '127.0.0.1', server main port = 8848}
2025-10-30 15:59:55.818 [main] INFO  c.a.nacos.common.remote.client.grpc.GrpcClient - grpc client connection server:127.0.0.1 ip,serverPort:9848,grpcTslConfig:{"sslProvider":"OPENSSL","enableTls":false,"mutualAuthEnable":false,"trustAll":false}
2025-10-30 15:59:55.941 [main] INFO  com.alibaba.nacos.common.remote.client - [7b1d2fc3-e862-4184-a539-6733aa5f398d_config-0] Success to connect to server [127.0.0.1:8848] on start up, connectionId = 1761811195823_127.0.0.1_5218
2025-10-30 15:59:55.941 [com.alibaba.nacos.client.remote.worker] INFO  com.alibaba.nacos.common.remote.client - [7b1d2fc3-e862-4184-a539-6733aa5f398d_config-0] Notify connected event to listeners.
2025-10-30 15:59:55.941 [com.alibaba.nacos.client.remote.worker] INFO  com.alibaba.nacos.client.config.impl.ClientWorker - [7b1d2fc3-e862-4184-a539-6733aa5f398d_config-0] Connected,notify listen context...
2025-10-30 15:59:55.941 [main] INFO  com.alibaba.nacos.common.remote.client - [7b1d2fc3-e862-4184-a539-6733aa5f398d_config-0] Register server push request handler:com.alibaba.nacos.common.remote.client.RpcClient$ConnectResetRequestHandler
2025-10-30 15:59:55.941 [main] INFO  com.alibaba.nacos.common.remote.client - [7b1d2fc3-e862-4184-a539-6733aa5f398d_config-0] Register server push request handler:com.alibaba.nacos.common.remote.client.RpcClient$$Lambda$477/0x00000287813de120
2025-10-30 15:59:55.945 [main] WARN  c.a.n.s.c.env.AnnotationNacosPropertySourceBuilder - There is no content for NacosPropertySource from dataId[xiaohashu-auth] , groupId[DEFAULT_GROUP] , properties[{accessKey=${nacos.access-key:}, clusterName=${nacos.cluster-name:}, configLongPollTimeout=${nacos.configLongPollTimeout:}, configRetryTime=${nacos.configRetryTime:}, contextPath=${nacos.context-path:}, enableRemoteSyncConfig=${nacos.enableRemoteSyncConfig:}, encode=${nacos.encode:UTF-8}, endpoint=${nacos.endpoint:}, maxRetry=${nacos.maxRetry:}, namespace=${nacos.namespace:}, password=${nacos.password:}, secretKey=${nacos.secret-key:}, serverAddr=${nacos.server-addr:}, username=${nacos.username:}}].
2025-10-30 15:59:55.957 [main] INFO  com.alibaba.nacos.client.config.impl.ClientWorker - [fixed-127.0.0.1_8848_] [subscribe] xiaohashu-auth+DEFAULT_GROUP
2025-10-30 15:59:55.957 [main] INFO  com.alibaba.nacos.client.config.impl.CacheData - [fixed-127.0.0.1_8848_] [add-listener] ok, tenant=, dataId=xiaohashu-auth, group=DEFAULT_GROUP, cnt=1
2025-10-30 15:59:56.066 [main] INFO  o.s.d.r.config.RepositoryConfigurationDelegate - Multiple Spring Data modules found, entering strict repository configuration mode
2025-10-30 15:59:56.067 [main] INFO  o.s.d.r.config.RepositoryConfigurationDelegate - Bootstrapping Spring Data Redis repositories in DEFAULT mode.
2025-10-30 15:59:56.086 [main] INFO  o.s.d.r.config.RepositoryConfigurationDelegate - Finished Spring Data repository scanning in 9 ms. Found 0 Redis repository interfaces.
2025-10-30 15:59:56.421 [main] INFO  o.s.boot.web.embedded.tomcat.TomcatWebServer - Tomcat initialized with port(s): 8080 (http)
2025-10-30 15:59:56.426 [main] INFO  org.apache.catalina.core.StandardService - Starting service [Tomcat]
2025-10-30 15:59:56.426 [main] INFO  org.apache.catalina.core.StandardEngine - Starting Servlet engine: [Apache Tomcat/10.1.5]
2025-10-30 15:59:56.485 [main] INFO  o.a.c.core.ContainerBase.[Tomcat].[localhost].[/] - Initializing Spring embedded WebApplicationContext
2025-10-30 15:59:56.486 [main] INFO  o.s.b.w.s.c.ServletWebServerApplicationContext - Root WebApplicationContext: initialization completed in 915 ms
2025-10-30 15:59:56.542 [main] INFO  c.a.d.s.b.a.DruidDataSourceAutoConfigure - Init DruidDataSource
2025-10-30 15:59:56.700 [main] INFO  com.alibaba.druid.pool.DruidDataSource - {dataSource-1} inited
2025-10-30 15:59:57.244 [main] INFO  o.s.boot.web.embedded.tomcat.TomcatWebServer - Tomcat started on port(s): 8080 (http) with context path ''
2025-10-30 15:59:57.249 [main] INFO  c.a.n.s.c.e.LoggingNacosConfigMetadataEventListener - Nacos Config Metadata : dataId='xiaohashu-auth', groupId='DEFAULT_GROUP', beanName='xiaohashuAuthApplication', bean='null', beanType='class com.quanxiaoha.xiaohashu.auth.XiaohashuAuthApplication', annotatedElement='null', xmlResource='null', nacosProperties='{encode=UTF-8, serverAddr=127.0.0.1:8848/, enableRemoteSyncConfig=true}', nacosPropertiesAttributes='{accessKey=${nacos.access-key:}, clusterName=${nacos.cluster-name:}, configLongPollTimeout=${nacos.configLongPollTimeout:}, configRetryTime=${nacos.configRetryTime:}, contextPath=${nacos.context-path:}, enableRemoteSyncConfig=${nacos.enableRemoteSyncConfig:}, encode=${nacos.encode:UTF-8}, endpoint=${nacos.endpoint:}, maxRetry=${nacos.maxRetry:}, namespace=${nacos.namespace:}, password=${nacos.password:}, secretKey=${nacos.secret-key:}, serverAddr=${nacos.server-addr:}, username=${nacos.username:}}', source='com.quanxiaoha.xiaohashu.auth.XiaohashuAuthApplication', timestamp='1761811195946'
2025-10-30 15:59:57.258 [main] INFO  c.q.xiaohashu.auth.XiaohashuAuthApplication - Started XiaohashuAuthApplication in 3.168 seconds (process running for 3.608)
2025-10-30 15:59:57.259 [main] INFO  c.q.x.auth.runner.PushRolePermissions2RedisRunner - ==> 服务启动，开始同步角色权限数据到 Redis 中...
2025-10-30 15:59:57.513 [main] WARN  c.q.x.auth.runner.PushRolePermissions2RedisRunner - ==> 角色权限数据已经同步至 Redis 中，不再同步...
2025-10-30 16:08:11.622 [main] WARN  com.alibaba.nacos.client.logging.NacosLogging - Load Logback Configuration of Nacos fail, message: Could not initialize Logback Nacos logging from classpath:nacos-logback.xml
2025-10-30 16:08:11.663 [main] WARN  com.alibaba.nacos.client.logging.NacosLogging - Load Logback Configuration of Nacos fail, message: Could not initialize Logback Nacos logging from classpath:nacos-logback.xml
2025-10-30 16:08:11.665 [main] INFO  c.q.xiaohashu.auth.XiaohashuAuthApplication - Starting XiaohashuAuthApplication using Java 17.0.12 with PID 20684 (E:\xiaohashu\xiaohashu-auth\target\classes started by hp in E:\xiaohashu)
2025-10-30 16:08:11.666 [main] INFO  c.q.xiaohashu.auth.XiaohashuAuthApplication - The following 1 profile is active: "dev"
2025-10-30 16:08:11.690 [main] WARN  c.a.cloud.nacos.configdata.NacosConfigDataLoader - [Nacos Config] config[dataId=xiaohashu-auth.yaml, group=DEFAULT_GROUP] is empty
2025-10-30 16:08:12.128 [main] INFO  o.s.d.r.config.RepositoryConfigurationDelegate - Multiple Spring Data modules found, entering strict repository configuration mode
2025-10-30 16:08:12.130 [main] INFO  o.s.d.r.config.RepositoryConfigurationDelegate - Bootstrapping Spring Data Redis repositories in DEFAULT mode.
2025-10-30 16:08:12.155 [main] INFO  o.s.d.r.config.RepositoryConfigurationDelegate - Finished Spring Data repository scanning in 12 ms. Found 0 Redis repository interfaces.
2025-10-30 16:08:12.294 [main] INFO  o.springframework.cloud.context.scope.GenericScope - BeanFactory id=fa683bda-48a7-3917-bdde-2689ed3a82b3
2025-10-30 16:08:12.566 [main] INFO  o.s.boot.web.embedded.tomcat.TomcatWebServer - Tomcat initialized with port(s): 8080 (http)
2025-10-30 16:08:12.570 [main] INFO  org.apache.catalina.core.StandardService - Starting service [Tomcat]
2025-10-30 16:08:12.571 [main] INFO  org.apache.catalina.core.StandardEngine - Starting Servlet engine: [Apache Tomcat/10.1.5]
2025-10-30 16:08:12.624 [main] INFO  o.a.c.core.ContainerBase.[Tomcat].[localhost].[/] - Initializing Spring embedded WebApplicationContext
2025-10-30 16:08:12.624 [main] INFO  o.s.b.w.s.c.ServletWebServerApplicationContext - Root WebApplicationContext: initialization completed in 933 ms
2025-10-30 16:08:12.685 [main] INFO  c.a.d.s.b.a.DruidDataSourceAutoConfigure - Init DruidDataSource
2025-10-30 16:08:12.862 [main] INFO  com.alibaba.druid.pool.DruidDataSource - {dataSource-1} inited
2025-10-30 16:08:14.576 [main] INFO  org.springframework.cloud.commons.util.InetUtils - Cannot determine local hostname
2025-10-30 16:08:14.622 [main] INFO  o.s.boot.web.embedded.tomcat.TomcatWebServer - Tomcat started on port(s): 8080 (http) with context path ''
2025-10-30 16:08:15.789 [main] INFO  org.springframework.cloud.commons.util.InetUtils - Cannot determine local hostname
2025-10-30 16:08:15.796 [main] INFO  c.q.xiaohashu.auth.XiaohashuAuthApplication - Started XiaohashuAuthApplication in 6.751 seconds (process running for 7.205)
2025-10-30 16:08:15.797 [main] INFO  c.q.x.auth.runner.PushRolePermissions2RedisRunner - ==> 服务启动，开始同步角色权限数据到 Redis 中...
2025-10-30 16:08:15.923 [com.alibaba.nacos.client.Worker] ERROR c.a.n.client.auth.impl.process.HttpLoginProcessor - login failed: {"code":500,"message":"caused: Cannot invoke \"com.alibaba.nacos.plugin.auth.impl.jwt.NacosJwtParser.getExpireTimeInSeconds(String)\" because \"this.jwtParser\" is null;","header":{"header":{"Accept-Charset":"UTF-8","Authorization":"Bearer","Connection":"close","Content-Length":"142","Content-Security-Policy":"script-src 'self'","Content-Type":"text/plain;charset=UTF-8","Date":"Thu, 30 Oct 2025 08:08:15 GMT","Vary":"Access-Control-Request-Headers"},"originalResponseHeader":{"Authorization":["Bearer"],"Connection":["close"],"Content-Length":["142"],"Content-Security-Policy":["script-src 'self'"],"Content-Type":["text/plain;charset=UTF-8"],"Date":["Thu, 30 Oct 2025 08:08:15 GMT"],"Vary":["Access-Control-Request-Headers","Access-Control-Request-Method","Origin"]},"charset":"UTF-8"}}
2025-10-30 16:08:16.052 [main] WARN  c.q.x.auth.runner.PushRolePermissions2RedisRunner - ==> 角色权限数据已经同步至 Redis 中，不再同步...
2025-10-30 16:08:16.054 [main] INFO  com.alibaba.nacos.client.config.impl.CacheData - nacos.cache.data.init.snapshot = true 
2025-10-30 16:08:16.054 [main] INFO  com.alibaba.nacos.client.config.impl.ClientWorker - [fixed-127.0.0.1_8848] [subscribe] xiaohashu-auth.yaml+DEFAULT_GROUP
2025-10-30 16:08:16.056 [main] INFO  com.alibaba.nacos.client.config.impl.CacheData - [fixed-127.0.0.1_8848] [add-listener] ok, tenant=, dataId=xiaohashu-auth.yaml, group=DEFAULT_GROUP, cnt=1
2025-10-30 16:08:16.058 [main] INFO  c.a.cloud.nacos.refresh.NacosContextRefresher - [Nacos Config] Listening config: dataId=xiaohashu-auth.yaml, group=DEFAULT_GROUP
2025-10-30 16:08:20.991 [com.alibaba.nacos.client.Worker] ERROR c.a.n.client.auth.impl.process.HttpLoginProcessor - login failed: {"code":500,"message":"caused: Cannot invoke \"com.alibaba.nacos.plugin.auth.impl.jwt.NacosJwtParser.getExpireTimeInSeconds(String)\" because \"this.jwtParser\" is null;","header":{"header":{"Accept-Charset":"UTF-8","Authorization":"Bearer","Connection":"close","Content-Length":"142","Content-Security-Policy":"script-src 'self'","Content-Type":"text/plain;charset=UTF-8","Date":"Thu, 30 Oct 2025 08:08:20 GMT","Vary":"Access-Control-Request-Headers"},"originalResponseHeader":{"Authorization":["Bearer"],"Connection":["close"],"Content-Length":["142"],"Content-Security-Policy":["script-src 'self'"],"Content-Type":["text/plain;charset=UTF-8"],"Date":["Thu, 30 Oct 2025 08:08:20 GMT"],"Vary":["Access-Control-Request-Headers","Access-Control-Request-Method","Origin"]},"charset":"UTF-8"}}
2025-10-30 16:08:26.083 [com.alibaba.nacos.client.Worker] ERROR c.a.n.client.auth.impl.process.HttpLoginProcessor - login failed: {"code":500,"message":"caused: Cannot invoke \"com.alibaba.nacos.plugin.auth.impl.jwt.NacosJwtParser.getExpireTimeInSeconds(String)\" because \"this.jwtParser\" is null;","header":{"header":{"Accept-Charset":"UTF-8","Authorization":"Bearer","Connection":"close","Content-Length":"142","Content-Security-Policy":"script-src 'self'","Content-Type":"text/plain;charset=UTF-8","Date":"Thu, 30 Oct 2025 08:08:26 GMT","Vary":"Access-Control-Request-Headers"},"originalResponseHeader":{"Authorization":["Bearer"],"Connection":["close"],"Content-Length":["142"],"Content-Security-Policy":["script-src 'self'"],"Content-Type":["text/plain;charset=UTF-8"],"Date":["Thu, 30 Oct 2025 08:08:26 GMT"],"Vary":["Access-Control-Request-Headers","Access-Control-Request-Method","Origin"]},"charset":"UTF-8"}}
2025-10-30 16:08:31.160 [com.alibaba.nacos.client.Worker] ERROR c.a.n.client.auth.impl.process.HttpLoginProcessor - login failed: {"code":500,"message":"caused: Cannot invoke \"com.alibaba.nacos.plugin.auth.impl.jwt.NacosJwtParser.getExpireTimeInSeconds(String)\" because \"this.jwtParser\" is null;","header":{"header":{"Accept-Charset":"UTF-8","Authorization":"Bearer","Connection":"close","Content-Length":"142","Content-Security-Policy":"script-src 'self'","Content-Type":"text/plain;charset=UTF-8","Date":"Thu, 30 Oct 2025 08:08:31 GMT","Vary":"Access-Control-Request-Headers"},"originalResponseHeader":{"Authorization":["Bearer"],"Connection":["close"],"Content-Length":["142"],"Content-Security-Policy":["script-src 'self'"],"Content-Type":["text/plain;charset=UTF-8"],"Date":["Thu, 30 Oct 2025 08:08:31 GMT"],"Vary":["Access-Control-Request-Headers","Access-Control-Request-Method","Origin"]},"charset":"UTF-8"}}
2025-10-30 16:08:36.230 [com.alibaba.nacos.client.Worker] ERROR c.a.n.client.auth.impl.process.HttpLoginProcessor - login failed: {"code":500,"message":"caused: Cannot invoke \"com.alibaba.nacos.plugin.auth.impl.jwt.NacosJwtParser.getExpireTimeInSeconds(String)\" because \"this.jwtParser\" is null;","header":{"header":{"Accept-Charset":"UTF-8","Authorization":"Bearer","Connection":"close","Content-Length":"142","Content-Security-Policy":"script-src 'self'","Content-Type":"text/plain;charset=UTF-8","Date":"Thu, 30 Oct 2025 08:08:36 GMT","Vary":"Access-Control-Request-Headers"},"originalResponseHeader":{"Authorization":["Bearer"],"Connection":["close"],"Content-Length":["142"],"Content-Security-Policy":["script-src 'self'"],"Content-Type":["text/plain;charset=UTF-8"],"Date":["Thu, 30 Oct 2025 08:08:36 GMT"],"Vary":["Access-Control-Request-Headers","Access-Control-Request-Method","Origin"]},"charset":"UTF-8"}}
2025-10-30 16:08:41.307 [com.alibaba.nacos.client.Worker] ERROR c.a.n.client.auth.impl.process.HttpLoginProcessor - login failed: {"code":500,"message":"caused: Cannot invoke \"com.alibaba.nacos.plugin.auth.impl.jwt.NacosJwtParser.getExpireTimeInSeconds(String)\" because \"this.jwtParser\" is null;","header":{"header":{"Accept-Charset":"UTF-8","Authorization":"Bearer","Connection":"close","Content-Length":"142","Content-Security-Policy":"script-src 'self'","Content-Type":"text/plain;charset=UTF-8","Date":"Thu, 30 Oct 2025 08:08:41 GMT","Vary":"Access-Control-Request-Headers"},"originalResponseHeader":{"Authorization":["Bearer"],"Connection":["close"],"Content-Length":["142"],"Content-Security-Policy":["script-src 'self'"],"Content-Type":["text/plain;charset=UTF-8"],"Date":["Thu, 30 Oct 2025 08:08:41 GMT"],"Vary":["Access-Control-Request-Headers","Access-Control-Request-Method","Origin"]},"charset":"UTF-8"}}
2025-10-30 16:08:46.379 [com.alibaba.nacos.client.Worker] ERROR c.a.n.client.auth.impl.process.HttpLoginProcessor - login failed: {"code":500,"message":"caused: Cannot invoke \"com.alibaba.nacos.plugin.auth.impl.jwt.NacosJwtParser.getExpireTimeInSeconds(String)\" because \"this.jwtParser\" is null;","header":{"header":{"Accept-Charset":"UTF-8","Authorization":"Bearer","Connection":"close","Content-Length":"142","Content-Security-Policy":"script-src 'self'","Content-Type":"text/plain;charset=UTF-8","Date":"Thu, 30 Oct 2025 08:08:46 GMT","Vary":"Access-Control-Request-Headers"},"originalResponseHeader":{"Authorization":["Bearer"],"Connection":["close"],"Content-Length":["142"],"Content-Security-Policy":["script-src 'self'"],"Content-Type":["text/plain;charset=UTF-8"],"Date":["Thu, 30 Oct 2025 08:08:46 GMT"],"Vary":["Access-Control-Request-Headers","Access-Control-Request-Method","Origin"]},"charset":"UTF-8"}}
2025-10-30 16:08:51.452 [com.alibaba.nacos.client.Worker] ERROR c.a.n.client.auth.impl.process.HttpLoginProcessor - login failed: {"code":500,"message":"caused: Cannot invoke \"com.alibaba.nacos.plugin.auth.impl.jwt.NacosJwtParser.getExpireTimeInSeconds(String)\" because \"this.jwtParser\" is null;","header":{"header":{"Accept-Charset":"UTF-8","Authorization":"Bearer","Connection":"close","Content-Length":"142","Content-Security-Policy":"script-src 'self'","Content-Type":"text/plain;charset=UTF-8","Date":"Thu, 30 Oct 2025 08:08:51 GMT","Vary":"Access-Control-Request-Headers"},"originalResponseHeader":{"Authorization":["Bearer"],"Connection":["close"],"Content-Length":["142"],"Content-Security-Policy":["script-src 'self'"],"Content-Type":["text/plain;charset=UTF-8"],"Date":["Thu, 30 Oct 2025 08:08:51 GMT"],"Vary":["Access-Control-Request-Headers","Access-Control-Request-Method","Origin"]},"charset":"UTF-8"}}
2025-10-30 16:08:56.530 [com.alibaba.nacos.client.Worker] ERROR c.a.n.client.auth.impl.process.HttpLoginProcessor - login failed: {"code":500,"message":"caused: Cannot invoke \"com.alibaba.nacos.plugin.auth.impl.jwt.NacosJwtParser.getExpireTimeInSeconds(String)\" because \"this.jwtParser\" is null;","header":{"header":{"Accept-Charset":"UTF-8","Authorization":"Bearer","Connection":"close","Content-Length":"142","Content-Security-Policy":"script-src 'self'","Content-Type":"text/plain;charset=UTF-8","Date":"Thu, 30 Oct 2025 08:08:56 GMT","Vary":"Access-Control-Request-Headers"},"originalResponseHeader":{"Authorization":["Bearer"],"Connection":["close"],"Content-Length":["142"],"Content-Security-Policy":["script-src 'self'"],"Content-Type":["text/plain;charset=UTF-8"],"Date":["Thu, 30 Oct 2025 08:08:56 GMT"],"Vary":["Access-Control-Request-Headers","Access-Control-Request-Method","Origin"]},"charset":"UTF-8"}}
2025-10-30 16:09:01.604 [com.alibaba.nacos.client.Worker] ERROR c.a.n.client.auth.impl.process.HttpLoginProcessor - login failed: {"code":500,"message":"caused: Cannot invoke \"com.alibaba.nacos.plugin.auth.impl.jwt.NacosJwtParser.getExpireTimeInSeconds(String)\" because \"this.jwtParser\" is null;","header":{"header":{"Accept-Charset":"UTF-8","Authorization":"Bearer","Connection":"close","Content-Length":"142","Content-Security-Policy":"script-src 'self'","Content-Type":"text/plain;charset=UTF-8","Date":"Thu, 30 Oct 2025 08:09:01 GMT","Vary":"Access-Control-Request-Headers"},"originalResponseHeader":{"Authorization":["Bearer"],"Connection":["close"],"Content-Length":["142"],"Content-Security-Policy":["script-src 'self'"],"Content-Type":["text/plain;charset=UTF-8"],"Date":["Thu, 30 Oct 2025 08:09:01 GMT"],"Vary":["Access-Control-Request-Headers","Access-Control-Request-Method","Origin"]},"charset":"UTF-8"}}
2025-10-30 16:09:06.687 [com.alibaba.nacos.client.Worker] ERROR c.a.n.client.auth.impl.process.HttpLoginProcessor - login failed: {"code":500,"message":"caused: Cannot invoke \"com.alibaba.nacos.plugin.auth.impl.jwt.NacosJwtParser.getExpireTimeInSeconds(String)\" because \"this.jwtParser\" is null;","header":{"header":{"Accept-Charset":"UTF-8","Authorization":"Bearer","Connection":"close","Content-Length":"142","Content-Security-Policy":"script-src 'self'","Content-Type":"text/plain;charset=UTF-8","Date":"Thu, 30 Oct 2025 08:09:06 GMT","Vary":"Access-Control-Request-Headers"},"originalResponseHeader":{"Authorization":["Bearer"],"Connection":["close"],"Content-Length":["142"],"Content-Security-Policy":["script-src 'self'"],"Content-Type":["text/plain;charset=UTF-8"],"Date":["Thu, 30 Oct 2025 08:09:06 GMT"],"Vary":["Access-Control-Request-Headers","Access-Control-Request-Method","Origin"]},"charset":"UTF-8"}}
2025-10-30 16:09:11.773 [com.alibaba.nacos.client.Worker] ERROR c.a.n.client.auth.impl.process.HttpLoginProcessor - login failed: {"code":500,"message":"caused: Cannot invoke \"com.alibaba.nacos.plugin.auth.impl.jwt.NacosJwtParser.getExpireTimeInSeconds(String)\" because \"this.jwtParser\" is null;","header":{"header":{"Accept-Charset":"UTF-8","Authorization":"Bearer","Connection":"close","Content-Length":"142","Content-Security-Policy":"script-src 'self'","Content-Type":"text/plain;charset=UTF-8","Date":"Thu, 30 Oct 2025 08:09:11 GMT","Vary":"Access-Control-Request-Headers"},"originalResponseHeader":{"Authorization":["Bearer"],"Connection":["close"],"Content-Length":["142"],"Content-Security-Policy":["script-src 'self'"],"Content-Type":["text/plain;charset=UTF-8"],"Date":["Thu, 30 Oct 2025 08:09:11 GMT"],"Vary":["Access-Control-Request-Headers","Access-Control-Request-Method","Origin"]},"charset":"UTF-8"}}
2025-10-30 16:09:16.857 [com.alibaba.nacos.client.Worker] ERROR c.a.n.client.auth.impl.process.HttpLoginProcessor - login failed: {"code":500,"message":"caused: Cannot invoke \"com.alibaba.nacos.plugin.auth.impl.jwt.NacosJwtParser.getExpireTimeInSeconds(String)\" because \"this.jwtParser\" is null;","header":{"header":{"Accept-Charset":"UTF-8","Authorization":"Bearer","Connection":"close","Content-Length":"142","Content-Security-Policy":"script-src 'self'","Content-Type":"text/plain;charset=UTF-8","Date":"Thu, 30 Oct 2025 08:09:16 GMT","Vary":"Access-Control-Request-Headers"},"originalResponseHeader":{"Authorization":["Bearer"],"Connection":["close"],"Content-Length":["142"],"Content-Security-Policy":["script-src 'self'"],"Content-Type":["text/plain;charset=UTF-8"],"Date":["Thu, 30 Oct 2025 08:09:16 GMT"],"Vary":["Access-Control-Request-Headers","Access-Control-Request-Method","Origin"]},"charset":"UTF-8"}}
2025-10-30 16:09:21.937 [com.alibaba.nacos.client.Worker] ERROR c.a.n.client.auth.impl.process.HttpLoginProcessor - login failed: {"code":500,"message":"caused: Cannot invoke \"com.alibaba.nacos.plugin.auth.impl.jwt.NacosJwtParser.getExpireTimeInSeconds(String)\" because \"this.jwtParser\" is null;","header":{"header":{"Accept-Charset":"UTF-8","Authorization":"Bearer","Connection":"close","Content-Length":"142","Content-Security-Policy":"script-src 'self'","Content-Type":"text/plain;charset=UTF-8","Date":"Thu, 30 Oct 2025 08:09:21 GMT","Vary":"Access-Control-Request-Headers"},"originalResponseHeader":{"Authorization":["Bearer"],"Connection":["close"],"Content-Length":["142"],"Content-Security-Policy":["script-src 'self'"],"Content-Type":["text/plain;charset=UTF-8"],"Date":["Thu, 30 Oct 2025 08:09:21 GMT"],"Vary":["Access-Control-Request-Headers","Access-Control-Request-Method","Origin"]},"charset":"UTF-8"}}
2025-10-30 16:09:27.021 [com.alibaba.nacos.client.Worker] ERROR c.a.n.client.auth.impl.process.HttpLoginProcessor - login failed: {"code":500,"message":"caused: Cannot invoke \"com.alibaba.nacos.plugin.auth.impl.jwt.NacosJwtParser.getExpireTimeInSeconds(String)\" because \"this.jwtParser\" is null;","header":{"header":{"Accept-Charset":"UTF-8","Authorization":"Bearer","Connection":"close","Content-Length":"142","Content-Security-Policy":"script-src 'self'","Content-Type":"text/plain;charset=UTF-8","Date":"Thu, 30 Oct 2025 08:09:27 GMT","Vary":"Access-Control-Request-Headers"},"originalResponseHeader":{"Authorization":["Bearer"],"Connection":["close"],"Content-Length":["142"],"Content-Security-Policy":["script-src 'self'"],"Content-Type":["text/plain;charset=UTF-8"],"Date":["Thu, 30 Oct 2025 08:09:27 GMT"],"Vary":["Access-Control-Request-Headers","Access-Control-Request-Method","Origin"]},"charset":"UTF-8"}}
2025-10-30 16:09:29.059 [http-nio-8080-exec-4] INFO  org.springframework.web.servlet.DispatcherServlet - Initializing Servlet 'dispatcherServlet'
2025-10-30 16:09:29.063 [http-nio-8080-exec-4] INFO  org.springframework.web.servlet.DispatcherServlet - Completed initialization in 3 ms
2025-10-30 16:09:29.099 [http-nio-8080-exec-4] INFO  c.q.xiaohashu.auth.controller.TestController - 当前限流阈值: 100
2025-10-30 16:09:32.098 [com.alibaba.nacos.client.Worker] ERROR c.a.n.client.auth.impl.process.HttpLoginProcessor - login failed: {"code":500,"message":"caused: Cannot invoke \"com.alibaba.nacos.plugin.auth.impl.jwt.NacosJwtParser.getExpireTimeInSeconds(String)\" because \"this.jwtParser\" is null;","header":{"header":{"Accept-Charset":"UTF-8","Authorization":"Bearer","Connection":"close","Content-Length":"142","Content-Security-Policy":"script-src 'self'","Content-Type":"text/plain;charset=UTF-8","Date":"Thu, 30 Oct 2025 08:09:32 GMT","Vary":"Access-Control-Request-Headers"},"originalResponseHeader":{"Authorization":["Bearer"],"Connection":["close"],"Content-Length":["142"],"Content-Security-Policy":["script-src 'self'"],"Content-Type":["text/plain;charset=UTF-8"],"Date":["Thu, 30 Oct 2025 08:09:32 GMT"],"Vary":["Access-Control-Request-Headers","Access-Control-Request-Method","Origin"]},"charset":"UTF-8"}}
2025-10-30 16:09:37.166 [com.alibaba.nacos.client.Worker] ERROR c.a.n.client.auth.impl.process.HttpLoginProcessor - login failed: {"code":500,"message":"caused: Cannot invoke \"com.alibaba.nacos.plugin.auth.impl.jwt.NacosJwtParser.getExpireTimeInSeconds(String)\" because \"this.jwtParser\" is null;","header":{"header":{"Accept-Charset":"UTF-8","Authorization":"Bearer","Connection":"close","Content-Length":"142","Content-Security-Policy":"script-src 'self'","Content-Type":"text/plain;charset=UTF-8","Date":"Thu, 30 Oct 2025 08:09:37 GMT","Vary":"Access-Control-Request-Headers"},"originalResponseHeader":{"Authorization":["Bearer"],"Connection":["close"],"Content-Length":["142"],"Content-Security-Policy":["script-src 'self'"],"Content-Type":["text/plain;charset=UTF-8"],"Date":["Thu, 30 Oct 2025 08:09:37 GMT"],"Vary":["Access-Control-Request-Headers","Access-Control-Request-Method","Origin"]},"charset":"UTF-8"}}
2025-10-30 16:09:42.251 [com.alibaba.nacos.client.Worker] ERROR c.a.n.client.auth.impl.process.HttpLoginProcessor - login failed: {"code":500,"message":"caused: Cannot invoke \"com.alibaba.nacos.plugin.auth.impl.jwt.NacosJwtParser.getExpireTimeInSeconds(String)\" because \"this.jwtParser\" is null;","header":{"header":{"Accept-Charset":"UTF-8","Authorization":"Bearer","Connection":"close","Content-Length":"142","Content-Security-Policy":"script-src 'self'","Content-Type":"text/plain;charset=UTF-8","Date":"Thu, 30 Oct 2025 08:09:42 GMT","Vary":"Access-Control-Request-Headers"},"originalResponseHeader":{"Authorization":["Bearer"],"Connection":["close"],"Content-Length":["142"],"Content-Security-Policy":["script-src 'self'"],"Content-Type":["text/plain;charset=UTF-8"],"Date":["Thu, 30 Oct 2025 08:09:42 GMT"],"Vary":["Access-Control-Request-Headers","Access-Control-Request-Method","Origin"]},"charset":"UTF-8"}}
2025-10-30 16:09:47.322 [com.alibaba.nacos.client.Worker] ERROR c.a.n.client.auth.impl.process.HttpLoginProcessor - login failed: {"code":500,"message":"caused: Cannot invoke \"com.alibaba.nacos.plugin.auth.impl.jwt.NacosJwtParser.getExpireTimeInSeconds(String)\" because \"this.jwtParser\" is null;","header":{"header":{"Accept-Charset":"UTF-8","Authorization":"Bearer","Connection":"close","Content-Length":"142","Content-Security-Policy":"script-src 'self'","Content-Type":"text/plain;charset=UTF-8","Date":"Thu, 30 Oct 2025 08:09:47 GMT","Vary":"Access-Control-Request-Headers"},"originalResponseHeader":{"Authorization":["Bearer"],"Connection":["close"],"Content-Length":["142"],"Content-Security-Policy":["script-src 'self'"],"Content-Type":["text/plain;charset=UTF-8"],"Date":["Thu, 30 Oct 2025 08:09:47 GMT"],"Vary":["Access-Control-Request-Headers","Access-Control-Request-Method","Origin"]},"charset":"UTF-8"}}
2025-10-30 16:09:52.398 [com.alibaba.nacos.client.Worker] ERROR c.a.n.client.auth.impl.process.HttpLoginProcessor - login failed: {"code":500,"message":"caused: Cannot invoke \"com.alibaba.nacos.plugin.auth.impl.jwt.NacosJwtParser.getExpireTimeInSeconds(String)\" because \"this.jwtParser\" is null;","header":{"header":{"Accept-Charset":"UTF-8","Authorization":"Bearer","Connection":"close","Content-Length":"142","Content-Security-Policy":"script-src 'self'","Content-Type":"text/plain;charset=UTF-8","Date":"Thu, 30 Oct 2025 08:09:52 GMT","Vary":"Access-Control-Request-Headers"},"originalResponseHeader":{"Authorization":["Bearer"],"Connection":["close"],"Content-Length":["142"],"Content-Security-Policy":["script-src 'self'"],"Content-Type":["text/plain;charset=UTF-8"],"Date":["Thu, 30 Oct 2025 08:09:52 GMT"],"Vary":["Access-Control-Request-Headers","Access-Control-Request-Method","Origin"]},"charset":"UTF-8"}}
2025-10-30 16:09:57.475 [com.alibaba.nacos.client.Worker] ERROR c.a.n.client.auth.impl.process.HttpLoginProcessor - login failed: {"code":500,"message":"caused: Cannot invoke \"com.alibaba.nacos.plugin.auth.impl.jwt.NacosJwtParser.getExpireTimeInSeconds(String)\" because \"this.jwtParser\" is null;","header":{"header":{"Accept-Charset":"UTF-8","Authorization":"Bearer","Connection":"close","Content-Length":"142","Content-Security-Policy":"script-src 'self'","Content-Type":"text/plain;charset=UTF-8","Date":"Thu, 30 Oct 2025 08:09:57 GMT","Vary":"Access-Control-Request-Headers"},"originalResponseHeader":{"Authorization":["Bearer"],"Connection":["close"],"Content-Length":["142"],"Content-Security-Policy":["script-src 'self'"],"Content-Type":["text/plain;charset=UTF-8"],"Date":["Thu, 30 Oct 2025 08:09:57 GMT"],"Vary":["Access-Control-Request-Headers","Access-Control-Request-Method","Origin"]},"charset":"UTF-8"}}
2025-10-30 16:10:02.550 [com.alibaba.nacos.client.Worker] ERROR c.a.n.client.auth.impl.process.HttpLoginProcessor - login failed: {"code":500,"message":"caused: Cannot invoke \"com.alibaba.nacos.plugin.auth.impl.jwt.NacosJwtParser.getExpireTimeInSeconds(String)\" because \"this.jwtParser\" is null;","header":{"header":{"Accept-Charset":"UTF-8","Authorization":"Bearer","Connection":"close","Content-Length":"142","Content-Security-Policy":"script-src 'self'","Content-Type":"text/plain;charset=UTF-8","Date":"Thu, 30 Oct 2025 08:10:02 GMT","Vary":"Access-Control-Request-Headers"},"originalResponseHeader":{"Authorization":["Bearer"],"Connection":["close"],"Content-Length":["142"],"Content-Security-Policy":["script-src 'self'"],"Content-Type":["text/plain;charset=UTF-8"],"Date":["Thu, 30 Oct 2025 08:10:02 GMT"],"Vary":["Access-Control-Request-Headers","Access-Control-Request-Method","Origin"]},"charset":"UTF-8"}}
2025-10-30 16:10:04.976 [http-nio-8080-exec-2] INFO  c.q.xiaohashu.auth.controller.TestController - 当前限流阈值: 100
2025-10-30 16:10:07.621 [com.alibaba.nacos.client.Worker] ERROR c.a.n.client.auth.impl.process.HttpLoginProcessor - login failed: {"code":500,"message":"caused: Cannot invoke \"com.alibaba.nacos.plugin.auth.impl.jwt.NacosJwtParser.getExpireTimeInSeconds(String)\" because \"this.jwtParser\" is null;","header":{"header":{"Accept-Charset":"UTF-8","Authorization":"Bearer","Connection":"close","Content-Length":"142","Content-Security-Policy":"script-src 'self'","Content-Type":"text/plain;charset=UTF-8","Date":"Thu, 30 Oct 2025 08:10:07 GMT","Vary":"Access-Control-Request-Headers"},"originalResponseHeader":{"Authorization":["Bearer"],"Connection":["close"],"Content-Length":["142"],"Content-Security-Policy":["script-src 'self'"],"Content-Type":["text/plain;charset=UTF-8"],"Date":["Thu, 30 Oct 2025 08:10:07 GMT"],"Vary":["Access-Control-Request-Headers","Access-Control-Request-Method","Origin"]},"charset":"UTF-8"}}
2025-10-30 16:10:12.688 [com.alibaba.nacos.client.Worker] ERROR c.a.n.client.auth.impl.process.HttpLoginProcessor - login failed: {"code":500,"message":"caused: Cannot invoke \"com.alibaba.nacos.plugin.auth.impl.jwt.NacosJwtParser.getExpireTimeInSeconds(String)\" because \"this.jwtParser\" is null;","header":{"header":{"Accept-Charset":"UTF-8","Authorization":"Bearer","Connection":"close","Content-Length":"142","Content-Security-Policy":"script-src 'self'","Content-Type":"text/plain;charset=UTF-8","Date":"Thu, 30 Oct 2025 08:10:12 GMT","Vary":"Access-Control-Request-Headers"},"originalResponseHeader":{"Authorization":["Bearer"],"Connection":["close"],"Content-Length":["142"],"Content-Security-Policy":["script-src 'self'"],"Content-Type":["text/plain;charset=UTF-8"],"Date":["Thu, 30 Oct 2025 08:10:12 GMT"],"Vary":["Access-Control-Request-Headers","Access-Control-Request-Method","Origin"]},"charset":"UTF-8"}}
2025-10-30 16:10:17.769 [com.alibaba.nacos.client.Worker] ERROR c.a.n.client.auth.impl.process.HttpLoginProcessor - login failed: {"code":500,"message":"caused: Cannot invoke \"com.alibaba.nacos.plugin.auth.impl.jwt.NacosJwtParser.getExpireTimeInSeconds(String)\" because \"this.jwtParser\" is null;","header":{"header":{"Accept-Charset":"UTF-8","Authorization":"Bearer","Connection":"close","Content-Length":"142","Content-Security-Policy":"script-src 'self'","Content-Type":"text/plain;charset=UTF-8","Date":"Thu, 30 Oct 2025 08:10:17 GMT","Vary":"Access-Control-Request-Headers"},"originalResponseHeader":{"Authorization":["Bearer"],"Connection":["close"],"Content-Length":["142"],"Content-Security-Policy":["script-src 'self'"],"Content-Type":["text/plain;charset=UTF-8"],"Date":["Thu, 30 Oct 2025 08:10:17 GMT"],"Vary":["Access-Control-Request-Headers","Access-Control-Request-Method","Origin"]},"charset":"UTF-8"}}
2025-10-30 16:10:22.836 [com.alibaba.nacos.client.Worker] ERROR c.a.n.client.auth.impl.process.HttpLoginProcessor - login failed: {"code":500,"message":"caused: Cannot invoke \"com.alibaba.nacos.plugin.auth.impl.jwt.NacosJwtParser.getExpireTimeInSeconds(String)\" because \"this.jwtParser\" is null;","header":{"header":{"Accept-Charset":"UTF-8","Authorization":"Bearer","Connection":"close","Content-Length":"142","Content-Security-Policy":"script-src 'self'","Content-Type":"text/plain;charset=UTF-8","Date":"Thu, 30 Oct 2025 08:10:22 GMT","Vary":"Access-Control-Request-Headers"},"originalResponseHeader":{"Authorization":["Bearer"],"Connection":["close"],"Content-Length":["142"],"Content-Security-Policy":["script-src 'self'"],"Content-Type":["text/plain;charset=UTF-8"],"Date":["Thu, 30 Oct 2025 08:10:22 GMT"],"Vary":["Access-Control-Request-Headers","Access-Control-Request-Method","Origin"]},"charset":"UTF-8"}}
2025-10-30 16:10:27.915 [com.alibaba.nacos.client.Worker] ERROR c.a.n.client.auth.impl.process.HttpLoginProcessor - login failed: {"code":500,"message":"caused: Cannot invoke \"com.alibaba.nacos.plugin.auth.impl.jwt.NacosJwtParser.getExpireTimeInSeconds(String)\" because \"this.jwtParser\" is null;","header":{"header":{"Accept-Charset":"UTF-8","Authorization":"Bearer","Connection":"close","Content-Length":"142","Content-Security-Policy":"script-src 'self'","Content-Type":"text/plain;charset=UTF-8","Date":"Thu, 30 Oct 2025 08:10:27 GMT","Vary":"Access-Control-Request-Headers"},"originalResponseHeader":{"Authorization":["Bearer"],"Connection":["close"],"Content-Length":["142"],"Content-Security-Policy":["script-src 'self'"],"Content-Type":["text/plain;charset=UTF-8"],"Date":["Thu, 30 Oct 2025 08:10:27 GMT"],"Vary":["Access-Control-Request-Headers","Access-Control-Request-Method","Origin"]},"charset":"UTF-8"}}
2025-10-30 16:10:32.992 [com.alibaba.nacos.client.Worker] ERROR c.a.n.client.auth.impl.process.HttpLoginProcessor - login failed: {"code":500,"message":"caused: Cannot invoke \"com.alibaba.nacos.plugin.auth.impl.jwt.NacosJwtParser.getExpireTimeInSeconds(String)\" because \"this.jwtParser\" is null;","header":{"header":{"Accept-Charset":"UTF-8","Authorization":"Bearer","Connection":"close","Content-Length":"142","Content-Security-Policy":"script-src 'self'","Content-Type":"text/plain;charset=UTF-8","Date":"Thu, 30 Oct 2025 08:10:32 GMT","Vary":"Access-Control-Request-Headers"},"originalResponseHeader":{"Authorization":["Bearer"],"Connection":["close"],"Content-Length":["142"],"Content-Security-Policy":["script-src 'self'"],"Content-Type":["text/plain;charset=UTF-8"],"Date":["Thu, 30 Oct 2025 08:10:32 GMT"],"Vary":["Access-Control-Request-Headers","Access-Control-Request-Method","Origin"]},"charset":"UTF-8"}}
2025-10-30 16:10:38.069 [com.alibaba.nacos.client.Worker] ERROR c.a.n.client.auth.impl.process.HttpLoginProcessor - login failed: {"code":500,"message":"caused: Cannot invoke \"com.alibaba.nacos.plugin.auth.impl.jwt.NacosJwtParser.getExpireTimeInSeconds(String)\" because \"this.jwtParser\" is null;","header":{"header":{"Accept-Charset":"UTF-8","Authorization":"Bearer","Connection":"close","Content-Length":"142","Content-Security-Policy":"script-src 'self'","Content-Type":"text/plain;charset=UTF-8","Date":"Thu, 30 Oct 2025 08:10:38 GMT","Vary":"Access-Control-Request-Headers"},"originalResponseHeader":{"Authorization":["Bearer"],"Connection":["close"],"Content-Length":["142"],"Content-Security-Policy":["script-src 'self'"],"Content-Type":["text/plain;charset=UTF-8"],"Date":["Thu, 30 Oct 2025 08:10:38 GMT"],"Vary":["Access-Control-Request-Headers","Access-Control-Request-Method","Origin"]},"charset":"UTF-8"}}
2025-10-30 16:10:41.448 [nacos-grpc-client-executor-127.0.0.1-47] ERROR c.a.nacos.common.remote.client.grpc.GrpcClient - [1761811691343_127.0.0.1_5614]Request stream error, switch server,error={}
com.alibaba.nacos.shaded.io.grpc.StatusRuntimeException: UNAVAILABLE: io exception
	at com.alibaba.nacos.shaded.io.grpc.Status.asRuntimeException(Status.java:539)
	at com.alibaba.nacos.shaded.io.grpc.stub.ClientCalls$StreamObserverToCallListenerAdapter.onClose(ClientCalls.java:487)
	at com.alibaba.nacos.shaded.io.grpc.internal.ClientCallImpl.closeObserver(ClientCallImpl.java:563)
	at com.alibaba.nacos.shaded.io.grpc.internal.ClientCallImpl.access$300(ClientCallImpl.java:70)
	at com.alibaba.nacos.shaded.io.grpc.internal.ClientCallImpl$ClientStreamListenerImpl$1StreamClosed.runInternal(ClientCallImpl.java:744)
	at com.alibaba.nacos.shaded.io.grpc.internal.ClientCallImpl$ClientStreamListenerImpl$1StreamClosed.runInContext(ClientCallImpl.java:723)
	at com.alibaba.nacos.shaded.io.grpc.internal.ContextRunnable.run(ContextRunnable.java:37)
	at com.alibaba.nacos.shaded.io.grpc.internal.SerializingExecutor.run(SerializingExecutor.java:133)
	at java.base/java.util.concurrent.ThreadPoolExecutor.runWorker(ThreadPoolExecutor.java:1136)
	at java.base/java.util.concurrent.ThreadPoolExecutor$Worker.run(ThreadPoolExecutor.java:635)
	at java.base/java.lang.Thread.run(Thread.java:842)
Caused by: java.net.SocketException: Connection reset
	at java.base/sun.nio.ch.SocketChannelImpl.throwConnectionReset(SocketChannelImpl.java:394)
	at java.base/sun.nio.ch.SocketChannelImpl.read(SocketChannelImpl.java:426)
	at com.alibaba.nacos.shaded.io.grpc.netty.shaded.io.netty.buffer.PooledByteBuf.setBytes(PooledByteBuf.java:258)
	at com.alibaba.nacos.shaded.io.grpc.netty.shaded.io.netty.buffer.AbstractByteBuf.writeBytes(AbstractByteBuf.java:1132)
	at com.alibaba.nacos.shaded.io.grpc.netty.shaded.io.netty.channel.socket.nio.NioSocketChannel.doReadBytes(NioSocketChannel.java:357)
	at com.alibaba.nacos.shaded.io.grpc.netty.shaded.io.netty.channel.nio.AbstractNioByteChannel$NioByteUnsafe.read(AbstractNioByteChannel.java:151)
	at com.alibaba.nacos.shaded.io.grpc.netty.shaded.io.netty.channel.nio.NioEventLoop.processSelectedKey(NioEventLoop.java:722)
	at com.alibaba.nacos.shaded.io.grpc.netty.shaded.io.netty.channel.nio.NioEventLoop.processSelectedKeysOptimized(NioEventLoop.java:658)
	at com.alibaba.nacos.shaded.io.grpc.netty.shaded.io.netty.channel.nio.NioEventLoop.processSelectedKeys(NioEventLoop.java:584)
	at com.alibaba.nacos.shaded.io.grpc.netty.shaded.io.netty.channel.nio.NioEventLoop.run(NioEventLoop.java:496)
	at com.alibaba.nacos.shaded.io.grpc.netty.shaded.io.netty.util.concurrent.SingleThreadEventExecutor$4.run(SingleThreadEventExecutor.java:997)
	at com.alibaba.nacos.shaded.io.grpc.netty.shaded.io.netty.util.internal.ThreadExecutorMap$2.run(ThreadExecutorMap.java:74)
	at com.alibaba.nacos.shaded.io.grpc.netty.shaded.io.netty.util.concurrent.FastThreadLocalRunnable.run(FastThreadLocalRunnable.java:30)
	... 1 common frames omitted
2025-10-30 16:10:41.451 [com.alibaba.nacos.client.remote.worker] INFO  com.alibaba.nacos.common.remote.client - [77bb8b38-8220-4fa9-84bf-ae133f9c9a09_config-0] Try to reconnect to a new server, server is  not appointed, will choose a random server.
2025-10-30 16:10:41.451 [com.alibaba.nacos.client.remote.worker] INFO  c.a.nacos.common.remote.client.grpc.GrpcClient - grpc client connection server:127.0.0.1 ip,serverPort:9848,grpcTslConfig:{"sslProvider":"OPENSSL","enableTls":false,"mutualAuthEnable":false,"trustAll":false}
2025-10-30 16:10:41.461 [com.alibaba.nacos.client.remote.worker] ERROR c.a.nacos.common.remote.client.grpc.GrpcClient - Server check fail, please check server 127.0.0.1 ,port 9848 is available , error ={}
java.util.concurrent.ExecutionException: com.alibaba.nacos.shaded.io.grpc.StatusRuntimeException: UNAVAILABLE: io exception
	at com.alibaba.nacos.shaded.com.google.common.util.concurrent.AbstractFuture.getDoneValue(AbstractFuture.java:566)
	at com.alibaba.nacos.shaded.com.google.common.util.concurrent.AbstractFuture.get(AbstractFuture.java:445)
	at com.alibaba.nacos.common.remote.client.grpc.GrpcClient.serverCheck(GrpcClient.java:218)
	at com.alibaba.nacos.common.remote.client.grpc.GrpcClient.connectToServer(GrpcClient.java:329)
	at com.alibaba.nacos.common.remote.client.RpcClient.reconnect(RpcClient.java:502)
	at com.alibaba.nacos.common.remote.client.RpcClient.lambda$start$2(RpcClient.java:343)
	at java.base/java.util.concurrent.Executors$RunnableAdapter.call(Executors.java:539)
	at java.base/java.util.concurrent.FutureTask.run(FutureTask.java:264)
	at java.base/java.util.concurrent.ScheduledThreadPoolExecutor$ScheduledFutureTask.run(ScheduledThreadPoolExecutor.java:304)
	at java.base/java.util.concurrent.ThreadPoolExecutor.runWorker(ThreadPoolExecutor.java:1136)
	at java.base/java.util.concurrent.ThreadPoolExecutor$Worker.run(ThreadPoolExecutor.java:635)
	at java.base/java.lang.Thread.run(Thread.java:842)
Caused by: com.alibaba.nacos.shaded.io.grpc.StatusRuntimeException: UNAVAILABLE: io exception
	at com.alibaba.nacos.shaded.io.grpc.Status.asRuntimeException(Status.java:539)
	at com.alibaba.nacos.shaded.io.grpc.stub.ClientCalls$UnaryStreamToFuture.onClose(ClientCalls.java:544)
	at com.alibaba.nacos.shaded.io.grpc.internal.DelayedClientCall$DelayedListener$3.run(DelayedClientCall.java:471)
	at com.alibaba.nacos.shaded.io.grpc.internal.DelayedClientCall$DelayedListener.delayOrExecute(DelayedClientCall.java:435)
	at com.alibaba.nacos.shaded.io.grpc.internal.DelayedClientCall$DelayedListener.onClose(DelayedClientCall.java:468)
	at com.alibaba.nacos.shaded.io.grpc.internal.ClientCallImpl.closeObserver(ClientCallImpl.java:563)
	at com.alibaba.nacos.shaded.io.grpc.internal.ClientCallImpl.access$300(ClientCallImpl.java:70)
	at com.alibaba.nacos.shaded.io.grpc.internal.ClientCallImpl$ClientStreamListenerImpl$1StreamClosed.runInternal(ClientCallImpl.java:744)
	at com.alibaba.nacos.shaded.io.grpc.internal.ClientCallImpl$ClientStreamListenerImpl$1StreamClosed.runInContext(ClientCallImpl.java:723)
	at com.alibaba.nacos.shaded.io.grpc.internal.ContextRunnable.run(ContextRunnable.java:37)
	at com.alibaba.nacos.shaded.io.grpc.internal.SerializingExecutor.run(SerializingExecutor.java:133)
	... 3 common frames omitted
Caused by: com.alibaba.nacos.shaded.io.grpc.netty.shaded.io.netty.channel.AbstractChannel$AnnotatedConnectException: Connection refused: no further information: /127.0.0.1:9848
Caused by: java.net.ConnectException: Connection refused: no further information
	at java.base/sun.nio.ch.Net.pollConnect(Native Method)
	at java.base/sun.nio.ch.Net.pollConnectNow(Net.java:672)
	at java.base/sun.nio.ch.SocketChannelImpl.finishConnect(SocketChannelImpl.java:946)
	at com.alibaba.nacos.shaded.io.grpc.netty.shaded.io.netty.channel.socket.nio.NioSocketChannel.doFinishConnect(NioSocketChannel.java:337)
	at com.alibaba.nacos.shaded.io.grpc.netty.shaded.io.netty.channel.nio.AbstractNioChannel$AbstractNioUnsafe.finishConnect(AbstractNioChannel.java:334)
	at com.alibaba.nacos.shaded.io.grpc.netty.shaded.io.netty.channel.nio.NioEventLoop.processSelectedKey(NioEventLoop.java:710)
	at com.alibaba.nacos.shaded.io.grpc.netty.shaded.io.netty.channel.nio.NioEventLoop.processSelectedKeysOptimized(NioEventLoop.java:658)
	at com.alibaba.nacos.shaded.io.grpc.netty.shaded.io.netty.channel.nio.NioEventLoop.processSelectedKeys(NioEventLoop.java:584)
	at com.alibaba.nacos.shaded.io.grpc.netty.shaded.io.netty.channel.nio.NioEventLoop.run(NioEventLoop.java:496)
	at com.alibaba.nacos.shaded.io.grpc.netty.shaded.io.netty.util.concurrent.SingleThreadEventExecutor$4.run(SingleThreadEventExecutor.java:997)
	at com.alibaba.nacos.shaded.io.grpc.netty.shaded.io.netty.util.internal.ThreadExecutorMap$2.run(ThreadExecutorMap.java:74)
	at com.alibaba.nacos.shaded.io.grpc.netty.shaded.io.netty.util.concurrent.FastThreadLocalRunnable.run(FastThreadLocalRunnable.java:30)
	at java.base/java.lang.Thread.run(Thread.java:842)
2025-10-30 16:10:41.565 [com.alibaba.nacos.client.remote.worker] INFO  c.a.nacos.common.remote.client.grpc.GrpcClient - grpc client connection server:127.0.0.1 ip,serverPort:9848,grpcTslConfig:{"sslProvider":"OPENSSL","enableTls":false,"mutualAuthEnable":false,"trustAll":false}
2025-10-30 16:10:41.570 [com.alibaba.nacos.client.remote.worker] ERROR c.a.nacos.common.remote.client.grpc.GrpcClient - Server check fail, please check server 127.0.0.1 ,port 9848 is available , error ={}
java.util.concurrent.ExecutionException: com.alibaba.nacos.shaded.io.grpc.StatusRuntimeException: UNAVAILABLE: io exception
	at com.alibaba.nacos.shaded.com.google.common.util.concurrent.AbstractFuture.getDoneValue(AbstractFuture.java:566)
	at com.alibaba.nacos.shaded.com.google.common.util.concurrent.AbstractFuture.get(AbstractFuture.java:445)
	at com.alibaba.nacos.common.remote.client.grpc.GrpcClient.serverCheck(GrpcClient.java:218)
	at com.alibaba.nacos.common.remote.client.grpc.GrpcClient.connectToServer(GrpcClient.java:329)
	at com.alibaba.nacos.common.remote.client.RpcClient.reconnect(RpcClient.java:502)
	at com.alibaba.nacos.common.remote.client.RpcClient.lambda$start$2(RpcClient.java:343)
	at java.base/java.util.concurrent.Executors$RunnableAdapter.call(Executors.java:539)
	at java.base/java.util.concurrent.FutureTask.run(FutureTask.java:264)
	at java.base/java.util.concurrent.ScheduledThreadPoolExecutor$ScheduledFutureTask.run(ScheduledThreadPoolExecutor.java:304)
	at java.base/java.util.concurrent.ThreadPoolExecutor.runWorker(ThreadPoolExecutor.java:1136)
	at java.base/java.util.concurrent.ThreadPoolExecutor$Worker.run(ThreadPoolExecutor.java:635)
	at java.base/java.lang.Thread.run(Thread.java:842)
Caused by: com.alibaba.nacos.shaded.io.grpc.StatusRuntimeException: UNAVAILABLE: io exception
	at com.alibaba.nacos.shaded.io.grpc.Status.asRuntimeException(Status.java:539)
	at com.alibaba.nacos.shaded.io.grpc.stub.ClientCalls$UnaryStreamToFuture.onClose(ClientCalls.java:544)
	at com.alibaba.nacos.shaded.io.grpc.internal.DelayedClientCall$DelayedListener$3.run(DelayedClientCall.java:471)
	at com.alibaba.nacos.shaded.io.grpc.internal.DelayedClientCall$DelayedListener.delayOrExecute(DelayedClientCall.java:435)
	at com.alibaba.nacos.shaded.io.grpc.internal.DelayedClientCall$DelayedListener.onClose(DelayedClientCall.java:468)
	at com.alibaba.nacos.shaded.io.grpc.internal.ClientCallImpl.closeObserver(ClientCallImpl.java:563)
	at com.alibaba.nacos.shaded.io.grpc.internal.ClientCallImpl.access$300(ClientCallImpl.java:70)
	at com.alibaba.nacos.shaded.io.grpc.internal.ClientCallImpl$ClientStreamListenerImpl$1StreamClosed.runInternal(ClientCallImpl.java:744)
	at com.alibaba.nacos.shaded.io.grpc.internal.ClientCallImpl$ClientStreamListenerImpl$1StreamClosed.runInContext(ClientCallImpl.java:723)
	at com.alibaba.nacos.shaded.io.grpc.internal.ContextRunnable.run(ContextRunnable.java:37)
	at com.alibaba.nacos.shaded.io.grpc.internal.SerializingExecutor.run(SerializingExecutor.java:133)
	... 3 common frames omitted
Caused by: com.alibaba.nacos.shaded.io.grpc.netty.shaded.io.netty.channel.AbstractChannel$AnnotatedConnectException: Connection refused: no further information: /127.0.0.1:9848
Caused by: java.net.ConnectException: Connection refused: no further information
	at java.base/sun.nio.ch.Net.pollConnect(Native Method)
	at java.base/sun.nio.ch.Net.pollConnectNow(Net.java:672)
	at java.base/sun.nio.ch.SocketChannelImpl.finishConnect(SocketChannelImpl.java:946)
	at com.alibaba.nacos.shaded.io.grpc.netty.shaded.io.netty.channel.socket.nio.NioSocketChannel.doFinishConnect(NioSocketChannel.java:337)
	at com.alibaba.nacos.shaded.io.grpc.netty.shaded.io.netty.channel.nio.AbstractNioChannel$AbstractNioUnsafe.finishConnect(AbstractNioChannel.java:334)
	at com.alibaba.nacos.shaded.io.grpc.netty.shaded.io.netty.channel.nio.NioEventLoop.processSelectedKey(NioEventLoop.java:710)
	at com.alibaba.nacos.shaded.io.grpc.netty.shaded.io.netty.channel.nio.NioEventLoop.processSelectedKeysOptimized(NioEventLoop.java:658)
	at com.alibaba.nacos.shaded.io.grpc.netty.shaded.io.netty.channel.nio.NioEventLoop.processSelectedKeys(NioEventLoop.java:584)
	at com.alibaba.nacos.shaded.io.grpc.netty.shaded.io.netty.channel.nio.NioEventLoop.run(NioEventLoop.java:496)
	at com.alibaba.nacos.shaded.io.grpc.netty.shaded.io.netty.util.concurrent.SingleThreadEventExecutor$4.run(SingleThreadEventExecutor.java:997)
	at com.alibaba.nacos.shaded.io.grpc.netty.shaded.io.netty.util.internal.ThreadExecutorMap$2.run(ThreadExecutorMap.java:74)
	at com.alibaba.nacos.shaded.io.grpc.netty.shaded.io.netty.util.concurrent.FastThreadLocalRunnable.run(FastThreadLocalRunnable.java:30)
	at java.base/java.lang.Thread.run(Thread.java:842)
2025-10-30 16:10:41.570 [com.alibaba.nacos.client.remote.worker] INFO  com.alibaba.nacos.common.remote.client - [77bb8b38-8220-4fa9-84bf-ae133f9c9a09_config-0] Fail to connect server, after trying 1 times, last try server is {serverIp = '127.0.0.1', server main port = 8848}, error = unknown
2025-10-30 16:10:41.786 [com.alibaba.nacos.client.remote.worker] INFO  c.a.nacos.common.remote.client.grpc.GrpcClient - grpc client connection server:127.0.0.1 ip,serverPort:9848,grpcTslConfig:{"sslProvider":"OPENSSL","enableTls":false,"mutualAuthEnable":false,"trustAll":false}
2025-10-30 16:10:41.790 [com.alibaba.nacos.client.remote.worker] ERROR c.a.nacos.common.remote.client.grpc.GrpcClient - Server check fail, please check server 127.0.0.1 ,port 9848 is available , error ={}
java.util.concurrent.ExecutionException: com.alibaba.nacos.shaded.io.grpc.StatusRuntimeException: UNAVAILABLE: io exception
	at com.alibaba.nacos.shaded.com.google.common.util.concurrent.AbstractFuture.getDoneValue(AbstractFuture.java:566)
	at com.alibaba.nacos.shaded.com.google.common.util.concurrent.AbstractFuture.get(AbstractFuture.java:445)
	at com.alibaba.nacos.common.remote.client.grpc.GrpcClient.serverCheck(GrpcClient.java:218)
	at com.alibaba.nacos.common.remote.client.grpc.GrpcClient.connectToServer(GrpcClient.java:329)
	at com.alibaba.nacos.common.remote.client.RpcClient.reconnect(RpcClient.java:502)
	at com.alibaba.nacos.common.remote.client.RpcClient.lambda$start$2(RpcClient.java:343)
	at java.base/java.util.concurrent.Executors$RunnableAdapter.call(Executors.java:539)
	at java.base/java.util.concurrent.FutureTask.run(FutureTask.java:264)
	at java.base/java.util.concurrent.ScheduledThreadPoolExecutor$ScheduledFutureTask.run(ScheduledThreadPoolExecutor.java:304)
	at java.base/java.util.concurrent.ThreadPoolExecutor.runWorker(ThreadPoolExecutor.java:1136)
	at java.base/java.util.concurrent.ThreadPoolExecutor$Worker.run(ThreadPoolExecutor.java:635)
	at java.base/java.lang.Thread.run(Thread.java:842)
Caused by: com.alibaba.nacos.shaded.io.grpc.StatusRuntimeException: UNAVAILABLE: io exception
	at com.alibaba.nacos.shaded.io.grpc.Status.asRuntimeException(Status.java:539)
	at com.alibaba.nacos.shaded.io.grpc.stub.ClientCalls$UnaryStreamToFuture.onClose(ClientCalls.java:544)
	at com.alibaba.nacos.shaded.io.grpc.internal.DelayedClientCall$DelayedListener$3.run(DelayedClientCall.java:471)
	at com.alibaba.nacos.shaded.io.grpc.internal.DelayedClientCall$DelayedListener.delayOrExecute(DelayedClientCall.java:435)
	at com.alibaba.nacos.shaded.io.grpc.internal.DelayedClientCall$DelayedListener.onClose(DelayedClientCall.java:468)
	at com.alibaba.nacos.shaded.io.grpc.internal.ClientCallImpl.closeObserver(ClientCallImpl.java:563)
	at com.alibaba.nacos.shaded.io.grpc.internal.ClientCallImpl.access$300(ClientCallImpl.java:70)
	at com.alibaba.nacos.shaded.io.grpc.internal.ClientCallImpl$ClientStreamListenerImpl$1StreamClosed.runInternal(ClientCallImpl.java:744)
	at com.alibaba.nacos.shaded.io.grpc.internal.ClientCallImpl$ClientStreamListenerImpl$1StreamClosed.runInContext(ClientCallImpl.java:723)
	at com.alibaba.nacos.shaded.io.grpc.internal.ContextRunnable.run(ContextRunnable.java:37)
	at com.alibaba.nacos.shaded.io.grpc.internal.SerializingExecutor.run(SerializingExecutor.java:133)
	... 3 common frames omitted
Caused by: com.alibaba.nacos.shaded.io.grpc.netty.shaded.io.netty.channel.AbstractChannel$AnnotatedConnectException: Connection refused: no further information: /127.0.0.1:9848
Caused by: java.net.ConnectException: Connection refused: no further information
	at java.base/sun.nio.ch.Net.pollConnect(Native Method)
	at java.base/sun.nio.ch.Net.pollConnectNow(Net.java:672)
	at java.base/sun.nio.ch.SocketChannelImpl.finishConnect(SocketChannelImpl.java:946)
	at com.alibaba.nacos.shaded.io.grpc.netty.shaded.io.netty.channel.socket.nio.NioSocketChannel.doFinishConnect(NioSocketChannel.java:337)
	at com.alibaba.nacos.shaded.io.grpc.netty.shaded.io.netty.channel.nio.AbstractNioChannel$AbstractNioUnsafe.finishConnect(AbstractNioChannel.java:334)
	at com.alibaba.nacos.shaded.io.grpc.netty.shaded.io.netty.channel.nio.NioEventLoop.processSelectedKey(NioEventLoop.java:710)
	at com.alibaba.nacos.shaded.io.grpc.netty.shaded.io.netty.channel.nio.NioEventLoop.processSelectedKeysOptimized(NioEventLoop.java:658)
	at com.alibaba.nacos.shaded.io.grpc.netty.shaded.io.netty.channel.nio.NioEventLoop.processSelectedKeys(NioEventLoop.java:584)
	at com.alibaba.nacos.shaded.io.grpc.netty.shaded.io.netty.channel.nio.NioEventLoop.run(NioEventLoop.java:496)
	at com.alibaba.nacos.shaded.io.grpc.netty.shaded.io.netty.util.concurrent.SingleThreadEventExecutor$4.run(SingleThreadEventExecutor.java:997)
	at com.alibaba.nacos.shaded.io.grpc.netty.shaded.io.netty.util.internal.ThreadExecutorMap$2.run(ThreadExecutorMap.java:74)
	at com.alibaba.nacos.shaded.io.grpc.netty.shaded.io.netty.util.concurrent.FastThreadLocalRunnable.run(FastThreadLocalRunnable.java:30)
	at java.base/java.lang.Thread.run(Thread.java:842)
2025-10-30 16:10:41.790 [com.alibaba.nacos.client.remote.worker] INFO  com.alibaba.nacos.common.remote.client - [77bb8b38-8220-4fa9-84bf-ae133f9c9a09_config-0] Fail to connect server, after trying 2 times, last try server is {serverIp = '127.0.0.1', server main port = 8848}, error = unknown
2025-10-30 16:10:42.098 [com.alibaba.nacos.client.remote.worker] INFO  c.a.nacos.common.remote.client.grpc.GrpcClient - grpc client connection server:127.0.0.1 ip,serverPort:9848,grpcTslConfig:{"sslProvider":"OPENSSL","enableTls":false,"mutualAuthEnable":false,"trustAll":false}
2025-10-30 16:10:42.103 [com.alibaba.nacos.client.remote.worker] ERROR c.a.nacos.common.remote.client.grpc.GrpcClient - Server check fail, please check server 127.0.0.1 ,port 9848 is available , error ={}
java.util.concurrent.ExecutionException: com.alibaba.nacos.shaded.io.grpc.StatusRuntimeException: UNAVAILABLE: io exception
	at com.alibaba.nacos.shaded.com.google.common.util.concurrent.AbstractFuture.getDoneValue(AbstractFuture.java:566)
	at com.alibaba.nacos.shaded.com.google.common.util.concurrent.AbstractFuture.get(AbstractFuture.java:445)
	at com.alibaba.nacos.common.remote.client.grpc.GrpcClient.serverCheck(GrpcClient.java:218)
	at com.alibaba.nacos.common.remote.client.grpc.GrpcClient.connectToServer(GrpcClient.java:329)
	at com.alibaba.nacos.common.remote.client.RpcClient.reconnect(RpcClient.java:502)
	at com.alibaba.nacos.common.remote.client.RpcClient.lambda$start$2(RpcClient.java:343)
	at java.base/java.util.concurrent.Executors$RunnableAdapter.call(Executors.java:539)
	at java.base/java.util.concurrent.FutureTask.run(FutureTask.java:264)
	at java.base/java.util.concurrent.ScheduledThreadPoolExecutor$ScheduledFutureTask.run(ScheduledThreadPoolExecutor.java:304)
	at java.base/java.util.concurrent.ThreadPoolExecutor.runWorker(ThreadPoolExecutor.java:1136)
	at java.base/java.util.concurrent.ThreadPoolExecutor$Worker.run(ThreadPoolExecutor.java:635)
	at java.base/java.lang.Thread.run(Thread.java:842)
Caused by: com.alibaba.nacos.shaded.io.grpc.StatusRuntimeException: UNAVAILABLE: io exception
	at com.alibaba.nacos.shaded.io.grpc.Status.asRuntimeException(Status.java:539)
	at com.alibaba.nacos.shaded.io.grpc.stub.ClientCalls$UnaryStreamToFuture.onClose(ClientCalls.java:544)
	at com.alibaba.nacos.shaded.io.grpc.internal.DelayedClientCall$DelayedListener$3.run(DelayedClientCall.java:471)
	at com.alibaba.nacos.shaded.io.grpc.internal.DelayedClientCall$DelayedListener.delayOrExecute(DelayedClientCall.java:435)
	at com.alibaba.nacos.shaded.io.grpc.internal.DelayedClientCall$DelayedListener.onClose(DelayedClientCall.java:468)
	at com.alibaba.nacos.shaded.io.grpc.internal.ClientCallImpl.closeObserver(ClientCallImpl.java:563)
	at com.alibaba.nacos.shaded.io.grpc.internal.ClientCallImpl.access$300(ClientCallImpl.java:70)
	at com.alibaba.nacos.shaded.io.grpc.internal.ClientCallImpl$ClientStreamListenerImpl$1StreamClosed.runInternal(ClientCallImpl.java:744)
	at com.alibaba.nacos.shaded.io.grpc.internal.ClientCallImpl$ClientStreamListenerImpl$1StreamClosed.runInContext(ClientCallImpl.java:723)
	at com.alibaba.nacos.shaded.io.grpc.internal.ContextRunnable.run(ContextRunnable.java:37)
	at com.alibaba.nacos.shaded.io.grpc.internal.SerializingExecutor.run(SerializingExecutor.java:133)
	... 3 common frames omitted
Caused by: com.alibaba.nacos.shaded.io.grpc.netty.shaded.io.netty.channel.AbstractChannel$AnnotatedConnectException: Connection refused: no further information: /127.0.0.1:9848
Caused by: java.net.ConnectException: Connection refused: no further information
	at java.base/sun.nio.ch.Net.pollConnect(Native Method)
	at java.base/sun.nio.ch.Net.pollConnectNow(Net.java:672)
	at java.base/sun.nio.ch.SocketChannelImpl.finishConnect(SocketChannelImpl.java:946)
	at com.alibaba.nacos.shaded.io.grpc.netty.shaded.io.netty.channel.socket.nio.NioSocketChannel.doFinishConnect(NioSocketChannel.java:337)
	at com.alibaba.nacos.shaded.io.grpc.netty.shaded.io.netty.channel.nio.AbstractNioChannel$AbstractNioUnsafe.finishConnect(AbstractNioChannel.java:334)
	at com.alibaba.nacos.shaded.io.grpc.netty.shaded.io.netty.channel.nio.NioEventLoop.processSelectedKey(NioEventLoop.java:710)
	at com.alibaba.nacos.shaded.io.grpc.netty.shaded.io.netty.channel.nio.NioEventLoop.processSelectedKeysOptimized(NioEventLoop.java:658)
	at com.alibaba.nacos.shaded.io.grpc.netty.shaded.io.netty.channel.nio.NioEventLoop.processSelectedKeys(NioEventLoop.java:584)
	at com.alibaba.nacos.shaded.io.grpc.netty.shaded.io.netty.channel.nio.NioEventLoop.run(NioEventLoop.java:496)
	at com.alibaba.nacos.shaded.io.grpc.netty.shaded.io.netty.util.concurrent.SingleThreadEventExecutor$4.run(SingleThreadEventExecutor.java:997)
	at com.alibaba.nacos.shaded.io.grpc.netty.shaded.io.netty.util.internal.ThreadExecutorMap$2.run(ThreadExecutorMap.java:74)
	at com.alibaba.nacos.shaded.io.grpc.netty.shaded.io.netty.util.concurrent.FastThreadLocalRunnable.run(FastThreadLocalRunnable.java:30)
	at java.base/java.lang.Thread.run(Thread.java:842)
2025-10-30 16:10:42.104 [com.alibaba.nacos.client.remote.worker] INFO  com.alibaba.nacos.common.remote.client - [77bb8b38-8220-4fa9-84bf-ae133f9c9a09_config-0] Fail to connect server, after trying 3 times, last try server is {serverIp = '127.0.0.1', server main port = 8848}, error = unknown
2025-10-30 16:10:42.519 [com.alibaba.nacos.client.remote.worker] INFO  c.a.nacos.common.remote.client.grpc.GrpcClient - grpc client connection server:127.0.0.1 ip,serverPort:9848,grpcTslConfig:{"sslProvider":"OPENSSL","enableTls":false,"mutualAuthEnable":false,"trustAll":false}
2025-10-30 16:10:42.524 [com.alibaba.nacos.client.remote.worker] ERROR c.a.nacos.common.remote.client.grpc.GrpcClient - Server check fail, please check server 127.0.0.1 ,port 9848 is available , error ={}
java.util.concurrent.ExecutionException: com.alibaba.nacos.shaded.io.grpc.StatusRuntimeException: UNAVAILABLE: io exception
	at com.alibaba.nacos.shaded.com.google.common.util.concurrent.AbstractFuture.getDoneValue(AbstractFuture.java:566)
	at com.alibaba.nacos.shaded.com.google.common.util.concurrent.AbstractFuture.get(AbstractFuture.java:445)
	at com.alibaba.nacos.common.remote.client.grpc.GrpcClient.serverCheck(GrpcClient.java:218)
	at com.alibaba.nacos.common.remote.client.grpc.GrpcClient.connectToServer(GrpcClient.java:329)
	at com.alibaba.nacos.common.remote.client.RpcClient.reconnect(RpcClient.java:502)
	at com.alibaba.nacos.common.remote.client.RpcClient.lambda$start$2(RpcClient.java:343)
	at java.base/java.util.concurrent.Executors$RunnableAdapter.call(Executors.java:539)
	at java.base/java.util.concurrent.FutureTask.run(FutureTask.java:264)
	at java.base/java.util.concurrent.ScheduledThreadPoolExecutor$ScheduledFutureTask.run(ScheduledThreadPoolExecutor.java:304)
	at java.base/java.util.concurrent.ThreadPoolExecutor.runWorker(ThreadPoolExecutor.java:1136)
	at java.base/java.util.concurrent.ThreadPoolExecutor$Worker.run(ThreadPoolExecutor.java:635)
	at java.base/java.lang.Thread.run(Thread.java:842)
Caused by: com.alibaba.nacos.shaded.io.grpc.StatusRuntimeException: UNAVAILABLE: io exception
	at com.alibaba.nacos.shaded.io.grpc.Status.asRuntimeException(Status.java:539)
	at com.alibaba.nacos.shaded.io.grpc.stub.ClientCalls$UnaryStreamToFuture.onClose(ClientCalls.java:544)
	at com.alibaba.nacos.shaded.io.grpc.internal.DelayedClientCall$DelayedListener$3.run(DelayedClientCall.java:471)
	at com.alibaba.nacos.shaded.io.grpc.internal.DelayedClientCall$DelayedListener.delayOrExecute(DelayedClientCall.java:435)
	at com.alibaba.nacos.shaded.io.grpc.internal.DelayedClientCall$DelayedListener.onClose(DelayedClientCall.java:468)
	at com.alibaba.nacos.shaded.io.grpc.internal.ClientCallImpl.closeObserver(ClientCallImpl.java:563)
	at com.alibaba.nacos.shaded.io.grpc.internal.ClientCallImpl.access$300(ClientCallImpl.java:70)
	at com.alibaba.nacos.shaded.io.grpc.internal.ClientCallImpl$ClientStreamListenerImpl$1StreamClosed.runInternal(ClientCallImpl.java:744)
	at com.alibaba.nacos.shaded.io.grpc.internal.ClientCallImpl$ClientStreamListenerImpl$1StreamClosed.runInContext(ClientCallImpl.java:723)
	at com.alibaba.nacos.shaded.io.grpc.internal.ContextRunnable.run(ContextRunnable.java:37)
	at com.alibaba.nacos.shaded.io.grpc.internal.SerializingExecutor.run(SerializingExecutor.java:133)
	... 3 common frames omitted
Caused by: com.alibaba.nacos.shaded.io.grpc.netty.shaded.io.netty.channel.AbstractChannel$AnnotatedConnectException: Connection refused: no further information: /127.0.0.1:9848
Caused by: java.net.ConnectException: Connection refused: no further information
	at java.base/sun.nio.ch.Net.pollConnect(Native Method)
	at java.base/sun.nio.ch.Net.pollConnectNow(Net.java:672)
	at java.base/sun.nio.ch.SocketChannelImpl.finishConnect(SocketChannelImpl.java:946)
	at com.alibaba.nacos.shaded.io.grpc.netty.shaded.io.netty.channel.socket.nio.NioSocketChannel.doFinishConnect(NioSocketChannel.java:337)
	at com.alibaba.nacos.shaded.io.grpc.netty.shaded.io.netty.channel.nio.AbstractNioChannel$AbstractNioUnsafe.finishConnect(AbstractNioChannel.java:334)
	at com.alibaba.nacos.shaded.io.grpc.netty.shaded.io.netty.channel.nio.NioEventLoop.processSelectedKey(NioEventLoop.java:710)
	at com.alibaba.nacos.shaded.io.grpc.netty.shaded.io.netty.channel.nio.NioEventLoop.processSelectedKeysOptimized(NioEventLoop.java:658)
	at com.alibaba.nacos.shaded.io.grpc.netty.shaded.io.netty.channel.nio.NioEventLoop.processSelectedKeys(NioEventLoop.java:584)
	at com.alibaba.nacos.shaded.io.grpc.netty.shaded.io.netty.channel.nio.NioEventLoop.run(NioEventLoop.java:496)
	at com.alibaba.nacos.shaded.io.grpc.netty.shaded.io.netty.util.concurrent.SingleThreadEventExecutor$4.run(SingleThreadEventExecutor.java:997)
	at com.alibaba.nacos.shaded.io.grpc.netty.shaded.io.netty.util.internal.ThreadExecutorMap$2.run(ThreadExecutorMap.java:74)
	at com.alibaba.nacos.shaded.io.grpc.netty.shaded.io.netty.util.concurrent.FastThreadLocalRunnable.run(FastThreadLocalRunnable.java:30)
	at java.base/java.lang.Thread.run(Thread.java:842)
2025-10-30 16:10:42.524 [com.alibaba.nacos.client.remote.worker] INFO  com.alibaba.nacos.common.remote.client - [77bb8b38-8220-4fa9-84bf-ae133f9c9a09_config-0] Fail to connect server, after trying 4 times, last try server is {serverIp = '127.0.0.1', server main port = 8848}, error = unknown
2025-10-30 16:10:43.031 [com.alibaba.nacos.client.remote.worker] INFO  c.a.nacos.common.remote.client.grpc.GrpcClient - grpc client connection server:127.0.0.1 ip,serverPort:9848,grpcTslConfig:{"sslProvider":"OPENSSL","enableTls":false,"mutualAuthEnable":false,"trustAll":false}
2025-10-30 16:10:43.035 [com.alibaba.nacos.client.remote.worker] ERROR c.a.nacos.common.remote.client.grpc.GrpcClient - Server check fail, please check server 127.0.0.1 ,port 9848 is available , error ={}
java.util.concurrent.ExecutionException: com.alibaba.nacos.shaded.io.grpc.StatusRuntimeException: UNAVAILABLE: io exception
	at com.alibaba.nacos.shaded.com.google.common.util.concurrent.AbstractFuture.getDoneValue(AbstractFuture.java:566)
	at com.alibaba.nacos.shaded.com.google.common.util.concurrent.AbstractFuture.get(AbstractFuture.java:445)
	at com.alibaba.nacos.common.remote.client.grpc.GrpcClient.serverCheck(GrpcClient.java:218)
	at com.alibaba.nacos.common.remote.client.grpc.GrpcClient.connectToServer(GrpcClient.java:329)
	at com.alibaba.nacos.common.remote.client.RpcClient.reconnect(RpcClient.java:502)
	at com.alibaba.nacos.common.remote.client.RpcClient.lambda$start$2(RpcClient.java:343)
	at java.base/java.util.concurrent.Executors$RunnableAdapter.call(Executors.java:539)
	at java.base/java.util.concurrent.FutureTask.run(FutureTask.java:264)
	at java.base/java.util.concurrent.ScheduledThreadPoolExecutor$ScheduledFutureTask.run(ScheduledThreadPoolExecutor.java:304)
	at java.base/java.util.concurrent.ThreadPoolExecutor.runWorker(ThreadPoolExecutor.java:1136)
	at java.base/java.util.concurrent.ThreadPoolExecutor$Worker.run(ThreadPoolExecutor.java:635)
	at java.base/java.lang.Thread.run(Thread.java:842)
Caused by: com.alibaba.nacos.shaded.io.grpc.StatusRuntimeException: UNAVAILABLE: io exception
	at com.alibaba.nacos.shaded.io.grpc.Status.asRuntimeException(Status.java:539)
	at com.alibaba.nacos.shaded.io.grpc.stub.ClientCalls$UnaryStreamToFuture.onClose(ClientCalls.java:544)
	at com.alibaba.nacos.shaded.io.grpc.internal.ClientCallImpl.closeObserver(ClientCallImpl.java:563)
	at com.alibaba.nacos.shaded.io.grpc.internal.ClientCallImpl.access$300(ClientCallImpl.java:70)
	at com.alibaba.nacos.shaded.io.grpc.internal.ClientCallImpl$ClientStreamListenerImpl$1StreamClosed.runInternal(ClientCallImpl.java:744)
	at com.alibaba.nacos.shaded.io.grpc.internal.ClientCallImpl$ClientStreamListenerImpl$1StreamClosed.runInContext(ClientCallImpl.java:723)
	at com.alibaba.nacos.shaded.io.grpc.internal.ContextRunnable.run(ContextRunnable.java:37)
	at com.alibaba.nacos.shaded.io.grpc.internal.SerializingExecutor.run(SerializingExecutor.java:133)
	... 3 common frames omitted
Caused by: com.alibaba.nacos.shaded.io.grpc.netty.shaded.io.netty.channel.AbstractChannel$AnnotatedConnectException: Connection refused: no further information: /127.0.0.1:9848
Caused by: java.net.ConnectException: Connection refused: no further information
	at java.base/sun.nio.ch.Net.pollConnect(Native Method)
	at java.base/sun.nio.ch.Net.pollConnectNow(Net.java:672)
	at java.base/sun.nio.ch.SocketChannelImpl.finishConnect(SocketChannelImpl.java:946)
	at com.alibaba.nacos.shaded.io.grpc.netty.shaded.io.netty.channel.socket.nio.NioSocketChannel.doFinishConnect(NioSocketChannel.java:337)
	at com.alibaba.nacos.shaded.io.grpc.netty.shaded.io.netty.channel.nio.AbstractNioChannel$AbstractNioUnsafe.finishConnect(AbstractNioChannel.java:334)
	at com.alibaba.nacos.shaded.io.grpc.netty.shaded.io.netty.channel.nio.NioEventLoop.processSelectedKey(NioEventLoop.java:710)
	at com.alibaba.nacos.shaded.io.grpc.netty.shaded.io.netty.channel.nio.NioEventLoop.processSelectedKeysOptimized(NioEventLoop.java:658)
	at com.alibaba.nacos.shaded.io.grpc.netty.shaded.io.netty.channel.nio.NioEventLoop.processSelectedKeys(NioEventLoop.java:584)
	at com.alibaba.nacos.shaded.io.grpc.netty.shaded.io.netty.channel.nio.NioEventLoop.run(NioEventLoop.java:496)
	at com.alibaba.nacos.shaded.io.grpc.netty.shaded.io.netty.util.concurrent.SingleThreadEventExecutor$4.run(SingleThreadEventExecutor.java:997)
	at com.alibaba.nacos.shaded.io.grpc.netty.shaded.io.netty.util.internal.ThreadExecutorMap$2.run(ThreadExecutorMap.java:74)
	at com.alibaba.nacos.shaded.io.grpc.netty.shaded.io.netty.util.concurrent.FastThreadLocalRunnable.run(FastThreadLocalRunnable.java:30)
	at java.base/java.lang.Thread.run(Thread.java:842)
2025-10-30 16:10:43.036 [com.alibaba.nacos.client.remote.worker] INFO  com.alibaba.nacos.common.remote.client - [77bb8b38-8220-4fa9-84bf-ae133f9c9a09_config-0] Fail to connect server, after trying 5 times, last try server is {serverIp = '127.0.0.1', server main port = 8848}, error = unknown
2025-10-30 16:10:43.078 [com.alibaba.nacos.client.Worker] ERROR c.a.n.client.auth.impl.process.HttpLoginProcessor - [NacosClientAuthServiceImpl] login http request failed url: http://127.0.0.1:8848/nacos/v1/auth/users/login, params: {username=nacos}, bodyMap: {password=nacos}, errorMsg: Connection refused: no further information
2025-10-30 16:10:43.642 [com.alibaba.nacos.client.remote.worker] INFO  c.a.nacos.common.remote.client.grpc.GrpcClient - grpc client connection server:127.0.0.1 ip,serverPort:9848,grpcTslConfig:{"sslProvider":"OPENSSL","enableTls":false,"mutualAuthEnable":false,"trustAll":false}
2025-10-30 16:10:43.647 [com.alibaba.nacos.client.remote.worker] ERROR c.a.nacos.common.remote.client.grpc.GrpcClient - Server check fail, please check server 127.0.0.1 ,port 9848 is available , error ={}
java.util.concurrent.ExecutionException: com.alibaba.nacos.shaded.io.grpc.StatusRuntimeException: UNAVAILABLE: io exception
	at com.alibaba.nacos.shaded.com.google.common.util.concurrent.AbstractFuture.getDoneValue(AbstractFuture.java:566)
	at com.alibaba.nacos.shaded.com.google.common.util.concurrent.AbstractFuture.get(AbstractFuture.java:445)
	at com.alibaba.nacos.common.remote.client.grpc.GrpcClient.serverCheck(GrpcClient.java:218)
	at com.alibaba.nacos.common.remote.client.grpc.GrpcClient.connectToServer(GrpcClient.java:329)
	at com.alibaba.nacos.common.remote.client.RpcClient.reconnect(RpcClient.java:502)
	at com.alibaba.nacos.common.remote.client.RpcClient.lambda$start$2(RpcClient.java:343)
	at java.base/java.util.concurrent.Executors$RunnableAdapter.call(Executors.java:539)
	at java.base/java.util.concurrent.FutureTask.run(FutureTask.java:264)
	at java.base/java.util.concurrent.ScheduledThreadPoolExecutor$ScheduledFutureTask.run(ScheduledThreadPoolExecutor.java:304)
	at java.base/java.util.concurrent.ThreadPoolExecutor.runWorker(ThreadPoolExecutor.java:1136)
	at java.base/java.util.concurrent.ThreadPoolExecutor$Worker.run(ThreadPoolExecutor.java:635)
	at java.base/java.lang.Thread.run(Thread.java:842)
Caused by: com.alibaba.nacos.shaded.io.grpc.StatusRuntimeException: UNAVAILABLE: io exception
	at com.alibaba.nacos.shaded.io.grpc.Status.asRuntimeException(Status.java:539)
	at com.alibaba.nacos.shaded.io.grpc.stub.ClientCalls$UnaryStreamToFuture.onClose(ClientCalls.java:544)
	at com.alibaba.nacos.shaded.io.grpc.internal.DelayedClientCall$DelayedListener$3.run(DelayedClientCall.java:471)
	at com.alibaba.nacos.shaded.io.grpc.internal.DelayedClientCall$DelayedListener.delayOrExecute(DelayedClientCall.java:435)
	at com.alibaba.nacos.shaded.io.grpc.internal.DelayedClientCall$DelayedListener.onClose(DelayedClientCall.java:468)
	at com.alibaba.nacos.shaded.io.grpc.internal.ClientCallImpl.closeObserver(ClientCallImpl.java:563)
	at com.alibaba.nacos.shaded.io.grpc.internal.ClientCallImpl.access$300(ClientCallImpl.java:70)
	at com.alibaba.nacos.shaded.io.grpc.internal.ClientCallImpl$ClientStreamListenerImpl$1StreamClosed.runInternal(ClientCallImpl.java:744)
	at com.alibaba.nacos.shaded.io.grpc.internal.ClientCallImpl$ClientStreamListenerImpl$1StreamClosed.runInContext(ClientCallImpl.java:723)
	at com.alibaba.nacos.shaded.io.grpc.internal.ContextRunnable.run(ContextRunnable.java:37)
	at com.alibaba.nacos.shaded.io.grpc.internal.SerializingExecutor.run(SerializingExecutor.java:133)
	... 3 common frames omitted
Caused by: com.alibaba.nacos.shaded.io.grpc.netty.shaded.io.netty.channel.AbstractChannel$AnnotatedConnectException: Connection refused: no further information: /127.0.0.1:9848
Caused by: java.net.ConnectException: Connection refused: no further information
	at java.base/sun.nio.ch.Net.pollConnect(Native Method)
	at java.base/sun.nio.ch.Net.pollConnectNow(Net.java:672)
	at java.base/sun.nio.ch.SocketChannelImpl.finishConnect(SocketChannelImpl.java:946)
	at com.alibaba.nacos.shaded.io.grpc.netty.shaded.io.netty.channel.socket.nio.NioSocketChannel.doFinishConnect(NioSocketChannel.java:337)
	at com.alibaba.nacos.shaded.io.grpc.netty.shaded.io.netty.channel.nio.AbstractNioChannel$AbstractNioUnsafe.finishConnect(AbstractNioChannel.java:334)
	at com.alibaba.nacos.shaded.io.grpc.netty.shaded.io.netty.channel.nio.NioEventLoop.processSelectedKey(NioEventLoop.java:710)
	at com.alibaba.nacos.shaded.io.grpc.netty.shaded.io.netty.channel.nio.NioEventLoop.processSelectedKeysOptimized(NioEventLoop.java:658)
	at com.alibaba.nacos.shaded.io.grpc.netty.shaded.io.netty.channel.nio.NioEventLoop.processSelectedKeys(NioEventLoop.java:584)
	at com.alibaba.nacos.shaded.io.grpc.netty.shaded.io.netty.channel.nio.NioEventLoop.run(NioEventLoop.java:496)
	at com.alibaba.nacos.shaded.io.grpc.netty.shaded.io.netty.util.concurrent.SingleThreadEventExecutor$4.run(SingleThreadEventExecutor.java:997)
	at com.alibaba.nacos.shaded.io.grpc.netty.shaded.io.netty.util.internal.ThreadExecutorMap$2.run(ThreadExecutorMap.java:74)
	at com.alibaba.nacos.shaded.io.grpc.netty.shaded.io.netty.util.concurrent.FastThreadLocalRunnable.run(FastThreadLocalRunnable.java:30)
	at java.base/java.lang.Thread.run(Thread.java:842)
2025-10-30 16:10:43.647 [com.alibaba.nacos.client.remote.worker] INFO  com.alibaba.nacos.common.remote.client - [77bb8b38-8220-4fa9-84bf-ae133f9c9a09_config-0] Fail to connect server, after trying 6 times, last try server is {serverIp = '127.0.0.1', server main port = 8848}, error = unknown
2025-10-30 16:10:44.361 [com.alibaba.nacos.client.remote.worker] INFO  c.a.nacos.common.remote.client.grpc.GrpcClient - grpc client connection server:127.0.0.1 ip,serverPort:9848,grpcTslConfig:{"sslProvider":"OPENSSL","enableTls":false,"mutualAuthEnable":false,"trustAll":false}
2025-10-30 16:10:44.379 [com.alibaba.nacos.client.remote.worker] ERROR c.a.nacos.common.remote.client.grpc.GrpcClient - Server check fail, please check server 127.0.0.1 ,port 9848 is available , error ={}
java.util.concurrent.ExecutionException: com.alibaba.nacos.shaded.io.grpc.StatusRuntimeException: UNAVAILABLE: io exception
	at com.alibaba.nacos.shaded.com.google.common.util.concurrent.AbstractFuture.getDoneValue(AbstractFuture.java:566)
	at com.alibaba.nacos.shaded.com.google.common.util.concurrent.AbstractFuture.get(AbstractFuture.java:445)
	at com.alibaba.nacos.common.remote.client.grpc.GrpcClient.serverCheck(GrpcClient.java:218)
	at com.alibaba.nacos.common.remote.client.grpc.GrpcClient.connectToServer(GrpcClient.java:329)
	at com.alibaba.nacos.common.remote.client.RpcClient.reconnect(RpcClient.java:502)
	at com.alibaba.nacos.common.remote.client.RpcClient.lambda$start$2(RpcClient.java:343)
	at java.base/java.util.concurrent.Executors$RunnableAdapter.call(Executors.java:539)
	at java.base/java.util.concurrent.FutureTask.run(FutureTask.java:264)
	at java.base/java.util.concurrent.ScheduledThreadPoolExecutor$ScheduledFutureTask.run(ScheduledThreadPoolExecutor.java:304)
	at java.base/java.util.concurrent.ThreadPoolExecutor.runWorker(ThreadPoolExecutor.java:1136)
	at java.base/java.util.concurrent.ThreadPoolExecutor$Worker.run(ThreadPoolExecutor.java:635)
	at java.base/java.lang.Thread.run(Thread.java:842)
Caused by: com.alibaba.nacos.shaded.io.grpc.StatusRuntimeException: UNAVAILABLE: io exception
	at com.alibaba.nacos.shaded.io.grpc.Status.asRuntimeException(Status.java:539)
	at com.alibaba.nacos.shaded.io.grpc.stub.ClientCalls$UnaryStreamToFuture.onClose(ClientCalls.java:544)
	at com.alibaba.nacos.shaded.io.grpc.internal.DelayedClientCall$DelayedListener$3.run(DelayedClientCall.java:471)
	at com.alibaba.nacos.shaded.io.grpc.internal.DelayedClientCall$DelayedListener.delayOrExecute(DelayedClientCall.java:435)
	at com.alibaba.nacos.shaded.io.grpc.internal.DelayedClientCall$DelayedListener.onClose(DelayedClientCall.java:468)
	at com.alibaba.nacos.shaded.io.grpc.internal.ClientCallImpl.closeObserver(ClientCallImpl.java:563)
	at com.alibaba.nacos.shaded.io.grpc.internal.ClientCallImpl.access$300(ClientCallImpl.java:70)
	at com.alibaba.nacos.shaded.io.grpc.internal.ClientCallImpl$ClientStreamListenerImpl$1StreamClosed.runInternal(ClientCallImpl.java:744)
	at com.alibaba.nacos.shaded.io.grpc.internal.ClientCallImpl$ClientStreamListenerImpl$1StreamClosed.runInContext(ClientCallImpl.java:723)
	at com.alibaba.nacos.shaded.io.grpc.internal.ContextRunnable.run(ContextRunnable.java:37)
	at com.alibaba.nacos.shaded.io.grpc.internal.SerializingExecutor.run(SerializingExecutor.java:133)
	... 3 common frames omitted
Caused by: com.alibaba.nacos.shaded.io.grpc.netty.shaded.io.netty.channel.AbstractChannel$AnnotatedConnectException: Connection refused: no further information: /127.0.0.1:9848
Caused by: java.net.ConnectException: Connection refused: no further information
	at java.base/sun.nio.ch.Net.pollConnect(Native Method)
	at java.base/sun.nio.ch.Net.pollConnectNow(Net.java:672)
	at java.base/sun.nio.ch.SocketChannelImpl.finishConnect(SocketChannelImpl.java:946)
	at com.alibaba.nacos.shaded.io.grpc.netty.shaded.io.netty.channel.socket.nio.NioSocketChannel.doFinishConnect(NioSocketChannel.java:337)
	at com.alibaba.nacos.shaded.io.grpc.netty.shaded.io.netty.channel.nio.AbstractNioChannel$AbstractNioUnsafe.finishConnect(AbstractNioChannel.java:334)
	at com.alibaba.nacos.shaded.io.grpc.netty.shaded.io.netty.channel.nio.NioEventLoop.processSelectedKey(NioEventLoop.java:710)
	at com.alibaba.nacos.shaded.io.grpc.netty.shaded.io.netty.channel.nio.NioEventLoop.processSelectedKeysOptimized(NioEventLoop.java:658)
	at com.alibaba.nacos.shaded.io.grpc.netty.shaded.io.netty.channel.nio.NioEventLoop.processSelectedKeys(NioEventLoop.java:584)
	at com.alibaba.nacos.shaded.io.grpc.netty.shaded.io.netty.channel.nio.NioEventLoop.run(NioEventLoop.java:496)
	at com.alibaba.nacos.shaded.io.grpc.netty.shaded.io.netty.util.concurrent.SingleThreadEventExecutor$4.run(SingleThreadEventExecutor.java:997)
	at com.alibaba.nacos.shaded.io.grpc.netty.shaded.io.netty.util.internal.ThreadExecutorMap$2.run(ThreadExecutorMap.java:74)
	at com.alibaba.nacos.shaded.io.grpc.netty.shaded.io.netty.util.concurrent.FastThreadLocalRunnable.run(FastThreadLocalRunnable.java:30)
	at java.base/java.lang.Thread.run(Thread.java:842)
2025-10-30 16:10:44.379 [com.alibaba.nacos.client.remote.worker] INFO  com.alibaba.nacos.common.remote.client - [77bb8b38-8220-4fa9-84bf-ae133f9c9a09_config-0] Fail to connect server, after trying 7 times, last try server is {serverIp = '127.0.0.1', server main port = 8848}, error = unknown
2025-10-30 16:10:45.189 [com.alibaba.nacos.client.remote.worker] INFO  c.a.nacos.common.remote.client.grpc.GrpcClient - grpc client connection server:127.0.0.1 ip,serverPort:9848,grpcTslConfig:{"sslProvider":"OPENSSL","enableTls":false,"mutualAuthEnable":false,"trustAll":false}
2025-10-30 16:10:45.192 [com.alibaba.nacos.client.remote.worker] ERROR c.a.nacos.common.remote.client.grpc.GrpcClient - Server check fail, please check server 127.0.0.1 ,port 9848 is available , error ={}
java.util.concurrent.ExecutionException: com.alibaba.nacos.shaded.io.grpc.StatusRuntimeException: UNAVAILABLE: io exception
	at com.alibaba.nacos.shaded.com.google.common.util.concurrent.AbstractFuture.getDoneValue(AbstractFuture.java:566)
	at com.alibaba.nacos.shaded.com.google.common.util.concurrent.AbstractFuture.get(AbstractFuture.java:445)
	at com.alibaba.nacos.common.remote.client.grpc.GrpcClient.serverCheck(GrpcClient.java:218)
	at com.alibaba.nacos.common.remote.client.grpc.GrpcClient.connectToServer(GrpcClient.java:329)
	at com.alibaba.nacos.common.remote.client.RpcClient.reconnect(RpcClient.java:502)
	at com.alibaba.nacos.common.remote.client.RpcClient.lambda$start$2(RpcClient.java:343)
	at java.base/java.util.concurrent.Executors$RunnableAdapter.call(Executors.java:539)
	at java.base/java.util.concurrent.FutureTask.run(FutureTask.java:264)
	at java.base/java.util.concurrent.ScheduledThreadPoolExecutor$ScheduledFutureTask.run(ScheduledThreadPoolExecutor.java:304)
	at java.base/java.util.concurrent.ThreadPoolExecutor.runWorker(ThreadPoolExecutor.java:1136)
	at java.base/java.util.concurrent.ThreadPoolExecutor$Worker.run(ThreadPoolExecutor.java:635)
	at java.base/java.lang.Thread.run(Thread.java:842)
Caused by: com.alibaba.nacos.shaded.io.grpc.StatusRuntimeException: UNAVAILABLE: io exception
	at com.alibaba.nacos.shaded.io.grpc.Status.asRuntimeException(Status.java:539)
	at com.alibaba.nacos.shaded.io.grpc.stub.ClientCalls$UnaryStreamToFuture.onClose(ClientCalls.java:544)
	at com.alibaba.nacos.shaded.io.grpc.internal.DelayedClientCall$DelayedListener$3.run(DelayedClientCall.java:471)
	at com.alibaba.nacos.shaded.io.grpc.internal.DelayedClientCall$DelayedListener.delayOrExecute(DelayedClientCall.java:435)
	at com.alibaba.nacos.shaded.io.grpc.internal.DelayedClientCall$DelayedListener.onClose(DelayedClientCall.java:468)
	at com.alibaba.nacos.shaded.io.grpc.internal.ClientCallImpl.closeObserver(ClientCallImpl.java:563)
	at com.alibaba.nacos.shaded.io.grpc.internal.ClientCallImpl.access$300(ClientCallImpl.java:70)
	at com.alibaba.nacos.shaded.io.grpc.internal.ClientCallImpl$ClientStreamListenerImpl$1StreamClosed.runInternal(ClientCallImpl.java:744)
	at com.alibaba.nacos.shaded.io.grpc.internal.ClientCallImpl$ClientStreamListenerImpl$1StreamClosed.runInContext(ClientCallImpl.java:723)
	at com.alibaba.nacos.shaded.io.grpc.internal.ContextRunnable.run(ContextRunnable.java:37)
	at com.alibaba.nacos.shaded.io.grpc.internal.SerializingExecutor.run(SerializingExecutor.java:133)
	... 3 common frames omitted
Caused by: com.alibaba.nacos.shaded.io.grpc.netty.shaded.io.netty.channel.AbstractChannel$AnnotatedConnectException: Connection refused: no further information: /127.0.0.1:9848
Caused by: java.net.ConnectException: Connection refused: no further information
	at java.base/sun.nio.ch.Net.pollConnect(Native Method)
	at java.base/sun.nio.ch.Net.pollConnectNow(Net.java:672)
	at java.base/sun.nio.ch.SocketChannelImpl.finishConnect(SocketChannelImpl.java:946)
	at com.alibaba.nacos.shaded.io.grpc.netty.shaded.io.netty.channel.socket.nio.NioSocketChannel.doFinishConnect(NioSocketChannel.java:337)
	at com.alibaba.nacos.shaded.io.grpc.netty.shaded.io.netty.channel.nio.AbstractNioChannel$AbstractNioUnsafe.finishConnect(AbstractNioChannel.java:334)
	at com.alibaba.nacos.shaded.io.grpc.netty.shaded.io.netty.channel.nio.NioEventLoop.processSelectedKey(NioEventLoop.java:710)
	at com.alibaba.nacos.shaded.io.grpc.netty.shaded.io.netty.channel.nio.NioEventLoop.processSelectedKeysOptimized(NioEventLoop.java:658)
	at com.alibaba.nacos.shaded.io.grpc.netty.shaded.io.netty.channel.nio.NioEventLoop.processSelectedKeys(NioEventLoop.java:584)
	at com.alibaba.nacos.shaded.io.grpc.netty.shaded.io.netty.channel.nio.NioEventLoop.run(NioEventLoop.java:496)
	at com.alibaba.nacos.shaded.io.grpc.netty.shaded.io.netty.util.concurrent.SingleThreadEventExecutor$4.run(SingleThreadEventExecutor.java:997)
	at com.alibaba.nacos.shaded.io.grpc.netty.shaded.io.netty.util.internal.ThreadExecutorMap$2.run(ThreadExecutorMap.java:74)
	at com.alibaba.nacos.shaded.io.grpc.netty.shaded.io.netty.util.concurrent.FastThreadLocalRunnable.run(FastThreadLocalRunnable.java:30)
	at java.base/java.lang.Thread.run(Thread.java:842)
2025-10-30 16:10:45.192 [com.alibaba.nacos.client.remote.worker] INFO  com.alibaba.nacos.common.remote.client - [77bb8b38-8220-4fa9-84bf-ae133f9c9a09_config-0] Fail to connect server, after trying 8 times, last try server is {serverIp = '127.0.0.1', server main port = 8848}, error = unknown
2025-10-30 16:10:46.093 [com.alibaba.nacos.client.remote.worker] INFO  c.a.nacos.common.remote.client.grpc.GrpcClient - grpc client connection server:127.0.0.1 ip,serverPort:9848,grpcTslConfig:{"sslProvider":"OPENSSL","enableTls":false,"mutualAuthEnable":false,"trustAll":false}
2025-10-30 16:10:46.099 [com.alibaba.nacos.client.remote.worker] ERROR c.a.nacos.common.remote.client.grpc.GrpcClient - Server check fail, please check server 127.0.0.1 ,port 9848 is available , error ={}
java.util.concurrent.ExecutionException: com.alibaba.nacos.shaded.io.grpc.StatusRuntimeException: UNAVAILABLE: io exception
	at com.alibaba.nacos.shaded.com.google.common.util.concurrent.AbstractFuture.getDoneValue(AbstractFuture.java:566)
	at com.alibaba.nacos.shaded.com.google.common.util.concurrent.AbstractFuture.get(AbstractFuture.java:421)
	at com.alibaba.nacos.common.remote.client.grpc.GrpcClient.serverCheck(GrpcClient.java:218)
	at com.alibaba.nacos.common.remote.client.grpc.GrpcClient.connectToServer(GrpcClient.java:329)
	at com.alibaba.nacos.common.remote.client.RpcClient.reconnect(RpcClient.java:502)
	at com.alibaba.nacos.common.remote.client.RpcClient.lambda$start$2(RpcClient.java:343)
	at java.base/java.util.concurrent.Executors$RunnableAdapter.call(Executors.java:539)
	at java.base/java.util.concurrent.FutureTask.run(FutureTask.java:264)
	at java.base/java.util.concurrent.ScheduledThreadPoolExecutor$ScheduledFutureTask.run(ScheduledThreadPoolExecutor.java:304)
	at java.base/java.util.concurrent.ThreadPoolExecutor.runWorker(ThreadPoolExecutor.java:1136)
	at java.base/java.util.concurrent.ThreadPoolExecutor$Worker.run(ThreadPoolExecutor.java:635)
	at java.base/java.lang.Thread.run(Thread.java:842)
Caused by: com.alibaba.nacos.shaded.io.grpc.StatusRuntimeException: UNAVAILABLE: io exception
	at com.alibaba.nacos.shaded.io.grpc.Status.asRuntimeException(Status.java:539)
	at com.alibaba.nacos.shaded.io.grpc.stub.ClientCalls$UnaryStreamToFuture.onClose(ClientCalls.java:544)
	at com.alibaba.nacos.shaded.io.grpc.internal.ClientCallImpl.closeObserver(ClientCallImpl.java:563)
	at com.alibaba.nacos.shaded.io.grpc.internal.ClientCallImpl.access$300(ClientCallImpl.java:70)
	at com.alibaba.nacos.shaded.io.grpc.internal.ClientCallImpl$ClientStreamListenerImpl$1StreamClosed.runInternal(ClientCallImpl.java:744)
	at com.alibaba.nacos.shaded.io.grpc.internal.ClientCallImpl$ClientStreamListenerImpl$1StreamClosed.runInContext(ClientCallImpl.java:723)
	at com.alibaba.nacos.shaded.io.grpc.internal.ContextRunnable.run(ContextRunnable.java:37)
	at com.alibaba.nacos.shaded.io.grpc.internal.SerializingExecutor.run(SerializingExecutor.java:133)
	... 3 common frames omitted
Caused by: com.alibaba.nacos.shaded.io.grpc.netty.shaded.io.netty.channel.AbstractChannel$AnnotatedConnectException: Connection refused: no further information: /127.0.0.1:9848
Caused by: java.net.ConnectException: Connection refused: no further information
	at java.base/sun.nio.ch.Net.pollConnect(Native Method)
	at java.base/sun.nio.ch.Net.pollConnectNow(Net.java:672)
	at java.base/sun.nio.ch.SocketChannelImpl.finishConnect(SocketChannelImpl.java:946)
	at com.alibaba.nacos.shaded.io.grpc.netty.shaded.io.netty.channel.socket.nio.NioSocketChannel.doFinishConnect(NioSocketChannel.java:337)
	at com.alibaba.nacos.shaded.io.grpc.netty.shaded.io.netty.channel.nio.AbstractNioChannel$AbstractNioUnsafe.finishConnect(AbstractNioChannel.java:334)
	at com.alibaba.nacos.shaded.io.grpc.netty.shaded.io.netty.channel.nio.NioEventLoop.processSelectedKey(NioEventLoop.java:710)
	at com.alibaba.nacos.shaded.io.grpc.netty.shaded.io.netty.channel.nio.NioEventLoop.processSelectedKeysOptimized(NioEventLoop.java:658)
	at com.alibaba.nacos.shaded.io.grpc.netty.shaded.io.netty.channel.nio.NioEventLoop.processSelectedKeys(NioEventLoop.java:584)
	at com.alibaba.nacos.shaded.io.grpc.netty.shaded.io.netty.channel.nio.NioEventLoop.run(NioEventLoop.java:496)
	at com.alibaba.nacos.shaded.io.grpc.netty.shaded.io.netty.util.concurrent.SingleThreadEventExecutor$4.run(SingleThreadEventExecutor.java:997)
	at com.alibaba.nacos.shaded.io.grpc.netty.shaded.io.netty.util.internal.ThreadExecutorMap$2.run(ThreadExecutorMap.java:74)
	at com.alibaba.nacos.shaded.io.grpc.netty.shaded.io.netty.util.concurrent.FastThreadLocalRunnable.run(FastThreadLocalRunnable.java:30)
	at java.base/java.lang.Thread.run(Thread.java:842)
2025-10-30 16:10:46.100 [com.alibaba.nacos.client.remote.worker] INFO  com.alibaba.nacos.common.remote.client - [77bb8b38-8220-4fa9-84bf-ae133f9c9a09_config-0] Fail to connect server, after trying 9 times, last try server is {serverIp = '127.0.0.1', server main port = 8848}, error = unknown
2025-10-30 16:10:47.113 [com.alibaba.nacos.client.remote.worker] INFO  c.a.nacos.common.remote.client.grpc.GrpcClient - grpc client connection server:127.0.0.1 ip,serverPort:9848,grpcTslConfig:{"sslProvider":"OPENSSL","enableTls":false,"mutualAuthEnable":false,"trustAll":false}
2025-10-30 16:10:47.116 [com.alibaba.nacos.client.remote.worker] ERROR c.a.nacos.common.remote.client.grpc.GrpcClient - Server check fail, please check server 127.0.0.1 ,port 9848 is available , error ={}
java.util.concurrent.ExecutionException: com.alibaba.nacos.shaded.io.grpc.StatusRuntimeException: UNAVAILABLE: io exception
	at com.alibaba.nacos.shaded.com.google.common.util.concurrent.AbstractFuture.getDoneValue(AbstractFuture.java:566)
	at com.alibaba.nacos.shaded.com.google.common.util.concurrent.AbstractFuture.get(AbstractFuture.java:445)
	at com.alibaba.nacos.common.remote.client.grpc.GrpcClient.serverCheck(GrpcClient.java:218)
	at com.alibaba.nacos.common.remote.client.grpc.GrpcClient.connectToServer(GrpcClient.java:329)
	at com.alibaba.nacos.common.remote.client.RpcClient.reconnect(RpcClient.java:502)
	at com.alibaba.nacos.common.remote.client.RpcClient.lambda$start$2(RpcClient.java:343)
	at java.base/java.util.concurrent.Executors$RunnableAdapter.call(Executors.java:539)
	at java.base/java.util.concurrent.FutureTask.run(FutureTask.java:264)
	at java.base/java.util.concurrent.ScheduledThreadPoolExecutor$ScheduledFutureTask.run(ScheduledThreadPoolExecutor.java:304)
	at java.base/java.util.concurrent.ThreadPoolExecutor.runWorker(ThreadPoolExecutor.java:1136)
	at java.base/java.util.concurrent.ThreadPoolExecutor$Worker.run(ThreadPoolExecutor.java:635)
	at java.base/java.lang.Thread.run(Thread.java:842)
Caused by: com.alibaba.nacos.shaded.io.grpc.StatusRuntimeException: UNAVAILABLE: io exception
	at com.alibaba.nacos.shaded.io.grpc.Status.asRuntimeException(Status.java:539)
	at com.alibaba.nacos.shaded.io.grpc.stub.ClientCalls$UnaryStreamToFuture.onClose(ClientCalls.java:544)
	at com.alibaba.nacos.shaded.io.grpc.internal.DelayedClientCall$DelayedListener$3.run(DelayedClientCall.java:471)
	at com.alibaba.nacos.shaded.io.grpc.internal.DelayedClientCall$DelayedListener.delayOrExecute(DelayedClientCall.java:435)
	at com.alibaba.nacos.shaded.io.grpc.internal.DelayedClientCall$DelayedListener.onClose(DelayedClientCall.java:468)
	at com.alibaba.nacos.shaded.io.grpc.internal.ClientCallImpl.closeObserver(ClientCallImpl.java:563)
	at com.alibaba.nacos.shaded.io.grpc.internal.ClientCallImpl.access$300(ClientCallImpl.java:70)
	at com.alibaba.nacos.shaded.io.grpc.internal.ClientCallImpl$ClientStreamListenerImpl$1StreamClosed.runInternal(ClientCallImpl.java:744)
	at com.alibaba.nacos.shaded.io.grpc.internal.ClientCallImpl$ClientStreamListenerImpl$1StreamClosed.runInContext(ClientCallImpl.java:723)
	at com.alibaba.nacos.shaded.io.grpc.internal.ContextRunnable.run(ContextRunnable.java:37)
	at com.alibaba.nacos.shaded.io.grpc.internal.SerializingExecutor.run(SerializingExecutor.java:133)
	... 3 common frames omitted
Caused by: com.alibaba.nacos.shaded.io.grpc.netty.shaded.io.netty.channel.AbstractChannel$AnnotatedConnectException: Connection refused: no further information: /127.0.0.1:9848
Caused by: java.net.ConnectException: Connection refused: no further information
	at java.base/sun.nio.ch.Net.pollConnect(Native Method)
	at java.base/sun.nio.ch.Net.pollConnectNow(Net.java:672)
	at java.base/sun.nio.ch.SocketChannelImpl.finishConnect(SocketChannelImpl.java:946)
	at com.alibaba.nacos.shaded.io.grpc.netty.shaded.io.netty.channel.socket.nio.NioSocketChannel.doFinishConnect(NioSocketChannel.java:337)
	at com.alibaba.nacos.shaded.io.grpc.netty.shaded.io.netty.channel.nio.AbstractNioChannel$AbstractNioUnsafe.finishConnect(AbstractNioChannel.java:334)
	at com.alibaba.nacos.shaded.io.grpc.netty.shaded.io.netty.channel.nio.NioEventLoop.processSelectedKey(NioEventLoop.java:710)
	at com.alibaba.nacos.shaded.io.grpc.netty.shaded.io.netty.channel.nio.NioEventLoop.processSelectedKeysOptimized(NioEventLoop.java:658)
	at com.alibaba.nacos.shaded.io.grpc.netty.shaded.io.netty.channel.nio.NioEventLoop.processSelectedKeys(NioEventLoop.java:584)
	at com.alibaba.nacos.shaded.io.grpc.netty.shaded.io.netty.channel.nio.NioEventLoop.run(NioEventLoop.java:496)
	at com.alibaba.nacos.shaded.io.grpc.netty.shaded.io.netty.util.concurrent.SingleThreadEventExecutor$4.run(SingleThreadEventExecutor.java:997)
	at com.alibaba.nacos.shaded.io.grpc.netty.shaded.io.netty.util.internal.ThreadExecutorMap$2.run(ThreadExecutorMap.java:74)
	at com.alibaba.nacos.shaded.io.grpc.netty.shaded.io.netty.util.concurrent.FastThreadLocalRunnable.run(FastThreadLocalRunnable.java:30)
	at java.base/java.lang.Thread.run(Thread.java:842)
2025-10-30 16:10:47.117 [com.alibaba.nacos.client.remote.worker] INFO  com.alibaba.nacos.common.remote.client - [77bb8b38-8220-4fa9-84bf-ae133f9c9a09_config-0] Fail to connect server, after trying 10 times, last try server is {serverIp = '127.0.0.1', server main port = 8848}, error = unknown
2025-10-30 16:10:48.081 [com.alibaba.nacos.client.Worker] ERROR c.a.n.client.auth.impl.process.HttpLoginProcessor - [NacosClientAuthServiceImpl] login http request failed url: http://127.0.0.1:8848/nacos/v1/auth/users/login, params: {username=nacos}, bodyMap: {password=nacos}, errorMsg: Connection refused: no further information
2025-10-30 16:10:48.220 [com.alibaba.nacos.client.remote.worker] INFO  c.a.nacos.common.remote.client.grpc.GrpcClient - grpc client connection server:127.0.0.1 ip,serverPort:9848,grpcTslConfig:{"sslProvider":"OPENSSL","enableTls":false,"mutualAuthEnable":false,"trustAll":false}
2025-10-30 16:10:48.225 [com.alibaba.nacos.client.remote.worker] ERROR c.a.nacos.common.remote.client.grpc.GrpcClient - Server check fail, please check server 127.0.0.1 ,port 9848 is available , error ={}
java.util.concurrent.ExecutionException: com.alibaba.nacos.shaded.io.grpc.StatusRuntimeException: UNAVAILABLE: io exception
	at com.alibaba.nacos.shaded.com.google.common.util.concurrent.AbstractFuture.getDoneValue(AbstractFuture.java:566)
	at com.alibaba.nacos.shaded.com.google.common.util.concurrent.AbstractFuture.get(AbstractFuture.java:421)
	at com.alibaba.nacos.common.remote.client.grpc.GrpcClient.serverCheck(GrpcClient.java:218)
	at com.alibaba.nacos.common.remote.client.grpc.GrpcClient.connectToServer(GrpcClient.java:329)
	at com.alibaba.nacos.common.remote.client.RpcClient.reconnect(RpcClient.java:502)
	at com.alibaba.nacos.common.remote.client.RpcClient.lambda$start$2(RpcClient.java:343)
	at java.base/java.util.concurrent.Executors$RunnableAdapter.call(Executors.java:539)
	at java.base/java.util.concurrent.FutureTask.run(FutureTask.java:264)
	at java.base/java.util.concurrent.ScheduledThreadPoolExecutor$ScheduledFutureTask.run(ScheduledThreadPoolExecutor.java:304)
	at java.base/java.util.concurrent.ThreadPoolExecutor.runWorker(ThreadPoolExecutor.java:1136)
	at java.base/java.util.concurrent.ThreadPoolExecutor$Worker.run(ThreadPoolExecutor.java:635)
	at java.base/java.lang.Thread.run(Thread.java:842)
Caused by: com.alibaba.nacos.shaded.io.grpc.StatusRuntimeException: UNAVAILABLE: io exception
	at com.alibaba.nacos.shaded.io.grpc.Status.asRuntimeException(Status.java:539)
	at com.alibaba.nacos.shaded.io.grpc.stub.ClientCalls$UnaryStreamToFuture.onClose(ClientCalls.java:544)
	at com.alibaba.nacos.shaded.io.grpc.internal.ClientCallImpl.closeObserver(ClientCallImpl.java:563)
	at com.alibaba.nacos.shaded.io.grpc.internal.ClientCallImpl.access$300(ClientCallImpl.java:70)
	at com.alibaba.nacos.shaded.io.grpc.internal.ClientCallImpl$ClientStreamListenerImpl$1StreamClosed.runInternal(ClientCallImpl.java:744)
	at com.alibaba.nacos.shaded.io.grpc.internal.ClientCallImpl$ClientStreamListenerImpl$1StreamClosed.runInContext(ClientCallImpl.java:723)
	at com.alibaba.nacos.shaded.io.grpc.internal.ContextRunnable.run(ContextRunnable.java:37)
	at com.alibaba.nacos.shaded.io.grpc.internal.SerializingExecutor.run(SerializingExecutor.java:133)
	... 3 common frames omitted
Caused by: com.alibaba.nacos.shaded.io.grpc.netty.shaded.io.netty.channel.AbstractChannel$AnnotatedConnectException: Connection refused: no further information: /127.0.0.1:9848
Caused by: java.net.ConnectException: Connection refused: no further information
	at java.base/sun.nio.ch.Net.pollConnect(Native Method)
	at java.base/sun.nio.ch.Net.pollConnectNow(Net.java:672)
	at java.base/sun.nio.ch.SocketChannelImpl.finishConnect(SocketChannelImpl.java:946)
	at com.alibaba.nacos.shaded.io.grpc.netty.shaded.io.netty.channel.socket.nio.NioSocketChannel.doFinishConnect(NioSocketChannel.java:337)
	at com.alibaba.nacos.shaded.io.grpc.netty.shaded.io.netty.channel.nio.AbstractNioChannel$AbstractNioUnsafe.finishConnect(AbstractNioChannel.java:334)
	at com.alibaba.nacos.shaded.io.grpc.netty.shaded.io.netty.channel.nio.NioEventLoop.processSelectedKey(NioEventLoop.java:710)
	at com.alibaba.nacos.shaded.io.grpc.netty.shaded.io.netty.channel.nio.NioEventLoop.processSelectedKeysOptimized(NioEventLoop.java:658)
	at com.alibaba.nacos.shaded.io.grpc.netty.shaded.io.netty.channel.nio.NioEventLoop.processSelectedKeys(NioEventLoop.java:584)
	at com.alibaba.nacos.shaded.io.grpc.netty.shaded.io.netty.channel.nio.NioEventLoop.run(NioEventLoop.java:496)
	at com.alibaba.nacos.shaded.io.grpc.netty.shaded.io.netty.util.concurrent.SingleThreadEventExecutor$4.run(SingleThreadEventExecutor.java:997)
	at com.alibaba.nacos.shaded.io.grpc.netty.shaded.io.netty.util.internal.ThreadExecutorMap$2.run(ThreadExecutorMap.java:74)
	at com.alibaba.nacos.shaded.io.grpc.netty.shaded.io.netty.util.concurrent.FastThreadLocalRunnable.run(FastThreadLocalRunnable.java:30)
	at java.base/java.lang.Thread.run(Thread.java:842)
2025-10-30 16:10:48.226 [com.alibaba.nacos.client.remote.worker] INFO  com.alibaba.nacos.common.remote.client - [77bb8b38-8220-4fa9-84bf-ae133f9c9a09_config-0] Fail to connect server, after trying 11 times, last try server is {serverIp = '127.0.0.1', server main port = 8848}, error = unknown
2025-10-30 16:10:49.436 [com.alibaba.nacos.client.remote.worker] INFO  c.a.nacos.common.remote.client.grpc.GrpcClient - grpc client connection server:127.0.0.1 ip,serverPort:9848,grpcTslConfig:{"sslProvider":"OPENSSL","enableTls":false,"mutualAuthEnable":false,"trustAll":false}
2025-10-30 16:10:49.439 [com.alibaba.nacos.client.remote.worker] ERROR c.a.nacos.common.remote.client.grpc.GrpcClient - Server check fail, please check server 127.0.0.1 ,port 9848 is available , error ={}
java.util.concurrent.ExecutionException: com.alibaba.nacos.shaded.io.grpc.StatusRuntimeException: UNAVAILABLE: io exception
	at com.alibaba.nacos.shaded.com.google.common.util.concurrent.AbstractFuture.getDoneValue(AbstractFuture.java:566)
	at com.alibaba.nacos.shaded.com.google.common.util.concurrent.AbstractFuture.get(AbstractFuture.java:445)
	at com.alibaba.nacos.common.remote.client.grpc.GrpcClient.serverCheck(GrpcClient.java:218)
	at com.alibaba.nacos.common.remote.client.grpc.GrpcClient.connectToServer(GrpcClient.java:329)
	at com.alibaba.nacos.common.remote.client.RpcClient.reconnect(RpcClient.java:502)
	at com.alibaba.nacos.common.remote.client.RpcClient.lambda$start$2(RpcClient.java:343)
	at java.base/java.util.concurrent.Executors$RunnableAdapter.call(Executors.java:539)
	at java.base/java.util.concurrent.FutureTask.run(FutureTask.java:264)
	at java.base/java.util.concurrent.ScheduledThreadPoolExecutor$ScheduledFutureTask.run(ScheduledThreadPoolExecutor.java:304)
	at java.base/java.util.concurrent.ThreadPoolExecutor.runWorker(ThreadPoolExecutor.java:1136)
	at java.base/java.util.concurrent.ThreadPoolExecutor$Worker.run(ThreadPoolExecutor.java:635)
	at java.base/java.lang.Thread.run(Thread.java:842)
Caused by: com.alibaba.nacos.shaded.io.grpc.StatusRuntimeException: UNAVAILABLE: io exception
	at com.alibaba.nacos.shaded.io.grpc.Status.asRuntimeException(Status.java:539)
	at com.alibaba.nacos.shaded.io.grpc.stub.ClientCalls$UnaryStreamToFuture.onClose(ClientCalls.java:544)
	at com.alibaba.nacos.shaded.io.grpc.internal.DelayedClientCall$DelayedListener$3.run(DelayedClientCall.java:471)
	at com.alibaba.nacos.shaded.io.grpc.internal.DelayedClientCall$DelayedListener.drainPendingCallbacks(DelayedClientCall.java:510)
	at com.alibaba.nacos.shaded.io.grpc.internal.DelayedClientCall$1DrainListenerRunnable.runInContext(DelayedClientCall.java:299)
	at com.alibaba.nacos.shaded.io.grpc.internal.ContextRunnable.run(ContextRunnable.java:37)
	... 3 common frames omitted
Caused by: com.alibaba.nacos.shaded.io.grpc.netty.shaded.io.netty.channel.AbstractChannel$AnnotatedConnectException: Connection refused: no further information: /127.0.0.1:9848
Caused by: java.net.ConnectException: Connection refused: no further information
	at java.base/sun.nio.ch.Net.pollConnect(Native Method)
	at java.base/sun.nio.ch.Net.pollConnectNow(Net.java:672)
	at java.base/sun.nio.ch.SocketChannelImpl.finishConnect(SocketChannelImpl.java:946)
	at com.alibaba.nacos.shaded.io.grpc.netty.shaded.io.netty.channel.socket.nio.NioSocketChannel.doFinishConnect(NioSocketChannel.java:337)
	at com.alibaba.nacos.shaded.io.grpc.netty.shaded.io.netty.channel.nio.AbstractNioChannel$AbstractNioUnsafe.finishConnect(AbstractNioChannel.java:334)
	at com.alibaba.nacos.shaded.io.grpc.netty.shaded.io.netty.channel.nio.NioEventLoop.processSelectedKey(NioEventLoop.java:710)
	at com.alibaba.nacos.shaded.io.grpc.netty.shaded.io.netty.channel.nio.NioEventLoop.processSelectedKeysOptimized(NioEventLoop.java:658)
	at com.alibaba.nacos.shaded.io.grpc.netty.shaded.io.netty.channel.nio.NioEventLoop.processSelectedKeys(NioEventLoop.java:584)
	at com.alibaba.nacos.shaded.io.grpc.netty.shaded.io.netty.channel.nio.NioEventLoop.run(NioEventLoop.java:496)
	at com.alibaba.nacos.shaded.io.grpc.netty.shaded.io.netty.util.concurrent.SingleThreadEventExecutor$4.run(SingleThreadEventExecutor.java:997)
	at com.alibaba.nacos.shaded.io.grpc.netty.shaded.io.netty.util.internal.ThreadExecutorMap$2.run(ThreadExecutorMap.java:74)
	at com.alibaba.nacos.shaded.io.grpc.netty.shaded.io.netty.util.concurrent.FastThreadLocalRunnable.run(FastThreadLocalRunnable.java:30)
	at java.base/java.lang.Thread.run(Thread.java:842)
2025-10-30 16:10:49.440 [com.alibaba.nacos.client.remote.worker] INFO  com.alibaba.nacos.common.remote.client - [77bb8b38-8220-4fa9-84bf-ae133f9c9a09_config-0] Fail to connect server, after trying 12 times, last try server is {serverIp = '127.0.0.1', server main port = 8848}, error = unknown
2025-10-30 16:10:50.749 [com.alibaba.nacos.client.remote.worker] INFO  c.a.nacos.common.remote.client.grpc.GrpcClient - grpc client connection server:127.0.0.1 ip,serverPort:9848,grpcTslConfig:{"sslProvider":"OPENSSL","enableTls":false,"mutualAuthEnable":false,"trustAll":false}
2025-10-30 16:10:50.751 [com.alibaba.nacos.client.remote.worker] ERROR c.a.nacos.common.remote.client.grpc.GrpcClient - Server check fail, please check server 127.0.0.1 ,port 9848 is available , error ={}
java.util.concurrent.ExecutionException: com.alibaba.nacos.shaded.io.grpc.StatusRuntimeException: UNAVAILABLE: io exception
	at com.alibaba.nacos.shaded.com.google.common.util.concurrent.AbstractFuture.getDoneValue(AbstractFuture.java:566)
	at com.alibaba.nacos.shaded.com.google.common.util.concurrent.AbstractFuture.get(AbstractFuture.java:445)
	at com.alibaba.nacos.common.remote.client.grpc.GrpcClient.serverCheck(GrpcClient.java:218)
	at com.alibaba.nacos.common.remote.client.grpc.GrpcClient.connectToServer(GrpcClient.java:329)
	at com.alibaba.nacos.common.remote.client.RpcClient.reconnect(RpcClient.java:502)
	at com.alibaba.nacos.common.remote.client.RpcClient.lambda$start$2(RpcClient.java:343)
	at java.base/java.util.concurrent.Executors$RunnableAdapter.call(Executors.java:539)
	at java.base/java.util.concurrent.FutureTask.run(FutureTask.java:264)
	at java.base/java.util.concurrent.ScheduledThreadPoolExecutor$ScheduledFutureTask.run(ScheduledThreadPoolExecutor.java:304)
	at java.base/java.util.concurrent.ThreadPoolExecutor.runWorker(ThreadPoolExecutor.java:1136)
	at java.base/java.util.concurrent.ThreadPoolExecutor$Worker.run(ThreadPoolExecutor.java:635)
	at java.base/java.lang.Thread.run(Thread.java:842)
Caused by: com.alibaba.nacos.shaded.io.grpc.StatusRuntimeException: UNAVAILABLE: io exception
	at com.alibaba.nacos.shaded.io.grpc.Status.asRuntimeException(Status.java:539)
	at com.alibaba.nacos.shaded.io.grpc.stub.ClientCalls$UnaryStreamToFuture.onClose(ClientCalls.java:544)
	at com.alibaba.nacos.shaded.io.grpc.internal.DelayedClientCall$DelayedListener$3.run(DelayedClientCall.java:471)
	at com.alibaba.nacos.shaded.io.grpc.internal.DelayedClientCall$DelayedListener.delayOrExecute(DelayedClientCall.java:435)
	at com.alibaba.nacos.shaded.io.grpc.internal.DelayedClientCall$DelayedListener.onClose(DelayedClientCall.java:468)
	at com.alibaba.nacos.shaded.io.grpc.internal.ClientCallImpl.closeObserver(ClientCallImpl.java:563)
	at com.alibaba.nacos.shaded.io.grpc.internal.ClientCallImpl.access$300(ClientCallImpl.java:70)
	at com.alibaba.nacos.shaded.io.grpc.internal.ClientCallImpl$ClientStreamListenerImpl$1StreamClosed.runInternal(ClientCallImpl.java:744)
	at com.alibaba.nacos.shaded.io.grpc.internal.ClientCallImpl$ClientStreamListenerImpl$1StreamClosed.runInContext(ClientCallImpl.java:723)
	at com.alibaba.nacos.shaded.io.grpc.internal.ContextRunnable.run(ContextRunnable.java:37)
	at com.alibaba.nacos.shaded.io.grpc.internal.SerializingExecutor.run(SerializingExecutor.java:133)
	... 3 common frames omitted
Caused by: com.alibaba.nacos.shaded.io.grpc.netty.shaded.io.netty.channel.AbstractChannel$AnnotatedConnectException: Connection refused: no further information: /127.0.0.1:9848
Caused by: java.net.ConnectException: Connection refused: no further information
	at java.base/sun.nio.ch.Net.pollConnect(Native Method)
	at java.base/sun.nio.ch.Net.pollConnectNow(Net.java:672)
	at java.base/sun.nio.ch.SocketChannelImpl.finishConnect(SocketChannelImpl.java:946)
	at com.alibaba.nacos.shaded.io.grpc.netty.shaded.io.netty.channel.socket.nio.NioSocketChannel.doFinishConnect(NioSocketChannel.java:337)
	at com.alibaba.nacos.shaded.io.grpc.netty.shaded.io.netty.channel.nio.AbstractNioChannel$AbstractNioUnsafe.finishConnect(AbstractNioChannel.java:334)
	at com.alibaba.nacos.shaded.io.grpc.netty.shaded.io.netty.channel.nio.NioEventLoop.processSelectedKey(NioEventLoop.java:710)
	at com.alibaba.nacos.shaded.io.grpc.netty.shaded.io.netty.channel.nio.NioEventLoop.processSelectedKeysOptimized(NioEventLoop.java:658)
	at com.alibaba.nacos.shaded.io.grpc.netty.shaded.io.netty.channel.nio.NioEventLoop.processSelectedKeys(NioEventLoop.java:584)
	at com.alibaba.nacos.shaded.io.grpc.netty.shaded.io.netty.channel.nio.NioEventLoop.run(NioEventLoop.java:496)
	at com.alibaba.nacos.shaded.io.grpc.netty.shaded.io.netty.util.concurrent.SingleThreadEventExecutor$4.run(SingleThreadEventExecutor.java:997)
	at com.alibaba.nacos.shaded.io.grpc.netty.shaded.io.netty.util.internal.ThreadExecutorMap$2.run(ThreadExecutorMap.java:74)
	at com.alibaba.nacos.shaded.io.grpc.netty.shaded.io.netty.util.concurrent.FastThreadLocalRunnable.run(FastThreadLocalRunnable.java:30)
	at java.base/java.lang.Thread.run(Thread.java:842)
2025-10-30 16:10:50.752 [com.alibaba.nacos.client.remote.worker] INFO  com.alibaba.nacos.common.remote.client - [77bb8b38-8220-4fa9-84bf-ae133f9c9a09_config-0] Fail to connect server, after trying 13 times, last try server is {serverIp = '127.0.0.1', server main port = 8848}, error = unknown
2025-10-30 16:10:52.158 [com.alibaba.nacos.client.remote.worker] INFO  c.a.nacos.common.remote.client.grpc.GrpcClient - grpc client connection server:127.0.0.1 ip,serverPort:9848,grpcTslConfig:{"sslProvider":"OPENSSL","enableTls":false,"mutualAuthEnable":false,"trustAll":false}
2025-10-30 16:10:52.164 [com.alibaba.nacos.client.remote.worker] ERROR c.a.nacos.common.remote.client.grpc.GrpcClient - Server check fail, please check server 127.0.0.1 ,port 9848 is available , error ={}
java.util.concurrent.ExecutionException: com.alibaba.nacos.shaded.io.grpc.StatusRuntimeException: UNAVAILABLE: io exception
	at com.alibaba.nacos.shaded.com.google.common.util.concurrent.AbstractFuture.getDoneValue(AbstractFuture.java:566)
	at com.alibaba.nacos.shaded.com.google.common.util.concurrent.AbstractFuture.get(AbstractFuture.java:445)
	at com.alibaba.nacos.common.remote.client.grpc.GrpcClient.serverCheck(GrpcClient.java:218)
	at com.alibaba.nacos.common.remote.client.grpc.GrpcClient.connectToServer(GrpcClient.java:329)
	at com.alibaba.nacos.common.remote.client.RpcClient.reconnect(RpcClient.java:502)
	at com.alibaba.nacos.common.remote.client.RpcClient.lambda$start$2(RpcClient.java:343)
	at java.base/java.util.concurrent.Executors$RunnableAdapter.call(Executors.java:539)
	at java.base/java.util.concurrent.FutureTask.run(FutureTask.java:264)
	at java.base/java.util.concurrent.ScheduledThreadPoolExecutor$ScheduledFutureTask.run(ScheduledThreadPoolExecutor.java:304)
	at java.base/java.util.concurrent.ThreadPoolExecutor.runWorker(ThreadPoolExecutor.java:1136)
	at java.base/java.util.concurrent.ThreadPoolExecutor$Worker.run(ThreadPoolExecutor.java:635)
	at java.base/java.lang.Thread.run(Thread.java:842)
Caused by: com.alibaba.nacos.shaded.io.grpc.StatusRuntimeException: UNAVAILABLE: io exception
	at com.alibaba.nacos.shaded.io.grpc.Status.asRuntimeException(Status.java:539)
	at com.alibaba.nacos.shaded.io.grpc.stub.ClientCalls$UnaryStreamToFuture.onClose(ClientCalls.java:544)
	at com.alibaba.nacos.shaded.io.grpc.internal.DelayedClientCall$DelayedListener$3.run(DelayedClientCall.java:471)
	at com.alibaba.nacos.shaded.io.grpc.internal.DelayedClientCall$DelayedListener.drainPendingCallbacks(DelayedClientCall.java:510)
	at com.alibaba.nacos.shaded.io.grpc.internal.DelayedClientCall$1DrainListenerRunnable.runInContext(DelayedClientCall.java:299)
	at com.alibaba.nacos.shaded.io.grpc.internal.ContextRunnable.run(ContextRunnable.java:37)
	... 3 common frames omitted
Caused by: com.alibaba.nacos.shaded.io.grpc.netty.shaded.io.netty.channel.AbstractChannel$AnnotatedConnectException: Connection refused: no further information: /127.0.0.1:9848
Caused by: java.net.ConnectException: Connection refused: no further information
	at java.base/sun.nio.ch.Net.pollConnect(Native Method)
	at java.base/sun.nio.ch.Net.pollConnectNow(Net.java:672)
	at java.base/sun.nio.ch.SocketChannelImpl.finishConnect(SocketChannelImpl.java:946)
	at com.alibaba.nacos.shaded.io.grpc.netty.shaded.io.netty.channel.socket.nio.NioSocketChannel.doFinishConnect(NioSocketChannel.java:337)
	at com.alibaba.nacos.shaded.io.grpc.netty.shaded.io.netty.channel.nio.AbstractNioChannel$AbstractNioUnsafe.finishConnect(AbstractNioChannel.java:334)
	at com.alibaba.nacos.shaded.io.grpc.netty.shaded.io.netty.channel.nio.NioEventLoop.processSelectedKey(NioEventLoop.java:710)
	at com.alibaba.nacos.shaded.io.grpc.netty.shaded.io.netty.channel.nio.NioEventLoop.processSelectedKeysOptimized(NioEventLoop.java:658)
	at com.alibaba.nacos.shaded.io.grpc.netty.shaded.io.netty.channel.nio.NioEventLoop.processSelectedKeys(NioEventLoop.java:584)
	at com.alibaba.nacos.shaded.io.grpc.netty.shaded.io.netty.channel.nio.NioEventLoop.run(NioEventLoop.java:496)
	at com.alibaba.nacos.shaded.io.grpc.netty.shaded.io.netty.util.concurrent.SingleThreadEventExecutor$4.run(SingleThreadEventExecutor.java:997)
	at com.alibaba.nacos.shaded.io.grpc.netty.shaded.io.netty.util.internal.ThreadExecutorMap$2.run(ThreadExecutorMap.java:74)
	at com.alibaba.nacos.shaded.io.grpc.netty.shaded.io.netty.util.concurrent.FastThreadLocalRunnable.run(FastThreadLocalRunnable.java:30)
	at java.base/java.lang.Thread.run(Thread.java:842)
2025-10-30 16:10:52.165 [com.alibaba.nacos.client.remote.worker] INFO  com.alibaba.nacos.common.remote.client - [77bb8b38-8220-4fa9-84bf-ae133f9c9a09_config-0] Fail to connect server, after trying 14 times, last try server is {serverIp = '127.0.0.1', server main port = 8848}, error = unknown
2025-10-30 16:10:53.084 [com.alibaba.nacos.client.Worker] ERROR c.a.n.client.auth.impl.process.HttpLoginProcessor - [NacosClientAuthServiceImpl] login http request failed url: http://127.0.0.1:8848/nacos/v1/auth/users/login, params: {username=nacos}, bodyMap: {password=nacos}, errorMsg: Connection refused: no further information
2025-10-30 16:10:53.676 [com.alibaba.nacos.client.remote.worker] INFO  c.a.nacos.common.remote.client.grpc.GrpcClient - grpc client connection server:127.0.0.1 ip,serverPort:9848,grpcTslConfig:{"sslProvider":"OPENSSL","enableTls":false,"mutualAuthEnable":false,"trustAll":false}
2025-10-30 16:10:53.685 [com.alibaba.nacos.client.remote.worker] ERROR c.a.nacos.common.remote.client.grpc.GrpcClient - Server check fail, please check server 127.0.0.1 ,port 9848 is available , error ={}
java.util.concurrent.ExecutionException: com.alibaba.nacos.shaded.io.grpc.StatusRuntimeException: UNAVAILABLE: io exception
	at com.alibaba.nacos.shaded.com.google.common.util.concurrent.AbstractFuture.getDoneValue(AbstractFuture.java:566)
	at com.alibaba.nacos.shaded.com.google.common.util.concurrent.AbstractFuture.get(AbstractFuture.java:445)
	at com.alibaba.nacos.common.remote.client.grpc.GrpcClient.serverCheck(GrpcClient.java:218)
	at com.alibaba.nacos.common.remote.client.grpc.GrpcClient.connectToServer(GrpcClient.java:329)
	at com.alibaba.nacos.common.remote.client.RpcClient.reconnect(RpcClient.java:502)
	at com.alibaba.nacos.common.remote.client.RpcClient.lambda$start$2(RpcClient.java:343)
	at java.base/java.util.concurrent.Executors$RunnableAdapter.call(Executors.java:539)
	at java.base/java.util.concurrent.FutureTask.run(FutureTask.java:264)
	at java.base/java.util.concurrent.ScheduledThreadPoolExecutor$ScheduledFutureTask.run(ScheduledThreadPoolExecutor.java:304)
	at java.base/java.util.concurrent.ThreadPoolExecutor.runWorker(ThreadPoolExecutor.java:1136)
	at java.base/java.util.concurrent.ThreadPoolExecutor$Worker.run(ThreadPoolExecutor.java:635)
	at java.base/java.lang.Thread.run(Thread.java:842)
Caused by: com.alibaba.nacos.shaded.io.grpc.StatusRuntimeException: UNAVAILABLE: io exception
	at com.alibaba.nacos.shaded.io.grpc.Status.asRuntimeException(Status.java:539)
	at com.alibaba.nacos.shaded.io.grpc.stub.ClientCalls$UnaryStreamToFuture.onClose(ClientCalls.java:544)
	at com.alibaba.nacos.shaded.io.grpc.internal.DelayedClientCall$DelayedListener$3.run(DelayedClientCall.java:471)
	at com.alibaba.nacos.shaded.io.grpc.internal.DelayedClientCall$DelayedListener.delayOrExecute(DelayedClientCall.java:435)
	at com.alibaba.nacos.shaded.io.grpc.internal.DelayedClientCall$DelayedListener.onClose(DelayedClientCall.java:468)
	at com.alibaba.nacos.shaded.io.grpc.internal.ClientCallImpl.closeObserver(ClientCallImpl.java:563)
	at com.alibaba.nacos.shaded.io.grpc.internal.ClientCallImpl.access$300(ClientCallImpl.java:70)
	at com.alibaba.nacos.shaded.io.grpc.internal.ClientCallImpl$ClientStreamListenerImpl$1StreamClosed.runInternal(ClientCallImpl.java:744)
	at com.alibaba.nacos.shaded.io.grpc.internal.ClientCallImpl$ClientStreamListenerImpl$1StreamClosed.runInContext(ClientCallImpl.java:723)
	at com.alibaba.nacos.shaded.io.grpc.internal.ContextRunnable.run(ContextRunnable.java:37)
	at com.alibaba.nacos.shaded.io.grpc.internal.SerializingExecutor.run(SerializingExecutor.java:133)
	... 3 common frames omitted
Caused by: com.alibaba.nacos.shaded.io.grpc.netty.shaded.io.netty.channel.AbstractChannel$AnnotatedConnectException: Connection refused: no further information: /127.0.0.1:9848
Caused by: java.net.ConnectException: Connection refused: no further information
	at java.base/sun.nio.ch.Net.pollConnect(Native Method)
	at java.base/sun.nio.ch.Net.pollConnectNow(Net.java:672)
	at java.base/sun.nio.ch.SocketChannelImpl.finishConnect(SocketChannelImpl.java:946)
	at com.alibaba.nacos.shaded.io.grpc.netty.shaded.io.netty.channel.socket.nio.NioSocketChannel.doFinishConnect(NioSocketChannel.java:337)
	at com.alibaba.nacos.shaded.io.grpc.netty.shaded.io.netty.channel.nio.AbstractNioChannel$AbstractNioUnsafe.finishConnect(AbstractNioChannel.java:334)
	at com.alibaba.nacos.shaded.io.grpc.netty.shaded.io.netty.channel.nio.NioEventLoop.processSelectedKey(NioEventLoop.java:710)
	at com.alibaba.nacos.shaded.io.grpc.netty.shaded.io.netty.channel.nio.NioEventLoop.processSelectedKeysOptimized(NioEventLoop.java:658)
	at com.alibaba.nacos.shaded.io.grpc.netty.shaded.io.netty.channel.nio.NioEventLoop.processSelectedKeys(NioEventLoop.java:584)
	at com.alibaba.nacos.shaded.io.grpc.netty.shaded.io.netty.channel.nio.NioEventLoop.run(NioEventLoop.java:496)
	at com.alibaba.nacos.shaded.io.grpc.netty.shaded.io.netty.util.concurrent.SingleThreadEventExecutor$4.run(SingleThreadEventExecutor.java:997)
	at com.alibaba.nacos.shaded.io.grpc.netty.shaded.io.netty.util.internal.ThreadExecutorMap$2.run(ThreadExecutorMap.java:74)
	at com.alibaba.nacos.shaded.io.grpc.netty.shaded.io.netty.util.concurrent.FastThreadLocalRunnable.run(FastThreadLocalRunnable.java:30)
	at java.base/java.lang.Thread.run(Thread.java:842)
2025-10-30 16:10:53.686 [com.alibaba.nacos.client.remote.worker] INFO  com.alibaba.nacos.common.remote.client - [77bb8b38-8220-4fa9-84bf-ae133f9c9a09_config-0] Fail to connect server, after trying 15 times, last try server is {serverIp = '127.0.0.1', server main port = 8848}, error = unknown
2025-10-30 16:10:55.299 [com.alibaba.nacos.client.remote.worker] INFO  c.a.nacos.common.remote.client.grpc.GrpcClient - grpc client connection server:127.0.0.1 ip,serverPort:9848,grpcTslConfig:{"sslProvider":"OPENSSL","enableTls":false,"mutualAuthEnable":false,"trustAll":false}
2025-10-30 16:10:55.301 [com.alibaba.nacos.client.remote.worker] ERROR c.a.nacos.common.remote.client.grpc.GrpcClient - Server check fail, please check server 127.0.0.1 ,port 9848 is available , error ={}
java.util.concurrent.ExecutionException: com.alibaba.nacos.shaded.io.grpc.StatusRuntimeException: UNAVAILABLE: io exception
	at com.alibaba.nacos.shaded.com.google.common.util.concurrent.AbstractFuture.getDoneValue(AbstractFuture.java:566)
	at com.alibaba.nacos.shaded.com.google.common.util.concurrent.AbstractFuture.get(AbstractFuture.java:445)
	at com.alibaba.nacos.common.remote.client.grpc.GrpcClient.serverCheck(GrpcClient.java:218)
	at com.alibaba.nacos.common.remote.client.grpc.GrpcClient.connectToServer(GrpcClient.java:329)
	at com.alibaba.nacos.common.remote.client.RpcClient.reconnect(RpcClient.java:502)
	at com.alibaba.nacos.common.remote.client.RpcClient.lambda$start$2(RpcClient.java:343)
	at java.base/java.util.concurrent.Executors$RunnableAdapter.call(Executors.java:539)
	at java.base/java.util.concurrent.FutureTask.run(FutureTask.java:264)
	at java.base/java.util.concurrent.ScheduledThreadPoolExecutor$ScheduledFutureTask.run(ScheduledThreadPoolExecutor.java:304)
	at java.base/java.util.concurrent.ThreadPoolExecutor.runWorker(ThreadPoolExecutor.java:1136)
	at java.base/java.util.concurrent.ThreadPoolExecutor$Worker.run(ThreadPoolExecutor.java:635)
	at java.base/java.lang.Thread.run(Thread.java:842)
Caused by: com.alibaba.nacos.shaded.io.grpc.StatusRuntimeException: UNAVAILABLE: io exception
	at com.alibaba.nacos.shaded.io.grpc.Status.asRuntimeException(Status.java:539)
	at com.alibaba.nacos.shaded.io.grpc.stub.ClientCalls$UnaryStreamToFuture.onClose(ClientCalls.java:544)
	at com.alibaba.nacos.shaded.io.grpc.internal.ClientCallImpl.closeObserver(ClientCallImpl.java:563)
	at com.alibaba.nacos.shaded.io.grpc.internal.ClientCallImpl.access$300(ClientCallImpl.java:70)
	at com.alibaba.nacos.shaded.io.grpc.internal.ClientCallImpl$ClientStreamListenerImpl$1StreamClosed.runInternal(ClientCallImpl.java:744)
	at com.alibaba.nacos.shaded.io.grpc.internal.ClientCallImpl$ClientStreamListenerImpl$1StreamClosed.runInContext(ClientCallImpl.java:723)
	at com.alibaba.nacos.shaded.io.grpc.internal.ContextRunnable.run(ContextRunnable.java:37)
	at com.alibaba.nacos.shaded.io.grpc.internal.SerializingExecutor.run(SerializingExecutor.java:133)
	... 3 common frames omitted
Caused by: com.alibaba.nacos.shaded.io.grpc.netty.shaded.io.netty.channel.AbstractChannel$AnnotatedConnectException: Connection refused: no further information: /127.0.0.1:9848
Caused by: java.net.ConnectException: Connection refused: no further information
	at java.base/sun.nio.ch.Net.pollConnect(Native Method)
	at java.base/sun.nio.ch.Net.pollConnectNow(Net.java:672)
	at java.base/sun.nio.ch.SocketChannelImpl.finishConnect(SocketChannelImpl.java:946)
	at com.alibaba.nacos.shaded.io.grpc.netty.shaded.io.netty.channel.socket.nio.NioSocketChannel.doFinishConnect(NioSocketChannel.java:337)
	at com.alibaba.nacos.shaded.io.grpc.netty.shaded.io.netty.channel.nio.AbstractNioChannel$AbstractNioUnsafe.finishConnect(AbstractNioChannel.java:334)
	at com.alibaba.nacos.shaded.io.grpc.netty.shaded.io.netty.channel.nio.NioEventLoop.processSelectedKey(NioEventLoop.java:710)
	at com.alibaba.nacos.shaded.io.grpc.netty.shaded.io.netty.channel.nio.NioEventLoop.processSelectedKeysOptimized(NioEventLoop.java:658)
	at com.alibaba.nacos.shaded.io.grpc.netty.shaded.io.netty.channel.nio.NioEventLoop.processSelectedKeys(NioEventLoop.java:584)
	at com.alibaba.nacos.shaded.io.grpc.netty.shaded.io.netty.channel.nio.NioEventLoop.run(NioEventLoop.java:496)
	at com.alibaba.nacos.shaded.io.grpc.netty.shaded.io.netty.util.concurrent.SingleThreadEventExecutor$4.run(SingleThreadEventExecutor.java:997)
	at com.alibaba.nacos.shaded.io.grpc.netty.shaded.io.netty.util.internal.ThreadExecutorMap$2.run(ThreadExecutorMap.java:74)
	at com.alibaba.nacos.shaded.io.grpc.netty.shaded.io.netty.util.concurrent.FastThreadLocalRunnable.run(FastThreadLocalRunnable.java:30)
	at java.base/java.lang.Thread.run(Thread.java:842)
2025-10-30 16:10:55.302 [com.alibaba.nacos.client.remote.worker] INFO  com.alibaba.nacos.common.remote.client - [77bb8b38-8220-4fa9-84bf-ae133f9c9a09_config-0] Fail to connect server, after trying 16 times, last try server is {serverIp = '127.0.0.1', server main port = 8848}, error = unknown
2025-10-30 16:10:57.012 [com.alibaba.nacos.client.remote.worker] INFO  c.a.nacos.common.remote.client.grpc.GrpcClient - grpc client connection server:127.0.0.1 ip,serverPort:9848,grpcTslConfig:{"sslProvider":"OPENSSL","enableTls":false,"mutualAuthEnable":false,"trustAll":false}
2025-10-30 16:10:57.014 [com.alibaba.nacos.client.remote.worker] ERROR c.a.nacos.common.remote.client.grpc.GrpcClient - Server check fail, please check server 127.0.0.1 ,port 9848 is available , error ={}
java.util.concurrent.ExecutionException: com.alibaba.nacos.shaded.io.grpc.StatusRuntimeException: UNAVAILABLE: io exception
	at com.alibaba.nacos.shaded.com.google.common.util.concurrent.AbstractFuture.getDoneValue(AbstractFuture.java:566)
	at com.alibaba.nacos.shaded.com.google.common.util.concurrent.AbstractFuture.get(AbstractFuture.java:445)
	at com.alibaba.nacos.common.remote.client.grpc.GrpcClient.serverCheck(GrpcClient.java:218)
	at com.alibaba.nacos.common.remote.client.grpc.GrpcClient.connectToServer(GrpcClient.java:329)
	at com.alibaba.nacos.common.remote.client.RpcClient.reconnect(RpcClient.java:502)
	at com.alibaba.nacos.common.remote.client.RpcClient.lambda$start$2(RpcClient.java:343)
	at java.base/java.util.concurrent.Executors$RunnableAdapter.call(Executors.java:539)
	at java.base/java.util.concurrent.FutureTask.run(FutureTask.java:264)
	at java.base/java.util.concurrent.ScheduledThreadPoolExecutor$ScheduledFutureTask.run(ScheduledThreadPoolExecutor.java:304)
	at java.base/java.util.concurrent.ThreadPoolExecutor.runWorker(ThreadPoolExecutor.java:1136)
	at java.base/java.util.concurrent.ThreadPoolExecutor$Worker.run(ThreadPoolExecutor.java:635)
	at java.base/java.lang.Thread.run(Thread.java:842)
Caused by: com.alibaba.nacos.shaded.io.grpc.StatusRuntimeException: UNAVAILABLE: io exception
	at com.alibaba.nacos.shaded.io.grpc.Status.asRuntimeException(Status.java:539)
	at com.alibaba.nacos.shaded.io.grpc.stub.ClientCalls$UnaryStreamToFuture.onClose(ClientCalls.java:544)
	at com.alibaba.nacos.shaded.io.grpc.internal.DelayedClientCall$DelayedListener$3.run(DelayedClientCall.java:471)
	at com.alibaba.nacos.shaded.io.grpc.internal.DelayedClientCall$DelayedListener.delayOrExecute(DelayedClientCall.java:435)
	at com.alibaba.nacos.shaded.io.grpc.internal.DelayedClientCall$DelayedListener.onClose(DelayedClientCall.java:468)
	at com.alibaba.nacos.shaded.io.grpc.internal.ClientCallImpl.closeObserver(ClientCallImpl.java:563)
	at com.alibaba.nacos.shaded.io.grpc.internal.ClientCallImpl.access$300(ClientCallImpl.java:70)
	at com.alibaba.nacos.shaded.io.grpc.internal.ClientCallImpl$ClientStreamListenerImpl$1StreamClosed.runInternal(ClientCallImpl.java:744)
	at com.alibaba.nacos.shaded.io.grpc.internal.ClientCallImpl$ClientStreamListenerImpl$1StreamClosed.runInContext(ClientCallImpl.java:723)
	at com.alibaba.nacos.shaded.io.grpc.internal.ContextRunnable.run(ContextRunnable.java:37)
	at com.alibaba.nacos.shaded.io.grpc.internal.SerializingExecutor.run(SerializingExecutor.java:133)
	... 3 common frames omitted
Caused by: com.alibaba.nacos.shaded.io.grpc.netty.shaded.io.netty.channel.AbstractChannel$AnnotatedConnectException: Connection refused: no further information: /127.0.0.1:9848
Caused by: java.net.ConnectException: Connection refused: no further information
	at java.base/sun.nio.ch.Net.pollConnect(Native Method)
	at java.base/sun.nio.ch.Net.pollConnectNow(Net.java:672)
	at java.base/sun.nio.ch.SocketChannelImpl.finishConnect(SocketChannelImpl.java:946)
	at com.alibaba.nacos.shaded.io.grpc.netty.shaded.io.netty.channel.socket.nio.NioSocketChannel.doFinishConnect(NioSocketChannel.java:337)
	at com.alibaba.nacos.shaded.io.grpc.netty.shaded.io.netty.channel.nio.AbstractNioChannel$AbstractNioUnsafe.finishConnect(AbstractNioChannel.java:334)
	at com.alibaba.nacos.shaded.io.grpc.netty.shaded.io.netty.channel.nio.NioEventLoop.processSelectedKey(NioEventLoop.java:710)
	at com.alibaba.nacos.shaded.io.grpc.netty.shaded.io.netty.channel.nio.NioEventLoop.processSelectedKeysOptimized(NioEventLoop.java:658)
	at com.alibaba.nacos.shaded.io.grpc.netty.shaded.io.netty.channel.nio.NioEventLoop.processSelectedKeys(NioEventLoop.java:584)
	at com.alibaba.nacos.shaded.io.grpc.netty.shaded.io.netty.channel.nio.NioEventLoop.run(NioEventLoop.java:496)
	at com.alibaba.nacos.shaded.io.grpc.netty.shaded.io.netty.util.concurrent.SingleThreadEventExecutor$4.run(SingleThreadEventExecutor.java:997)
	at com.alibaba.nacos.shaded.io.grpc.netty.shaded.io.netty.util.internal.ThreadExecutorMap$2.run(ThreadExecutorMap.java:74)
	at com.alibaba.nacos.shaded.io.grpc.netty.shaded.io.netty.util.concurrent.FastThreadLocalRunnable.run(FastThreadLocalRunnable.java:30)
	at java.base/java.lang.Thread.run(Thread.java:842)
2025-10-30 16:10:57.015 [com.alibaba.nacos.client.remote.worker] INFO  com.alibaba.nacos.common.remote.client - [77bb8b38-8220-4fa9-84bf-ae133f9c9a09_config-0] Fail to connect server, after trying 17 times, last try server is {serverIp = '127.0.0.1', server main port = 8848}, error = unknown
2025-10-30 16:10:58.092 [com.alibaba.nacos.client.Worker] ERROR c.a.n.client.auth.impl.process.HttpLoginProcessor - [NacosClientAuthServiceImpl] login http request failed url: http://127.0.0.1:8848/nacos/v1/auth/users/login, params: {username=nacos}, bodyMap: {password=nacos}, errorMsg: Connection refused: no further information
2025-10-30 16:10:58.825 [com.alibaba.nacos.client.remote.worker] INFO  c.a.nacos.common.remote.client.grpc.GrpcClient - grpc client connection server:127.0.0.1 ip,serverPort:9848,grpcTslConfig:{"sslProvider":"OPENSSL","enableTls":false,"mutualAuthEnable":false,"trustAll":false}
2025-10-30 16:10:58.828 [com.alibaba.nacos.client.remote.worker] ERROR c.a.nacos.common.remote.client.grpc.GrpcClient - Server check fail, please check server 127.0.0.1 ,port 9848 is available , error ={}
java.util.concurrent.ExecutionException: com.alibaba.nacos.shaded.io.grpc.StatusRuntimeException: UNAVAILABLE: io exception
	at com.alibaba.nacos.shaded.com.google.common.util.concurrent.AbstractFuture.getDoneValue(AbstractFuture.java:566)
	at com.alibaba.nacos.shaded.com.google.common.util.concurrent.AbstractFuture.get(AbstractFuture.java:445)
	at com.alibaba.nacos.common.remote.client.grpc.GrpcClient.serverCheck(GrpcClient.java:218)
	at com.alibaba.nacos.common.remote.client.grpc.GrpcClient.connectToServer(GrpcClient.java:329)
	at com.alibaba.nacos.common.remote.client.RpcClient.reconnect(RpcClient.java:502)
	at com.alibaba.nacos.common.remote.client.RpcClient.lambda$start$2(RpcClient.java:343)
	at java.base/java.util.concurrent.Executors$RunnableAdapter.call(Executors.java:539)
	at java.base/java.util.concurrent.FutureTask.run(FutureTask.java:264)
	at java.base/java.util.concurrent.ScheduledThreadPoolExecutor$ScheduledFutureTask.run(ScheduledThreadPoolExecutor.java:304)
	at java.base/java.util.concurrent.ThreadPoolExecutor.runWorker(ThreadPoolExecutor.java:1136)
	at java.base/java.util.concurrent.ThreadPoolExecutor$Worker.run(ThreadPoolExecutor.java:635)
	at java.base/java.lang.Thread.run(Thread.java:842)
Caused by: com.alibaba.nacos.shaded.io.grpc.StatusRuntimeException: UNAVAILABLE: io exception
	at com.alibaba.nacos.shaded.io.grpc.Status.asRuntimeException(Status.java:539)
	at com.alibaba.nacos.shaded.io.grpc.stub.ClientCalls$UnaryStreamToFuture.onClose(ClientCalls.java:544)
	at com.alibaba.nacos.shaded.io.grpc.internal.DelayedClientCall$DelayedListener$3.run(DelayedClientCall.java:471)
	at com.alibaba.nacos.shaded.io.grpc.internal.DelayedClientCall$DelayedListener.delayOrExecute(DelayedClientCall.java:435)
	at com.alibaba.nacos.shaded.io.grpc.internal.DelayedClientCall$DelayedListener.onClose(DelayedClientCall.java:468)
	at com.alibaba.nacos.shaded.io.grpc.internal.ClientCallImpl.closeObserver(ClientCallImpl.java:563)
	at com.alibaba.nacos.shaded.io.grpc.internal.ClientCallImpl.access$300(ClientCallImpl.java:70)
	at com.alibaba.nacos.shaded.io.grpc.internal.ClientCallImpl$ClientStreamListenerImpl$1StreamClosed.runInternal(ClientCallImpl.java:744)
	at com.alibaba.nacos.shaded.io.grpc.internal.ClientCallImpl$ClientStreamListenerImpl$1StreamClosed.runInContext(ClientCallImpl.java:723)
	at com.alibaba.nacos.shaded.io.grpc.internal.ContextRunnable.run(ContextRunnable.java:37)
	at com.alibaba.nacos.shaded.io.grpc.internal.SerializingExecutor.run(SerializingExecutor.java:133)
	... 3 common frames omitted
Caused by: com.alibaba.nacos.shaded.io.grpc.netty.shaded.io.netty.channel.AbstractChannel$AnnotatedConnectException: Connection refused: no further information: /127.0.0.1:9848
Caused by: java.net.ConnectException: Connection refused: no further information
	at java.base/sun.nio.ch.Net.pollConnect(Native Method)
	at java.base/sun.nio.ch.Net.pollConnectNow(Net.java:672)
	at java.base/sun.nio.ch.SocketChannelImpl.finishConnect(SocketChannelImpl.java:946)
	at com.alibaba.nacos.shaded.io.grpc.netty.shaded.io.netty.channel.socket.nio.NioSocketChannel.doFinishConnect(NioSocketChannel.java:337)
	at com.alibaba.nacos.shaded.io.grpc.netty.shaded.io.netty.channel.nio.AbstractNioChannel$AbstractNioUnsafe.finishConnect(AbstractNioChannel.java:334)
	at com.alibaba.nacos.shaded.io.grpc.netty.shaded.io.netty.channel.nio.NioEventLoop.processSelectedKey(NioEventLoop.java:710)
	at com.alibaba.nacos.shaded.io.grpc.netty.shaded.io.netty.channel.nio.NioEventLoop.processSelectedKeysOptimized(NioEventLoop.java:658)
	at com.alibaba.nacos.shaded.io.grpc.netty.shaded.io.netty.channel.nio.NioEventLoop.processSelectedKeys(NioEventLoop.java:584)
	at com.alibaba.nacos.shaded.io.grpc.netty.shaded.io.netty.channel.nio.NioEventLoop.run(NioEventLoop.java:496)
	at com.alibaba.nacos.shaded.io.grpc.netty.shaded.io.netty.util.concurrent.SingleThreadEventExecutor$4.run(SingleThreadEventExecutor.java:997)
	at com.alibaba.nacos.shaded.io.grpc.netty.shaded.io.netty.util.internal.ThreadExecutorMap$2.run(ThreadExecutorMap.java:74)
	at com.alibaba.nacos.shaded.io.grpc.netty.shaded.io.netty.util.concurrent.FastThreadLocalRunnable.run(FastThreadLocalRunnable.java:30)
	at java.base/java.lang.Thread.run(Thread.java:842)
2025-10-30 16:10:58.828 [com.alibaba.nacos.client.remote.worker] INFO  com.alibaba.nacos.common.remote.client - [77bb8b38-8220-4fa9-84bf-ae133f9c9a09_config-0] Fail to connect server, after trying 18 times, last try server is {serverIp = '127.0.0.1', server main port = 8848}, error = unknown
2025-10-30 16:11:00.741 [com.alibaba.nacos.client.remote.worker] INFO  c.a.nacos.common.remote.client.grpc.GrpcClient - grpc client connection server:127.0.0.1 ip,serverPort:9848,grpcTslConfig:{"sslProvider":"OPENSSL","enableTls":false,"mutualAuthEnable":false,"trustAll":false}
2025-10-30 16:11:00.746 [com.alibaba.nacos.client.remote.worker] ERROR c.a.nacos.common.remote.client.grpc.GrpcClient - Server check fail, please check server 127.0.0.1 ,port 9848 is available , error ={}
java.util.concurrent.ExecutionException: com.alibaba.nacos.shaded.io.grpc.StatusRuntimeException: UNAVAILABLE: io exception
	at com.alibaba.nacos.shaded.com.google.common.util.concurrent.AbstractFuture.getDoneValue(AbstractFuture.java:566)
	at com.alibaba.nacos.shaded.com.google.common.util.concurrent.AbstractFuture.get(AbstractFuture.java:445)
	at com.alibaba.nacos.common.remote.client.grpc.GrpcClient.serverCheck(GrpcClient.java:218)
	at com.alibaba.nacos.common.remote.client.grpc.GrpcClient.connectToServer(GrpcClient.java:329)
	at com.alibaba.nacos.common.remote.client.RpcClient.reconnect(RpcClient.java:502)
	at com.alibaba.nacos.common.remote.client.RpcClient.lambda$start$2(RpcClient.java:343)
	at java.base/java.util.concurrent.Executors$RunnableAdapter.call(Executors.java:539)
	at java.base/java.util.concurrent.FutureTask.run(FutureTask.java:264)
	at java.base/java.util.concurrent.ScheduledThreadPoolExecutor$ScheduledFutureTask.run(ScheduledThreadPoolExecutor.java:304)
	at java.base/java.util.concurrent.ThreadPoolExecutor.runWorker(ThreadPoolExecutor.java:1136)
	at java.base/java.util.concurrent.ThreadPoolExecutor$Worker.run(ThreadPoolExecutor.java:635)
	at java.base/java.lang.Thread.run(Thread.java:842)
Caused by: com.alibaba.nacos.shaded.io.grpc.StatusRuntimeException: UNAVAILABLE: io exception
	at com.alibaba.nacos.shaded.io.grpc.Status.asRuntimeException(Status.java:539)
	at com.alibaba.nacos.shaded.io.grpc.stub.ClientCalls$UnaryStreamToFuture.onClose(ClientCalls.java:544)
	at com.alibaba.nacos.shaded.io.grpc.internal.ClientCallImpl.closeObserver(ClientCallImpl.java:563)
	at com.alibaba.nacos.shaded.io.grpc.internal.ClientCallImpl.access$300(ClientCallImpl.java:70)
	at com.alibaba.nacos.shaded.io.grpc.internal.ClientCallImpl$ClientStreamListenerImpl$1StreamClosed.runInternal(ClientCallImpl.java:744)
	at com.alibaba.nacos.shaded.io.grpc.internal.ClientCallImpl$ClientStreamListenerImpl$1StreamClosed.runInContext(ClientCallImpl.java:723)
	at com.alibaba.nacos.shaded.io.grpc.internal.ContextRunnable.run(ContextRunnable.java:37)
	at com.alibaba.nacos.shaded.io.grpc.internal.SerializingExecutor.run(SerializingExecutor.java:133)
	... 3 common frames omitted
Caused by: com.alibaba.nacos.shaded.io.grpc.netty.shaded.io.netty.channel.AbstractChannel$AnnotatedConnectException: Connection refused: no further information: /127.0.0.1:9848
Caused by: java.net.ConnectException: Connection refused: no further information
	at java.base/sun.nio.ch.Net.pollConnect(Native Method)
	at java.base/sun.nio.ch.Net.pollConnectNow(Net.java:672)
	at java.base/sun.nio.ch.SocketChannelImpl.finishConnect(SocketChannelImpl.java:946)
	at com.alibaba.nacos.shaded.io.grpc.netty.shaded.io.netty.channel.socket.nio.NioSocketChannel.doFinishConnect(NioSocketChannel.java:337)
	at com.alibaba.nacos.shaded.io.grpc.netty.shaded.io.netty.channel.nio.AbstractNioChannel$AbstractNioUnsafe.finishConnect(AbstractNioChannel.java:334)
	at com.alibaba.nacos.shaded.io.grpc.netty.shaded.io.netty.channel.nio.NioEventLoop.processSelectedKey(NioEventLoop.java:710)
	at com.alibaba.nacos.shaded.io.grpc.netty.shaded.io.netty.channel.nio.NioEventLoop.processSelectedKeysOptimized(NioEventLoop.java:658)
	at com.alibaba.nacos.shaded.io.grpc.netty.shaded.io.netty.channel.nio.NioEventLoop.processSelectedKeys(NioEventLoop.java:584)
	at com.alibaba.nacos.shaded.io.grpc.netty.shaded.io.netty.channel.nio.NioEventLoop.run(NioEventLoop.java:496)
	at com.alibaba.nacos.shaded.io.grpc.netty.shaded.io.netty.util.concurrent.SingleThreadEventExecutor$4.run(SingleThreadEventExecutor.java:997)
	at com.alibaba.nacos.shaded.io.grpc.netty.shaded.io.netty.util.internal.ThreadExecutorMap$2.run(ThreadExecutorMap.java:74)
	at com.alibaba.nacos.shaded.io.grpc.netty.shaded.io.netty.util.concurrent.FastThreadLocalRunnable.run(FastThreadLocalRunnable.java:30)
	at java.base/java.lang.Thread.run(Thread.java:842)
2025-10-30 16:11:00.746 [com.alibaba.nacos.client.remote.worker] INFO  com.alibaba.nacos.common.remote.client - [77bb8b38-8220-4fa9-84bf-ae133f9c9a09_config-0] Fail to connect server, after trying 19 times, last try server is {serverIp = '127.0.0.1', server main port = 8848}, error = unknown
2025-10-30 16:11:02.757 [com.alibaba.nacos.client.remote.worker] INFO  c.a.nacos.common.remote.client.grpc.GrpcClient - grpc client connection server:127.0.0.1 ip,serverPort:9848,grpcTslConfig:{"sslProvider":"OPENSSL","enableTls":false,"mutualAuthEnable":false,"trustAll":false}
2025-10-30 16:11:02.760 [com.alibaba.nacos.client.remote.worker] ERROR c.a.nacos.common.remote.client.grpc.GrpcClient - Server check fail, please check server 127.0.0.1 ,port 9848 is available , error ={}
java.util.concurrent.ExecutionException: com.alibaba.nacos.shaded.io.grpc.StatusRuntimeException: UNAVAILABLE: io exception
	at com.alibaba.nacos.shaded.com.google.common.util.concurrent.AbstractFuture.getDoneValue(AbstractFuture.java:566)
	at com.alibaba.nacos.shaded.com.google.common.util.concurrent.AbstractFuture.get(AbstractFuture.java:445)
	at com.alibaba.nacos.common.remote.client.grpc.GrpcClient.serverCheck(GrpcClient.java:218)
	at com.alibaba.nacos.common.remote.client.grpc.GrpcClient.connectToServer(GrpcClient.java:329)
	at com.alibaba.nacos.common.remote.client.RpcClient.reconnect(RpcClient.java:502)
	at com.alibaba.nacos.common.remote.client.RpcClient.lambda$start$2(RpcClient.java:343)
	at java.base/java.util.concurrent.Executors$RunnableAdapter.call(Executors.java:539)
	at java.base/java.util.concurrent.FutureTask.run(FutureTask.java:264)
	at java.base/java.util.concurrent.ScheduledThreadPoolExecutor$ScheduledFutureTask.run(ScheduledThreadPoolExecutor.java:304)
	at java.base/java.util.concurrent.ThreadPoolExecutor.runWorker(ThreadPoolExecutor.java:1136)
	at java.base/java.util.concurrent.ThreadPoolExecutor$Worker.run(ThreadPoolExecutor.java:635)
	at java.base/java.lang.Thread.run(Thread.java:842)
Caused by: com.alibaba.nacos.shaded.io.grpc.StatusRuntimeException: UNAVAILABLE: io exception
	at com.alibaba.nacos.shaded.io.grpc.Status.asRuntimeException(Status.java:539)
	at com.alibaba.nacos.shaded.io.grpc.stub.ClientCalls$UnaryStreamToFuture.onClose(ClientCalls.java:544)
	at com.alibaba.nacos.shaded.io.grpc.internal.DelayedClientCall$DelayedListener$3.run(DelayedClientCall.java:471)
	at com.alibaba.nacos.shaded.io.grpc.internal.DelayedClientCall$DelayedListener.delayOrExecute(DelayedClientCall.java:435)
	at com.alibaba.nacos.shaded.io.grpc.internal.DelayedClientCall$DelayedListener.onClose(DelayedClientCall.java:468)
	at com.alibaba.nacos.shaded.io.grpc.internal.ClientCallImpl.closeObserver(ClientCallImpl.java:563)
	at com.alibaba.nacos.shaded.io.grpc.internal.ClientCallImpl.access$300(ClientCallImpl.java:70)
	at com.alibaba.nacos.shaded.io.grpc.internal.ClientCallImpl$ClientStreamListenerImpl$1StreamClosed.runInternal(ClientCallImpl.java:744)
	at com.alibaba.nacos.shaded.io.grpc.internal.ClientCallImpl$ClientStreamListenerImpl$1StreamClosed.runInContext(ClientCallImpl.java:723)
	at com.alibaba.nacos.shaded.io.grpc.internal.ContextRunnable.run(ContextRunnable.java:37)
	at com.alibaba.nacos.shaded.io.grpc.internal.SerializingExecutor.run(SerializingExecutor.java:133)
	... 3 common frames omitted
Caused by: com.alibaba.nacos.shaded.io.grpc.netty.shaded.io.netty.channel.AbstractChannel$AnnotatedConnectException: Connection refused: no further information: /127.0.0.1:9848
Caused by: java.net.ConnectException: Connection refused: no further information
	at java.base/sun.nio.ch.Net.pollConnect(Native Method)
	at java.base/sun.nio.ch.Net.pollConnectNow(Net.java:672)
	at java.base/sun.nio.ch.SocketChannelImpl.finishConnect(SocketChannelImpl.java:946)
	at com.alibaba.nacos.shaded.io.grpc.netty.shaded.io.netty.channel.socket.nio.NioSocketChannel.doFinishConnect(NioSocketChannel.java:337)
	at com.alibaba.nacos.shaded.io.grpc.netty.shaded.io.netty.channel.nio.AbstractNioChannel$AbstractNioUnsafe.finishConnect(AbstractNioChannel.java:334)
	at com.alibaba.nacos.shaded.io.grpc.netty.shaded.io.netty.channel.nio.NioEventLoop.processSelectedKey(NioEventLoop.java:710)
	at com.alibaba.nacos.shaded.io.grpc.netty.shaded.io.netty.channel.nio.NioEventLoop.processSelectedKeysOptimized(NioEventLoop.java:658)
	at com.alibaba.nacos.shaded.io.grpc.netty.shaded.io.netty.channel.nio.NioEventLoop.processSelectedKeys(NioEventLoop.java:584)
	at com.alibaba.nacos.shaded.io.grpc.netty.shaded.io.netty.channel.nio.NioEventLoop.run(NioEventLoop.java:496)
	at com.alibaba.nacos.shaded.io.grpc.netty.shaded.io.netty.util.concurrent.SingleThreadEventExecutor$4.run(SingleThreadEventExecutor.java:997)
	at com.alibaba.nacos.shaded.io.grpc.netty.shaded.io.netty.util.internal.ThreadExecutorMap$2.run(ThreadExecutorMap.java:74)
	at com.alibaba.nacos.shaded.io.grpc.netty.shaded.io.netty.util.concurrent.FastThreadLocalRunnable.run(FastThreadLocalRunnable.java:30)
	at java.base/java.lang.Thread.run(Thread.java:842)
2025-10-30 16:11:02.761 [com.alibaba.nacos.client.remote.worker] INFO  com.alibaba.nacos.common.remote.client - [77bb8b38-8220-4fa9-84bf-ae133f9c9a09_config-0] Fail to connect server, after trying 20 times, last try server is {serverIp = '127.0.0.1', server main port = 8848}, error = unknown
2025-10-30 16:11:03.117 [com.alibaba.nacos.client.Worker] ERROR c.a.n.client.auth.impl.process.HttpLoginProcessor - [NacosClientAuthServiceImpl] login http request failed url: http://127.0.0.1:8848/nacos/v1/auth/users/login, params: {username=nacos}, bodyMap: {password=nacos}, errorMsg: Connection refused: no further information
2025-10-30 16:11:04.863 [com.alibaba.nacos.client.remote.worker] INFO  c.a.nacos.common.remote.client.grpc.GrpcClient - grpc client connection server:127.0.0.1 ip,serverPort:9848,grpcTslConfig:{"sslProvider":"OPENSSL","enableTls":false,"mutualAuthEnable":false,"trustAll":false}
2025-10-30 16:11:04.866 [com.alibaba.nacos.client.remote.worker] ERROR c.a.nacos.common.remote.client.grpc.GrpcClient - Server check fail, please check server 127.0.0.1 ,port 9848 is available , error ={}
java.util.concurrent.ExecutionException: com.alibaba.nacos.shaded.io.grpc.StatusRuntimeException: UNAVAILABLE: io exception
	at com.alibaba.nacos.shaded.com.google.common.util.concurrent.AbstractFuture.getDoneValue(AbstractFuture.java:566)
	at com.alibaba.nacos.shaded.com.google.common.util.concurrent.AbstractFuture.get(AbstractFuture.java:445)
	at com.alibaba.nacos.common.remote.client.grpc.GrpcClient.serverCheck(GrpcClient.java:218)
	at com.alibaba.nacos.common.remote.client.grpc.GrpcClient.connectToServer(GrpcClient.java:329)
	at com.alibaba.nacos.common.remote.client.RpcClient.reconnect(RpcClient.java:502)
	at com.alibaba.nacos.common.remote.client.RpcClient.lambda$start$2(RpcClient.java:343)
	at java.base/java.util.concurrent.Executors$RunnableAdapter.call(Executors.java:539)
	at java.base/java.util.concurrent.FutureTask.run(FutureTask.java:264)
	at java.base/java.util.concurrent.ScheduledThreadPoolExecutor$ScheduledFutureTask.run(ScheduledThreadPoolExecutor.java:304)
	at java.base/java.util.concurrent.ThreadPoolExecutor.runWorker(ThreadPoolExecutor.java:1136)
	at java.base/java.util.concurrent.ThreadPoolExecutor$Worker.run(ThreadPoolExecutor.java:635)
	at java.base/java.lang.Thread.run(Thread.java:842)
Caused by: com.alibaba.nacos.shaded.io.grpc.StatusRuntimeException: UNAVAILABLE: io exception
	at com.alibaba.nacos.shaded.io.grpc.Status.asRuntimeException(Status.java:539)
	at com.alibaba.nacos.shaded.io.grpc.stub.ClientCalls$UnaryStreamToFuture.onClose(ClientCalls.java:544)
	at com.alibaba.nacos.shaded.io.grpc.internal.DelayedClientCall$DelayedListener$3.run(DelayedClientCall.java:471)
	at com.alibaba.nacos.shaded.io.grpc.internal.DelayedClientCall$DelayedListener.delayOrExecute(DelayedClientCall.java:435)
	at com.alibaba.nacos.shaded.io.grpc.internal.DelayedClientCall$DelayedListener.onClose(DelayedClientCall.java:468)
	at com.alibaba.nacos.shaded.io.grpc.internal.ClientCallImpl.closeObserver(ClientCallImpl.java:563)
	at com.alibaba.nacos.shaded.io.grpc.internal.ClientCallImpl.access$300(ClientCallImpl.java:70)
	at com.alibaba.nacos.shaded.io.grpc.internal.ClientCallImpl$ClientStreamListenerImpl$1StreamClosed.runInternal(ClientCallImpl.java:744)
	at com.alibaba.nacos.shaded.io.grpc.internal.ClientCallImpl$ClientStreamListenerImpl$1StreamClosed.runInContext(ClientCallImpl.java:723)
	at com.alibaba.nacos.shaded.io.grpc.internal.ContextRunnable.run(ContextRunnable.java:37)
	at com.alibaba.nacos.shaded.io.grpc.internal.SerializingExecutor.run(SerializingExecutor.java:133)
	... 3 common frames omitted
Caused by: com.alibaba.nacos.shaded.io.grpc.netty.shaded.io.netty.channel.AbstractChannel$AnnotatedConnectException: Connection refused: no further information: /127.0.0.1:9848
Caused by: java.net.ConnectException: Connection refused: no further information
	at java.base/sun.nio.ch.Net.pollConnect(Native Method)
	at java.base/sun.nio.ch.Net.pollConnectNow(Net.java:672)
	at java.base/sun.nio.ch.SocketChannelImpl.finishConnect(SocketChannelImpl.java:946)
	at com.alibaba.nacos.shaded.io.grpc.netty.shaded.io.netty.channel.socket.nio.NioSocketChannel.doFinishConnect(NioSocketChannel.java:337)
	at com.alibaba.nacos.shaded.io.grpc.netty.shaded.io.netty.channel.nio.AbstractNioChannel$AbstractNioUnsafe.finishConnect(AbstractNioChannel.java:334)
	at com.alibaba.nacos.shaded.io.grpc.netty.shaded.io.netty.channel.nio.NioEventLoop.processSelectedKey(NioEventLoop.java:710)
	at com.alibaba.nacos.shaded.io.grpc.netty.shaded.io.netty.channel.nio.NioEventLoop.processSelectedKeysOptimized(NioEventLoop.java:658)
	at com.alibaba.nacos.shaded.io.grpc.netty.shaded.io.netty.channel.nio.NioEventLoop.processSelectedKeys(NioEventLoop.java:584)
	at com.alibaba.nacos.shaded.io.grpc.netty.shaded.io.netty.channel.nio.NioEventLoop.run(NioEventLoop.java:496)
	at com.alibaba.nacos.shaded.io.grpc.netty.shaded.io.netty.util.concurrent.SingleThreadEventExecutor$4.run(SingleThreadEventExecutor.java:997)
	at com.alibaba.nacos.shaded.io.grpc.netty.shaded.io.netty.util.internal.ThreadExecutorMap$2.run(ThreadExecutorMap.java:74)
	at com.alibaba.nacos.shaded.io.grpc.netty.shaded.io.netty.util.concurrent.FastThreadLocalRunnable.run(FastThreadLocalRunnable.java:30)
	at java.base/java.lang.Thread.run(Thread.java:842)
2025-10-30 16:11:04.866 [com.alibaba.nacos.client.remote.worker] INFO  com.alibaba.nacos.common.remote.client - [77bb8b38-8220-4fa9-84bf-ae133f9c9a09_config-0] Fail to connect server, after trying 21 times, last try server is {serverIp = '127.0.0.1', server main port = 8848}, error = unknown
2025-10-30 16:11:07.077 [com.alibaba.nacos.client.remote.worker] INFO  c.a.nacos.common.remote.client.grpc.GrpcClient - grpc client connection server:127.0.0.1 ip,serverPort:9848,grpcTslConfig:{"sslProvider":"OPENSSL","enableTls":false,"mutualAuthEnable":false,"trustAll":false}
2025-10-30 16:11:07.081 [com.alibaba.nacos.client.remote.worker] ERROR c.a.nacos.common.remote.client.grpc.GrpcClient - Server check fail, please check server 127.0.0.1 ,port 9848 is available , error ={}
java.util.concurrent.ExecutionException: com.alibaba.nacos.shaded.io.grpc.StatusRuntimeException: UNAVAILABLE: io exception
	at com.alibaba.nacos.shaded.com.google.common.util.concurrent.AbstractFuture.getDoneValue(AbstractFuture.java:566)
	at com.alibaba.nacos.shaded.com.google.common.util.concurrent.AbstractFuture.get(AbstractFuture.java:445)
	at com.alibaba.nacos.common.remote.client.grpc.GrpcClient.serverCheck(GrpcClient.java:218)
	at com.alibaba.nacos.common.remote.client.grpc.GrpcClient.connectToServer(GrpcClient.java:329)
	at com.alibaba.nacos.common.remote.client.RpcClient.reconnect(RpcClient.java:502)
	at com.alibaba.nacos.common.remote.client.RpcClient.lambda$start$2(RpcClient.java:343)
	at java.base/java.util.concurrent.Executors$RunnableAdapter.call(Executors.java:539)
	at java.base/java.util.concurrent.FutureTask.run(FutureTask.java:264)
	at java.base/java.util.concurrent.ScheduledThreadPoolExecutor$ScheduledFutureTask.run(ScheduledThreadPoolExecutor.java:304)
	at java.base/java.util.concurrent.ThreadPoolExecutor.runWorker(ThreadPoolExecutor.java:1136)
	at java.base/java.util.concurrent.ThreadPoolExecutor$Worker.run(ThreadPoolExecutor.java:635)
	at java.base/java.lang.Thread.run(Thread.java:842)
Caused by: com.alibaba.nacos.shaded.io.grpc.StatusRuntimeException: UNAVAILABLE: io exception
	at com.alibaba.nacos.shaded.io.grpc.Status.asRuntimeException(Status.java:539)
	at com.alibaba.nacos.shaded.io.grpc.stub.ClientCalls$UnaryStreamToFuture.onClose(ClientCalls.java:544)
	at com.alibaba.nacos.shaded.io.grpc.internal.DelayedClientCall$DelayedListener$3.run(DelayedClientCall.java:471)
	at com.alibaba.nacos.shaded.io.grpc.internal.DelayedClientCall$DelayedListener.delayOrExecute(DelayedClientCall.java:435)
	at com.alibaba.nacos.shaded.io.grpc.internal.DelayedClientCall$DelayedListener.onClose(DelayedClientCall.java:468)
	at com.alibaba.nacos.shaded.io.grpc.internal.ClientCallImpl.closeObserver(ClientCallImpl.java:563)
	at com.alibaba.nacos.shaded.io.grpc.internal.ClientCallImpl.access$300(ClientCallImpl.java:70)
	at com.alibaba.nacos.shaded.io.grpc.internal.ClientCallImpl$ClientStreamListenerImpl$1StreamClosed.runInternal(ClientCallImpl.java:744)
	at com.alibaba.nacos.shaded.io.grpc.internal.ClientCallImpl$ClientStreamListenerImpl$1StreamClosed.runInContext(ClientCallImpl.java:723)
	at com.alibaba.nacos.shaded.io.grpc.internal.ContextRunnable.run(ContextRunnable.java:37)
	at com.alibaba.nacos.shaded.io.grpc.internal.SerializingExecutor.run(SerializingExecutor.java:133)
	... 3 common frames omitted
Caused by: com.alibaba.nacos.shaded.io.grpc.netty.shaded.io.netty.channel.AbstractChannel$AnnotatedConnectException: Connection refused: no further information: /127.0.0.1:9848
Caused by: java.net.ConnectException: Connection refused: no further information
	at java.base/sun.nio.ch.Net.pollConnect(Native Method)
	at java.base/sun.nio.ch.Net.pollConnectNow(Net.java:672)
	at java.base/sun.nio.ch.SocketChannelImpl.finishConnect(SocketChannelImpl.java:946)
	at com.alibaba.nacos.shaded.io.grpc.netty.shaded.io.netty.channel.socket.nio.NioSocketChannel.doFinishConnect(NioSocketChannel.java:337)
	at com.alibaba.nacos.shaded.io.grpc.netty.shaded.io.netty.channel.nio.AbstractNioChannel$AbstractNioUnsafe.finishConnect(AbstractNioChannel.java:334)
	at com.alibaba.nacos.shaded.io.grpc.netty.shaded.io.netty.channel.nio.NioEventLoop.processSelectedKey(NioEventLoop.java:710)
	at com.alibaba.nacos.shaded.io.grpc.netty.shaded.io.netty.channel.nio.NioEventLoop.processSelectedKeysOptimized(NioEventLoop.java:658)
	at com.alibaba.nacos.shaded.io.grpc.netty.shaded.io.netty.channel.nio.NioEventLoop.processSelectedKeys(NioEventLoop.java:584)
	at com.alibaba.nacos.shaded.io.grpc.netty.shaded.io.netty.channel.nio.NioEventLoop.run(NioEventLoop.java:496)
	at com.alibaba.nacos.shaded.io.grpc.netty.shaded.io.netty.util.concurrent.SingleThreadEventExecutor$4.run(SingleThreadEventExecutor.java:997)
	at com.alibaba.nacos.shaded.io.grpc.netty.shaded.io.netty.util.internal.ThreadExecutorMap$2.run(ThreadExecutorMap.java:74)
	at com.alibaba.nacos.shaded.io.grpc.netty.shaded.io.netty.util.concurrent.FastThreadLocalRunnable.run(FastThreadLocalRunnable.java:30)
	at java.base/java.lang.Thread.run(Thread.java:842)
2025-10-30 16:11:07.081 [com.alibaba.nacos.client.remote.worker] INFO  com.alibaba.nacos.common.remote.client - [77bb8b38-8220-4fa9-84bf-ae133f9c9a09_config-0] Fail to connect server, after trying 22 times, last try server is {serverIp = '127.0.0.1', server main port = 8848}, error = unknown
2025-10-30 16:11:08.138 [com.alibaba.nacos.client.Worker] ERROR c.a.n.client.auth.impl.process.HttpLoginProcessor - [NacosClientAuthServiceImpl] login http request failed url: http://127.0.0.1:8848/nacos/v1/auth/users/login, params: {username=nacos}, bodyMap: {password=nacos}, errorMsg: Connection refused: no further information
2025-10-30 16:11:09.390 [com.alibaba.nacos.client.remote.worker] INFO  c.a.nacos.common.remote.client.grpc.GrpcClient - grpc client connection server:127.0.0.1 ip,serverPort:9848,grpcTslConfig:{"sslProvider":"OPENSSL","enableTls":false,"mutualAuthEnable":false,"trustAll":false}
2025-10-30 16:11:09.393 [com.alibaba.nacos.client.remote.worker] ERROR c.a.nacos.common.remote.client.grpc.GrpcClient - Server check fail, please check server 127.0.0.1 ,port 9848 is available , error ={}
java.util.concurrent.ExecutionException: com.alibaba.nacos.shaded.io.grpc.StatusRuntimeException: UNAVAILABLE: io exception
	at com.alibaba.nacos.shaded.com.google.common.util.concurrent.AbstractFuture.getDoneValue(AbstractFuture.java:566)
	at com.alibaba.nacos.shaded.com.google.common.util.concurrent.AbstractFuture.get(AbstractFuture.java:445)
	at com.alibaba.nacos.common.remote.client.grpc.GrpcClient.serverCheck(GrpcClient.java:218)
	at com.alibaba.nacos.common.remote.client.grpc.GrpcClient.connectToServer(GrpcClient.java:329)
	at com.alibaba.nacos.common.remote.client.RpcClient.reconnect(RpcClient.java:502)
	at com.alibaba.nacos.common.remote.client.RpcClient.lambda$start$2(RpcClient.java:343)
	at java.base/java.util.concurrent.Executors$RunnableAdapter.call(Executors.java:539)
	at java.base/java.util.concurrent.FutureTask.run(FutureTask.java:264)
	at java.base/java.util.concurrent.ScheduledThreadPoolExecutor$ScheduledFutureTask.run(ScheduledThreadPoolExecutor.java:304)
	at java.base/java.util.concurrent.ThreadPoolExecutor.runWorker(ThreadPoolExecutor.java:1136)
	at java.base/java.util.concurrent.ThreadPoolExecutor$Worker.run(ThreadPoolExecutor.java:635)
	at java.base/java.lang.Thread.run(Thread.java:842)
Caused by: com.alibaba.nacos.shaded.io.grpc.StatusRuntimeException: UNAVAILABLE: io exception
	at com.alibaba.nacos.shaded.io.grpc.Status.asRuntimeException(Status.java:539)
	at com.alibaba.nacos.shaded.io.grpc.stub.ClientCalls$UnaryStreamToFuture.onClose(ClientCalls.java:544)
	at com.alibaba.nacos.shaded.io.grpc.internal.DelayedClientCall$DelayedListener$3.run(DelayedClientCall.java:471)
	at com.alibaba.nacos.shaded.io.grpc.internal.DelayedClientCall$DelayedListener.delayOrExecute(DelayedClientCall.java:435)
	at com.alibaba.nacos.shaded.io.grpc.internal.DelayedClientCall$DelayedListener.onClose(DelayedClientCall.java:468)
	at com.alibaba.nacos.shaded.io.grpc.internal.ClientCallImpl.closeObserver(ClientCallImpl.java:563)
	at com.alibaba.nacos.shaded.io.grpc.internal.ClientCallImpl.access$300(ClientCallImpl.java:70)
	at com.alibaba.nacos.shaded.io.grpc.internal.ClientCallImpl$ClientStreamListenerImpl$1StreamClosed.runInternal(ClientCallImpl.java:744)
	at com.alibaba.nacos.shaded.io.grpc.internal.ClientCallImpl$ClientStreamListenerImpl$1StreamClosed.runInContext(ClientCallImpl.java:723)
	at com.alibaba.nacos.shaded.io.grpc.internal.ContextRunnable.run(ContextRunnable.java:37)
	at com.alibaba.nacos.shaded.io.grpc.internal.SerializingExecutor.run(SerializingExecutor.java:133)
	... 3 common frames omitted
Caused by: com.alibaba.nacos.shaded.io.grpc.netty.shaded.io.netty.channel.AbstractChannel$AnnotatedConnectException: Connection refused: no further information: /127.0.0.1:9848
Caused by: java.net.ConnectException: Connection refused: no further information
	at java.base/sun.nio.ch.Net.pollConnect(Native Method)
	at java.base/sun.nio.ch.Net.pollConnectNow(Net.java:672)
	at java.base/sun.nio.ch.SocketChannelImpl.finishConnect(SocketChannelImpl.java:946)
	at com.alibaba.nacos.shaded.io.grpc.netty.shaded.io.netty.channel.socket.nio.NioSocketChannel.doFinishConnect(NioSocketChannel.java:337)
	at com.alibaba.nacos.shaded.io.grpc.netty.shaded.io.netty.channel.nio.AbstractNioChannel$AbstractNioUnsafe.finishConnect(AbstractNioChannel.java:334)
	at com.alibaba.nacos.shaded.io.grpc.netty.shaded.io.netty.channel.nio.NioEventLoop.processSelectedKey(NioEventLoop.java:710)
	at com.alibaba.nacos.shaded.io.grpc.netty.shaded.io.netty.channel.nio.NioEventLoop.processSelectedKeysOptimized(NioEventLoop.java:658)
	at com.alibaba.nacos.shaded.io.grpc.netty.shaded.io.netty.channel.nio.NioEventLoop.processSelectedKeys(NioEventLoop.java:584)
	at com.alibaba.nacos.shaded.io.grpc.netty.shaded.io.netty.channel.nio.NioEventLoop.run(NioEventLoop.java:496)
	at com.alibaba.nacos.shaded.io.grpc.netty.shaded.io.netty.util.concurrent.SingleThreadEventExecutor$4.run(SingleThreadEventExecutor.java:997)
	at com.alibaba.nacos.shaded.io.grpc.netty.shaded.io.netty.util.internal.ThreadExecutorMap$2.run(ThreadExecutorMap.java:74)
	at com.alibaba.nacos.shaded.io.grpc.netty.shaded.io.netty.util.concurrent.FastThreadLocalRunnable.run(FastThreadLocalRunnable.java:30)
	at java.base/java.lang.Thread.run(Thread.java:842)
2025-10-30 16:11:09.394 [com.alibaba.nacos.client.remote.worker] INFO  com.alibaba.nacos.common.remote.client - [77bb8b38-8220-4fa9-84bf-ae133f9c9a09_config-0] Fail to connect server, after trying 23 times, last try server is {serverIp = '127.0.0.1', server main port = 8848}, error = unknown
2025-10-30 16:11:11.805 [com.alibaba.nacos.client.remote.worker] INFO  c.a.nacos.common.remote.client.grpc.GrpcClient - grpc client connection server:127.0.0.1 ip,serverPort:9848,grpcTslConfig:{"sslProvider":"OPENSSL","enableTls":false,"mutualAuthEnable":false,"trustAll":false}
2025-10-30 16:11:11.808 [com.alibaba.nacos.client.remote.worker] ERROR c.a.nacos.common.remote.client.grpc.GrpcClient - Server check fail, please check server 127.0.0.1 ,port 9848 is available , error ={}
java.util.concurrent.ExecutionException: com.alibaba.nacos.shaded.io.grpc.StatusRuntimeException: UNAVAILABLE: io exception
	at com.alibaba.nacos.shaded.com.google.common.util.concurrent.AbstractFuture.getDoneValue(AbstractFuture.java:566)
	at com.alibaba.nacos.shaded.com.google.common.util.concurrent.AbstractFuture.get(AbstractFuture.java:445)
	at com.alibaba.nacos.common.remote.client.grpc.GrpcClient.serverCheck(GrpcClient.java:218)
	at com.alibaba.nacos.common.remote.client.grpc.GrpcClient.connectToServer(GrpcClient.java:329)
	at com.alibaba.nacos.common.remote.client.RpcClient.reconnect(RpcClient.java:502)
	at com.alibaba.nacos.common.remote.client.RpcClient.lambda$start$2(RpcClient.java:343)
	at java.base/java.util.concurrent.Executors$RunnableAdapter.call(Executors.java:539)
	at java.base/java.util.concurrent.FutureTask.run(FutureTask.java:264)
	at java.base/java.util.concurrent.ScheduledThreadPoolExecutor$ScheduledFutureTask.run(ScheduledThreadPoolExecutor.java:304)
	at java.base/java.util.concurrent.ThreadPoolExecutor.runWorker(ThreadPoolExecutor.java:1136)
	at java.base/java.util.concurrent.ThreadPoolExecutor$Worker.run(ThreadPoolExecutor.java:635)
	at java.base/java.lang.Thread.run(Thread.java:842)
Caused by: com.alibaba.nacos.shaded.io.grpc.StatusRuntimeException: UNAVAILABLE: io exception
	at com.alibaba.nacos.shaded.io.grpc.Status.asRuntimeException(Status.java:539)
	at com.alibaba.nacos.shaded.io.grpc.stub.ClientCalls$UnaryStreamToFuture.onClose(ClientCalls.java:544)
	at com.alibaba.nacos.shaded.io.grpc.internal.DelayedClientCall$DelayedListener$3.run(DelayedClientCall.java:471)
	at com.alibaba.nacos.shaded.io.grpc.internal.DelayedClientCall$DelayedListener.drainPendingCallbacks(DelayedClientCall.java:510)
	at com.alibaba.nacos.shaded.io.grpc.internal.DelayedClientCall$1DrainListenerRunnable.runInContext(DelayedClientCall.java:299)
	at com.alibaba.nacos.shaded.io.grpc.internal.ContextRunnable.run(ContextRunnable.java:37)
	... 3 common frames omitted
Caused by: com.alibaba.nacos.shaded.io.grpc.netty.shaded.io.netty.channel.AbstractChannel$AnnotatedConnectException: Connection refused: no further information: /127.0.0.1:9848
Caused by: java.net.ConnectException: Connection refused: no further information
	at java.base/sun.nio.ch.Net.pollConnect(Native Method)
	at java.base/sun.nio.ch.Net.pollConnectNow(Net.java:672)
	at java.base/sun.nio.ch.SocketChannelImpl.finishConnect(SocketChannelImpl.java:946)
	at com.alibaba.nacos.shaded.io.grpc.netty.shaded.io.netty.channel.socket.nio.NioSocketChannel.doFinishConnect(NioSocketChannel.java:337)
	at com.alibaba.nacos.shaded.io.grpc.netty.shaded.io.netty.channel.nio.AbstractNioChannel$AbstractNioUnsafe.finishConnect(AbstractNioChannel.java:334)
	at com.alibaba.nacos.shaded.io.grpc.netty.shaded.io.netty.channel.nio.NioEventLoop.processSelectedKey(NioEventLoop.java:710)
	at com.alibaba.nacos.shaded.io.grpc.netty.shaded.io.netty.channel.nio.NioEventLoop.processSelectedKeysOptimized(NioEventLoop.java:658)
	at com.alibaba.nacos.shaded.io.grpc.netty.shaded.io.netty.channel.nio.NioEventLoop.processSelectedKeys(NioEventLoop.java:584)
	at com.alibaba.nacos.shaded.io.grpc.netty.shaded.io.netty.channel.nio.NioEventLoop.run(NioEventLoop.java:496)
	at com.alibaba.nacos.shaded.io.grpc.netty.shaded.io.netty.util.concurrent.SingleThreadEventExecutor$4.run(SingleThreadEventExecutor.java:997)
	at com.alibaba.nacos.shaded.io.grpc.netty.shaded.io.netty.util.internal.ThreadExecutorMap$2.run(ThreadExecutorMap.java:74)
	at com.alibaba.nacos.shaded.io.grpc.netty.shaded.io.netty.util.concurrent.FastThreadLocalRunnable.run(FastThreadLocalRunnable.java:30)
	at java.base/java.lang.Thread.run(Thread.java:842)
2025-10-30 16:11:11.809 [com.alibaba.nacos.client.remote.worker] INFO  com.alibaba.nacos.common.remote.client - [77bb8b38-8220-4fa9-84bf-ae133f9c9a09_config-0] Fail to connect server, after trying 24 times, last try server is {serverIp = '127.0.0.1', server main port = 8848}, error = unknown
2025-10-30 16:11:13.151 [com.alibaba.nacos.client.Worker] ERROR c.a.n.client.auth.impl.process.HttpLoginProcessor - [NacosClientAuthServiceImpl] login http request failed url: http://127.0.0.1:8848/nacos/v1/auth/users/login, params: {username=nacos}, bodyMap: {password=nacos}, errorMsg: Connection refused: no further information
2025-10-30 16:11:14.324 [com.alibaba.nacos.client.remote.worker] INFO  c.a.nacos.common.remote.client.grpc.GrpcClient - grpc client connection server:127.0.0.1 ip,serverPort:9848,grpcTslConfig:{"sslProvider":"OPENSSL","enableTls":false,"mutualAuthEnable":false,"trustAll":false}
2025-10-30 16:11:14.328 [com.alibaba.nacos.client.remote.worker] ERROR c.a.nacos.common.remote.client.grpc.GrpcClient - Server check fail, please check server 127.0.0.1 ,port 9848 is available , error ={}
java.util.concurrent.ExecutionException: com.alibaba.nacos.shaded.io.grpc.StatusRuntimeException: UNAVAILABLE: io exception
	at com.alibaba.nacos.shaded.com.google.common.util.concurrent.AbstractFuture.getDoneValue(AbstractFuture.java:566)
	at com.alibaba.nacos.shaded.com.google.common.util.concurrent.AbstractFuture.get(AbstractFuture.java:445)
	at com.alibaba.nacos.common.remote.client.grpc.GrpcClient.serverCheck(GrpcClient.java:218)
	at com.alibaba.nacos.common.remote.client.grpc.GrpcClient.connectToServer(GrpcClient.java:329)
	at com.alibaba.nacos.common.remote.client.RpcClient.reconnect(RpcClient.java:502)
	at com.alibaba.nacos.common.remote.client.RpcClient.lambda$start$2(RpcClient.java:343)
	at java.base/java.util.concurrent.Executors$RunnableAdapter.call(Executors.java:539)
	at java.base/java.util.concurrent.FutureTask.run(FutureTask.java:264)
	at java.base/java.util.concurrent.ScheduledThreadPoolExecutor$ScheduledFutureTask.run(ScheduledThreadPoolExecutor.java:304)
	at java.base/java.util.concurrent.ThreadPoolExecutor.runWorker(ThreadPoolExecutor.java:1136)
	at java.base/java.util.concurrent.ThreadPoolExecutor$Worker.run(ThreadPoolExecutor.java:635)
	at java.base/java.lang.Thread.run(Thread.java:842)
Caused by: com.alibaba.nacos.shaded.io.grpc.StatusRuntimeException: UNAVAILABLE: io exception
	at com.alibaba.nacos.shaded.io.grpc.Status.asRuntimeException(Status.java:539)
	at com.alibaba.nacos.shaded.io.grpc.stub.ClientCalls$UnaryStreamToFuture.onClose(ClientCalls.java:544)
	at com.alibaba.nacos.shaded.io.grpc.internal.DelayedClientCall$DelayedListener$3.run(DelayedClientCall.java:471)
	at com.alibaba.nacos.shaded.io.grpc.internal.DelayedClientCall$DelayedListener.delayOrExecute(DelayedClientCall.java:435)
	at com.alibaba.nacos.shaded.io.grpc.internal.DelayedClientCall$DelayedListener.onClose(DelayedClientCall.java:468)
	at com.alibaba.nacos.shaded.io.grpc.internal.ClientCallImpl.closeObserver(ClientCallImpl.java:563)
	at com.alibaba.nacos.shaded.io.grpc.internal.ClientCallImpl.access$300(ClientCallImpl.java:70)
	at com.alibaba.nacos.shaded.io.grpc.internal.ClientCallImpl$ClientStreamListenerImpl$1StreamClosed.runInternal(ClientCallImpl.java:744)
	at com.alibaba.nacos.shaded.io.grpc.internal.ClientCallImpl$ClientStreamListenerImpl$1StreamClosed.runInContext(ClientCallImpl.java:723)
	at com.alibaba.nacos.shaded.io.grpc.internal.ContextRunnable.run(ContextRunnable.java:37)
	at com.alibaba.nacos.shaded.io.grpc.internal.SerializingExecutor.run(SerializingExecutor.java:133)
	... 3 common frames omitted
Caused by: com.alibaba.nacos.shaded.io.grpc.netty.shaded.io.netty.channel.AbstractChannel$AnnotatedConnectException: Connection refused: no further information: /127.0.0.1:9848
Caused by: java.net.ConnectException: Connection refused: no further information
	at java.base/sun.nio.ch.Net.pollConnect(Native Method)
	at java.base/sun.nio.ch.Net.pollConnectNow(Net.java:672)
	at java.base/sun.nio.ch.SocketChannelImpl.finishConnect(SocketChannelImpl.java:946)
	at com.alibaba.nacos.shaded.io.grpc.netty.shaded.io.netty.channel.socket.nio.NioSocketChannel.doFinishConnect(NioSocketChannel.java:337)
	at com.alibaba.nacos.shaded.io.grpc.netty.shaded.io.netty.channel.nio.AbstractNioChannel$AbstractNioUnsafe.finishConnect(AbstractNioChannel.java:334)
	at com.alibaba.nacos.shaded.io.grpc.netty.shaded.io.netty.channel.nio.NioEventLoop.processSelectedKey(NioEventLoop.java:710)
	at com.alibaba.nacos.shaded.io.grpc.netty.shaded.io.netty.channel.nio.NioEventLoop.processSelectedKeysOptimized(NioEventLoop.java:658)
	at com.alibaba.nacos.shaded.io.grpc.netty.shaded.io.netty.channel.nio.NioEventLoop.processSelectedKeys(NioEventLoop.java:584)
	at com.alibaba.nacos.shaded.io.grpc.netty.shaded.io.netty.channel.nio.NioEventLoop.run(NioEventLoop.java:496)
	at com.alibaba.nacos.shaded.io.grpc.netty.shaded.io.netty.util.concurrent.SingleThreadEventExecutor$4.run(SingleThreadEventExecutor.java:997)
	at com.alibaba.nacos.shaded.io.grpc.netty.shaded.io.netty.util.internal.ThreadExecutorMap$2.run(ThreadExecutorMap.java:74)
	at com.alibaba.nacos.shaded.io.grpc.netty.shaded.io.netty.util.concurrent.FastThreadLocalRunnable.run(FastThreadLocalRunnable.java:30)
	at java.base/java.lang.Thread.run(Thread.java:842)
2025-10-30 16:11:14.329 [com.alibaba.nacos.client.remote.worker] INFO  com.alibaba.nacos.common.remote.client - [77bb8b38-8220-4fa9-84bf-ae133f9c9a09_config-0] Fail to connect server, after trying 25 times, last try server is {serverIp = '127.0.0.1', server main port = 8848}, error = unknown
2025-10-30 16:11:16.937 [com.alibaba.nacos.client.remote.worker] INFO  c.a.nacos.common.remote.client.grpc.GrpcClient - grpc client connection server:127.0.0.1 ip,serverPort:9848,grpcTslConfig:{"sslProvider":"OPENSSL","enableTls":false,"mutualAuthEnable":false,"trustAll":false}
2025-10-30 16:11:16.941 [com.alibaba.nacos.client.remote.worker] ERROR c.a.nacos.common.remote.client.grpc.GrpcClient - Server check fail, please check server 127.0.0.1 ,port 9848 is available , error ={}
java.util.concurrent.ExecutionException: com.alibaba.nacos.shaded.io.grpc.StatusRuntimeException: UNAVAILABLE: io exception
	at com.alibaba.nacos.shaded.com.google.common.util.concurrent.AbstractFuture.getDoneValue(AbstractFuture.java:566)
	at com.alibaba.nacos.shaded.com.google.common.util.concurrent.AbstractFuture.get(AbstractFuture.java:445)
	at com.alibaba.nacos.common.remote.client.grpc.GrpcClient.serverCheck(GrpcClient.java:218)
	at com.alibaba.nacos.common.remote.client.grpc.GrpcClient.connectToServer(GrpcClient.java:329)
	at com.alibaba.nacos.common.remote.client.RpcClient.reconnect(RpcClient.java:502)
	at com.alibaba.nacos.common.remote.client.RpcClient.lambda$start$2(RpcClient.java:343)
	at java.base/java.util.concurrent.Executors$RunnableAdapter.call(Executors.java:539)
	at java.base/java.util.concurrent.FutureTask.run(FutureTask.java:264)
	at java.base/java.util.concurrent.ScheduledThreadPoolExecutor$ScheduledFutureTask.run(ScheduledThreadPoolExecutor.java:304)
	at java.base/java.util.concurrent.ThreadPoolExecutor.runWorker(ThreadPoolExecutor.java:1136)
	at java.base/java.util.concurrent.ThreadPoolExecutor$Worker.run(ThreadPoolExecutor.java:635)
	at java.base/java.lang.Thread.run(Thread.java:842)
Caused by: com.alibaba.nacos.shaded.io.grpc.StatusRuntimeException: UNAVAILABLE: io exception
	at com.alibaba.nacos.shaded.io.grpc.Status.asRuntimeException(Status.java:539)
	at com.alibaba.nacos.shaded.io.grpc.stub.ClientCalls$UnaryStreamToFuture.onClose(ClientCalls.java:544)
	at com.alibaba.nacos.shaded.io.grpc.internal.ClientCallImpl.closeObserver(ClientCallImpl.java:563)
	at com.alibaba.nacos.shaded.io.grpc.internal.ClientCallImpl.access$300(ClientCallImpl.java:70)
	at com.alibaba.nacos.shaded.io.grpc.internal.ClientCallImpl$ClientStreamListenerImpl$1StreamClosed.runInternal(ClientCallImpl.java:744)
	at com.alibaba.nacos.shaded.io.grpc.internal.ClientCallImpl$ClientStreamListenerImpl$1StreamClosed.runInContext(ClientCallImpl.java:723)
	at com.alibaba.nacos.shaded.io.grpc.internal.ContextRunnable.run(ContextRunnable.java:37)
	at com.alibaba.nacos.shaded.io.grpc.internal.SerializingExecutor.run(SerializingExecutor.java:133)
	... 3 common frames omitted
Caused by: com.alibaba.nacos.shaded.io.grpc.netty.shaded.io.netty.channel.AbstractChannel$AnnotatedConnectException: Connection refused: no further information: /127.0.0.1:9848
Caused by: java.net.ConnectException: Connection refused: no further information
	at java.base/sun.nio.ch.Net.pollConnect(Native Method)
	at java.base/sun.nio.ch.Net.pollConnectNow(Net.java:672)
	at java.base/sun.nio.ch.SocketChannelImpl.finishConnect(SocketChannelImpl.java:946)
	at com.alibaba.nacos.shaded.io.grpc.netty.shaded.io.netty.channel.socket.nio.NioSocketChannel.doFinishConnect(NioSocketChannel.java:337)
	at com.alibaba.nacos.shaded.io.grpc.netty.shaded.io.netty.channel.nio.AbstractNioChannel$AbstractNioUnsafe.finishConnect(AbstractNioChannel.java:334)
	at com.alibaba.nacos.shaded.io.grpc.netty.shaded.io.netty.channel.nio.NioEventLoop.processSelectedKey(NioEventLoop.java:710)
	at com.alibaba.nacos.shaded.io.grpc.netty.shaded.io.netty.channel.nio.NioEventLoop.processSelectedKeysOptimized(NioEventLoop.java:658)
	at com.alibaba.nacos.shaded.io.grpc.netty.shaded.io.netty.channel.nio.NioEventLoop.processSelectedKeys(NioEventLoop.java:584)
	at com.alibaba.nacos.shaded.io.grpc.netty.shaded.io.netty.channel.nio.NioEventLoop.run(NioEventLoop.java:496)
	at com.alibaba.nacos.shaded.io.grpc.netty.shaded.io.netty.util.concurrent.SingleThreadEventExecutor$4.run(SingleThreadEventExecutor.java:997)
	at com.alibaba.nacos.shaded.io.grpc.netty.shaded.io.netty.util.internal.ThreadExecutorMap$2.run(ThreadExecutorMap.java:74)
	at com.alibaba.nacos.shaded.io.grpc.netty.shaded.io.netty.util.concurrent.FastThreadLocalRunnable.run(FastThreadLocalRunnable.java:30)
	at java.base/java.lang.Thread.run(Thread.java:842)
2025-10-30 16:11:16.942 [com.alibaba.nacos.client.remote.worker] INFO  com.alibaba.nacos.common.remote.client - [77bb8b38-8220-4fa9-84bf-ae133f9c9a09_config-0] Fail to connect server, after trying 26 times, last try server is {serverIp = '127.0.0.1', server main port = 8848}, error = unknown
2025-10-30 16:11:18.155 [com.alibaba.nacos.client.Worker] ERROR c.a.n.client.auth.impl.process.HttpLoginProcessor - [NacosClientAuthServiceImpl] login http request failed url: http://127.0.0.1:8848/nacos/v1/auth/users/login, params: {username=nacos}, bodyMap: {password=nacos}, errorMsg: Connection refused: no further information
2025-10-30 16:11:19.652 [com.alibaba.nacos.client.remote.worker] INFO  c.a.nacos.common.remote.client.grpc.GrpcClient - grpc client connection server:127.0.0.1 ip,serverPort:9848,grpcTslConfig:{"sslProvider":"OPENSSL","enableTls":false,"mutualAuthEnable":false,"trustAll":false}
2025-10-30 16:11:19.655 [com.alibaba.nacos.client.remote.worker] ERROR c.a.nacos.common.remote.client.grpc.GrpcClient - Server check fail, please check server 127.0.0.1 ,port 9848 is available , error ={}
java.util.concurrent.ExecutionException: com.alibaba.nacos.shaded.io.grpc.StatusRuntimeException: UNAVAILABLE: io exception
	at com.alibaba.nacos.shaded.com.google.common.util.concurrent.AbstractFuture.getDoneValue(AbstractFuture.java:566)
	at com.alibaba.nacos.shaded.com.google.common.util.concurrent.AbstractFuture.get(AbstractFuture.java:445)
	at com.alibaba.nacos.common.remote.client.grpc.GrpcClient.serverCheck(GrpcClient.java:218)
	at com.alibaba.nacos.common.remote.client.grpc.GrpcClient.connectToServer(GrpcClient.java:329)
	at com.alibaba.nacos.common.remote.client.RpcClient.reconnect(RpcClient.java:502)
	at com.alibaba.nacos.common.remote.client.RpcClient.lambda$start$2(RpcClient.java:343)
	at java.base/java.util.concurrent.Executors$RunnableAdapter.call(Executors.java:539)
	at java.base/java.util.concurrent.FutureTask.run(FutureTask.java:264)
	at java.base/java.util.concurrent.ScheduledThreadPoolExecutor$ScheduledFutureTask.run(ScheduledThreadPoolExecutor.java:304)
	at java.base/java.util.concurrent.ThreadPoolExecutor.runWorker(ThreadPoolExecutor.java:1136)
	at java.base/java.util.concurrent.ThreadPoolExecutor$Worker.run(ThreadPoolExecutor.java:635)
	at java.base/java.lang.Thread.run(Thread.java:842)
Caused by: com.alibaba.nacos.shaded.io.grpc.StatusRuntimeException: UNAVAILABLE: io exception
	at com.alibaba.nacos.shaded.io.grpc.Status.asRuntimeException(Status.java:539)
	at com.alibaba.nacos.shaded.io.grpc.stub.ClientCalls$UnaryStreamToFuture.onClose(ClientCalls.java:544)
	at com.alibaba.nacos.shaded.io.grpc.internal.DelayedClientCall$DelayedListener$3.run(DelayedClientCall.java:471)
	at com.alibaba.nacos.shaded.io.grpc.internal.DelayedClientCall$DelayedListener.delayOrExecute(DelayedClientCall.java:435)
	at com.alibaba.nacos.shaded.io.grpc.internal.DelayedClientCall$DelayedListener.onClose(DelayedClientCall.java:468)
	at com.alibaba.nacos.shaded.io.grpc.internal.ClientCallImpl.closeObserver(ClientCallImpl.java:563)
	at com.alibaba.nacos.shaded.io.grpc.internal.ClientCallImpl.access$300(ClientCallImpl.java:70)
	at com.alibaba.nacos.shaded.io.grpc.internal.ClientCallImpl$ClientStreamListenerImpl$1StreamClosed.runInternal(ClientCallImpl.java:744)
	at com.alibaba.nacos.shaded.io.grpc.internal.ClientCallImpl$ClientStreamListenerImpl$1StreamClosed.runInContext(ClientCallImpl.java:723)
	at com.alibaba.nacos.shaded.io.grpc.internal.ContextRunnable.run(ContextRunnable.java:37)
	at com.alibaba.nacos.shaded.io.grpc.internal.SerializingExecutor.run(SerializingExecutor.java:133)
	... 3 common frames omitted
Caused by: com.alibaba.nacos.shaded.io.grpc.netty.shaded.io.netty.channel.AbstractChannel$AnnotatedConnectException: Connection refused: no further information: /127.0.0.1:9848
Caused by: java.net.ConnectException: Connection refused: no further information
	at java.base/sun.nio.ch.Net.pollConnect(Native Method)
	at java.base/sun.nio.ch.Net.pollConnectNow(Net.java:672)
	at java.base/sun.nio.ch.SocketChannelImpl.finishConnect(SocketChannelImpl.java:946)
	at com.alibaba.nacos.shaded.io.grpc.netty.shaded.io.netty.channel.socket.nio.NioSocketChannel.doFinishConnect(NioSocketChannel.java:337)
	at com.alibaba.nacos.shaded.io.grpc.netty.shaded.io.netty.channel.nio.AbstractNioChannel$AbstractNioUnsafe.finishConnect(AbstractNioChannel.java:334)
	at com.alibaba.nacos.shaded.io.grpc.netty.shaded.io.netty.channel.nio.NioEventLoop.processSelectedKey(NioEventLoop.java:710)
	at com.alibaba.nacos.shaded.io.grpc.netty.shaded.io.netty.channel.nio.NioEventLoop.processSelectedKeysOptimized(NioEventLoop.java:658)
	at com.alibaba.nacos.shaded.io.grpc.netty.shaded.io.netty.channel.nio.NioEventLoop.processSelectedKeys(NioEventLoop.java:584)
	at com.alibaba.nacos.shaded.io.grpc.netty.shaded.io.netty.channel.nio.NioEventLoop.run(NioEventLoop.java:496)
	at com.alibaba.nacos.shaded.io.grpc.netty.shaded.io.netty.util.concurrent.SingleThreadEventExecutor$4.run(SingleThreadEventExecutor.java:997)
	at com.alibaba.nacos.shaded.io.grpc.netty.shaded.io.netty.util.internal.ThreadExecutorMap$2.run(ThreadExecutorMap.java:74)
	at com.alibaba.nacos.shaded.io.grpc.netty.shaded.io.netty.util.concurrent.FastThreadLocalRunnable.run(FastThreadLocalRunnable.java:30)
	at java.base/java.lang.Thread.run(Thread.java:842)
2025-10-30 16:11:19.656 [com.alibaba.nacos.client.remote.worker] INFO  com.alibaba.nacos.common.remote.client - [77bb8b38-8220-4fa9-84bf-ae133f9c9a09_config-0] Fail to connect server, after trying 27 times, last try server is {serverIp = '127.0.0.1', server main port = 8848}, error = unknown
2025-10-30 16:11:22.470 [com.alibaba.nacos.client.remote.worker] INFO  c.a.nacos.common.remote.client.grpc.GrpcClient - grpc client connection server:127.0.0.1 ip,serverPort:9848,grpcTslConfig:{"sslProvider":"OPENSSL","enableTls":false,"mutualAuthEnable":false,"trustAll":false}
2025-10-30 16:11:22.474 [com.alibaba.nacos.client.remote.worker] ERROR c.a.nacos.common.remote.client.grpc.GrpcClient - Server check fail, please check server 127.0.0.1 ,port 9848 is available , error ={}
java.util.concurrent.ExecutionException: com.alibaba.nacos.shaded.io.grpc.StatusRuntimeException: UNAVAILABLE: io exception
	at com.alibaba.nacos.shaded.com.google.common.util.concurrent.AbstractFuture.getDoneValue(AbstractFuture.java:566)
	at com.alibaba.nacos.shaded.com.google.common.util.concurrent.AbstractFuture.get(AbstractFuture.java:445)
	at com.alibaba.nacos.common.remote.client.grpc.GrpcClient.serverCheck(GrpcClient.java:218)
	at com.alibaba.nacos.common.remote.client.grpc.GrpcClient.connectToServer(GrpcClient.java:329)
	at com.alibaba.nacos.common.remote.client.RpcClient.reconnect(RpcClient.java:502)
	at com.alibaba.nacos.common.remote.client.RpcClient.lambda$start$2(RpcClient.java:343)
	at java.base/java.util.concurrent.Executors$RunnableAdapter.call(Executors.java:539)
	at java.base/java.util.concurrent.FutureTask.run(FutureTask.java:264)
	at java.base/java.util.concurrent.ScheduledThreadPoolExecutor$ScheduledFutureTask.run(ScheduledThreadPoolExecutor.java:304)
	at java.base/java.util.concurrent.ThreadPoolExecutor.runWorker(ThreadPoolExecutor.java:1136)
	at java.base/java.util.concurrent.ThreadPoolExecutor$Worker.run(ThreadPoolExecutor.java:635)
	at java.base/java.lang.Thread.run(Thread.java:842)
Caused by: com.alibaba.nacos.shaded.io.grpc.StatusRuntimeException: UNAVAILABLE: io exception
	at com.alibaba.nacos.shaded.io.grpc.Status.asRuntimeException(Status.java:539)
	at com.alibaba.nacos.shaded.io.grpc.stub.ClientCalls$UnaryStreamToFuture.onClose(ClientCalls.java:544)
	at com.alibaba.nacos.shaded.io.grpc.internal.DelayedClientCall$DelayedListener$3.run(DelayedClientCall.java:471)
	at com.alibaba.nacos.shaded.io.grpc.internal.DelayedClientCall$DelayedListener.delayOrExecute(DelayedClientCall.java:435)
	at com.alibaba.nacos.shaded.io.grpc.internal.DelayedClientCall$DelayedListener.onClose(DelayedClientCall.java:468)
	at com.alibaba.nacos.shaded.io.grpc.internal.ClientCallImpl.closeObserver(ClientCallImpl.java:563)
	at com.alibaba.nacos.shaded.io.grpc.internal.ClientCallImpl.access$300(ClientCallImpl.java:70)
	at com.alibaba.nacos.shaded.io.grpc.internal.ClientCallImpl$ClientStreamListenerImpl$1StreamClosed.runInternal(ClientCallImpl.java:744)
	at com.alibaba.nacos.shaded.io.grpc.internal.ClientCallImpl$ClientStreamListenerImpl$1StreamClosed.runInContext(ClientCallImpl.java:723)
	at com.alibaba.nacos.shaded.io.grpc.internal.ContextRunnable.run(ContextRunnable.java:37)
	at com.alibaba.nacos.shaded.io.grpc.internal.SerializingExecutor.run(SerializingExecutor.java:133)
	... 3 common frames omitted
Caused by: com.alibaba.nacos.shaded.io.grpc.netty.shaded.io.netty.channel.AbstractChannel$AnnotatedConnectException: Connection refused: no further information: /127.0.0.1:9848
Caused by: java.net.ConnectException: Connection refused: no further information
	at java.base/sun.nio.ch.Net.pollConnect(Native Method)
	at java.base/sun.nio.ch.Net.pollConnectNow(Net.java:672)
	at java.base/sun.nio.ch.SocketChannelImpl.finishConnect(SocketChannelImpl.java:946)
	at com.alibaba.nacos.shaded.io.grpc.netty.shaded.io.netty.channel.socket.nio.NioSocketChannel.doFinishConnect(NioSocketChannel.java:337)
	at com.alibaba.nacos.shaded.io.grpc.netty.shaded.io.netty.channel.nio.AbstractNioChannel$AbstractNioUnsafe.finishConnect(AbstractNioChannel.java:334)
	at com.alibaba.nacos.shaded.io.grpc.netty.shaded.io.netty.channel.nio.NioEventLoop.processSelectedKey(NioEventLoop.java:710)
	at com.alibaba.nacos.shaded.io.grpc.netty.shaded.io.netty.channel.nio.NioEventLoop.processSelectedKeysOptimized(NioEventLoop.java:658)
	at com.alibaba.nacos.shaded.io.grpc.netty.shaded.io.netty.channel.nio.NioEventLoop.processSelectedKeys(NioEventLoop.java:584)
	at com.alibaba.nacos.shaded.io.grpc.netty.shaded.io.netty.channel.nio.NioEventLoop.run(NioEventLoop.java:496)
	at com.alibaba.nacos.shaded.io.grpc.netty.shaded.io.netty.util.concurrent.SingleThreadEventExecutor$4.run(SingleThreadEventExecutor.java:997)
	at com.alibaba.nacos.shaded.io.grpc.netty.shaded.io.netty.util.internal.ThreadExecutorMap$2.run(ThreadExecutorMap.java:74)
	at com.alibaba.nacos.shaded.io.grpc.netty.shaded.io.netty.util.concurrent.FastThreadLocalRunnable.run(FastThreadLocalRunnable.java:30)
	at java.base/java.lang.Thread.run(Thread.java:842)
2025-10-30 16:11:22.474 [com.alibaba.nacos.client.remote.worker] INFO  com.alibaba.nacos.common.remote.client - [77bb8b38-8220-4fa9-84bf-ae133f9c9a09_config-0] Fail to connect server, after trying 28 times, last try server is {serverIp = '127.0.0.1', server main port = 8848}, error = unknown
2025-10-30 16:11:23.163 [com.alibaba.nacos.client.Worker] ERROR c.a.n.client.auth.impl.process.HttpLoginProcessor - [NacosClientAuthServiceImpl] login http request failed url: http://127.0.0.1:8848/nacos/v1/auth/users/login, params: {username=nacos}, bodyMap: {password=nacos}, errorMsg: Connection refused: no further information
2025-10-30 16:11:25.382 [com.alibaba.nacos.client.remote.worker] INFO  c.a.nacos.common.remote.client.grpc.GrpcClient - grpc client connection server:127.0.0.1 ip,serverPort:9848,grpcTslConfig:{"sslProvider":"OPENSSL","enableTls":false,"mutualAuthEnable":false,"trustAll":false}
2025-10-30 16:11:25.384 [com.alibaba.nacos.client.remote.worker] ERROR c.a.nacos.common.remote.client.grpc.GrpcClient - Server check fail, please check server 127.0.0.1 ,port 9848 is available , error ={}
java.util.concurrent.ExecutionException: com.alibaba.nacos.shaded.io.grpc.StatusRuntimeException: UNAVAILABLE: io exception
	at com.alibaba.nacos.shaded.com.google.common.util.concurrent.AbstractFuture.getDoneValue(AbstractFuture.java:566)
	at com.alibaba.nacos.shaded.com.google.common.util.concurrent.AbstractFuture.get(AbstractFuture.java:445)
	at com.alibaba.nacos.common.remote.client.grpc.GrpcClient.serverCheck(GrpcClient.java:218)
	at com.alibaba.nacos.common.remote.client.grpc.GrpcClient.connectToServer(GrpcClient.java:329)
	at com.alibaba.nacos.common.remote.client.RpcClient.reconnect(RpcClient.java:502)
	at com.alibaba.nacos.common.remote.client.RpcClient.lambda$start$2(RpcClient.java:343)
	at java.base/java.util.concurrent.Executors$RunnableAdapter.call(Executors.java:539)
	at java.base/java.util.concurrent.FutureTask.run(FutureTask.java:264)
	at java.base/java.util.concurrent.ScheduledThreadPoolExecutor$ScheduledFutureTask.run(ScheduledThreadPoolExecutor.java:304)
	at java.base/java.util.concurrent.ThreadPoolExecutor.runWorker(ThreadPoolExecutor.java:1136)
	at java.base/java.util.concurrent.ThreadPoolExecutor$Worker.run(ThreadPoolExecutor.java:635)
	at java.base/java.lang.Thread.run(Thread.java:842)
Caused by: com.alibaba.nacos.shaded.io.grpc.StatusRuntimeException: UNAVAILABLE: io exception
	at com.alibaba.nacos.shaded.io.grpc.Status.asRuntimeException(Status.java:539)
	at com.alibaba.nacos.shaded.io.grpc.stub.ClientCalls$UnaryStreamToFuture.onClose(ClientCalls.java:544)
	at com.alibaba.nacos.shaded.io.grpc.internal.DelayedClientCall$DelayedListener$3.run(DelayedClientCall.java:471)
	at com.alibaba.nacos.shaded.io.grpc.internal.DelayedClientCall$DelayedListener.delayOrExecute(DelayedClientCall.java:435)
	at com.alibaba.nacos.shaded.io.grpc.internal.DelayedClientCall$DelayedListener.onClose(DelayedClientCall.java:468)
	at com.alibaba.nacos.shaded.io.grpc.internal.ClientCallImpl.closeObserver(ClientCallImpl.java:563)
	at com.alibaba.nacos.shaded.io.grpc.internal.ClientCallImpl.access$300(ClientCallImpl.java:70)
	at com.alibaba.nacos.shaded.io.grpc.internal.ClientCallImpl$ClientStreamListenerImpl$1StreamClosed.runInternal(ClientCallImpl.java:744)
	at com.alibaba.nacos.shaded.io.grpc.internal.ClientCallImpl$ClientStreamListenerImpl$1StreamClosed.runInContext(ClientCallImpl.java:723)
	at com.alibaba.nacos.shaded.io.grpc.internal.ContextRunnable.run(ContextRunnable.java:37)
	at com.alibaba.nacos.shaded.io.grpc.internal.SerializingExecutor.run(SerializingExecutor.java:133)
	... 3 common frames omitted
Caused by: com.alibaba.nacos.shaded.io.grpc.netty.shaded.io.netty.channel.AbstractChannel$AnnotatedConnectException: Connection refused: no further information: /127.0.0.1:9848
Caused by: java.net.ConnectException: Connection refused: no further information
	at java.base/sun.nio.ch.Net.pollConnect(Native Method)
	at java.base/sun.nio.ch.Net.pollConnectNow(Net.java:672)
	at java.base/sun.nio.ch.SocketChannelImpl.finishConnect(SocketChannelImpl.java:946)
	at com.alibaba.nacos.shaded.io.grpc.netty.shaded.io.netty.channel.socket.nio.NioSocketChannel.doFinishConnect(NioSocketChannel.java:337)
	at com.alibaba.nacos.shaded.io.grpc.netty.shaded.io.netty.channel.nio.AbstractNioChannel$AbstractNioUnsafe.finishConnect(AbstractNioChannel.java:334)
	at com.alibaba.nacos.shaded.io.grpc.netty.shaded.io.netty.channel.nio.NioEventLoop.processSelectedKey(NioEventLoop.java:710)
	at com.alibaba.nacos.shaded.io.grpc.netty.shaded.io.netty.channel.nio.NioEventLoop.processSelectedKeysOptimized(NioEventLoop.java:658)
	at com.alibaba.nacos.shaded.io.grpc.netty.shaded.io.netty.channel.nio.NioEventLoop.processSelectedKeys(NioEventLoop.java:584)
	at com.alibaba.nacos.shaded.io.grpc.netty.shaded.io.netty.channel.nio.NioEventLoop.run(NioEventLoop.java:496)
	at com.alibaba.nacos.shaded.io.grpc.netty.shaded.io.netty.util.concurrent.SingleThreadEventExecutor$4.run(SingleThreadEventExecutor.java:997)
	at com.alibaba.nacos.shaded.io.grpc.netty.shaded.io.netty.util.internal.ThreadExecutorMap$2.run(ThreadExecutorMap.java:74)
	at com.alibaba.nacos.shaded.io.grpc.netty.shaded.io.netty.util.concurrent.FastThreadLocalRunnable.run(FastThreadLocalRunnable.java:30)
	at java.base/java.lang.Thread.run(Thread.java:842)
2025-10-30 16:11:25.384 [com.alibaba.nacos.client.remote.worker] INFO  com.alibaba.nacos.common.remote.client - [77bb8b38-8220-4fa9-84bf-ae133f9c9a09_config-0] Fail to connect server, after trying 29 times, last try server is {serverIp = '127.0.0.1', server main port = 8848}, error = unknown
2025-10-30 16:11:28.167 [com.alibaba.nacos.client.Worker] ERROR c.a.n.client.auth.impl.process.HttpLoginProcessor - [NacosClientAuthServiceImpl] login http request failed url: http://127.0.0.1:8848/nacos/v1/auth/users/login, params: {username=nacos}, bodyMap: {password=nacos}, errorMsg: Connection refused: no further information
2025-10-30 16:11:28.400 [com.alibaba.nacos.client.remote.worker] INFO  c.a.nacos.common.remote.client.grpc.GrpcClient - grpc client connection server:127.0.0.1 ip,serverPort:9848,grpcTslConfig:{"sslProvider":"OPENSSL","enableTls":false,"mutualAuthEnable":false,"trustAll":false}
2025-10-30 16:11:28.405 [com.alibaba.nacos.client.remote.worker] ERROR c.a.nacos.common.remote.client.grpc.GrpcClient - Server check fail, please check server 127.0.0.1 ,port 9848 is available , error ={}
java.util.concurrent.ExecutionException: com.alibaba.nacos.shaded.io.grpc.StatusRuntimeException: UNAVAILABLE: io exception
	at com.alibaba.nacos.shaded.com.google.common.util.concurrent.AbstractFuture.getDoneValue(AbstractFuture.java:566)
	at com.alibaba.nacos.shaded.com.google.common.util.concurrent.AbstractFuture.get(AbstractFuture.java:445)
	at com.alibaba.nacos.common.remote.client.grpc.GrpcClient.serverCheck(GrpcClient.java:218)
	at com.alibaba.nacos.common.remote.client.grpc.GrpcClient.connectToServer(GrpcClient.java:329)
	at com.alibaba.nacos.common.remote.client.RpcClient.reconnect(RpcClient.java:502)
	at com.alibaba.nacos.common.remote.client.RpcClient.lambda$start$2(RpcClient.java:343)
	at java.base/java.util.concurrent.Executors$RunnableAdapter.call(Executors.java:539)
	at java.base/java.util.concurrent.FutureTask.run(FutureTask.java:264)
	at java.base/java.util.concurrent.ScheduledThreadPoolExecutor$ScheduledFutureTask.run(ScheduledThreadPoolExecutor.java:304)
	at java.base/java.util.concurrent.ThreadPoolExecutor.runWorker(ThreadPoolExecutor.java:1136)
	at java.base/java.util.concurrent.ThreadPoolExecutor$Worker.run(ThreadPoolExecutor.java:635)
	at java.base/java.lang.Thread.run(Thread.java:842)
Caused by: com.alibaba.nacos.shaded.io.grpc.StatusRuntimeException: UNAVAILABLE: io exception
	at com.alibaba.nacos.shaded.io.grpc.Status.asRuntimeException(Status.java:539)
	at com.alibaba.nacos.shaded.io.grpc.stub.ClientCalls$UnaryStreamToFuture.onClose(ClientCalls.java:544)
	at com.alibaba.nacos.shaded.io.grpc.internal.DelayedClientCall$DelayedListener$3.run(DelayedClientCall.java:471)
	at com.alibaba.nacos.shaded.io.grpc.internal.DelayedClientCall$DelayedListener.delayOrExecute(DelayedClientCall.java:435)
	at com.alibaba.nacos.shaded.io.grpc.internal.DelayedClientCall$DelayedListener.onClose(DelayedClientCall.java:468)
	at com.alibaba.nacos.shaded.io.grpc.internal.ClientCallImpl.closeObserver(ClientCallImpl.java:563)
	at com.alibaba.nacos.shaded.io.grpc.internal.ClientCallImpl.access$300(ClientCallImpl.java:70)
	at com.alibaba.nacos.shaded.io.grpc.internal.ClientCallImpl$ClientStreamListenerImpl$1StreamClosed.runInternal(ClientCallImpl.java:744)
	at com.alibaba.nacos.shaded.io.grpc.internal.ClientCallImpl$ClientStreamListenerImpl$1StreamClosed.runInContext(ClientCallImpl.java:723)
	at com.alibaba.nacos.shaded.io.grpc.internal.ContextRunnable.run(ContextRunnable.java:37)
	at com.alibaba.nacos.shaded.io.grpc.internal.SerializingExecutor.run(SerializingExecutor.java:133)
	... 3 common frames omitted
Caused by: com.alibaba.nacos.shaded.io.grpc.netty.shaded.io.netty.channel.AbstractChannel$AnnotatedConnectException: Connection refused: no further information: /127.0.0.1:9848
Caused by: java.net.ConnectException: Connection refused: no further information
	at java.base/sun.nio.ch.Net.pollConnect(Native Method)
	at java.base/sun.nio.ch.Net.pollConnectNow(Net.java:672)
	at java.base/sun.nio.ch.SocketChannelImpl.finishConnect(SocketChannelImpl.java:946)
	at com.alibaba.nacos.shaded.io.grpc.netty.shaded.io.netty.channel.socket.nio.NioSocketChannel.doFinishConnect(NioSocketChannel.java:337)
	at com.alibaba.nacos.shaded.io.grpc.netty.shaded.io.netty.channel.nio.AbstractNioChannel$AbstractNioUnsafe.finishConnect(AbstractNioChannel.java:334)
	at com.alibaba.nacos.shaded.io.grpc.netty.shaded.io.netty.channel.nio.NioEventLoop.processSelectedKey(NioEventLoop.java:710)
	at com.alibaba.nacos.shaded.io.grpc.netty.shaded.io.netty.channel.nio.NioEventLoop.processSelectedKeysOptimized(NioEventLoop.java:658)
	at com.alibaba.nacos.shaded.io.grpc.netty.shaded.io.netty.channel.nio.NioEventLoop.processSelectedKeys(NioEventLoop.java:584)
	at com.alibaba.nacos.shaded.io.grpc.netty.shaded.io.netty.channel.nio.NioEventLoop.run(NioEventLoop.java:496)
	at com.alibaba.nacos.shaded.io.grpc.netty.shaded.io.netty.util.concurrent.SingleThreadEventExecutor$4.run(SingleThreadEventExecutor.java:997)
	at com.alibaba.nacos.shaded.io.grpc.netty.shaded.io.netty.util.internal.ThreadExecutorMap$2.run(ThreadExecutorMap.java:74)
	at com.alibaba.nacos.shaded.io.grpc.netty.shaded.io.netty.util.concurrent.FastThreadLocalRunnable.run(FastThreadLocalRunnable.java:30)
	at java.base/java.lang.Thread.run(Thread.java:842)
2025-10-30 16:11:28.405 [com.alibaba.nacos.client.remote.worker] INFO  com.alibaba.nacos.common.remote.client - [77bb8b38-8220-4fa9-84bf-ae133f9c9a09_config-0] Fail to connect server, after trying 30 times, last try server is {serverIp = '127.0.0.1', server main port = 8848}, error = unknown
2025-10-30 16:11:31.521 [com.alibaba.nacos.client.remote.worker] INFO  c.a.nacos.common.remote.client.grpc.GrpcClient - grpc client connection server:127.0.0.1 ip,serverPort:9848,grpcTslConfig:{"sslProvider":"OPENSSL","enableTls":false,"mutualAuthEnable":false,"trustAll":false}
2025-10-30 16:11:31.523 [com.alibaba.nacos.client.remote.worker] ERROR c.a.nacos.common.remote.client.grpc.GrpcClient - Server check fail, please check server 127.0.0.1 ,port 9848 is available , error ={}
java.util.concurrent.ExecutionException: com.alibaba.nacos.shaded.io.grpc.StatusRuntimeException: UNAVAILABLE: io exception
	at com.alibaba.nacos.shaded.com.google.common.util.concurrent.AbstractFuture.getDoneValue(AbstractFuture.java:566)
	at com.alibaba.nacos.shaded.com.google.common.util.concurrent.AbstractFuture.get(AbstractFuture.java:445)
	at com.alibaba.nacos.common.remote.client.grpc.GrpcClient.serverCheck(GrpcClient.java:218)
	at com.alibaba.nacos.common.remote.client.grpc.GrpcClient.connectToServer(GrpcClient.java:329)
	at com.alibaba.nacos.common.remote.client.RpcClient.reconnect(RpcClient.java:502)
	at com.alibaba.nacos.common.remote.client.RpcClient.lambda$start$2(RpcClient.java:343)
	at java.base/java.util.concurrent.Executors$RunnableAdapter.call(Executors.java:539)
	at java.base/java.util.concurrent.FutureTask.run(FutureTask.java:264)
	at java.base/java.util.concurrent.ScheduledThreadPoolExecutor$ScheduledFutureTask.run(ScheduledThreadPoolExecutor.java:304)
	at java.base/java.util.concurrent.ThreadPoolExecutor.runWorker(ThreadPoolExecutor.java:1136)
	at java.base/java.util.concurrent.ThreadPoolExecutor$Worker.run(ThreadPoolExecutor.java:635)
	at java.base/java.lang.Thread.run(Thread.java:842)
Caused by: com.alibaba.nacos.shaded.io.grpc.StatusRuntimeException: UNAVAILABLE: io exception
	at com.alibaba.nacos.shaded.io.grpc.Status.asRuntimeException(Status.java:539)
	at com.alibaba.nacos.shaded.io.grpc.stub.ClientCalls$UnaryStreamToFuture.onClose(ClientCalls.java:544)
	at com.alibaba.nacos.shaded.io.grpc.internal.DelayedClientCall$DelayedListener$3.run(DelayedClientCall.java:471)
	at com.alibaba.nacos.shaded.io.grpc.internal.DelayedClientCall$DelayedListener.delayOrExecute(DelayedClientCall.java:435)
	at com.alibaba.nacos.shaded.io.grpc.internal.DelayedClientCall$DelayedListener.onClose(DelayedClientCall.java:468)
	at com.alibaba.nacos.shaded.io.grpc.internal.ClientCallImpl.closeObserver(ClientCallImpl.java:563)
	at com.alibaba.nacos.shaded.io.grpc.internal.ClientCallImpl.access$300(ClientCallImpl.java:70)
	at com.alibaba.nacos.shaded.io.grpc.internal.ClientCallImpl$ClientStreamListenerImpl$1StreamClosed.runInternal(ClientCallImpl.java:744)
	at com.alibaba.nacos.shaded.io.grpc.internal.ClientCallImpl$ClientStreamListenerImpl$1StreamClosed.runInContext(ClientCallImpl.java:723)
	at com.alibaba.nacos.shaded.io.grpc.internal.ContextRunnable.run(ContextRunnable.java:37)
	at com.alibaba.nacos.shaded.io.grpc.internal.SerializingExecutor.run(SerializingExecutor.java:133)
	... 3 common frames omitted
Caused by: com.alibaba.nacos.shaded.io.grpc.netty.shaded.io.netty.channel.AbstractChannel$AnnotatedConnectException: Connection refused: no further information: /127.0.0.1:9848
Caused by: java.net.ConnectException: Connection refused: no further information
	at java.base/sun.nio.ch.Net.pollConnect(Native Method)
	at java.base/sun.nio.ch.Net.pollConnectNow(Net.java:672)
	at java.base/sun.nio.ch.SocketChannelImpl.finishConnect(SocketChannelImpl.java:946)
	at com.alibaba.nacos.shaded.io.grpc.netty.shaded.io.netty.channel.socket.nio.NioSocketChannel.doFinishConnect(NioSocketChannel.java:337)
	at com.alibaba.nacos.shaded.io.grpc.netty.shaded.io.netty.channel.nio.AbstractNioChannel$AbstractNioUnsafe.finishConnect(AbstractNioChannel.java:334)
	at com.alibaba.nacos.shaded.io.grpc.netty.shaded.io.netty.channel.nio.NioEventLoop.processSelectedKey(NioEventLoop.java:710)
	at com.alibaba.nacos.shaded.io.grpc.netty.shaded.io.netty.channel.nio.NioEventLoop.processSelectedKeysOptimized(NioEventLoop.java:658)
	at com.alibaba.nacos.shaded.io.grpc.netty.shaded.io.netty.channel.nio.NioEventLoop.processSelectedKeys(NioEventLoop.java:584)
	at com.alibaba.nacos.shaded.io.grpc.netty.shaded.io.netty.channel.nio.NioEventLoop.run(NioEventLoop.java:496)
	at com.alibaba.nacos.shaded.io.grpc.netty.shaded.io.netty.util.concurrent.SingleThreadEventExecutor$4.run(SingleThreadEventExecutor.java:997)
	at com.alibaba.nacos.shaded.io.grpc.netty.shaded.io.netty.util.internal.ThreadExecutorMap$2.run(ThreadExecutorMap.java:74)
	at com.alibaba.nacos.shaded.io.grpc.netty.shaded.io.netty.util.concurrent.FastThreadLocalRunnable.run(FastThreadLocalRunnable.java:30)
	at java.base/java.lang.Thread.run(Thread.java:842)
2025-10-30 16:11:31.524 [com.alibaba.nacos.client.remote.worker] INFO  com.alibaba.nacos.common.remote.client - [77bb8b38-8220-4fa9-84bf-ae133f9c9a09_config-0] Fail to connect server, after trying 31 times, last try server is {serverIp = '127.0.0.1', server main port = 8848}, error = unknown
2025-10-30 16:11:33.181 [com.alibaba.nacos.client.Worker] ERROR c.a.n.client.auth.impl.process.HttpLoginProcessor - [NacosClientAuthServiceImpl] login http request failed url: http://127.0.0.1:8848/nacos/v1/auth/users/login, params: {username=nacos}, bodyMap: {password=nacos}, errorMsg: Connection refused: no further information
2025-10-30 16:11:34.725 [com.alibaba.nacos.client.remote.worker] INFO  c.a.nacos.common.remote.client.grpc.GrpcClient - grpc client connection server:127.0.0.1 ip,serverPort:9848,grpcTslConfig:{"sslProvider":"OPENSSL","enableTls":false,"mutualAuthEnable":false,"trustAll":false}
2025-10-30 16:11:34.732 [com.alibaba.nacos.client.remote.worker] ERROR c.a.nacos.common.remote.client.grpc.GrpcClient - Server check fail, please check server 127.0.0.1 ,port 9848 is available , error ={}
java.util.concurrent.ExecutionException: com.alibaba.nacos.shaded.io.grpc.StatusRuntimeException: UNAVAILABLE: io exception
	at com.alibaba.nacos.shaded.com.google.common.util.concurrent.AbstractFuture.getDoneValue(AbstractFuture.java:566)
	at com.alibaba.nacos.shaded.com.google.common.util.concurrent.AbstractFuture.get(AbstractFuture.java:445)
	at com.alibaba.nacos.common.remote.client.grpc.GrpcClient.serverCheck(GrpcClient.java:218)
	at com.alibaba.nacos.common.remote.client.grpc.GrpcClient.connectToServer(GrpcClient.java:329)
	at com.alibaba.nacos.common.remote.client.RpcClient.reconnect(RpcClient.java:502)
	at com.alibaba.nacos.common.remote.client.RpcClient.lambda$start$2(RpcClient.java:343)
	at java.base/java.util.concurrent.Executors$RunnableAdapter.call(Executors.java:539)
	at java.base/java.util.concurrent.FutureTask.run(FutureTask.java:264)
	at java.base/java.util.concurrent.ScheduledThreadPoolExecutor$ScheduledFutureTask.run(ScheduledThreadPoolExecutor.java:304)
	at java.base/java.util.concurrent.ThreadPoolExecutor.runWorker(ThreadPoolExecutor.java:1136)
	at java.base/java.util.concurrent.ThreadPoolExecutor$Worker.run(ThreadPoolExecutor.java:635)
	at java.base/java.lang.Thread.run(Thread.java:842)
Caused by: com.alibaba.nacos.shaded.io.grpc.StatusRuntimeException: UNAVAILABLE: io exception
	at com.alibaba.nacos.shaded.io.grpc.Status.asRuntimeException(Status.java:539)
	at com.alibaba.nacos.shaded.io.grpc.stub.ClientCalls$UnaryStreamToFuture.onClose(ClientCalls.java:544)
	at com.alibaba.nacos.shaded.io.grpc.internal.ClientCallImpl.closeObserver(ClientCallImpl.java:563)
	at com.alibaba.nacos.shaded.io.grpc.internal.ClientCallImpl.access$300(ClientCallImpl.java:70)
	at com.alibaba.nacos.shaded.io.grpc.internal.ClientCallImpl$ClientStreamListenerImpl$1StreamClosed.runInternal(ClientCallImpl.java:744)
	at com.alibaba.nacos.shaded.io.grpc.internal.ClientCallImpl$ClientStreamListenerImpl$1StreamClosed.runInContext(ClientCallImpl.java:723)
	at com.alibaba.nacos.shaded.io.grpc.internal.ContextRunnable.run(ContextRunnable.java:37)
	at com.alibaba.nacos.shaded.io.grpc.internal.SerializingExecutor.run(SerializingExecutor.java:133)
	... 3 common frames omitted
Caused by: com.alibaba.nacos.shaded.io.grpc.netty.shaded.io.netty.channel.AbstractChannel$AnnotatedConnectException: Connection refused: no further information: /127.0.0.1:9848
Caused by: java.net.ConnectException: Connection refused: no further information
	at java.base/sun.nio.ch.Net.pollConnect(Native Method)
	at java.base/sun.nio.ch.Net.pollConnectNow(Net.java:672)
	at java.base/sun.nio.ch.SocketChannelImpl.finishConnect(SocketChannelImpl.java:946)
	at com.alibaba.nacos.shaded.io.grpc.netty.shaded.io.netty.channel.socket.nio.NioSocketChannel.doFinishConnect(NioSocketChannel.java:337)
	at com.alibaba.nacos.shaded.io.grpc.netty.shaded.io.netty.channel.nio.AbstractNioChannel$AbstractNioUnsafe.finishConnect(AbstractNioChannel.java:334)
	at com.alibaba.nacos.shaded.io.grpc.netty.shaded.io.netty.channel.nio.NioEventLoop.processSelectedKey(NioEventLoop.java:710)
	at com.alibaba.nacos.shaded.io.grpc.netty.shaded.io.netty.channel.nio.NioEventLoop.processSelectedKeysOptimized(NioEventLoop.java:658)
	at com.alibaba.nacos.shaded.io.grpc.netty.shaded.io.netty.channel.nio.NioEventLoop.processSelectedKeys(NioEventLoop.java:584)
	at com.alibaba.nacos.shaded.io.grpc.netty.shaded.io.netty.channel.nio.NioEventLoop.run(NioEventLoop.java:496)
	at com.alibaba.nacos.shaded.io.grpc.netty.shaded.io.netty.util.concurrent.SingleThreadEventExecutor$4.run(SingleThreadEventExecutor.java:997)
	at com.alibaba.nacos.shaded.io.grpc.netty.shaded.io.netty.util.internal.ThreadExecutorMap$2.run(ThreadExecutorMap.java:74)
	at com.alibaba.nacos.shaded.io.grpc.netty.shaded.io.netty.util.concurrent.FastThreadLocalRunnable.run(FastThreadLocalRunnable.java:30)
	at java.base/java.lang.Thread.run(Thread.java:842)
2025-10-30 16:11:34.732 [com.alibaba.nacos.client.remote.worker] INFO  com.alibaba.nacos.common.remote.client - [77bb8b38-8220-4fa9-84bf-ae133f9c9a09_config-0] Fail to connect server, after trying 32 times, last try server is {serverIp = '127.0.0.1', server main port = 8848}, error = unknown
2025-10-30 16:11:38.035 [com.alibaba.nacos.client.remote.worker] INFO  c.a.nacos.common.remote.client.grpc.GrpcClient - grpc client connection server:127.0.0.1 ip,serverPort:9848,grpcTslConfig:{"sslProvider":"OPENSSL","enableTls":false,"mutualAuthEnable":false,"trustAll":false}
2025-10-30 16:11:38.037 [com.alibaba.nacos.client.remote.worker] ERROR c.a.nacos.common.remote.client.grpc.GrpcClient - Server check fail, please check server 127.0.0.1 ,port 9848 is available , error ={}
java.util.concurrent.ExecutionException: com.alibaba.nacos.shaded.io.grpc.StatusRuntimeException: UNAVAILABLE: io exception
	at com.alibaba.nacos.shaded.com.google.common.util.concurrent.AbstractFuture.getDoneValue(AbstractFuture.java:566)
	at com.alibaba.nacos.shaded.com.google.common.util.concurrent.AbstractFuture.get(AbstractFuture.java:445)
	at com.alibaba.nacos.common.remote.client.grpc.GrpcClient.serverCheck(GrpcClient.java:218)
	at com.alibaba.nacos.common.remote.client.grpc.GrpcClient.connectToServer(GrpcClient.java:329)
	at com.alibaba.nacos.common.remote.client.RpcClient.reconnect(RpcClient.java:502)
	at com.alibaba.nacos.common.remote.client.RpcClient.lambda$start$2(RpcClient.java:343)
	at java.base/java.util.concurrent.Executors$RunnableAdapter.call(Executors.java:539)
	at java.base/java.util.concurrent.FutureTask.run(FutureTask.java:264)
	at java.base/java.util.concurrent.ScheduledThreadPoolExecutor$ScheduledFutureTask.run(ScheduledThreadPoolExecutor.java:304)
	at java.base/java.util.concurrent.ThreadPoolExecutor.runWorker(ThreadPoolExecutor.java:1136)
	at java.base/java.util.concurrent.ThreadPoolExecutor$Worker.run(ThreadPoolExecutor.java:635)
	at java.base/java.lang.Thread.run(Thread.java:842)
Caused by: com.alibaba.nacos.shaded.io.grpc.StatusRuntimeException: UNAVAILABLE: io exception
	at com.alibaba.nacos.shaded.io.grpc.Status.asRuntimeException(Status.java:539)
	at com.alibaba.nacos.shaded.io.grpc.stub.ClientCalls$UnaryStreamToFuture.onClose(ClientCalls.java:544)
	at com.alibaba.nacos.shaded.io.grpc.internal.ClientCallImpl.closeObserver(ClientCallImpl.java:563)
	at com.alibaba.nacos.shaded.io.grpc.internal.ClientCallImpl.access$300(ClientCallImpl.java:70)
	at com.alibaba.nacos.shaded.io.grpc.internal.ClientCallImpl$ClientStreamListenerImpl$1StreamClosed.runInternal(ClientCallImpl.java:744)
	at com.alibaba.nacos.shaded.io.grpc.internal.ClientCallImpl$ClientStreamListenerImpl$1StreamClosed.runInContext(ClientCallImpl.java:723)
	at com.alibaba.nacos.shaded.io.grpc.internal.ContextRunnable.run(ContextRunnable.java:37)
	at com.alibaba.nacos.shaded.io.grpc.internal.SerializingExecutor.run(SerializingExecutor.java:133)
	... 3 common frames omitted
Caused by: com.alibaba.nacos.shaded.io.grpc.netty.shaded.io.netty.channel.AbstractChannel$AnnotatedConnectException: Connection refused: no further information: /127.0.0.1:9848
Caused by: java.net.ConnectException: Connection refused: no further information
	at java.base/sun.nio.ch.Net.pollConnect(Native Method)
	at java.base/sun.nio.ch.Net.pollConnectNow(Net.java:672)
	at java.base/sun.nio.ch.SocketChannelImpl.finishConnect(SocketChannelImpl.java:946)
	at com.alibaba.nacos.shaded.io.grpc.netty.shaded.io.netty.channel.socket.nio.NioSocketChannel.doFinishConnect(NioSocketChannel.java:337)
	at com.alibaba.nacos.shaded.io.grpc.netty.shaded.io.netty.channel.nio.AbstractNioChannel$AbstractNioUnsafe.finishConnect(AbstractNioChannel.java:334)
	at com.alibaba.nacos.shaded.io.grpc.netty.shaded.io.netty.channel.nio.NioEventLoop.processSelectedKey(NioEventLoop.java:710)
	at com.alibaba.nacos.shaded.io.grpc.netty.shaded.io.netty.channel.nio.NioEventLoop.processSelectedKeysOptimized(NioEventLoop.java:658)
	at com.alibaba.nacos.shaded.io.grpc.netty.shaded.io.netty.channel.nio.NioEventLoop.processSelectedKeys(NioEventLoop.java:584)
	at com.alibaba.nacos.shaded.io.grpc.netty.shaded.io.netty.channel.nio.NioEventLoop.run(NioEventLoop.java:496)
	at com.alibaba.nacos.shaded.io.grpc.netty.shaded.io.netty.util.concurrent.SingleThreadEventExecutor$4.run(SingleThreadEventExecutor.java:997)
	at com.alibaba.nacos.shaded.io.grpc.netty.shaded.io.netty.util.internal.ThreadExecutorMap$2.run(ThreadExecutorMap.java:74)
	at com.alibaba.nacos.shaded.io.grpc.netty.shaded.io.netty.util.concurrent.FastThreadLocalRunnable.run(FastThreadLocalRunnable.java:30)
	at java.base/java.lang.Thread.run(Thread.java:842)
2025-10-30 16:11:38.037 [com.alibaba.nacos.client.remote.worker] INFO  com.alibaba.nacos.common.remote.client - [77bb8b38-8220-4fa9-84bf-ae133f9c9a09_config-0] Fail to connect server, after trying 33 times, last try server is {serverIp = '127.0.0.1', server main port = 8848}, error = unknown
2025-10-30 16:11:38.194 [com.alibaba.nacos.client.Worker] ERROR c.a.n.client.auth.impl.process.HttpLoginProcessor - [NacosClientAuthServiceImpl] login http request failed url: http://127.0.0.1:8848/nacos/v1/auth/users/login, params: {username=nacos}, bodyMap: {password=nacos}, errorMsg: Connection refused: no further information
2025-10-30 16:11:41.439 [com.alibaba.nacos.client.remote.worker] INFO  c.a.nacos.common.remote.client.grpc.GrpcClient - grpc client connection server:127.0.0.1 ip,serverPort:9848,grpcTslConfig:{"sslProvider":"OPENSSL","enableTls":false,"mutualAuthEnable":false,"trustAll":false}
2025-10-30 16:11:41.443 [com.alibaba.nacos.client.remote.worker] ERROR c.a.nacos.common.remote.client.grpc.GrpcClient - Server check fail, please check server 127.0.0.1 ,port 9848 is available , error ={}
java.util.concurrent.ExecutionException: com.alibaba.nacos.shaded.io.grpc.StatusRuntimeException: UNAVAILABLE: io exception
	at com.alibaba.nacos.shaded.com.google.common.util.concurrent.AbstractFuture.getDoneValue(AbstractFuture.java:566)
	at com.alibaba.nacos.shaded.com.google.common.util.concurrent.AbstractFuture.get(AbstractFuture.java:445)
	at com.alibaba.nacos.common.remote.client.grpc.GrpcClient.serverCheck(GrpcClient.java:218)
	at com.alibaba.nacos.common.remote.client.grpc.GrpcClient.connectToServer(GrpcClient.java:329)
	at com.alibaba.nacos.common.remote.client.RpcClient.reconnect(RpcClient.java:502)
	at com.alibaba.nacos.common.remote.client.RpcClient.lambda$start$2(RpcClient.java:343)
	at java.base/java.util.concurrent.Executors$RunnableAdapter.call(Executors.java:539)
	at java.base/java.util.concurrent.FutureTask.run(FutureTask.java:264)
	at java.base/java.util.concurrent.ScheduledThreadPoolExecutor$ScheduledFutureTask.run(ScheduledThreadPoolExecutor.java:304)
	at java.base/java.util.concurrent.ThreadPoolExecutor.runWorker(ThreadPoolExecutor.java:1136)
	at java.base/java.util.concurrent.ThreadPoolExecutor$Worker.run(ThreadPoolExecutor.java:635)
	at java.base/java.lang.Thread.run(Thread.java:842)
Caused by: com.alibaba.nacos.shaded.io.grpc.StatusRuntimeException: UNAVAILABLE: io exception
	at com.alibaba.nacos.shaded.io.grpc.Status.asRuntimeException(Status.java:539)
	at com.alibaba.nacos.shaded.io.grpc.stub.ClientCalls$UnaryStreamToFuture.onClose(ClientCalls.java:544)
	at com.alibaba.nacos.shaded.io.grpc.internal.DelayedClientCall$DelayedListener$3.run(DelayedClientCall.java:471)
	at com.alibaba.nacos.shaded.io.grpc.internal.DelayedClientCall$DelayedListener.delayOrExecute(DelayedClientCall.java:435)
	at com.alibaba.nacos.shaded.io.grpc.internal.DelayedClientCall$DelayedListener.onClose(DelayedClientCall.java:468)
	at com.alibaba.nacos.shaded.io.grpc.internal.ClientCallImpl.closeObserver(ClientCallImpl.java:563)
	at com.alibaba.nacos.shaded.io.grpc.internal.ClientCallImpl.access$300(ClientCallImpl.java:70)
	at com.alibaba.nacos.shaded.io.grpc.internal.ClientCallImpl$ClientStreamListenerImpl$1StreamClosed.runInternal(ClientCallImpl.java:744)
	at com.alibaba.nacos.shaded.io.grpc.internal.ClientCallImpl$ClientStreamListenerImpl$1StreamClosed.runInContext(ClientCallImpl.java:723)
	at com.alibaba.nacos.shaded.io.grpc.internal.ContextRunnable.run(ContextRunnable.java:37)
	at com.alibaba.nacos.shaded.io.grpc.internal.SerializingExecutor.run(SerializingExecutor.java:133)
	... 3 common frames omitted
Caused by: com.alibaba.nacos.shaded.io.grpc.netty.shaded.io.netty.channel.AbstractChannel$AnnotatedConnectException: Connection refused: no further information: /127.0.0.1:9848
Caused by: java.net.ConnectException: Connection refused: no further information
	at java.base/sun.nio.ch.Net.pollConnect(Native Method)
	at java.base/sun.nio.ch.Net.pollConnectNow(Net.java:672)
	at java.base/sun.nio.ch.SocketChannelImpl.finishConnect(SocketChannelImpl.java:946)
	at com.alibaba.nacos.shaded.io.grpc.netty.shaded.io.netty.channel.socket.nio.NioSocketChannel.doFinishConnect(NioSocketChannel.java:337)
	at com.alibaba.nacos.shaded.io.grpc.netty.shaded.io.netty.channel.nio.AbstractNioChannel$AbstractNioUnsafe.finishConnect(AbstractNioChannel.java:334)
	at com.alibaba.nacos.shaded.io.grpc.netty.shaded.io.netty.channel.nio.NioEventLoop.processSelectedKey(NioEventLoop.java:710)
	at com.alibaba.nacos.shaded.io.grpc.netty.shaded.io.netty.channel.nio.NioEventLoop.processSelectedKeysOptimized(NioEventLoop.java:658)
	at com.alibaba.nacos.shaded.io.grpc.netty.shaded.io.netty.channel.nio.NioEventLoop.processSelectedKeys(NioEventLoop.java:584)
	at com.alibaba.nacos.shaded.io.grpc.netty.shaded.io.netty.channel.nio.NioEventLoop.run(NioEventLoop.java:496)
	at com.alibaba.nacos.shaded.io.grpc.netty.shaded.io.netty.util.concurrent.SingleThreadEventExecutor$4.run(SingleThreadEventExecutor.java:997)
	at com.alibaba.nacos.shaded.io.grpc.netty.shaded.io.netty.util.internal.ThreadExecutorMap$2.run(ThreadExecutorMap.java:74)
	at com.alibaba.nacos.shaded.io.grpc.netty.shaded.io.netty.util.concurrent.FastThreadLocalRunnable.run(FastThreadLocalRunnable.java:30)
	at java.base/java.lang.Thread.run(Thread.java:842)
2025-10-30 16:11:41.443 [com.alibaba.nacos.client.remote.worker] INFO  com.alibaba.nacos.common.remote.client - [77bb8b38-8220-4fa9-84bf-ae133f9c9a09_config-0] Fail to connect server, after trying 34 times, last try server is {serverIp = '127.0.0.1', server main port = 8848}, error = unknown
2025-10-30 16:11:43.205 [com.alibaba.nacos.client.Worker] ERROR c.a.n.client.auth.impl.process.HttpLoginProcessor - [NacosClientAuthServiceImpl] login http request failed url: http://127.0.0.1:8848/nacos/v1/auth/users/login, params: {username=nacos}, bodyMap: {password=nacos}, errorMsg: Connection refused: no further information
2025-10-30 16:11:44.958 [com.alibaba.nacos.client.remote.worker] INFO  c.a.nacos.common.remote.client.grpc.GrpcClient - grpc client connection server:127.0.0.1 ip,serverPort:9848,grpcTslConfig:{"sslProvider":"OPENSSL","enableTls":false,"mutualAuthEnable":false,"trustAll":false}
2025-10-30 16:11:44.963 [com.alibaba.nacos.client.remote.worker] ERROR c.a.nacos.common.remote.client.grpc.GrpcClient - Server check fail, please check server 127.0.0.1 ,port 9848 is available , error ={}
java.util.concurrent.ExecutionException: com.alibaba.nacos.shaded.io.grpc.StatusRuntimeException: UNAVAILABLE: io exception
	at com.alibaba.nacos.shaded.com.google.common.util.concurrent.AbstractFuture.getDoneValue(AbstractFuture.java:566)
	at com.alibaba.nacos.shaded.com.google.common.util.concurrent.AbstractFuture.get(AbstractFuture.java:445)
	at com.alibaba.nacos.common.remote.client.grpc.GrpcClient.serverCheck(GrpcClient.java:218)
	at com.alibaba.nacos.common.remote.client.grpc.GrpcClient.connectToServer(GrpcClient.java:329)
	at com.alibaba.nacos.common.remote.client.RpcClient.reconnect(RpcClient.java:502)
	at com.alibaba.nacos.common.remote.client.RpcClient.lambda$start$2(RpcClient.java:343)
	at java.base/java.util.concurrent.Executors$RunnableAdapter.call(Executors.java:539)
	at java.base/java.util.concurrent.FutureTask.run(FutureTask.java:264)
	at java.base/java.util.concurrent.ScheduledThreadPoolExecutor$ScheduledFutureTask.run(ScheduledThreadPoolExecutor.java:304)
	at java.base/java.util.concurrent.ThreadPoolExecutor.runWorker(ThreadPoolExecutor.java:1136)
	at java.base/java.util.concurrent.ThreadPoolExecutor$Worker.run(ThreadPoolExecutor.java:635)
	at java.base/java.lang.Thread.run(Thread.java:842)
Caused by: com.alibaba.nacos.shaded.io.grpc.StatusRuntimeException: UNAVAILABLE: io exception
	at com.alibaba.nacos.shaded.io.grpc.Status.asRuntimeException(Status.java:539)
	at com.alibaba.nacos.shaded.io.grpc.stub.ClientCalls$UnaryStreamToFuture.onClose(ClientCalls.java:544)
	at com.alibaba.nacos.shaded.io.grpc.internal.DelayedClientCall$DelayedListener$3.run(DelayedClientCall.java:471)
	at com.alibaba.nacos.shaded.io.grpc.internal.DelayedClientCall$DelayedListener.delayOrExecute(DelayedClientCall.java:435)
	at com.alibaba.nacos.shaded.io.grpc.internal.DelayedClientCall$DelayedListener.onClose(DelayedClientCall.java:468)
	at com.alibaba.nacos.shaded.io.grpc.internal.ClientCallImpl.closeObserver(ClientCallImpl.java:563)
	at com.alibaba.nacos.shaded.io.grpc.internal.ClientCallImpl.access$300(ClientCallImpl.java:70)
	at com.alibaba.nacos.shaded.io.grpc.internal.ClientCallImpl$ClientStreamListenerImpl$1StreamClosed.runInternal(ClientCallImpl.java:744)
	at com.alibaba.nacos.shaded.io.grpc.internal.ClientCallImpl$ClientStreamListenerImpl$1StreamClosed.runInContext(ClientCallImpl.java:723)
	at com.alibaba.nacos.shaded.io.grpc.internal.ContextRunnable.run(ContextRunnable.java:37)
	at com.alibaba.nacos.shaded.io.grpc.internal.SerializingExecutor.run(SerializingExecutor.java:133)
	... 3 common frames omitted
Caused by: com.alibaba.nacos.shaded.io.grpc.netty.shaded.io.netty.channel.AbstractChannel$AnnotatedConnectException: Connection refused: no further information: /127.0.0.1:9848
Caused by: java.net.ConnectException: Connection refused: no further information
	at java.base/sun.nio.ch.Net.pollConnect(Native Method)
	at java.base/sun.nio.ch.Net.pollConnectNow(Net.java:672)
	at java.base/sun.nio.ch.SocketChannelImpl.finishConnect(SocketChannelImpl.java:946)
	at com.alibaba.nacos.shaded.io.grpc.netty.shaded.io.netty.channel.socket.nio.NioSocketChannel.doFinishConnect(NioSocketChannel.java:337)
	at com.alibaba.nacos.shaded.io.grpc.netty.shaded.io.netty.channel.nio.AbstractNioChannel$AbstractNioUnsafe.finishConnect(AbstractNioChannel.java:334)
	at com.alibaba.nacos.shaded.io.grpc.netty.shaded.io.netty.channel.nio.NioEventLoop.processSelectedKey(NioEventLoop.java:710)
	at com.alibaba.nacos.shaded.io.grpc.netty.shaded.io.netty.channel.nio.NioEventLoop.processSelectedKeysOptimized(NioEventLoop.java:658)
	at com.alibaba.nacos.shaded.io.grpc.netty.shaded.io.netty.channel.nio.NioEventLoop.processSelectedKeys(NioEventLoop.java:584)
	at com.alibaba.nacos.shaded.io.grpc.netty.shaded.io.netty.channel.nio.NioEventLoop.run(NioEventLoop.java:496)
	at com.alibaba.nacos.shaded.io.grpc.netty.shaded.io.netty.util.concurrent.SingleThreadEventExecutor$4.run(SingleThreadEventExecutor.java:997)
	at com.alibaba.nacos.shaded.io.grpc.netty.shaded.io.netty.util.internal.ThreadExecutorMap$2.run(ThreadExecutorMap.java:74)
	at com.alibaba.nacos.shaded.io.grpc.netty.shaded.io.netty.util.concurrent.FastThreadLocalRunnable.run(FastThreadLocalRunnable.java:30)
	at java.base/java.lang.Thread.run(Thread.java:842)
2025-10-30 16:11:44.963 [com.alibaba.nacos.client.remote.worker] INFO  com.alibaba.nacos.common.remote.client - [77bb8b38-8220-4fa9-84bf-ae133f9c9a09_config-0] Fail to connect server, after trying 35 times, last try server is {serverIp = '127.0.0.1', server main port = 8848}, error = unknown
2025-10-30 16:11:48.220 [com.alibaba.nacos.client.Worker] ERROR c.a.n.client.auth.impl.process.HttpLoginProcessor - [NacosClientAuthServiceImpl] login http request failed url: http://127.0.0.1:8848/nacos/v1/auth/users/login, params: {username=nacos}, bodyMap: {password=nacos}, errorMsg: Connection refused: no further information
2025-10-30 16:11:48.576 [com.alibaba.nacos.client.remote.worker] INFO  c.a.nacos.common.remote.client.grpc.GrpcClient - grpc client connection server:127.0.0.1 ip,serverPort:9848,grpcTslConfig:{"sslProvider":"OPENSSL","enableTls":false,"mutualAuthEnable":false,"trustAll":false}
2025-10-30 16:11:48.593 [com.alibaba.nacos.client.remote.worker] ERROR c.a.nacos.common.remote.client.grpc.GrpcClient - Server check fail, please check server 127.0.0.1 ,port 9848 is available , error ={}
java.util.concurrent.ExecutionException: com.alibaba.nacos.shaded.io.grpc.StatusRuntimeException: UNAVAILABLE: io exception
	at com.alibaba.nacos.shaded.com.google.common.util.concurrent.AbstractFuture.getDoneValue(AbstractFuture.java:566)
	at com.alibaba.nacos.shaded.com.google.common.util.concurrent.AbstractFuture.get(AbstractFuture.java:445)
	at com.alibaba.nacos.common.remote.client.grpc.GrpcClient.serverCheck(GrpcClient.java:218)
	at com.alibaba.nacos.common.remote.client.grpc.GrpcClient.connectToServer(GrpcClient.java:329)
	at com.alibaba.nacos.common.remote.client.RpcClient.reconnect(RpcClient.java:502)
	at com.alibaba.nacos.common.remote.client.RpcClient.lambda$start$2(RpcClient.java:343)
	at java.base/java.util.concurrent.Executors$RunnableAdapter.call(Executors.java:539)
	at java.base/java.util.concurrent.FutureTask.run(FutureTask.java:264)
	at java.base/java.util.concurrent.ScheduledThreadPoolExecutor$ScheduledFutureTask.run(ScheduledThreadPoolExecutor.java:304)
	at java.base/java.util.concurrent.ThreadPoolExecutor.runWorker(ThreadPoolExecutor.java:1136)
	at java.base/java.util.concurrent.ThreadPoolExecutor$Worker.run(ThreadPoolExecutor.java:635)
	at java.base/java.lang.Thread.run(Thread.java:842)
Caused by: com.alibaba.nacos.shaded.io.grpc.StatusRuntimeException: UNAVAILABLE: io exception
	at com.alibaba.nacos.shaded.io.grpc.Status.asRuntimeException(Status.java:539)
	at com.alibaba.nacos.shaded.io.grpc.stub.ClientCalls$UnaryStreamToFuture.onClose(ClientCalls.java:544)
	at com.alibaba.nacos.shaded.io.grpc.internal.ClientCallImpl.closeObserver(ClientCallImpl.java:563)
	at com.alibaba.nacos.shaded.io.grpc.internal.ClientCallImpl.access$300(ClientCallImpl.java:70)
	at com.alibaba.nacos.shaded.io.grpc.internal.ClientCallImpl$ClientStreamListenerImpl$1StreamClosed.runInternal(ClientCallImpl.java:744)
	at com.alibaba.nacos.shaded.io.grpc.internal.ClientCallImpl$ClientStreamListenerImpl$1StreamClosed.runInContext(ClientCallImpl.java:723)
	at com.alibaba.nacos.shaded.io.grpc.internal.ContextRunnable.run(ContextRunnable.java:37)
	at com.alibaba.nacos.shaded.io.grpc.internal.SerializingExecutor.run(SerializingExecutor.java:133)
	... 3 common frames omitted
Caused by: com.alibaba.nacos.shaded.io.grpc.netty.shaded.io.netty.channel.AbstractChannel$AnnotatedConnectException: Connection refused: no further information: /127.0.0.1:9848
Caused by: java.net.ConnectException: Connection refused: no further information
	at java.base/sun.nio.ch.Net.pollConnect(Native Method)
	at java.base/sun.nio.ch.Net.pollConnectNow(Net.java:672)
	at java.base/sun.nio.ch.SocketChannelImpl.finishConnect(SocketChannelImpl.java:946)
	at com.alibaba.nacos.shaded.io.grpc.netty.shaded.io.netty.channel.socket.nio.NioSocketChannel.doFinishConnect(NioSocketChannel.java:337)
	at com.alibaba.nacos.shaded.io.grpc.netty.shaded.io.netty.channel.nio.AbstractNioChannel$AbstractNioUnsafe.finishConnect(AbstractNioChannel.java:334)
	at com.alibaba.nacos.shaded.io.grpc.netty.shaded.io.netty.channel.nio.NioEventLoop.processSelectedKey(NioEventLoop.java:710)
	at com.alibaba.nacos.shaded.io.grpc.netty.shaded.io.netty.channel.nio.NioEventLoop.processSelectedKeysOptimized(NioEventLoop.java:658)
	at com.alibaba.nacos.shaded.io.grpc.netty.shaded.io.netty.channel.nio.NioEventLoop.processSelectedKeys(NioEventLoop.java:584)
	at com.alibaba.nacos.shaded.io.grpc.netty.shaded.io.netty.channel.nio.NioEventLoop.run(NioEventLoop.java:496)
	at com.alibaba.nacos.shaded.io.grpc.netty.shaded.io.netty.util.concurrent.SingleThreadEventExecutor$4.run(SingleThreadEventExecutor.java:997)
	at com.alibaba.nacos.shaded.io.grpc.netty.shaded.io.netty.util.internal.ThreadExecutorMap$2.run(ThreadExecutorMap.java:74)
	at com.alibaba.nacos.shaded.io.grpc.netty.shaded.io.netty.util.concurrent.FastThreadLocalRunnable.run(FastThreadLocalRunnable.java:30)
	at java.base/java.lang.Thread.run(Thread.java:842)
2025-10-30 16:11:48.594 [com.alibaba.nacos.client.remote.worker] INFO  com.alibaba.nacos.common.remote.client - [77bb8b38-8220-4fa9-84bf-ae133f9c9a09_config-0] Fail to connect server, after trying 36 times, last try server is {serverIp = '127.0.0.1', server main port = 8848}, error = unknown
2025-10-30 16:11:52.309 [com.alibaba.nacos.client.remote.worker] INFO  c.a.nacos.common.remote.client.grpc.GrpcClient - grpc client connection server:127.0.0.1 ip,serverPort:9848,grpcTslConfig:{"sslProvider":"OPENSSL","enableTls":false,"mutualAuthEnable":false,"trustAll":false}
2025-10-30 16:11:52.312 [com.alibaba.nacos.client.remote.worker] ERROR c.a.nacos.common.remote.client.grpc.GrpcClient - Server check fail, please check server 127.0.0.1 ,port 9848 is available , error ={}
java.util.concurrent.ExecutionException: com.alibaba.nacos.shaded.io.grpc.StatusRuntimeException: UNAVAILABLE: io exception
	at com.alibaba.nacos.shaded.com.google.common.util.concurrent.AbstractFuture.getDoneValue(AbstractFuture.java:566)
	at com.alibaba.nacos.shaded.com.google.common.util.concurrent.AbstractFuture.get(AbstractFuture.java:445)
	at com.alibaba.nacos.common.remote.client.grpc.GrpcClient.serverCheck(GrpcClient.java:218)
	at com.alibaba.nacos.common.remote.client.grpc.GrpcClient.connectToServer(GrpcClient.java:329)
	at com.alibaba.nacos.common.remote.client.RpcClient.reconnect(RpcClient.java:502)
	at com.alibaba.nacos.common.remote.client.RpcClient.lambda$start$2(RpcClient.java:343)
	at java.base/java.util.concurrent.Executors$RunnableAdapter.call(Executors.java:539)
	at java.base/java.util.concurrent.FutureTask.run(FutureTask.java:264)
	at java.base/java.util.concurrent.ScheduledThreadPoolExecutor$ScheduledFutureTask.run(ScheduledThreadPoolExecutor.java:304)
	at java.base/java.util.concurrent.ThreadPoolExecutor.runWorker(ThreadPoolExecutor.java:1136)
	at java.base/java.util.concurrent.ThreadPoolExecutor$Worker.run(ThreadPoolExecutor.java:635)
	at java.base/java.lang.Thread.run(Thread.java:842)
Caused by: com.alibaba.nacos.shaded.io.grpc.StatusRuntimeException: UNAVAILABLE: io exception
	at com.alibaba.nacos.shaded.io.grpc.Status.asRuntimeException(Status.java:539)
	at com.alibaba.nacos.shaded.io.grpc.stub.ClientCalls$UnaryStreamToFuture.onClose(ClientCalls.java:544)
	at com.alibaba.nacos.shaded.io.grpc.internal.DelayedClientCall$DelayedListener$3.run(DelayedClientCall.java:471)
	at com.alibaba.nacos.shaded.io.grpc.internal.DelayedClientCall$DelayedListener.delayOrExecute(DelayedClientCall.java:435)
	at com.alibaba.nacos.shaded.io.grpc.internal.DelayedClientCall$DelayedListener.onClose(DelayedClientCall.java:468)
	at com.alibaba.nacos.shaded.io.grpc.internal.ClientCallImpl.closeObserver(ClientCallImpl.java:563)
	at com.alibaba.nacos.shaded.io.grpc.internal.ClientCallImpl.access$300(ClientCallImpl.java:70)
	at com.alibaba.nacos.shaded.io.grpc.internal.ClientCallImpl$ClientStreamListenerImpl$1StreamClosed.runInternal(ClientCallImpl.java:744)
	at com.alibaba.nacos.shaded.io.grpc.internal.ClientCallImpl$ClientStreamListenerImpl$1StreamClosed.runInContext(ClientCallImpl.java:723)
	at com.alibaba.nacos.shaded.io.grpc.internal.ContextRunnable.run(ContextRunnable.java:37)
	at com.alibaba.nacos.shaded.io.grpc.internal.SerializingExecutor.run(SerializingExecutor.java:133)
	... 3 common frames omitted
Caused by: com.alibaba.nacos.shaded.io.grpc.netty.shaded.io.netty.channel.AbstractChannel$AnnotatedConnectException: Connection refused: no further information: /127.0.0.1:9848
Caused by: java.net.ConnectException: Connection refused: no further information
	at java.base/sun.nio.ch.Net.pollConnect(Native Method)
	at java.base/sun.nio.ch.Net.pollConnectNow(Net.java:672)
	at java.base/sun.nio.ch.SocketChannelImpl.finishConnect(SocketChannelImpl.java:946)
	at com.alibaba.nacos.shaded.io.grpc.netty.shaded.io.netty.channel.socket.nio.NioSocketChannel.doFinishConnect(NioSocketChannel.java:337)
	at com.alibaba.nacos.shaded.io.grpc.netty.shaded.io.netty.channel.nio.AbstractNioChannel$AbstractNioUnsafe.finishConnect(AbstractNioChannel.java:334)
	at com.alibaba.nacos.shaded.io.grpc.netty.shaded.io.netty.channel.nio.NioEventLoop.processSelectedKey(NioEventLoop.java:710)
	at com.alibaba.nacos.shaded.io.grpc.netty.shaded.io.netty.channel.nio.NioEventLoop.processSelectedKeysOptimized(NioEventLoop.java:658)
	at com.alibaba.nacos.shaded.io.grpc.netty.shaded.io.netty.channel.nio.NioEventLoop.processSelectedKeys(NioEventLoop.java:584)
	at com.alibaba.nacos.shaded.io.grpc.netty.shaded.io.netty.channel.nio.NioEventLoop.run(NioEventLoop.java:496)
	at com.alibaba.nacos.shaded.io.grpc.netty.shaded.io.netty.util.concurrent.SingleThreadEventExecutor$4.run(SingleThreadEventExecutor.java:997)
	at com.alibaba.nacos.shaded.io.grpc.netty.shaded.io.netty.util.internal.ThreadExecutorMap$2.run(ThreadExecutorMap.java:74)
	at com.alibaba.nacos.shaded.io.grpc.netty.shaded.io.netty.util.concurrent.FastThreadLocalRunnable.run(FastThreadLocalRunnable.java:30)
	at java.base/java.lang.Thread.run(Thread.java:842)
2025-10-30 16:11:52.312 [com.alibaba.nacos.client.remote.worker] INFO  com.alibaba.nacos.common.remote.client - [77bb8b38-8220-4fa9-84bf-ae133f9c9a09_config-0] Fail to connect server, after trying 37 times, last try server is {serverIp = '127.0.0.1', server main port = 8848}, error = unknown
2025-10-30 16:11:53.234 [com.alibaba.nacos.client.Worker] ERROR c.a.n.client.auth.impl.process.HttpLoginProcessor - [NacosClientAuthServiceImpl] login http request failed url: http://127.0.0.1:8848/nacos/v1/auth/users/login, params: {username=nacos}, bodyMap: {password=nacos}, errorMsg: Connection refused: no further information
2025-10-30 16:11:56.124 [com.alibaba.nacos.client.remote.worker] INFO  c.a.nacos.common.remote.client.grpc.GrpcClient - grpc client connection server:127.0.0.1 ip,serverPort:9848,grpcTslConfig:{"sslProvider":"OPENSSL","enableTls":false,"mutualAuthEnable":false,"trustAll":false}
2025-10-30 16:11:56.128 [com.alibaba.nacos.client.remote.worker] ERROR c.a.nacos.common.remote.client.grpc.GrpcClient - Server check fail, please check server 127.0.0.1 ,port 9848 is available , error ={}
java.util.concurrent.ExecutionException: com.alibaba.nacos.shaded.io.grpc.StatusRuntimeException: UNAVAILABLE: io exception
	at com.alibaba.nacos.shaded.com.google.common.util.concurrent.AbstractFuture.getDoneValue(AbstractFuture.java:566)
	at com.alibaba.nacos.shaded.com.google.common.util.concurrent.AbstractFuture.get(AbstractFuture.java:445)
	at com.alibaba.nacos.common.remote.client.grpc.GrpcClient.serverCheck(GrpcClient.java:218)
	at com.alibaba.nacos.common.remote.client.grpc.GrpcClient.connectToServer(GrpcClient.java:329)
	at com.alibaba.nacos.common.remote.client.RpcClient.reconnect(RpcClient.java:502)
	at com.alibaba.nacos.common.remote.client.RpcClient.lambda$start$2(RpcClient.java:343)
	at java.base/java.util.concurrent.Executors$RunnableAdapter.call(Executors.java:539)
	at java.base/java.util.concurrent.FutureTask.run(FutureTask.java:264)
	at java.base/java.util.concurrent.ScheduledThreadPoolExecutor$ScheduledFutureTask.run(ScheduledThreadPoolExecutor.java:304)
	at java.base/java.util.concurrent.ThreadPoolExecutor.runWorker(ThreadPoolExecutor.java:1136)
	at java.base/java.util.concurrent.ThreadPoolExecutor$Worker.run(ThreadPoolExecutor.java:635)
	at java.base/java.lang.Thread.run(Thread.java:842)
Caused by: com.alibaba.nacos.shaded.io.grpc.StatusRuntimeException: UNAVAILABLE: io exception
	at com.alibaba.nacos.shaded.io.grpc.Status.asRuntimeException(Status.java:539)
	at com.alibaba.nacos.shaded.io.grpc.stub.ClientCalls$UnaryStreamToFuture.onClose(ClientCalls.java:544)
	at com.alibaba.nacos.shaded.io.grpc.internal.ClientCallImpl.closeObserver(ClientCallImpl.java:563)
	at com.alibaba.nacos.shaded.io.grpc.internal.ClientCallImpl.access$300(ClientCallImpl.java:70)
	at com.alibaba.nacos.shaded.io.grpc.internal.ClientCallImpl$ClientStreamListenerImpl$1StreamClosed.runInternal(ClientCallImpl.java:744)
	at com.alibaba.nacos.shaded.io.grpc.internal.ClientCallImpl$ClientStreamListenerImpl$1StreamClosed.runInContext(ClientCallImpl.java:723)
	at com.alibaba.nacos.shaded.io.grpc.internal.ContextRunnable.run(ContextRunnable.java:37)
	at com.alibaba.nacos.shaded.io.grpc.internal.SerializingExecutor.run(SerializingExecutor.java:133)
	... 3 common frames omitted
Caused by: com.alibaba.nacos.shaded.io.grpc.netty.shaded.io.netty.channel.AbstractChannel$AnnotatedConnectException: Connection refused: no further information: /127.0.0.1:9848
Caused by: java.net.ConnectException: Connection refused: no further information
	at java.base/sun.nio.ch.Net.pollConnect(Native Method)
	at java.base/sun.nio.ch.Net.pollConnectNow(Net.java:672)
	at java.base/sun.nio.ch.SocketChannelImpl.finishConnect(SocketChannelImpl.java:946)
	at com.alibaba.nacos.shaded.io.grpc.netty.shaded.io.netty.channel.socket.nio.NioSocketChannel.doFinishConnect(NioSocketChannel.java:337)
	at com.alibaba.nacos.shaded.io.grpc.netty.shaded.io.netty.channel.nio.AbstractNioChannel$AbstractNioUnsafe.finishConnect(AbstractNioChannel.java:334)
	at com.alibaba.nacos.shaded.io.grpc.netty.shaded.io.netty.channel.nio.NioEventLoop.processSelectedKey(NioEventLoop.java:710)
	at com.alibaba.nacos.shaded.io.grpc.netty.shaded.io.netty.channel.nio.NioEventLoop.processSelectedKeysOptimized(NioEventLoop.java:658)
	at com.alibaba.nacos.shaded.io.grpc.netty.shaded.io.netty.channel.nio.NioEventLoop.processSelectedKeys(NioEventLoop.java:584)
	at com.alibaba.nacos.shaded.io.grpc.netty.shaded.io.netty.channel.nio.NioEventLoop.run(NioEventLoop.java:496)
	at com.alibaba.nacos.shaded.io.grpc.netty.shaded.io.netty.util.concurrent.SingleThreadEventExecutor$4.run(SingleThreadEventExecutor.java:997)
	at com.alibaba.nacos.shaded.io.grpc.netty.shaded.io.netty.util.internal.ThreadExecutorMap$2.run(ThreadExecutorMap.java:74)
	at com.alibaba.nacos.shaded.io.grpc.netty.shaded.io.netty.util.concurrent.FastThreadLocalRunnable.run(FastThreadLocalRunnable.java:30)
	at java.base/java.lang.Thread.run(Thread.java:842)
2025-10-30 16:11:56.129 [com.alibaba.nacos.client.remote.worker] INFO  com.alibaba.nacos.common.remote.client - [77bb8b38-8220-4fa9-84bf-ae133f9c9a09_config-0] Fail to connect server, after trying 38 times, last try server is {serverIp = '127.0.0.1', server main port = 8848}, error = unknown
2025-10-30 16:11:58.246 [com.alibaba.nacos.client.Worker] ERROR c.a.n.client.auth.impl.process.HttpLoginProcessor - [NacosClientAuthServiceImpl] login http request failed url: http://127.0.0.1:8848/nacos/v1/auth/users/login, params: {username=nacos}, bodyMap: {password=nacos}, errorMsg: Connection refused: no further information
2025-10-30 16:12:00.041 [com.alibaba.nacos.client.remote.worker] INFO  c.a.nacos.common.remote.client.grpc.GrpcClient - grpc client connection server:127.0.0.1 ip,serverPort:9848,grpcTslConfig:{"sslProvider":"OPENSSL","enableTls":false,"mutualAuthEnable":false,"trustAll":false}
2025-10-30 16:12:00.057 [com.alibaba.nacos.client.remote.worker] ERROR c.a.nacos.common.remote.client.grpc.GrpcClient - Server check fail, please check server 127.0.0.1 ,port 9848 is available , error ={}
java.util.concurrent.ExecutionException: com.alibaba.nacos.shaded.io.grpc.StatusRuntimeException: UNAVAILABLE: io exception
	at com.alibaba.nacos.shaded.com.google.common.util.concurrent.AbstractFuture.getDoneValue(AbstractFuture.java:566)
	at com.alibaba.nacos.shaded.com.google.common.util.concurrent.AbstractFuture.get(AbstractFuture.java:445)
	at com.alibaba.nacos.common.remote.client.grpc.GrpcClient.serverCheck(GrpcClient.java:218)
	at com.alibaba.nacos.common.remote.client.grpc.GrpcClient.connectToServer(GrpcClient.java:329)
	at com.alibaba.nacos.common.remote.client.RpcClient.reconnect(RpcClient.java:502)
	at com.alibaba.nacos.common.remote.client.RpcClient.lambda$start$2(RpcClient.java:343)
	at java.base/java.util.concurrent.Executors$RunnableAdapter.call(Executors.java:539)
	at java.base/java.util.concurrent.FutureTask.run(FutureTask.java:264)
	at java.base/java.util.concurrent.ScheduledThreadPoolExecutor$ScheduledFutureTask.run(ScheduledThreadPoolExecutor.java:304)
	at java.base/java.util.concurrent.ThreadPoolExecutor.runWorker(ThreadPoolExecutor.java:1136)
	at java.base/java.util.concurrent.ThreadPoolExecutor$Worker.run(ThreadPoolExecutor.java:635)
	at java.base/java.lang.Thread.run(Thread.java:842)
Caused by: com.alibaba.nacos.shaded.io.grpc.StatusRuntimeException: UNAVAILABLE: io exception
	at com.alibaba.nacos.shaded.io.grpc.Status.asRuntimeException(Status.java:539)
	at com.alibaba.nacos.shaded.io.grpc.stub.ClientCalls$UnaryStreamToFuture.onClose(ClientCalls.java:544)
	at com.alibaba.nacos.shaded.io.grpc.internal.DelayedClientCall$DelayedListener$3.run(DelayedClientCall.java:471)
	at com.alibaba.nacos.shaded.io.grpc.internal.DelayedClientCall$DelayedListener.delayOrExecute(DelayedClientCall.java:435)
	at com.alibaba.nacos.shaded.io.grpc.internal.DelayedClientCall$DelayedListener.onClose(DelayedClientCall.java:468)
	at com.alibaba.nacos.shaded.io.grpc.internal.ClientCallImpl.closeObserver(ClientCallImpl.java:563)
	at com.alibaba.nacos.shaded.io.grpc.internal.ClientCallImpl.access$300(ClientCallImpl.java:70)
	at com.alibaba.nacos.shaded.io.grpc.internal.ClientCallImpl$ClientStreamListenerImpl$1StreamClosed.runInternal(ClientCallImpl.java:744)
	at com.alibaba.nacos.shaded.io.grpc.internal.ClientCallImpl$ClientStreamListenerImpl$1StreamClosed.runInContext(ClientCallImpl.java:723)
	at com.alibaba.nacos.shaded.io.grpc.internal.ContextRunnable.run(ContextRunnable.java:37)
	at com.alibaba.nacos.shaded.io.grpc.internal.SerializingExecutor.run(SerializingExecutor.java:133)
	... 3 common frames omitted
Caused by: com.alibaba.nacos.shaded.io.grpc.netty.shaded.io.netty.channel.AbstractChannel$AnnotatedConnectException: Connection refused: no further information: /127.0.0.1:9848
Caused by: java.net.ConnectException: Connection refused: no further information
	at java.base/sun.nio.ch.Net.pollConnect(Native Method)
	at java.base/sun.nio.ch.Net.pollConnectNow(Net.java:672)
	at java.base/sun.nio.ch.SocketChannelImpl.finishConnect(SocketChannelImpl.java:946)
	at com.alibaba.nacos.shaded.io.grpc.netty.shaded.io.netty.channel.socket.nio.NioSocketChannel.doFinishConnect(NioSocketChannel.java:337)
	at com.alibaba.nacos.shaded.io.grpc.netty.shaded.io.netty.channel.nio.AbstractNioChannel$AbstractNioUnsafe.finishConnect(AbstractNioChannel.java:334)
	at com.alibaba.nacos.shaded.io.grpc.netty.shaded.io.netty.channel.nio.NioEventLoop.processSelectedKey(NioEventLoop.java:710)
	at com.alibaba.nacos.shaded.io.grpc.netty.shaded.io.netty.channel.nio.NioEventLoop.processSelectedKeysOptimized(NioEventLoop.java:658)
	at com.alibaba.nacos.shaded.io.grpc.netty.shaded.io.netty.channel.nio.NioEventLoop.processSelectedKeys(NioEventLoop.java:584)
	at com.alibaba.nacos.shaded.io.grpc.netty.shaded.io.netty.channel.nio.NioEventLoop.run(NioEventLoop.java:496)
	at com.alibaba.nacos.shaded.io.grpc.netty.shaded.io.netty.util.concurrent.SingleThreadEventExecutor$4.run(SingleThreadEventExecutor.java:997)
	at com.alibaba.nacos.shaded.io.grpc.netty.shaded.io.netty.util.internal.ThreadExecutorMap$2.run(ThreadExecutorMap.java:74)
	at com.alibaba.nacos.shaded.io.grpc.netty.shaded.io.netty.util.concurrent.FastThreadLocalRunnable.run(FastThreadLocalRunnable.java:30)
	at java.base/java.lang.Thread.run(Thread.java:842)
2025-10-30 16:12:00.057 [com.alibaba.nacos.client.remote.worker] INFO  com.alibaba.nacos.common.remote.client - [77bb8b38-8220-4fa9-84bf-ae133f9c9a09_config-0] Fail to connect server, after trying 39 times, last try server is {serverIp = '127.0.0.1', server main port = 8848}, error = unknown
2025-10-30 16:12:03.260 [com.alibaba.nacos.client.Worker] ERROR c.a.n.client.auth.impl.process.HttpLoginProcessor - [NacosClientAuthServiceImpl] login http request failed url: http://127.0.0.1:8848/nacos/v1/auth/users/login, params: {username=nacos}, bodyMap: {password=nacos}, errorMsg: Connection refused: no further information
2025-10-30 16:12:04.076 [com.alibaba.nacos.client.remote.worker] INFO  c.a.nacos.common.remote.client.grpc.GrpcClient - grpc client connection server:127.0.0.1 ip,serverPort:9848,grpcTslConfig:{"sslProvider":"OPENSSL","enableTls":false,"mutualAuthEnable":false,"trustAll":false}
2025-10-30 16:12:04.079 [com.alibaba.nacos.client.remote.worker] ERROR c.a.nacos.common.remote.client.grpc.GrpcClient - Server check fail, please check server 127.0.0.1 ,port 9848 is available , error ={}
java.util.concurrent.ExecutionException: com.alibaba.nacos.shaded.io.grpc.StatusRuntimeException: UNAVAILABLE: io exception
	at com.alibaba.nacos.shaded.com.google.common.util.concurrent.AbstractFuture.getDoneValue(AbstractFuture.java:566)
	at com.alibaba.nacos.shaded.com.google.common.util.concurrent.AbstractFuture.get(AbstractFuture.java:445)
	at com.alibaba.nacos.common.remote.client.grpc.GrpcClient.serverCheck(GrpcClient.java:218)
	at com.alibaba.nacos.common.remote.client.grpc.GrpcClient.connectToServer(GrpcClient.java:329)
	at com.alibaba.nacos.common.remote.client.RpcClient.reconnect(RpcClient.java:502)
	at com.alibaba.nacos.common.remote.client.RpcClient.lambda$start$2(RpcClient.java:343)
	at java.base/java.util.concurrent.Executors$RunnableAdapter.call(Executors.java:539)
	at java.base/java.util.concurrent.FutureTask.run(FutureTask.java:264)
	at java.base/java.util.concurrent.ScheduledThreadPoolExecutor$ScheduledFutureTask.run(ScheduledThreadPoolExecutor.java:304)
	at java.base/java.util.concurrent.ThreadPoolExecutor.runWorker(ThreadPoolExecutor.java:1136)
	at java.base/java.util.concurrent.ThreadPoolExecutor$Worker.run(ThreadPoolExecutor.java:635)
	at java.base/java.lang.Thread.run(Thread.java:842)
Caused by: com.alibaba.nacos.shaded.io.grpc.StatusRuntimeException: UNAVAILABLE: io exception
	at com.alibaba.nacos.shaded.io.grpc.Status.asRuntimeException(Status.java:539)
	at com.alibaba.nacos.shaded.io.grpc.stub.ClientCalls$UnaryStreamToFuture.onClose(ClientCalls.java:544)
	at com.alibaba.nacos.shaded.io.grpc.internal.ClientCallImpl.closeObserver(ClientCallImpl.java:563)
	at com.alibaba.nacos.shaded.io.grpc.internal.ClientCallImpl.access$300(ClientCallImpl.java:70)
	at com.alibaba.nacos.shaded.io.grpc.internal.ClientCallImpl$ClientStreamListenerImpl$1StreamClosed.runInternal(ClientCallImpl.java:744)
	at com.alibaba.nacos.shaded.io.grpc.internal.ClientCallImpl$ClientStreamListenerImpl$1StreamClosed.runInContext(ClientCallImpl.java:723)
	at com.alibaba.nacos.shaded.io.grpc.internal.ContextRunnable.run(ContextRunnable.java:37)
	at com.alibaba.nacos.shaded.io.grpc.internal.SerializingExecutor.run(SerializingExecutor.java:133)
	... 3 common frames omitted
Caused by: com.alibaba.nacos.shaded.io.grpc.netty.shaded.io.netty.channel.AbstractChannel$AnnotatedConnectException: Connection refused: no further information: /127.0.0.1:9848
Caused by: java.net.ConnectException: Connection refused: no further information
	at java.base/sun.nio.ch.Net.pollConnect(Native Method)
	at java.base/sun.nio.ch.Net.pollConnectNow(Net.java:672)
	at java.base/sun.nio.ch.SocketChannelImpl.finishConnect(SocketChannelImpl.java:946)
	at com.alibaba.nacos.shaded.io.grpc.netty.shaded.io.netty.channel.socket.nio.NioSocketChannel.doFinishConnect(NioSocketChannel.java:337)
	at com.alibaba.nacos.shaded.io.grpc.netty.shaded.io.netty.channel.nio.AbstractNioChannel$AbstractNioUnsafe.finishConnect(AbstractNioChannel.java:334)
	at com.alibaba.nacos.shaded.io.grpc.netty.shaded.io.netty.channel.nio.NioEventLoop.processSelectedKey(NioEventLoop.java:710)
	at com.alibaba.nacos.shaded.io.grpc.netty.shaded.io.netty.channel.nio.NioEventLoop.processSelectedKeysOptimized(NioEventLoop.java:658)
	at com.alibaba.nacos.shaded.io.grpc.netty.shaded.io.netty.channel.nio.NioEventLoop.processSelectedKeys(NioEventLoop.java:584)
	at com.alibaba.nacos.shaded.io.grpc.netty.shaded.io.netty.channel.nio.NioEventLoop.run(NioEventLoop.java:496)
	at com.alibaba.nacos.shaded.io.grpc.netty.shaded.io.netty.util.concurrent.SingleThreadEventExecutor$4.run(SingleThreadEventExecutor.java:997)
	at com.alibaba.nacos.shaded.io.grpc.netty.shaded.io.netty.util.internal.ThreadExecutorMap$2.run(ThreadExecutorMap.java:74)
	at com.alibaba.nacos.shaded.io.grpc.netty.shaded.io.netty.util.concurrent.FastThreadLocalRunnable.run(FastThreadLocalRunnable.java:30)
	at java.base/java.lang.Thread.run(Thread.java:842)
2025-10-30 16:12:04.079 [com.alibaba.nacos.client.remote.worker] INFO  com.alibaba.nacos.common.remote.client - [77bb8b38-8220-4fa9-84bf-ae133f9c9a09_config-0] Fail to connect server, after trying 40 times, last try server is {serverIp = '127.0.0.1', server main port = 8848}, error = unknown
2025-10-30 16:12:08.180 [com.alibaba.nacos.client.remote.worker] INFO  c.a.nacos.common.remote.client.grpc.GrpcClient - grpc client connection server:127.0.0.1 ip,serverPort:9848,grpcTslConfig:{"sslProvider":"OPENSSL","enableTls":false,"mutualAuthEnable":false,"trustAll":false}
2025-10-30 16:12:08.185 [com.alibaba.nacos.client.remote.worker] ERROR c.a.nacos.common.remote.client.grpc.GrpcClient - Server check fail, please check server 127.0.0.1 ,port 9848 is available , error ={}
java.util.concurrent.ExecutionException: com.alibaba.nacos.shaded.io.grpc.StatusRuntimeException: UNAVAILABLE: io exception
	at com.alibaba.nacos.shaded.com.google.common.util.concurrent.AbstractFuture.getDoneValue(AbstractFuture.java:566)
	at com.alibaba.nacos.shaded.com.google.common.util.concurrent.AbstractFuture.get(AbstractFuture.java:445)
	at com.alibaba.nacos.common.remote.client.grpc.GrpcClient.serverCheck(GrpcClient.java:218)
	at com.alibaba.nacos.common.remote.client.grpc.GrpcClient.connectToServer(GrpcClient.java:329)
	at com.alibaba.nacos.common.remote.client.RpcClient.reconnect(RpcClient.java:502)
	at com.alibaba.nacos.common.remote.client.RpcClient.lambda$start$2(RpcClient.java:343)
	at java.base/java.util.concurrent.Executors$RunnableAdapter.call(Executors.java:539)
	at java.base/java.util.concurrent.FutureTask.run(FutureTask.java:264)
	at java.base/java.util.concurrent.ScheduledThreadPoolExecutor$ScheduledFutureTask.run(ScheduledThreadPoolExecutor.java:304)
	at java.base/java.util.concurrent.ThreadPoolExecutor.runWorker(ThreadPoolExecutor.java:1136)
	at java.base/java.util.concurrent.ThreadPoolExecutor$Worker.run(ThreadPoolExecutor.java:635)
	at java.base/java.lang.Thread.run(Thread.java:842)
Caused by: com.alibaba.nacos.shaded.io.grpc.StatusRuntimeException: UNAVAILABLE: io exception
	at com.alibaba.nacos.shaded.io.grpc.Status.asRuntimeException(Status.java:539)
	at com.alibaba.nacos.shaded.io.grpc.stub.ClientCalls$UnaryStreamToFuture.onClose(ClientCalls.java:544)
	at com.alibaba.nacos.shaded.io.grpc.internal.DelayedClientCall$DelayedListener$3.run(DelayedClientCall.java:471)
	at com.alibaba.nacos.shaded.io.grpc.internal.DelayedClientCall$DelayedListener.delayOrExecute(DelayedClientCall.java:435)
	at com.alibaba.nacos.shaded.io.grpc.internal.DelayedClientCall$DelayedListener.onClose(DelayedClientCall.java:468)
	at com.alibaba.nacos.shaded.io.grpc.internal.ClientCallImpl.closeObserver(ClientCallImpl.java:563)
	at com.alibaba.nacos.shaded.io.grpc.internal.ClientCallImpl.access$300(ClientCallImpl.java:70)
	at com.alibaba.nacos.shaded.io.grpc.internal.ClientCallImpl$ClientStreamListenerImpl$1StreamClosed.runInternal(ClientCallImpl.java:744)
	at com.alibaba.nacos.shaded.io.grpc.internal.ClientCallImpl$ClientStreamListenerImpl$1StreamClosed.runInContext(ClientCallImpl.java:723)
	at com.alibaba.nacos.shaded.io.grpc.internal.ContextRunnable.run(ContextRunnable.java:37)
	at com.alibaba.nacos.shaded.io.grpc.internal.SerializingExecutor.run(SerializingExecutor.java:133)
	... 3 common frames omitted
Caused by: com.alibaba.nacos.shaded.io.grpc.netty.shaded.io.netty.channel.AbstractChannel$AnnotatedConnectException: Connection refused: no further information: /127.0.0.1:9848
Caused by: java.net.ConnectException: Connection refused: no further information
	at java.base/sun.nio.ch.Net.pollConnect(Native Method)
	at java.base/sun.nio.ch.Net.pollConnectNow(Net.java:672)
	at java.base/sun.nio.ch.SocketChannelImpl.finishConnect(SocketChannelImpl.java:946)
	at com.alibaba.nacos.shaded.io.grpc.netty.shaded.io.netty.channel.socket.nio.NioSocketChannel.doFinishConnect(NioSocketChannel.java:337)
	at com.alibaba.nacos.shaded.io.grpc.netty.shaded.io.netty.channel.nio.AbstractNioChannel$AbstractNioUnsafe.finishConnect(AbstractNioChannel.java:334)
	at com.alibaba.nacos.shaded.io.grpc.netty.shaded.io.netty.channel.nio.NioEventLoop.processSelectedKey(NioEventLoop.java:710)
	at com.alibaba.nacos.shaded.io.grpc.netty.shaded.io.netty.channel.nio.NioEventLoop.processSelectedKeysOptimized(NioEventLoop.java:658)
	at com.alibaba.nacos.shaded.io.grpc.netty.shaded.io.netty.channel.nio.NioEventLoop.processSelectedKeys(NioEventLoop.java:584)
	at com.alibaba.nacos.shaded.io.grpc.netty.shaded.io.netty.channel.nio.NioEventLoop.run(NioEventLoop.java:496)
	at com.alibaba.nacos.shaded.io.grpc.netty.shaded.io.netty.util.concurrent.SingleThreadEventExecutor$4.run(SingleThreadEventExecutor.java:997)
	at com.alibaba.nacos.shaded.io.grpc.netty.shaded.io.netty.util.internal.ThreadExecutorMap$2.run(ThreadExecutorMap.java:74)
	at com.alibaba.nacos.shaded.io.grpc.netty.shaded.io.netty.util.concurrent.FastThreadLocalRunnable.run(FastThreadLocalRunnable.java:30)
	at java.base/java.lang.Thread.run(Thread.java:842)
2025-10-30 16:12:08.186 [com.alibaba.nacos.client.remote.worker] INFO  com.alibaba.nacos.common.remote.client - [77bb8b38-8220-4fa9-84bf-ae133f9c9a09_config-0] Fail to connect server, after trying 41 times, last try server is {serverIp = '127.0.0.1', server main port = 8848}, error = unknown
2025-10-30 16:12:08.274 [com.alibaba.nacos.client.Worker] ERROR c.a.n.client.auth.impl.process.HttpLoginProcessor - [NacosClientAuthServiceImpl] login http request failed url: http://127.0.0.1:8848/nacos/v1/auth/users/login, params: {username=nacos}, bodyMap: {password=nacos}, errorMsg: Connection refused: no further information
2025-10-30 16:12:12.399 [com.alibaba.nacos.client.remote.worker] INFO  c.a.nacos.common.remote.client.grpc.GrpcClient - grpc client connection server:127.0.0.1 ip,serverPort:9848,grpcTslConfig:{"sslProvider":"OPENSSL","enableTls":false,"mutualAuthEnable":false,"trustAll":false}
2025-10-30 16:12:12.402 [com.alibaba.nacos.client.remote.worker] ERROR c.a.nacos.common.remote.client.grpc.GrpcClient - Server check fail, please check server 127.0.0.1 ,port 9848 is available , error ={}
java.util.concurrent.ExecutionException: com.alibaba.nacos.shaded.io.grpc.StatusRuntimeException: UNAVAILABLE: io exception
	at com.alibaba.nacos.shaded.com.google.common.util.concurrent.AbstractFuture.getDoneValue(AbstractFuture.java:566)
	at com.alibaba.nacos.shaded.com.google.common.util.concurrent.AbstractFuture.get(AbstractFuture.java:445)
	at com.alibaba.nacos.common.remote.client.grpc.GrpcClient.serverCheck(GrpcClient.java:218)
	at com.alibaba.nacos.common.remote.client.grpc.GrpcClient.connectToServer(GrpcClient.java:329)
	at com.alibaba.nacos.common.remote.client.RpcClient.reconnect(RpcClient.java:502)
	at com.alibaba.nacos.common.remote.client.RpcClient.lambda$start$2(RpcClient.java:343)
	at java.base/java.util.concurrent.Executors$RunnableAdapter.call(Executors.java:539)
	at java.base/java.util.concurrent.FutureTask.run(FutureTask.java:264)
	at java.base/java.util.concurrent.ScheduledThreadPoolExecutor$ScheduledFutureTask.run(ScheduledThreadPoolExecutor.java:304)
	at java.base/java.util.concurrent.ThreadPoolExecutor.runWorker(ThreadPoolExecutor.java:1136)
	at java.base/java.util.concurrent.ThreadPoolExecutor$Worker.run(ThreadPoolExecutor.java:635)
	at java.base/java.lang.Thread.run(Thread.java:842)
Caused by: com.alibaba.nacos.shaded.io.grpc.StatusRuntimeException: UNAVAILABLE: io exception
	at com.alibaba.nacos.shaded.io.grpc.Status.asRuntimeException(Status.java:539)
	at com.alibaba.nacos.shaded.io.grpc.stub.ClientCalls$UnaryStreamToFuture.onClose(ClientCalls.java:544)
	at com.alibaba.nacos.shaded.io.grpc.internal.DelayedClientCall$DelayedListener$3.run(DelayedClientCall.java:471)
	at com.alibaba.nacos.shaded.io.grpc.internal.DelayedClientCall$DelayedListener.delayOrExecute(DelayedClientCall.java:435)
	at com.alibaba.nacos.shaded.io.grpc.internal.DelayedClientCall$DelayedListener.onClose(DelayedClientCall.java:468)
	at com.alibaba.nacos.shaded.io.grpc.internal.ClientCallImpl.closeObserver(ClientCallImpl.java:563)
	at com.alibaba.nacos.shaded.io.grpc.internal.ClientCallImpl.access$300(ClientCallImpl.java:70)
	at com.alibaba.nacos.shaded.io.grpc.internal.ClientCallImpl$ClientStreamListenerImpl$1StreamClosed.runInternal(ClientCallImpl.java:744)
	at com.alibaba.nacos.shaded.io.grpc.internal.ClientCallImpl$ClientStreamListenerImpl$1StreamClosed.runInContext(ClientCallImpl.java:723)
	at com.alibaba.nacos.shaded.io.grpc.internal.ContextRunnable.run(ContextRunnable.java:37)
	at com.alibaba.nacos.shaded.io.grpc.internal.SerializingExecutor.run(SerializingExecutor.java:133)
	... 3 common frames omitted
Caused by: com.alibaba.nacos.shaded.io.grpc.netty.shaded.io.netty.channel.AbstractChannel$AnnotatedConnectException: Connection refused: no further information: /127.0.0.1:9848
Caused by: java.net.ConnectException: Connection refused: no further information
	at java.base/sun.nio.ch.Net.pollConnect(Native Method)
	at java.base/sun.nio.ch.Net.pollConnectNow(Net.java:672)
	at java.base/sun.nio.ch.SocketChannelImpl.finishConnect(SocketChannelImpl.java:946)
	at com.alibaba.nacos.shaded.io.grpc.netty.shaded.io.netty.channel.socket.nio.NioSocketChannel.doFinishConnect(NioSocketChannel.java:337)
	at com.alibaba.nacos.shaded.io.grpc.netty.shaded.io.netty.channel.nio.AbstractNioChannel$AbstractNioUnsafe.finishConnect(AbstractNioChannel.java:334)
	at com.alibaba.nacos.shaded.io.grpc.netty.shaded.io.netty.channel.nio.NioEventLoop.processSelectedKey(NioEventLoop.java:710)
	at com.alibaba.nacos.shaded.io.grpc.netty.shaded.io.netty.channel.nio.NioEventLoop.processSelectedKeysOptimized(NioEventLoop.java:658)
	at com.alibaba.nacos.shaded.io.grpc.netty.shaded.io.netty.channel.nio.NioEventLoop.processSelectedKeys(NioEventLoop.java:584)
	at com.alibaba.nacos.shaded.io.grpc.netty.shaded.io.netty.channel.nio.NioEventLoop.run(NioEventLoop.java:496)
	at com.alibaba.nacos.shaded.io.grpc.netty.shaded.io.netty.util.concurrent.SingleThreadEventExecutor$4.run(SingleThreadEventExecutor.java:997)
	at com.alibaba.nacos.shaded.io.grpc.netty.shaded.io.netty.util.internal.ThreadExecutorMap$2.run(ThreadExecutorMap.java:74)
	at com.alibaba.nacos.shaded.io.grpc.netty.shaded.io.netty.util.concurrent.FastThreadLocalRunnable.run(FastThreadLocalRunnable.java:30)
	at java.base/java.lang.Thread.run(Thread.java:842)
2025-10-30 16:12:12.402 [com.alibaba.nacos.client.remote.worker] INFO  com.alibaba.nacos.common.remote.client - [77bb8b38-8220-4fa9-84bf-ae133f9c9a09_config-0] Fail to connect server, after trying 42 times, last try server is {serverIp = '127.0.0.1', server main port = 8848}, error = unknown
2025-10-30 16:12:13.287 [com.alibaba.nacos.client.Worker] ERROR c.a.n.client.auth.impl.process.HttpLoginProcessor - [NacosClientAuthServiceImpl] login http request failed url: http://127.0.0.1:8848/nacos/v1/auth/users/login, params: {username=nacos}, bodyMap: {password=nacos}, errorMsg: Connection refused: no further information
2025-10-30 16:12:16.715 [com.alibaba.nacos.client.remote.worker] INFO  c.a.nacos.common.remote.client.grpc.GrpcClient - grpc client connection server:127.0.0.1 ip,serverPort:9848,grpcTslConfig:{"sslProvider":"OPENSSL","enableTls":false,"mutualAuthEnable":false,"trustAll":false}
2025-10-30 16:12:16.719 [com.alibaba.nacos.client.remote.worker] ERROR c.a.nacos.common.remote.client.grpc.GrpcClient - Server check fail, please check server 127.0.0.1 ,port 9848 is available , error ={}
java.util.concurrent.ExecutionException: com.alibaba.nacos.shaded.io.grpc.StatusRuntimeException: UNAVAILABLE: io exception
	at com.alibaba.nacos.shaded.com.google.common.util.concurrent.AbstractFuture.getDoneValue(AbstractFuture.java:566)
	at com.alibaba.nacos.shaded.com.google.common.util.concurrent.AbstractFuture.get(AbstractFuture.java:445)
	at com.alibaba.nacos.common.remote.client.grpc.GrpcClient.serverCheck(GrpcClient.java:218)
	at com.alibaba.nacos.common.remote.client.grpc.GrpcClient.connectToServer(GrpcClient.java:329)
	at com.alibaba.nacos.common.remote.client.RpcClient.reconnect(RpcClient.java:502)
	at com.alibaba.nacos.common.remote.client.RpcClient.lambda$start$2(RpcClient.java:343)
	at java.base/java.util.concurrent.Executors$RunnableAdapter.call(Executors.java:539)
	at java.base/java.util.concurrent.FutureTask.run(FutureTask.java:264)
	at java.base/java.util.concurrent.ScheduledThreadPoolExecutor$ScheduledFutureTask.run(ScheduledThreadPoolExecutor.java:304)
	at java.base/java.util.concurrent.ThreadPoolExecutor.runWorker(ThreadPoolExecutor.java:1136)
	at java.base/java.util.concurrent.ThreadPoolExecutor$Worker.run(ThreadPoolExecutor.java:635)
	at java.base/java.lang.Thread.run(Thread.java:842)
Caused by: com.alibaba.nacos.shaded.io.grpc.StatusRuntimeException: UNAVAILABLE: io exception
	at com.alibaba.nacos.shaded.io.grpc.Status.asRuntimeException(Status.java:539)
	at com.alibaba.nacos.shaded.io.grpc.stub.ClientCalls$UnaryStreamToFuture.onClose(ClientCalls.java:544)
	at com.alibaba.nacos.shaded.io.grpc.internal.DelayedClientCall$DelayedListener$3.run(DelayedClientCall.java:471)
	at com.alibaba.nacos.shaded.io.grpc.internal.DelayedClientCall$DelayedListener.delayOrExecute(DelayedClientCall.java:435)
	at com.alibaba.nacos.shaded.io.grpc.internal.DelayedClientCall$DelayedListener.onClose(DelayedClientCall.java:468)
	at com.alibaba.nacos.shaded.io.grpc.internal.ClientCallImpl.closeObserver(ClientCallImpl.java:563)
	at com.alibaba.nacos.shaded.io.grpc.internal.ClientCallImpl.access$300(ClientCallImpl.java:70)
	at com.alibaba.nacos.shaded.io.grpc.internal.ClientCallImpl$ClientStreamListenerImpl$1StreamClosed.runInternal(ClientCallImpl.java:744)
	at com.alibaba.nacos.shaded.io.grpc.internal.ClientCallImpl$ClientStreamListenerImpl$1StreamClosed.runInContext(ClientCallImpl.java:723)
	at com.alibaba.nacos.shaded.io.grpc.internal.ContextRunnable.run(ContextRunnable.java:37)
	at com.alibaba.nacos.shaded.io.grpc.internal.SerializingExecutor.run(SerializingExecutor.java:133)
	... 3 common frames omitted
Caused by: com.alibaba.nacos.shaded.io.grpc.netty.shaded.io.netty.channel.AbstractChannel$AnnotatedConnectException: Connection refused: no further information: /127.0.0.1:9848
Caused by: java.net.ConnectException: Connection refused: no further information
	at java.base/sun.nio.ch.Net.pollConnect(Native Method)
	at java.base/sun.nio.ch.Net.pollConnectNow(Net.java:672)
	at java.base/sun.nio.ch.SocketChannelImpl.finishConnect(SocketChannelImpl.java:946)
	at com.alibaba.nacos.shaded.io.grpc.netty.shaded.io.netty.channel.socket.nio.NioSocketChannel.doFinishConnect(NioSocketChannel.java:337)
	at com.alibaba.nacos.shaded.io.grpc.netty.shaded.io.netty.channel.nio.AbstractNioChannel$AbstractNioUnsafe.finishConnect(AbstractNioChannel.java:334)
	at com.alibaba.nacos.shaded.io.grpc.netty.shaded.io.netty.channel.nio.NioEventLoop.processSelectedKey(NioEventLoop.java:710)
	at com.alibaba.nacos.shaded.io.grpc.netty.shaded.io.netty.channel.nio.NioEventLoop.processSelectedKeysOptimized(NioEventLoop.java:658)
	at com.alibaba.nacos.shaded.io.grpc.netty.shaded.io.netty.channel.nio.NioEventLoop.processSelectedKeys(NioEventLoop.java:584)
	at com.alibaba.nacos.shaded.io.grpc.netty.shaded.io.netty.channel.nio.NioEventLoop.run(NioEventLoop.java:496)
	at com.alibaba.nacos.shaded.io.grpc.netty.shaded.io.netty.util.concurrent.SingleThreadEventExecutor$4.run(SingleThreadEventExecutor.java:997)
	at com.alibaba.nacos.shaded.io.grpc.netty.shaded.io.netty.util.internal.ThreadExecutorMap$2.run(ThreadExecutorMap.java:74)
	at com.alibaba.nacos.shaded.io.grpc.netty.shaded.io.netty.util.concurrent.FastThreadLocalRunnable.run(FastThreadLocalRunnable.java:30)
	at java.base/java.lang.Thread.run(Thread.java:842)
2025-10-30 16:12:16.720 [com.alibaba.nacos.client.remote.worker] INFO  com.alibaba.nacos.common.remote.client - [77bb8b38-8220-4fa9-84bf-ae133f9c9a09_config-0] Fail to connect server, after trying 43 times, last try server is {serverIp = '127.0.0.1', server main port = 8848}, error = unknown
2025-10-30 16:12:18.296 [com.alibaba.nacos.client.Worker] ERROR c.a.n.client.auth.impl.process.HttpLoginProcessor - [NacosClientAuthServiceImpl] login http request failed url: http://127.0.0.1:8848/nacos/v1/auth/users/login, params: {username=nacos}, bodyMap: {password=nacos}, errorMsg: Connection refused: no further information
2025-10-30 16:12:21.136 [com.alibaba.nacos.client.remote.worker] INFO  c.a.nacos.common.remote.client.grpc.GrpcClient - grpc client connection server:127.0.0.1 ip,serverPort:9848,grpcTslConfig:{"sslProvider":"OPENSSL","enableTls":false,"mutualAuthEnable":false,"trustAll":false}
2025-10-30 16:12:21.140 [com.alibaba.nacos.client.remote.worker] ERROR c.a.nacos.common.remote.client.grpc.GrpcClient - Server check fail, please check server 127.0.0.1 ,port 9848 is available , error ={}
java.util.concurrent.ExecutionException: com.alibaba.nacos.shaded.io.grpc.StatusRuntimeException: UNAVAILABLE: io exception
	at com.alibaba.nacos.shaded.com.google.common.util.concurrent.AbstractFuture.getDoneValue(AbstractFuture.java:566)
	at com.alibaba.nacos.shaded.com.google.common.util.concurrent.AbstractFuture.get(AbstractFuture.java:445)
	at com.alibaba.nacos.common.remote.client.grpc.GrpcClient.serverCheck(GrpcClient.java:218)
	at com.alibaba.nacos.common.remote.client.grpc.GrpcClient.connectToServer(GrpcClient.java:329)
	at com.alibaba.nacos.common.remote.client.RpcClient.reconnect(RpcClient.java:502)
	at com.alibaba.nacos.common.remote.client.RpcClient.lambda$start$2(RpcClient.java:343)
	at java.base/java.util.concurrent.Executors$RunnableAdapter.call(Executors.java:539)
	at java.base/java.util.concurrent.FutureTask.run(FutureTask.java:264)
	at java.base/java.util.concurrent.ScheduledThreadPoolExecutor$ScheduledFutureTask.run(ScheduledThreadPoolExecutor.java:304)
	at java.base/java.util.concurrent.ThreadPoolExecutor.runWorker(ThreadPoolExecutor.java:1136)
	at java.base/java.util.concurrent.ThreadPoolExecutor$Worker.run(ThreadPoolExecutor.java:635)
	at java.base/java.lang.Thread.run(Thread.java:842)
Caused by: com.alibaba.nacos.shaded.io.grpc.StatusRuntimeException: UNAVAILABLE: io exception
	at com.alibaba.nacos.shaded.io.grpc.Status.asRuntimeException(Status.java:539)
	at com.alibaba.nacos.shaded.io.grpc.stub.ClientCalls$UnaryStreamToFuture.onClose(ClientCalls.java:544)
	at com.alibaba.nacos.shaded.io.grpc.internal.DelayedClientCall$DelayedListener$3.run(DelayedClientCall.java:471)
	at com.alibaba.nacos.shaded.io.grpc.internal.DelayedClientCall$DelayedListener.delayOrExecute(DelayedClientCall.java:435)
	at com.alibaba.nacos.shaded.io.grpc.internal.DelayedClientCall$DelayedListener.onClose(DelayedClientCall.java:468)
	at com.alibaba.nacos.shaded.io.grpc.internal.ClientCallImpl.closeObserver(ClientCallImpl.java:563)
	at com.alibaba.nacos.shaded.io.grpc.internal.ClientCallImpl.access$300(ClientCallImpl.java:70)
	at com.alibaba.nacos.shaded.io.grpc.internal.ClientCallImpl$ClientStreamListenerImpl$1StreamClosed.runInternal(ClientCallImpl.java:744)
	at com.alibaba.nacos.shaded.io.grpc.internal.ClientCallImpl$ClientStreamListenerImpl$1StreamClosed.runInContext(ClientCallImpl.java:723)
	at com.alibaba.nacos.shaded.io.grpc.internal.ContextRunnable.run(ContextRunnable.java:37)
	at com.alibaba.nacos.shaded.io.grpc.internal.SerializingExecutor.run(SerializingExecutor.java:133)
	... 3 common frames omitted
Caused by: com.alibaba.nacos.shaded.io.grpc.netty.shaded.io.netty.channel.AbstractChannel$AnnotatedConnectException: Connection refused: no further information: /127.0.0.1:9848
Caused by: java.net.ConnectException: Connection refused: no further information
	at java.base/sun.nio.ch.Net.pollConnect(Native Method)
	at java.base/sun.nio.ch.Net.pollConnectNow(Net.java:672)
	at java.base/sun.nio.ch.SocketChannelImpl.finishConnect(SocketChannelImpl.java:946)
	at com.alibaba.nacos.shaded.io.grpc.netty.shaded.io.netty.channel.socket.nio.NioSocketChannel.doFinishConnect(NioSocketChannel.java:337)
	at com.alibaba.nacos.shaded.io.grpc.netty.shaded.io.netty.channel.nio.AbstractNioChannel$AbstractNioUnsafe.finishConnect(AbstractNioChannel.java:334)
	at com.alibaba.nacos.shaded.io.grpc.netty.shaded.io.netty.channel.nio.NioEventLoop.processSelectedKey(NioEventLoop.java:710)
	at com.alibaba.nacos.shaded.io.grpc.netty.shaded.io.netty.channel.nio.NioEventLoop.processSelectedKeysOptimized(NioEventLoop.java:658)
	at com.alibaba.nacos.shaded.io.grpc.netty.shaded.io.netty.channel.nio.NioEventLoop.processSelectedKeys(NioEventLoop.java:584)
	at com.alibaba.nacos.shaded.io.grpc.netty.shaded.io.netty.channel.nio.NioEventLoop.run(NioEventLoop.java:496)
	at com.alibaba.nacos.shaded.io.grpc.netty.shaded.io.netty.util.concurrent.SingleThreadEventExecutor$4.run(SingleThreadEventExecutor.java:997)
	at com.alibaba.nacos.shaded.io.grpc.netty.shaded.io.netty.util.internal.ThreadExecutorMap$2.run(ThreadExecutorMap.java:74)
	at com.alibaba.nacos.shaded.io.grpc.netty.shaded.io.netty.util.concurrent.FastThreadLocalRunnable.run(FastThreadLocalRunnable.java:30)
	at java.base/java.lang.Thread.run(Thread.java:842)
2025-10-30 16:12:21.141 [com.alibaba.nacos.client.remote.worker] INFO  com.alibaba.nacos.common.remote.client - [77bb8b38-8220-4fa9-84bf-ae133f9c9a09_config-0] Fail to connect server, after trying 44 times, last try server is {serverIp = '127.0.0.1', server main port = 8848}, error = unknown
2025-10-30 16:12:23.308 [com.alibaba.nacos.client.Worker] ERROR c.a.n.client.auth.impl.process.HttpLoginProcessor - [NacosClientAuthServiceImpl] login http request failed url: http://127.0.0.1:8848/nacos/v1/auth/users/login, params: {username=nacos}, bodyMap: {password=nacos}, errorMsg: Connection refused: no further information
2025-10-30 16:12:25.660 [com.alibaba.nacos.client.remote.worker] INFO  c.a.nacos.common.remote.client.grpc.GrpcClient - grpc client connection server:127.0.0.1 ip,serverPort:9848,grpcTslConfig:{"sslProvider":"OPENSSL","enableTls":false,"mutualAuthEnable":false,"trustAll":false}
2025-10-30 16:12:25.664 [com.alibaba.nacos.client.remote.worker] ERROR c.a.nacos.common.remote.client.grpc.GrpcClient - Server check fail, please check server 127.0.0.1 ,port 9848 is available , error ={}
java.util.concurrent.ExecutionException: com.alibaba.nacos.shaded.io.grpc.StatusRuntimeException: UNAVAILABLE: io exception
	at com.alibaba.nacos.shaded.com.google.common.util.concurrent.AbstractFuture.getDoneValue(AbstractFuture.java:566)
	at com.alibaba.nacos.shaded.com.google.common.util.concurrent.AbstractFuture.get(AbstractFuture.java:445)
	at com.alibaba.nacos.common.remote.client.grpc.GrpcClient.serverCheck(GrpcClient.java:218)
	at com.alibaba.nacos.common.remote.client.grpc.GrpcClient.connectToServer(GrpcClient.java:329)
	at com.alibaba.nacos.common.remote.client.RpcClient.reconnect(RpcClient.java:502)
	at com.alibaba.nacos.common.remote.client.RpcClient.lambda$start$2(RpcClient.java:343)
	at java.base/java.util.concurrent.Executors$RunnableAdapter.call(Executors.java:539)
	at java.base/java.util.concurrent.FutureTask.run(FutureTask.java:264)
	at java.base/java.util.concurrent.ScheduledThreadPoolExecutor$ScheduledFutureTask.run(ScheduledThreadPoolExecutor.java:304)
	at java.base/java.util.concurrent.ThreadPoolExecutor.runWorker(ThreadPoolExecutor.java:1136)
	at java.base/java.util.concurrent.ThreadPoolExecutor$Worker.run(ThreadPoolExecutor.java:635)
	at java.base/java.lang.Thread.run(Thread.java:842)
Caused by: com.alibaba.nacos.shaded.io.grpc.StatusRuntimeException: UNAVAILABLE: io exception
	at com.alibaba.nacos.shaded.io.grpc.Status.asRuntimeException(Status.java:539)
	at com.alibaba.nacos.shaded.io.grpc.stub.ClientCalls$UnaryStreamToFuture.onClose(ClientCalls.java:544)
	at com.alibaba.nacos.shaded.io.grpc.internal.DelayedClientCall$DelayedListener$3.run(DelayedClientCall.java:471)
	at com.alibaba.nacos.shaded.io.grpc.internal.DelayedClientCall$DelayedListener.delayOrExecute(DelayedClientCall.java:435)
	at com.alibaba.nacos.shaded.io.grpc.internal.DelayedClientCall$DelayedListener.onClose(DelayedClientCall.java:468)
	at com.alibaba.nacos.shaded.io.grpc.internal.ClientCallImpl.closeObserver(ClientCallImpl.java:563)
	at com.alibaba.nacos.shaded.io.grpc.internal.ClientCallImpl.access$300(ClientCallImpl.java:70)
	at com.alibaba.nacos.shaded.io.grpc.internal.ClientCallImpl$ClientStreamListenerImpl$1StreamClosed.runInternal(ClientCallImpl.java:744)
	at com.alibaba.nacos.shaded.io.grpc.internal.ClientCallImpl$ClientStreamListenerImpl$1StreamClosed.runInContext(ClientCallImpl.java:723)
	at com.alibaba.nacos.shaded.io.grpc.internal.ContextRunnable.run(ContextRunnable.java:37)
	at com.alibaba.nacos.shaded.io.grpc.internal.SerializingExecutor.run(SerializingExecutor.java:133)
	... 3 common frames omitted
Caused by: com.alibaba.nacos.shaded.io.grpc.netty.shaded.io.netty.channel.AbstractChannel$AnnotatedConnectException: Connection refused: no further information: /127.0.0.1:9848
Caused by: java.net.ConnectException: Connection refused: no further information
	at java.base/sun.nio.ch.Net.pollConnect(Native Method)
	at java.base/sun.nio.ch.Net.pollConnectNow(Net.java:672)
	at java.base/sun.nio.ch.SocketChannelImpl.finishConnect(SocketChannelImpl.java:946)
	at com.alibaba.nacos.shaded.io.grpc.netty.shaded.io.netty.channel.socket.nio.NioSocketChannel.doFinishConnect(NioSocketChannel.java:337)
	at com.alibaba.nacos.shaded.io.grpc.netty.shaded.io.netty.channel.nio.AbstractNioChannel$AbstractNioUnsafe.finishConnect(AbstractNioChannel.java:334)
	at com.alibaba.nacos.shaded.io.grpc.netty.shaded.io.netty.channel.nio.NioEventLoop.processSelectedKey(NioEventLoop.java:710)
	at com.alibaba.nacos.shaded.io.grpc.netty.shaded.io.netty.channel.nio.NioEventLoop.processSelectedKeysOptimized(NioEventLoop.java:658)
	at com.alibaba.nacos.shaded.io.grpc.netty.shaded.io.netty.channel.nio.NioEventLoop.processSelectedKeys(NioEventLoop.java:584)
	at com.alibaba.nacos.shaded.io.grpc.netty.shaded.io.netty.channel.nio.NioEventLoop.run(NioEventLoop.java:496)
	at com.alibaba.nacos.shaded.io.grpc.netty.shaded.io.netty.util.concurrent.SingleThreadEventExecutor$4.run(SingleThreadEventExecutor.java:997)
	at com.alibaba.nacos.shaded.io.grpc.netty.shaded.io.netty.util.internal.ThreadExecutorMap$2.run(ThreadExecutorMap.java:74)
	at com.alibaba.nacos.shaded.io.grpc.netty.shaded.io.netty.util.concurrent.FastThreadLocalRunnable.run(FastThreadLocalRunnable.java:30)
	at java.base/java.lang.Thread.run(Thread.java:842)
2025-10-30 16:12:25.664 [com.alibaba.nacos.client.remote.worker] INFO  com.alibaba.nacos.common.remote.client - [77bb8b38-8220-4fa9-84bf-ae133f9c9a09_config-0] Fail to connect server, after trying 45 times, last try server is {serverIp = '127.0.0.1', server main port = 8848}, error = unknown
2025-10-30 16:12:28.323 [com.alibaba.nacos.client.Worker] ERROR c.a.n.client.auth.impl.process.HttpLoginProcessor - [NacosClientAuthServiceImpl] login http request failed url: http://127.0.0.1:8848/nacos/v1/auth/users/login, params: {username=nacos}, bodyMap: {password=nacos}, errorMsg: Connection refused: no further information
2025-10-30 16:12:30.278 [com.alibaba.nacos.client.remote.worker] INFO  c.a.nacos.common.remote.client.grpc.GrpcClient - grpc client connection server:127.0.0.1 ip,serverPort:9848,grpcTslConfig:{"sslProvider":"OPENSSL","enableTls":false,"mutualAuthEnable":false,"trustAll":false}
2025-10-30 16:12:30.432 [com.alibaba.nacos.client.remote.worker] INFO  com.alibaba.nacos.common.remote.client - [77bb8b38-8220-4fa9-84bf-ae133f9c9a09_config-0] Success to connect a server [127.0.0.1:8848], connectionId = 1761811950286_127.0.0.1_5912
2025-10-30 16:12:30.432 [com.alibaba.nacos.client.remote.worker] INFO  com.alibaba.nacos.common.remote.client - [77bb8b38-8220-4fa9-84bf-ae133f9c9a09_config-0] Abandon prev connection, server is 127.0.0.1:8848, connectionId is 1761811691343_127.0.0.1_5614
2025-10-30 16:12:30.432 [com.alibaba.nacos.client.remote.worker] INFO  com.alibaba.nacos.common.remote.client - Close current connection 1761811691343_127.0.0.1_5614
2025-10-30 16:12:30.432 [com.alibaba.nacos.client.remote.worker] INFO  com.alibaba.nacos.common.remote.client - [77bb8b38-8220-4fa9-84bf-ae133f9c9a09_config-0] Notify disconnected event to listeners
2025-10-30 16:12:30.432 [com.alibaba.nacos.client.remote.worker] INFO  com.alibaba.nacos.client.config.impl.ClientWorker - [77bb8b38-8220-4fa9-84bf-ae133f9c9a09_config-0] DisConnected,clear listen context...
2025-10-30 16:12:30.432 [com.alibaba.nacos.client.remote.worker] INFO  com.alibaba.nacos.common.remote.client - [77bb8b38-8220-4fa9-84bf-ae133f9c9a09_config-0] Notify connected event to listeners.
2025-10-30 16:12:30.432 [com.alibaba.nacos.client.remote.worker] INFO  com.alibaba.nacos.client.config.impl.ClientWorker - [77bb8b38-8220-4fa9-84bf-ae133f9c9a09_config-0] Connected,notify listen context...
2025-10-30 16:12:33.517 [com.alibaba.nacos.client.Worker] ERROR c.a.n.client.auth.impl.process.HttpLoginProcessor - login failed: {"code":500,"message":"caused: nacos;","header":{"header":{"Accept-Charset":"UTF-8","Connection":"close","Content-Length":"14","Content-Security-Policy":"script-src 'self'","Content-Type":"text/plain;charset=UTF-8","Date":"Thu, 30 Oct 2025 08:12:33 GMT","Vary":"Access-Control-Request-Headers"},"originalResponseHeader":{"Connection":["close"],"Content-Length":["14"],"Content-Security-Policy":["script-src 'self'"],"Content-Type":["text/plain;charset=UTF-8"],"Date":["Thu, 30 Oct 2025 08:12:33 GMT"],"Vary":["Access-Control-Request-Headers","Access-Control-Request-Method","Origin"]},"charset":"UTF-8"}}
2025-10-30 16:12:38.597 [com.alibaba.nacos.client.Worker] ERROR c.a.n.client.auth.impl.process.HttpLoginProcessor - login failed: {"code":500,"message":"caused: Cannot invoke \"com.alibaba.nacos.plugin.auth.impl.jwt.NacosJwtParser.getExpireTimeInSeconds(String)\" because \"this.jwtParser\" is null;","header":{"header":{"Accept-Charset":"UTF-8","Authorization":"Bearer","Connection":"close","Content-Length":"142","Content-Security-Policy":"script-src 'self'","Content-Type":"text/plain;charset=UTF-8","Date":"Thu, 30 Oct 2025 08:12:38 GMT","Vary":"Access-Control-Request-Headers"},"originalResponseHeader":{"Authorization":["Bearer"],"Connection":["close"],"Content-Length":["142"],"Content-Security-Policy":["script-src 'self'"],"Content-Type":["text/plain;charset=UTF-8"],"Date":["Thu, 30 Oct 2025 08:12:38 GMT"],"Vary":["Access-Control-Request-Headers","Access-Control-Request-Method","Origin"]},"charset":"UTF-8"}}
2025-10-30 16:12:43.687 [com.alibaba.nacos.client.Worker] ERROR c.a.n.client.auth.impl.process.HttpLoginProcessor - login failed: {"code":500,"message":"caused: Cannot invoke \"com.alibaba.nacos.plugin.auth.impl.jwt.NacosJwtParser.getExpireTimeInSeconds(String)\" because \"this.jwtParser\" is null;","header":{"header":{"Accept-Charset":"UTF-8","Authorization":"Bearer","Connection":"close","Content-Length":"142","Content-Security-Policy":"script-src 'self'","Content-Type":"text/plain;charset=UTF-8","Date":"Thu, 30 Oct 2025 08:12:43 GMT","Vary":"Access-Control-Request-Headers"},"originalResponseHeader":{"Authorization":["Bearer"],"Connection":["close"],"Content-Length":["142"],"Content-Security-Policy":["script-src 'self'"],"Content-Type":["text/plain;charset=UTF-8"],"Date":["Thu, 30 Oct 2025 08:12:43 GMT"],"Vary":["Access-Control-Request-Headers","Access-Control-Request-Method","Origin"]},"charset":"UTF-8"}}
2025-10-30 16:12:48.749 [com.alibaba.nacos.client.Worker] ERROR c.a.n.client.auth.impl.process.HttpLoginProcessor - login failed: {"code":500,"message":"caused: Cannot invoke \"com.alibaba.nacos.plugin.auth.impl.jwt.NacosJwtParser.getExpireTimeInSeconds(String)\" because \"this.jwtParser\" is null;","header":{"header":{"Accept-Charset":"UTF-8","Authorization":"Bearer","Connection":"close","Content-Length":"142","Content-Security-Policy":"script-src 'self'","Content-Type":"text/plain;charset=UTF-8","Date":"Thu, 30 Oct 2025 08:12:48 GMT","Vary":"Access-Control-Request-Headers"},"originalResponseHeader":{"Authorization":["Bearer"],"Connection":["close"],"Content-Length":["142"],"Content-Security-Policy":["script-src 'self'"],"Content-Type":["text/plain;charset=UTF-8"],"Date":["Thu, 30 Oct 2025 08:12:48 GMT"],"Vary":["Access-Control-Request-Headers","Access-Control-Request-Method","Origin"]},"charset":"UTF-8"}}
2025-10-30 16:12:53.833 [com.alibaba.nacos.client.Worker] ERROR c.a.n.client.auth.impl.process.HttpLoginProcessor - login failed: {"code":500,"message":"caused: Cannot invoke \"com.alibaba.nacos.plugin.auth.impl.jwt.NacosJwtParser.getExpireTimeInSeconds(String)\" because \"this.jwtParser\" is null;","header":{"header":{"Accept-Charset":"UTF-8","Authorization":"Bearer","Connection":"close","Content-Length":"142","Content-Security-Policy":"script-src 'self'","Content-Type":"text/plain;charset=UTF-8","Date":"Thu, 30 Oct 2025 08:12:53 GMT","Vary":"Access-Control-Request-Headers"},"originalResponseHeader":{"Authorization":["Bearer"],"Connection":["close"],"Content-Length":["142"],"Content-Security-Policy":["script-src 'self'"],"Content-Type":["text/plain;charset=UTF-8"],"Date":["Thu, 30 Oct 2025 08:12:53 GMT"],"Vary":["Access-Control-Request-Headers","Access-Control-Request-Method","Origin"]},"charset":"UTF-8"}}
2025-10-30 16:12:58.903 [com.alibaba.nacos.client.Worker] ERROR c.a.n.client.auth.impl.process.HttpLoginProcessor - login failed: {"code":500,"message":"caused: Cannot invoke \"com.alibaba.nacos.plugin.auth.impl.jwt.NacosJwtParser.getExpireTimeInSeconds(String)\" because \"this.jwtParser\" is null;","header":{"header":{"Accept-Charset":"UTF-8","Authorization":"Bearer","Connection":"close","Content-Length":"142","Content-Security-Policy":"script-src 'self'","Content-Type":"text/plain;charset=UTF-8","Date":"Thu, 30 Oct 2025 08:12:58 GMT","Vary":"Access-Control-Request-Headers"},"originalResponseHeader":{"Authorization":["Bearer"],"Connection":["close"],"Content-Length":["142"],"Content-Security-Policy":["script-src 'self'"],"Content-Type":["text/plain;charset=UTF-8"],"Date":["Thu, 30 Oct 2025 08:12:58 GMT"],"Vary":["Access-Control-Request-Headers","Access-Control-Request-Method","Origin"]},"charset":"UTF-8"}}
2025-10-30 16:13:03.984 [com.alibaba.nacos.client.Worker] ERROR c.a.n.client.auth.impl.process.HttpLoginProcessor - login failed: {"code":500,"message":"caused: Cannot invoke \"com.alibaba.nacos.plugin.auth.impl.jwt.NacosJwtParser.getExpireTimeInSeconds(String)\" because \"this.jwtParser\" is null;","header":{"header":{"Accept-Charset":"UTF-8","Authorization":"Bearer","Connection":"close","Content-Length":"142","Content-Security-Policy":"script-src 'self'","Content-Type":"text/plain;charset=UTF-8","Date":"Thu, 30 Oct 2025 08:13:03 GMT","Vary":"Access-Control-Request-Headers"},"originalResponseHeader":{"Authorization":["Bearer"],"Connection":["close"],"Content-Length":["142"],"Content-Security-Policy":["script-src 'self'"],"Content-Type":["text/plain;charset=UTF-8"],"Date":["Thu, 30 Oct 2025 08:13:03 GMT"],"Vary":["Access-Control-Request-Headers","Access-Control-Request-Method","Origin"]},"charset":"UTF-8"}}
2025-10-30 16:13:09.073 [com.alibaba.nacos.client.Worker] ERROR c.a.n.client.auth.impl.process.HttpLoginProcessor - login failed: {"code":500,"message":"caused: Cannot invoke \"com.alibaba.nacos.plugin.auth.impl.jwt.NacosJwtParser.getExpireTimeInSeconds(String)\" because \"this.jwtParser\" is null;","header":{"header":{"Accept-Charset":"UTF-8","Authorization":"Bearer","Connection":"close","Content-Length":"142","Content-Security-Policy":"script-src 'self'","Content-Type":"text/plain;charset=UTF-8","Date":"Thu, 30 Oct 2025 08:13:09 GMT","Vary":"Access-Control-Request-Headers"},"originalResponseHeader":{"Authorization":["Bearer"],"Connection":["close"],"Content-Length":["142"],"Content-Security-Policy":["script-src 'self'"],"Content-Type":["text/plain;charset=UTF-8"],"Date":["Thu, 30 Oct 2025 08:13:09 GMT"],"Vary":["Access-Control-Request-Headers","Access-Control-Request-Method","Origin"]},"charset":"UTF-8"}}
2025-10-30 16:13:14.149 [com.alibaba.nacos.client.Worker] ERROR c.a.n.client.auth.impl.process.HttpLoginProcessor - login failed: {"code":500,"message":"caused: Cannot invoke \"com.alibaba.nacos.plugin.auth.impl.jwt.NacosJwtParser.getExpireTimeInSeconds(String)\" because \"this.jwtParser\" is null;","header":{"header":{"Accept-Charset":"UTF-8","Authorization":"Bearer","Connection":"close","Content-Length":"142","Content-Security-Policy":"script-src 'self'","Content-Type":"text/plain;charset=UTF-8","Date":"Thu, 30 Oct 2025 08:13:14 GMT","Vary":"Access-Control-Request-Headers"},"originalResponseHeader":{"Authorization":["Bearer"],"Connection":["close"],"Content-Length":["142"],"Content-Security-Policy":["script-src 'self'"],"Content-Type":["text/plain;charset=UTF-8"],"Date":["Thu, 30 Oct 2025 08:13:14 GMT"],"Vary":["Access-Control-Request-Headers","Access-Control-Request-Method","Origin"]},"charset":"UTF-8"}}
2025-10-30 16:13:19.224 [com.alibaba.nacos.client.Worker] ERROR c.a.n.client.auth.impl.process.HttpLoginProcessor - login failed: {"code":500,"message":"caused: Cannot invoke \"com.alibaba.nacos.plugin.auth.impl.jwt.NacosJwtParser.getExpireTimeInSeconds(String)\" because \"this.jwtParser\" is null;","header":{"header":{"Accept-Charset":"UTF-8","Authorization":"Bearer","Connection":"close","Content-Length":"142","Content-Security-Policy":"script-src 'self'","Content-Type":"text/plain;charset=UTF-8","Date":"Thu, 30 Oct 2025 08:13:19 GMT","Vary":"Access-Control-Request-Headers"},"originalResponseHeader":{"Authorization":["Bearer"],"Connection":["close"],"Content-Length":["142"],"Content-Security-Policy":["script-src 'self'"],"Content-Type":["text/plain;charset=UTF-8"],"Date":["Thu, 30 Oct 2025 08:13:19 GMT"],"Vary":["Access-Control-Request-Headers","Access-Control-Request-Method","Origin"]},"charset":"UTF-8"}}
2025-10-30 16:13:24.399 [com.alibaba.nacos.client.Worker] ERROR c.a.n.client.auth.impl.process.HttpLoginProcessor - login failed: {"code":500,"message":"caused: Cannot invoke \"com.alibaba.nacos.plugin.auth.impl.jwt.NacosJwtParser.getExpireTimeInSeconds(String)\" because \"this.jwtParser\" is null;","header":{"header":{"Accept-Charset":"UTF-8","Authorization":"Bearer","Connection":"close","Content-Length":"142","Content-Security-Policy":"script-src 'self'","Content-Type":"text/plain;charset=UTF-8","Date":"Thu, 30 Oct 2025 08:13:24 GMT","Vary":"Access-Control-Request-Headers"},"originalResponseHeader":{"Authorization":["Bearer"],"Connection":["close"],"Content-Length":["142"],"Content-Security-Policy":["script-src 'self'"],"Content-Type":["text/plain;charset=UTF-8"],"Date":["Thu, 30 Oct 2025 08:13:24 GMT"],"Vary":["Access-Control-Request-Headers","Access-Control-Request-Method","Origin"]},"charset":"UTF-8"}}
2025-10-30 16:13:29.485 [com.alibaba.nacos.client.Worker] ERROR c.a.n.client.auth.impl.process.HttpLoginProcessor - login failed: {"code":500,"message":"caused: Cannot invoke \"com.alibaba.nacos.plugin.auth.impl.jwt.NacosJwtParser.getExpireTimeInSeconds(String)\" because \"this.jwtParser\" is null;","header":{"header":{"Accept-Charset":"UTF-8","Authorization":"Bearer","Connection":"close","Content-Length":"142","Content-Security-Policy":"script-src 'self'","Content-Type":"text/plain;charset=UTF-8","Date":"Thu, 30 Oct 2025 08:13:29 GMT","Vary":"Access-Control-Request-Headers"},"originalResponseHeader":{"Authorization":["Bearer"],"Connection":["close"],"Content-Length":["142"],"Content-Security-Policy":["script-src 'self'"],"Content-Type":["text/plain;charset=UTF-8"],"Date":["Thu, 30 Oct 2025 08:13:29 GMT"],"Vary":["Access-Control-Request-Headers","Access-Control-Request-Method","Origin"]},"charset":"UTF-8"}}
2025-10-30 16:13:34.578 [com.alibaba.nacos.client.Worker] ERROR c.a.n.client.auth.impl.process.HttpLoginProcessor - login failed: {"code":500,"message":"caused: Cannot invoke \"com.alibaba.nacos.plugin.auth.impl.jwt.NacosJwtParser.getExpireTimeInSeconds(String)\" because \"this.jwtParser\" is null;","header":{"header":{"Accept-Charset":"UTF-8","Authorization":"Bearer","Connection":"close","Content-Length":"142","Content-Security-Policy":"script-src 'self'","Content-Type":"text/plain;charset=UTF-8","Date":"Thu, 30 Oct 2025 08:13:34 GMT","Vary":"Access-Control-Request-Headers"},"originalResponseHeader":{"Authorization":["Bearer"],"Connection":["close"],"Content-Length":["142"],"Content-Security-Policy":["script-src 'self'"],"Content-Type":["text/plain;charset=UTF-8"],"Date":["Thu, 30 Oct 2025 08:13:34 GMT"],"Vary":["Access-Control-Request-Headers","Access-Control-Request-Method","Origin"]},"charset":"UTF-8"}}
2025-10-30 16:13:39.657 [com.alibaba.nacos.client.Worker] ERROR c.a.n.client.auth.impl.process.HttpLoginProcessor - login failed: {"code":500,"message":"caused: Cannot invoke \"com.alibaba.nacos.plugin.auth.impl.jwt.NacosJwtParser.getExpireTimeInSeconds(String)\" because \"this.jwtParser\" is null;","header":{"header":{"Accept-Charset":"UTF-8","Authorization":"Bearer","Connection":"close","Content-Length":"142","Content-Security-Policy":"script-src 'self'","Content-Type":"text/plain;charset=UTF-8","Date":"Thu, 30 Oct 2025 08:13:39 GMT","Vary":"Access-Control-Request-Headers"},"originalResponseHeader":{"Authorization":["Bearer"],"Connection":["close"],"Content-Length":["142"],"Content-Security-Policy":["script-src 'self'"],"Content-Type":["text/plain;charset=UTF-8"],"Date":["Thu, 30 Oct 2025 08:13:39 GMT"],"Vary":["Access-Control-Request-Headers","Access-Control-Request-Method","Origin"]},"charset":"UTF-8"}}
2025-10-30 16:13:44.735 [com.alibaba.nacos.client.Worker] ERROR c.a.n.client.auth.impl.process.HttpLoginProcessor - login failed: {"code":500,"message":"caused: Cannot invoke \"com.alibaba.nacos.plugin.auth.impl.jwt.NacosJwtParser.getExpireTimeInSeconds(String)\" because \"this.jwtParser\" is null;","header":{"header":{"Accept-Charset":"UTF-8","Authorization":"Bearer","Connection":"close","Content-Length":"142","Content-Security-Policy":"script-src 'self'","Content-Type":"text/plain;charset=UTF-8","Date":"Thu, 30 Oct 2025 08:13:44 GMT","Vary":"Access-Control-Request-Headers"},"originalResponseHeader":{"Authorization":["Bearer"],"Connection":["close"],"Content-Length":["142"],"Content-Security-Policy":["script-src 'self'"],"Content-Type":["text/plain;charset=UTF-8"],"Date":["Thu, 30 Oct 2025 08:13:44 GMT"],"Vary":["Access-Control-Request-Headers","Access-Control-Request-Method","Origin"]},"charset":"UTF-8"}}
2025-10-30 16:13:49.810 [com.alibaba.nacos.client.Worker] ERROR c.a.n.client.auth.impl.process.HttpLoginProcessor - login failed: {"code":500,"message":"caused: Cannot invoke \"com.alibaba.nacos.plugin.auth.impl.jwt.NacosJwtParser.getExpireTimeInSeconds(String)\" because \"this.jwtParser\" is null;","header":{"header":{"Accept-Charset":"UTF-8","Authorization":"Bearer","Connection":"close","Content-Length":"142","Content-Security-Policy":"script-src 'self'","Content-Type":"text/plain;charset=UTF-8","Date":"Thu, 30 Oct 2025 08:13:49 GMT","Vary":"Access-Control-Request-Headers"},"originalResponseHeader":{"Authorization":["Bearer"],"Connection":["close"],"Content-Length":["142"],"Content-Security-Policy":["script-src 'self'"],"Content-Type":["text/plain;charset=UTF-8"],"Date":["Thu, 30 Oct 2025 08:13:49 GMT"],"Vary":["Access-Control-Request-Headers","Access-Control-Request-Method","Origin"]},"charset":"UTF-8"}}
2025-10-30 16:13:58.723 [main] WARN  com.alibaba.nacos.client.logging.NacosLogging - Load Logback Configuration of Nacos fail, message: Could not initialize Logback Nacos logging from classpath:nacos-logback.xml
2025-10-30 16:13:58.766 [main] WARN  com.alibaba.nacos.client.logging.NacosLogging - Load Logback Configuration of Nacos fail, message: Could not initialize Logback Nacos logging from classpath:nacos-logback.xml
2025-10-30 16:13:58.768 [main] INFO  c.q.xiaohashu.auth.XiaohashuAuthApplication - Starting XiaohashuAuthApplication using Java 17.0.12 with PID 21312 (E:\xiaohashu\xiaohashu-auth\target\classes started by hp in E:\xiaohashu)
2025-10-30 16:13:58.769 [main] INFO  c.q.xiaohashu.auth.XiaohashuAuthApplication - The following 1 profile is active: "dev"
2025-10-30 16:13:58.795 [main] WARN  c.a.cloud.nacos.configdata.NacosConfigDataLoader - [Nacos Config] config[dataId=xiaohashu-auth.yaml, group=DEFAULT_GROUP] is empty
2025-10-30 16:13:59.191 [main] INFO  o.s.d.r.config.RepositoryConfigurationDelegate - Multiple Spring Data modules found, entering strict repository configuration mode
2025-10-30 16:13:59.192 [main] INFO  o.s.d.r.config.RepositoryConfigurationDelegate - Bootstrapping Spring Data Redis repositories in DEFAULT mode.
2025-10-30 16:13:59.208 [main] INFO  o.s.d.r.config.RepositoryConfigurationDelegate - Finished Spring Data repository scanning in 9 ms. Found 0 Redis repository interfaces.
2025-10-30 16:13:59.316 [main] INFO  o.springframework.cloud.context.scope.GenericScope - BeanFactory id=fa683bda-48a7-3917-bdde-2689ed3a82b3
2025-10-30 16:13:59.567 [main] INFO  o.s.boot.web.embedded.tomcat.TomcatWebServer - Tomcat initialized with port(s): 8080 (http)
2025-10-30 16:13:59.572 [main] INFO  org.apache.catalina.core.StandardService - Starting service [Tomcat]
2025-10-30 16:13:59.572 [main] INFO  org.apache.catalina.core.StandardEngine - Starting Servlet engine: [Apache Tomcat/10.1.5]
2025-10-30 16:13:59.638 [main] INFO  o.a.c.core.ContainerBase.[Tomcat].[localhost].[/] - Initializing Spring embedded WebApplicationContext
2025-10-30 16:13:59.638 [main] INFO  o.s.b.w.s.c.ServletWebServerApplicationContext - Root WebApplicationContext: initialization completed in 841 ms
2025-10-30 16:13:59.707 [main] INFO  c.a.d.s.b.a.DruidDataSourceAutoConfigure - Init DruidDataSource
2025-10-30 16:13:59.874 [main] INFO  com.alibaba.druid.pool.DruidDataSource - {dataSource-1} inited
2025-10-30 16:14:01.588 [main] INFO  org.springframework.cloud.commons.util.InetUtils - Cannot determine local hostname
2025-10-30 16:14:01.628 [main] INFO  o.s.boot.web.embedded.tomcat.TomcatWebServer - Tomcat started on port(s): 8080 (http) with context path ''
2025-10-30 16:14:02.803 [main] INFO  org.springframework.cloud.commons.util.InetUtils - Cannot determine local hostname
2025-10-30 16:14:02.809 [main] INFO  c.q.xiaohashu.auth.XiaohashuAuthApplication - Started XiaohashuAuthApplication in 6.335 seconds (process running for 6.801)
2025-10-30 16:14:02.810 [main] INFO  c.q.x.auth.runner.PushRolePermissions2RedisRunner - ==> 服务启动，开始同步角色权限数据到 Redis 中...
2025-10-30 16:14:03.060 [main] WARN  c.q.x.auth.runner.PushRolePermissions2RedisRunner - ==> 角色权限数据已经同步至 Redis 中，不再同步...
2025-10-30 16:14:03.062 [main] INFO  com.alibaba.nacos.client.config.impl.CacheData - nacos.cache.data.init.snapshot = true 
2025-10-30 16:14:03.062 [main] INFO  com.alibaba.nacos.client.config.impl.ClientWorker - [fixed-127.0.0.1_8848] [subscribe] xiaohashu-auth.yaml+DEFAULT_GROUP
2025-10-30 16:14:03.065 [main] INFO  com.alibaba.nacos.client.config.impl.CacheData - [fixed-127.0.0.1_8848] [add-listener] ok, tenant=, dataId=xiaohashu-auth.yaml, group=DEFAULT_GROUP, cnt=1
2025-10-30 16:14:03.065 [main] INFO  c.a.cloud.nacos.refresh.NacosContextRefresher - [Nacos Config] Listening config: dataId=xiaohashu-auth.yaml, group=DEFAULT_GROUP
2025-10-30 16:14:11.810 [http-nio-8080-exec-2] INFO  o.a.c.core.ContainerBase.[Tomcat].[localhost].[/] - Initializing Spring DispatcherServlet 'dispatcherServlet'
2025-10-30 16:14:11.810 [http-nio-8080-exec-2] INFO  org.springframework.web.servlet.DispatcherServlet - Initializing Servlet 'dispatcherServlet'
2025-10-30 16:14:11.811 [http-nio-8080-exec-2] INFO  org.springframework.web.servlet.DispatcherServlet - Completed initialization in 1 ms
2025-10-30 16:14:11.825 [http-nio-8080-exec-2] INFO  c.q.xiaohashu.auth.controller.TestController - 当前限流阈值: 100
2025-10-30 16:14:42.950 [http-nio-8080-exec-7] INFO  c.q.xiaohashu.auth.controller.TestController - 当前限流阈值: 100
2025-10-30 16:17:22.560 [main] WARN  com.alibaba.nacos.client.logging.NacosLogging - Load Logback Configuration of Nacos fail, message: Could not initialize Logback Nacos logging from classpath:nacos-logback.xml
2025-10-30 16:17:22.607 [main] WARN  com.alibaba.nacos.client.logging.NacosLogging - Load Logback Configuration of Nacos fail, message: Could not initialize Logback Nacos logging from classpath:nacos-logback.xml
2025-10-30 16:17:22.609 [main] INFO  c.q.xiaohashu.auth.XiaohashuAuthApplication - Starting XiaohashuAuthApplication using Java 17.0.12 with PID 27012 (E:\xiaohashu\xiaohashu-auth\target\classes started by hp in E:\xiaohashu)
2025-10-30 16:17:22.610 [main] INFO  c.q.xiaohashu.auth.XiaohashuAuthApplication - The following 1 profile is active: "dev"
2025-10-30 16:17:22.638 [main] WARN  c.a.cloud.nacos.configdata.NacosConfigDataLoader - [Nacos Config] config[dataId=xiaohashu-auth.yaml, group=DEFAULT_GROUP] is empty
2025-10-30 16:17:23.030 [main] INFO  o.s.d.r.config.RepositoryConfigurationDelegate - Multiple Spring Data modules found, entering strict repository configuration mode
2025-10-30 16:17:23.031 [main] INFO  o.s.d.r.config.RepositoryConfigurationDelegate - Bootstrapping Spring Data Redis repositories in DEFAULT mode.
2025-10-30 16:17:23.048 [main] INFO  o.s.d.r.config.RepositoryConfigurationDelegate - Finished Spring Data repository scanning in 9 ms. Found 0 Redis repository interfaces.
2025-10-30 16:17:23.169 [main] INFO  o.springframework.cloud.context.scope.GenericScope - BeanFactory id=fa683bda-48a7-3917-bdde-2689ed3a82b3
2025-10-30 16:17:23.406 [main] INFO  o.s.boot.web.embedded.tomcat.TomcatWebServer - Tomcat initialized with port(s): 8080 (http)
2025-10-30 16:17:23.410 [main] INFO  org.apache.catalina.core.StandardService - Starting service [Tomcat]
2025-10-30 16:17:23.411 [main] INFO  org.apache.catalina.core.StandardEngine - Starting Servlet engine: [Apache Tomcat/10.1.5]
2025-10-30 16:17:23.471 [main] INFO  o.a.c.core.ContainerBase.[Tomcat].[localhost].[/] - Initializing Spring embedded WebApplicationContext
2025-10-30 16:17:23.471 [main] INFO  o.s.b.w.s.c.ServletWebServerApplicationContext - Root WebApplicationContext: initialization completed in 831 ms
2025-10-30 16:17:23.536 [main] INFO  c.a.d.s.b.a.DruidDataSourceAutoConfigure - Init DruidDataSource
2025-10-30 16:17:23.698 [main] INFO  com.alibaba.druid.pool.DruidDataSource - {dataSource-1} inited
2025-10-30 16:17:25.431 [main] INFO  org.springframework.cloud.commons.util.InetUtils - Cannot determine local hostname
2025-10-30 16:17:25.473 [main] INFO  o.s.boot.web.embedded.tomcat.TomcatWebServer - Tomcat started on port(s): 8080 (http) with context path ''
2025-10-30 16:17:26.623 [main] INFO  org.springframework.cloud.commons.util.InetUtils - Cannot determine local hostname
2025-10-30 16:17:26.633 [main] INFO  c.q.xiaohashu.auth.XiaohashuAuthApplication - Started XiaohashuAuthApplication in 6.295 seconds (process running for 6.751)
2025-10-30 16:17:26.634 [main] INFO  c.q.x.auth.runner.PushRolePermissions2RedisRunner - ==> 服务启动，开始同步角色权限数据到 Redis 中...
2025-10-30 16:17:26.895 [main] WARN  c.q.x.auth.runner.PushRolePermissions2RedisRunner - ==> 角色权限数据已经同步至 Redis 中，不再同步...
2025-10-30 16:17:26.897 [main] INFO  com.alibaba.nacos.client.config.impl.CacheData - nacos.cache.data.init.snapshot = true 
2025-10-30 16:17:26.898 [main] INFO  com.alibaba.nacos.client.config.impl.ClientWorker - [fixed-127.0.0.1_8848] [subscribe] xiaohashu-auth.yaml+DEFAULT_GROUP
2025-10-30 16:17:26.900 [main] INFO  com.alibaba.nacos.client.config.impl.CacheData - [fixed-127.0.0.1_8848] [add-listener] ok, tenant=, dataId=xiaohashu-auth.yaml, group=DEFAULT_GROUP, cnt=1
2025-10-30 16:17:26.900 [main] INFO  c.a.cloud.nacos.refresh.NacosContextRefresher - [Nacos Config] Listening config: dataId=xiaohashu-auth.yaml, group=DEFAULT_GROUP
2025-10-30 16:17:32.771 [http-nio-8080-exec-1] INFO  o.a.c.core.ContainerBase.[Tomcat].[localhost].[/] - Initializing Spring DispatcherServlet 'dispatcherServlet'
2025-10-30 16:17:32.771 [http-nio-8080-exec-1] INFO  org.springframework.web.servlet.DispatcherServlet - Initializing Servlet 'dispatcherServlet'
2025-10-30 16:17:32.772 [http-nio-8080-exec-1] INFO  org.springframework.web.servlet.DispatcherServlet - Completed initialization in 1 ms
2025-10-30 16:17:32.785 [http-nio-8080-exec-1] INFO  c.q.xiaohashu.auth.controller.TestController - 访问/test - Environment: 100, @Value: 100
2025-10-30 16:17:34.085 [http-nio-8080-exec-3] INFO  c.q.xiaohashu.auth.controller.TestController - 访问/test - Environment: 100, @Value: 100
2025-10-30 17:58:45.085 [main] WARN  com.alibaba.nacos.client.logging.NacosLogging - Load Logback Configuration of Nacos fail, message: Could not initialize Logback Nacos logging from classpath:nacos-logback.xml
2025-10-30 17:58:45.127 [main] WARN  com.alibaba.nacos.client.logging.NacosLogging - Load Logback Configuration of Nacos fail, message: Could not initialize Logback Nacos logging from classpath:nacos-logback.xml
2025-10-30 17:58:45.294 [main] INFO  com.alibaba.cloud.nacos.NacosConfigProperties - set nacos config namespace 'public' to ''
2025-10-30 17:58:45.297 [main] WARN  com.alibaba.nacos.client.logging.NacosLogging - Load Logback Configuration of Nacos fail, message: Could not initialize Logback Nacos logging from classpath:nacos-logback.xml
2025-10-30 17:58:45.298 [main] INFO  com.alibaba.nacos.client.utils.ParamUtil - [settings] [req-serv] nacos-server port:8848
2025-10-30 17:58:45.298 [main] INFO  com.alibaba.nacos.client.utils.ParamUtil - [settings] [http-client] connect timeout:1000
2025-10-30 17:58:45.299 [main] INFO  com.alibaba.nacos.client.utils.ParamUtil - PER_TASK_CONFIG_SIZE: 3000.0
2025-10-30 17:58:45.317 [main] INFO  c.a.n.p.auth.spi.client.ClientAuthPluginManager - [ClientAuthPluginManager] Load ClientAuthService com.alibaba.nacos.client.auth.impl.NacosClientAuthServiceImpl success.
2025-10-30 17:58:45.317 [main] INFO  c.a.n.p.auth.spi.client.ClientAuthPluginManager - [ClientAuthPluginManager] Load ClientAuthService com.alibaba.nacos.client.auth.ram.RamClientAuthServiceImpl success.
2025-10-30 17:58:45.318 [main] INFO  c.a.n.client.auth.ram.identify.CredentialWatcher - null No credential found
2025-10-30 17:58:46.316 [main] WARN  com.alibaba.nacos.client.logging.NacosLogging - Load Logback Configuration of Nacos fail, message: Could not initialize Logback Nacos logging from classpath:nacos-logback.xml
2025-10-30 17:58:46.326 [main] WARN  c.a.cloud.nacos.client.NacosPropertySourceBuilder - Ignore the empty nacos configuration and get it based on dataId[xiaohashu-auth] & group[DEFAULT_GROUP]
2025-10-30 17:58:46.490 [main] WARN  c.a.cloud.nacos.client.NacosPropertySourceBuilder - Ignore the empty nacos configuration and get it based on dataId[xiaohashu-auth.yaml] & group[DEFAULT_GROUP]
2025-10-30 17:58:46.494 [main] WARN  c.a.cloud.nacos.client.NacosPropertySourceBuilder - Ignore the empty nacos configuration and get it based on dataId[xiaohashu-auth-dev.yaml] & group[DEFAULT_GROUP]
2025-10-30 17:58:46.495 [main] INFO  o.s.c.b.c.PropertySourceBootstrapConfiguration - Located property source: [BootstrapPropertySource {name='bootstrapProperties-xiaohashu-auth-dev.yaml,DEFAULT_GROUP'}, BootstrapPropertySource {name='bootstrapProperties-xiaohashu-auth.yaml,DEFAULT_GROUP'}, BootstrapPropertySource {name='bootstrapProperties-xiaohashu-auth,DEFAULT_GROUP'}]
2025-10-30 17:58:46.514 [main] WARN  com.alibaba.nacos.client.logging.NacosLogging - Load Logback Configuration of Nacos fail, message: Could not initialize Logback Nacos logging from classpath:nacos-logback.xml
2025-10-30 17:58:46.514 [main] INFO  c.q.xiaohashu.auth.XiaohashuAuthApplication - The following 1 profile is active: "dev"
2025-10-30 17:58:46.526 [main] WARN  c.a.cloud.nacos.configdata.NacosConfigDataLoader - [Nacos Config] config[dataId=xiaohashu-auth.yaml, group=DEFAULT_GROUP] is empty
2025-10-30 17:58:46.860 [main] INFO  o.s.d.r.config.RepositoryConfigurationDelegate - Multiple Spring Data modules found, entering strict repository configuration mode
2025-10-30 17:58:46.862 [main] INFO  o.s.d.r.config.RepositoryConfigurationDelegate - Bootstrapping Spring Data Redis repositories in DEFAULT mode.
2025-10-30 17:58:46.876 [main] INFO  o.s.d.r.config.RepositoryConfigurationDelegate - Finished Spring Data repository scanning in 6 ms. Found 0 Redis repository interfaces.
2025-10-30 17:58:46.999 [main] INFO  o.springframework.cloud.context.scope.GenericScope - BeanFactory id=27384b57-597a-30f8-b2fe-d7e7578343e3
2025-10-30 17:58:47.240 [main] INFO  o.s.boot.web.embedded.tomcat.TomcatWebServer - Tomcat initialized with port(s): 8080 (http)
2025-10-30 17:58:47.245 [main] INFO  org.apache.catalina.core.StandardService - Starting service [Tomcat]
2025-10-30 17:58:47.246 [main] INFO  org.apache.catalina.core.StandardEngine - Starting Servlet engine: [Apache Tomcat/10.1.5]
2025-10-30 17:58:47.310 [main] INFO  o.a.c.core.ContainerBase.[Tomcat].[localhost].[/] - Initializing Spring embedded WebApplicationContext
2025-10-30 17:58:47.311 [main] INFO  o.s.b.w.s.c.ServletWebServerApplicationContext - Root WebApplicationContext: initialization completed in 785 ms
2025-10-30 17:58:47.367 [main] INFO  c.a.d.s.b.a.DruidDataSourceAutoConfigure - Init DruidDataSource
2025-10-30 17:58:47.533 [main] INFO  com.alibaba.druid.pool.DruidDataSource - {dataSource-1} inited
2025-10-30 17:58:48.312 [main] INFO  o.s.boot.web.embedded.tomcat.TomcatWebServer - Tomcat started on port(s): 8080 (http) with context path ''
2025-10-30 17:58:48.478 [main] INFO  c.q.xiaohashu.auth.XiaohashuAuthApplication - Started XiaohashuAuthApplication in 3.997 seconds (process running for 4.508)
2025-10-30 17:58:48.478 [main] INFO  c.q.x.auth.runner.PushRolePermissions2RedisRunner - ==> 服务启动，开始同步角色权限数据到 Redis 中...
2025-10-30 17:58:48.747 [main] WARN  c.q.x.auth.runner.PushRolePermissions2RedisRunner - ==> 角色权限数据已经同步至 Redis 中，不再同步...
2025-10-30 17:58:48.748 [main] INFO  com.alibaba.nacos.client.config.impl.CacheData - nacos.cache.data.init.snapshot = true 
2025-10-30 17:58:48.749 [main] INFO  com.alibaba.nacos.client.config.impl.ClientWorker - [fixed-127.0.0.1_8848] [subscribe] xiaohashu-auth.yaml+DEFAULT_GROUP
2025-10-30 17:58:48.751 [main] INFO  com.alibaba.nacos.client.config.impl.CacheData - [fixed-127.0.0.1_8848] [add-listener] ok, tenant=, dataId=xiaohashu-auth.yaml, group=DEFAULT_GROUP, cnt=1
2025-10-30 17:58:48.752 [main] INFO  c.a.cloud.nacos.refresh.NacosContextRefresher - [Nacos Config] Listening config: dataId=xiaohashu-auth.yaml, group=DEFAULT_GROUP
2025-10-30 17:58:48.752 [main] INFO  com.alibaba.nacos.client.config.impl.ClientWorker - [fixed-127.0.0.1_8848] [subscribe] xiaohashu-auth-dev.yaml+DEFAULT_GROUP
2025-10-30 17:58:48.752 [main] INFO  com.alibaba.nacos.client.config.impl.CacheData - [fixed-127.0.0.1_8848] [add-listener] ok, tenant=, dataId=xiaohashu-auth-dev.yaml, group=DEFAULT_GROUP, cnt=1
2025-10-30 17:58:48.752 [main] INFO  c.a.cloud.nacos.refresh.NacosContextRefresher - [Nacos Config] Listening config: dataId=xiaohashu-auth-dev.yaml, group=DEFAULT_GROUP
2025-10-30 17:58:48.752 [main] INFO  com.alibaba.nacos.client.config.impl.ClientWorker - [fixed-127.0.0.1_8848] [subscribe] xiaohashu-auth+DEFAULT_GROUP
2025-10-30 17:58:48.752 [main] INFO  com.alibaba.nacos.client.config.impl.CacheData - [fixed-127.0.0.1_8848] [add-listener] ok, tenant=, dataId=xiaohashu-auth, group=DEFAULT_GROUP, cnt=1
2025-10-30 17:58:48.752 [main] INFO  c.a.cloud.nacos.refresh.NacosContextRefresher - [Nacos Config] Listening config: dataId=xiaohashu-auth, group=DEFAULT_GROUP
2025-10-30 17:59:15.005 [http-nio-8080-exec-5] INFO  o.a.c.core.ContainerBase.[Tomcat].[localhost].[/] - Initializing Spring DispatcherServlet 'dispatcherServlet'
2025-10-30 17:59:15.005 [http-nio-8080-exec-5] INFO  org.springframework.web.servlet.DispatcherServlet - Initializing Servlet 'dispatcherServlet'
2025-10-30 17:59:15.006 [http-nio-8080-exec-5] INFO  org.springframework.web.servlet.DispatcherServlet - Completed initialization in 1 ms
2025-10-30 17:59:15.019 [http-nio-8080-exec-5] INFO  c.q.xiaohashu.auth.alarm.impl.SmaAlarmHelper - ==> 【短信告警】：系统出错啦，犬小哈这个月绩效没了，速度上线解决问题！
2025-10-30 18:00:34.838 [http-nio-8080-exec-2] INFO  c.q.xiaohashu.auth.alarm.impl.SmaAlarmHelper - ==> 【短信告警】：系统出错啦，犬小哈这个月绩效没了，速度上线解决问题！
2025-10-30 18:01:12.303 [main] WARN  com.alibaba.nacos.client.logging.NacosLogging - Load Logback Configuration of Nacos fail, message: Could not initialize Logback Nacos logging from classpath:nacos-logback.xml
2025-10-30 18:01:12.338 [main] WARN  com.alibaba.nacos.client.logging.NacosLogging - Load Logback Configuration of Nacos fail, message: Could not initialize Logback Nacos logging from classpath:nacos-logback.xml
2025-10-30 18:01:12.500 [main] INFO  com.alibaba.cloud.nacos.NacosConfigProperties - set nacos config namespace 'public' to ''
2025-10-30 18:01:12.502 [main] WARN  com.alibaba.nacos.client.logging.NacosLogging - Load Logback Configuration of Nacos fail, message: Could not initialize Logback Nacos logging from classpath:nacos-logback.xml
2025-10-30 18:01:12.504 [main] INFO  com.alibaba.nacos.client.utils.ParamUtil - [settings] [req-serv] nacos-server port:8848
2025-10-30 18:01:12.504 [main] INFO  com.alibaba.nacos.client.utils.ParamUtil - [settings] [http-client] connect timeout:1000
2025-10-30 18:01:12.505 [main] INFO  com.alibaba.nacos.client.utils.ParamUtil - PER_TASK_CONFIG_SIZE: 3000.0
2025-10-30 18:01:12.521 [main] INFO  c.a.n.p.auth.spi.client.ClientAuthPluginManager - [ClientAuthPluginManager] Load ClientAuthService com.alibaba.nacos.client.auth.impl.NacosClientAuthServiceImpl success.
2025-10-30 18:01:12.521 [main] INFO  c.a.n.p.auth.spi.client.ClientAuthPluginManager - [ClientAuthPluginManager] Load ClientAuthService com.alibaba.nacos.client.auth.ram.RamClientAuthServiceImpl success.
2025-10-30 18:01:12.523 [main] INFO  c.a.n.client.auth.ram.identify.CredentialWatcher - null No credential found
2025-10-30 18:01:12.774 [main] WARN  com.alibaba.nacos.client.logging.NacosLogging - Load Logback Configuration of Nacos fail, message: Could not initialize Logback Nacos logging from classpath:nacos-logback.xml
2025-10-30 18:01:12.781 [main] INFO  c.a.n.client.config.impl.LocalConfigInfoProcessor - LOCAL_SNAPSHOT_PATH:C:\Users\hp\nacos\config
2025-10-30 18:01:12.783 [main] INFO  com.alibaba.nacos.common.remote.client - [RpcClientFactory] create a new rpc client of 4331e7d0-c0cf-4bd5-ad2d-7fbca189a2ff_config-0
2025-10-30 18:01:12.789 [main] INFO  com.alibaba.nacos.common.remote.client - [4331e7d0-c0cf-4bd5-ad2d-7fbca189a2ff_config-0] Register server push request handler:com.alibaba.nacos.client.config.impl.ClientWorker$ConfigRpcTransportClient$$Lambda$585/0x000001e8813225f0
2025-10-30 18:01:12.789 [main] INFO  com.alibaba.nacos.common.remote.client - [4331e7d0-c0cf-4bd5-ad2d-7fbca189a2ff_config-0] Register server push request handler:com.alibaba.nacos.client.config.impl.ClientWorker$ConfigRpcTransportClient$$Lambda$586/0x000001e881322a10
2025-10-30 18:01:12.790 [main] INFO  com.alibaba.nacos.common.remote.client - [4331e7d0-c0cf-4bd5-ad2d-7fbca189a2ff_config-0] Registry connection listener to current client:com.alibaba.nacos.client.config.impl.ClientWorker$ConfigRpcTransportClient$1
2025-10-30 18:01:12.790 [main] INFO  com.alibaba.nacos.common.remote.client - [4331e7d0-c0cf-4bd5-ad2d-7fbca189a2ff_config-0] RpcClient init, ServerListFactory = com.alibaba.nacos.client.config.impl.ClientWorker$ConfigRpcTransportClient$2
2025-10-30 18:01:12.794 [main] INFO  com.alibaba.nacos.common.remote.client - [4331e7d0-c0cf-4bd5-ad2d-7fbca189a2ff_config-0] Try to connect to server on start up, server: {serverIp = '127.0.0.1', server main port = 8848}
2025-10-30 18:01:12.815 [main] INFO  c.a.nacos.common.remote.client.grpc.GrpcClient - grpc client connection server:127.0.0.1 ip,serverPort:9848,grpcTslConfig:{"sslProvider":"OPENSSL","enableTls":false,"mutualAuthEnable":false,"trustAll":false}
2025-10-30 18:01:13.398 [main] INFO  com.alibaba.nacos.common.remote.client - [4331e7d0-c0cf-4bd5-ad2d-7fbca189a2ff_config-0] Success to connect to server [127.0.0.1:8848] on start up, connectionId = 1761818473251_127.0.0.1_7944
2025-10-30 18:01:13.398 [com.alibaba.nacos.client.remote.worker] INFO  com.alibaba.nacos.common.remote.client - [4331e7d0-c0cf-4bd5-ad2d-7fbca189a2ff_config-0] Notify connected event to listeners.
2025-10-30 18:01:13.398 [main] INFO  com.alibaba.nacos.common.remote.client - [4331e7d0-c0cf-4bd5-ad2d-7fbca189a2ff_config-0] Register server push request handler:com.alibaba.nacos.common.remote.client.RpcClient$ConnectResetRequestHandler
2025-10-30 18:01:13.399 [com.alibaba.nacos.client.remote.worker] INFO  com.alibaba.nacos.client.config.impl.ClientWorker - [4331e7d0-c0cf-4bd5-ad2d-7fbca189a2ff_config-0] Connected,notify listen context...
2025-10-30 18:01:13.399 [main] INFO  com.alibaba.nacos.common.remote.client - [4331e7d0-c0cf-4bd5-ad2d-7fbca189a2ff_config-0] Register server push request handler:com.alibaba.nacos.common.remote.client.RpcClient$$Lambda$606/0x000001e88142e368
2025-10-30 18:01:13.413 [main] INFO  com.alibaba.nacos.client.config.impl.Limiter - limitTime:5.0
2025-10-30 18:01:13.422 [main] WARN  c.a.cloud.nacos.client.NacosPropertySourceBuilder - Ignore the empty nacos configuration and get it based on dataId[xiaohashu-auth] & group[DEFAULT_GROUP]
2025-10-30 18:01:13.427 [main] WARN  c.a.cloud.nacos.client.NacosPropertySourceBuilder - Ignore the empty nacos configuration and get it based on dataId[xiaohashu-auth.yaml] & group[DEFAULT_GROUP]
2025-10-30 18:01:13.430 [main] WARN  c.a.cloud.nacos.client.NacosPropertySourceBuilder - Ignore the empty nacos configuration and get it based on dataId[xiaohashu-auth-dev.yaml] & group[DEFAULT_GROUP]
2025-10-30 18:01:13.431 [main] INFO  o.s.c.b.c.PropertySourceBootstrapConfiguration - Located property source: [BootstrapPropertySource {name='bootstrapProperties-xiaohashu-auth-dev.yaml,DEFAULT_GROUP'}, BootstrapPropertySource {name='bootstrapProperties-xiaohashu-auth.yaml,DEFAULT_GROUP'}, BootstrapPropertySource {name='bootstrapProperties-xiaohashu-auth,DEFAULT_GROUP'}]
2025-10-30 18:01:13.449 [main] WARN  com.alibaba.nacos.client.logging.NacosLogging - Load Logback Configuration of Nacos fail, message: Could not initialize Logback Nacos logging from classpath:nacos-logback.xml
2025-10-30 18:01:13.449 [main] INFO  c.q.xiaohashu.auth.XiaohashuAuthApplication - The following 1 profile is active: "dev"
2025-10-30 18:01:13.773 [main] INFO  o.s.d.r.config.RepositoryConfigurationDelegate - Multiple Spring Data modules found, entering strict repository configuration mode
2025-10-30 18:01:13.774 [main] INFO  o.s.d.r.config.RepositoryConfigurationDelegate - Bootstrapping Spring Data Redis repositories in DEFAULT mode.
2025-10-30 18:01:13.787 [main] INFO  o.s.d.r.config.RepositoryConfigurationDelegate - Finished Spring Data repository scanning in 5 ms. Found 0 Redis repository interfaces.
2025-10-30 18:01:13.912 [main] INFO  o.springframework.cloud.context.scope.GenericScope - BeanFactory id=27384b57-597a-30f8-b2fe-d7e7578343e3
2025-10-30 18:01:14.129 [main] INFO  o.s.boot.web.embedded.tomcat.TomcatWebServer - Tomcat initialized with port(s): 8080 (http)
2025-10-30 18:01:14.134 [main] INFO  org.apache.catalina.core.StandardService - Starting service [Tomcat]
2025-10-30 18:01:14.136 [main] INFO  org.apache.catalina.core.StandardEngine - Starting Servlet engine: [Apache Tomcat/10.1.5]
2025-10-30 18:01:14.198 [main] INFO  o.a.c.core.ContainerBase.[Tomcat].[localhost].[/] - Initializing Spring embedded WebApplicationContext
2025-10-30 18:01:14.198 [main] INFO  o.s.b.w.s.c.ServletWebServerApplicationContext - Root WebApplicationContext: initialization completed in 735 ms
2025-10-30 18:01:14.252 [main] INFO  c.a.d.s.b.a.DruidDataSourceAutoConfigure - Init DruidDataSource
2025-10-30 18:01:14.406 [main] INFO  com.alibaba.druid.pool.DruidDataSource - {dataSource-1} inited
2025-10-30 18:01:15.134 [main] INFO  o.s.boot.web.embedded.tomcat.TomcatWebServer - Tomcat started on port(s): 8080 (http) with context path ''
2025-10-30 18:01:15.291 [main] INFO  c.q.xiaohashu.auth.XiaohashuAuthApplication - Started XiaohashuAuthApplication in 3.508 seconds (process running for 3.954)
2025-10-30 18:01:15.291 [main] INFO  c.q.x.auth.runner.PushRolePermissions2RedisRunner - ==> 服务启动，开始同步角色权限数据到 Redis 中...
2025-10-30 18:01:15.552 [main] WARN  c.q.x.auth.runner.PushRolePermissions2RedisRunner - ==> 角色权限数据已经同步至 Redis 中，不再同步...
2025-10-30 18:01:15.554 [main] INFO  com.alibaba.nacos.client.config.impl.CacheData - nacos.cache.data.init.snapshot = true 
2025-10-30 18:01:15.554 [main] INFO  com.alibaba.nacos.client.config.impl.ClientWorker - [fixed-127.0.0.1_8848] [subscribe] xiaohashu-auth.yaml+DEFAULT_GROUP
2025-10-30 18:01:15.557 [main] INFO  com.alibaba.nacos.client.config.impl.CacheData - [fixed-127.0.0.1_8848] [add-listener] ok, tenant=, dataId=xiaohashu-auth.yaml, group=DEFAULT_GROUP, cnt=1
2025-10-30 18:01:15.557 [main] INFO  c.a.cloud.nacos.refresh.NacosContextRefresher - [Nacos Config] Listening config: dataId=xiaohashu-auth.yaml, group=DEFAULT_GROUP
2025-10-30 18:01:15.557 [main] INFO  com.alibaba.nacos.client.config.impl.ClientWorker - [fixed-127.0.0.1_8848] [subscribe] xiaohashu-auth-dev.yaml+DEFAULT_GROUP
2025-10-30 18:01:15.557 [main] INFO  com.alibaba.nacos.client.config.impl.CacheData - [fixed-127.0.0.1_8848] [add-listener] ok, tenant=, dataId=xiaohashu-auth-dev.yaml, group=DEFAULT_GROUP, cnt=1
2025-10-30 18:01:15.557 [main] INFO  c.a.cloud.nacos.refresh.NacosContextRefresher - [Nacos Config] Listening config: dataId=xiaohashu-auth-dev.yaml, group=DEFAULT_GROUP
2025-10-30 18:01:15.557 [main] INFO  com.alibaba.nacos.client.config.impl.ClientWorker - [fixed-127.0.0.1_8848] [subscribe] xiaohashu-auth+DEFAULT_GROUP
2025-10-30 18:01:15.557 [main] INFO  com.alibaba.nacos.client.config.impl.CacheData - [fixed-127.0.0.1_8848] [add-listener] ok, tenant=, dataId=xiaohashu-auth, group=DEFAULT_GROUP, cnt=1
2025-10-30 18:01:15.557 [main] INFO  c.a.cloud.nacos.refresh.NacosContextRefresher - [Nacos Config] Listening config: dataId=xiaohashu-auth, group=DEFAULT_GROUP
2025-10-30 18:03:25.486 [http-nio-8080-exec-2] INFO  org.springframework.web.servlet.DispatcherServlet - Initializing Servlet 'dispatcherServlet'
2025-10-30 18:03:25.490 [http-nio-8080-exec-2] INFO  org.springframework.web.servlet.DispatcherServlet - Completed initialization in 3 ms
2025-10-30 18:03:25.525 [http-nio-8080-exec-2] INFO  c.q.xiaohashu.auth.alarm.impl.SmaAlarmHelper - ==> 【短信告警】：系统出错啦，犬小哈这个月绩效没了，速度上线解决问题！
2025-10-30 18:03:26.856 [http-nio-8080-exec-3] INFO  c.q.xiaohashu.auth.alarm.impl.SmaAlarmHelper - ==> 【短信告警】：系统出错啦，犬小哈这个月绩效没了，速度上线解决问题！
2025-10-30 18:03:41.071 [http-nio-8080-exec-4] INFO  c.q.xiaohashu.auth.alarm.impl.SmaAlarmHelper - ==> 【短信告警】：系统出错啦，犬小哈这个月绩效没了，速度上线解决问题！
2025-10-30 18:03:42.148 [http-nio-8080-exec-5] INFO  c.q.xiaohashu.auth.alarm.impl.SmaAlarmHelper - ==> 【短信告警】：系统出错啦，犬小哈这个月绩效没了，速度上线解决问题！
2025-10-30 18:06:11.049 [main] WARN  com.alibaba.nacos.client.logging.NacosLogging - Load Logback Configuration of Nacos fail, message: Could not initialize Logback Nacos logging from classpath:nacos-logback.xml
2025-10-30 18:06:11.086 [main] WARN  com.alibaba.nacos.client.logging.NacosLogging - Load Logback Configuration of Nacos fail, message: Could not initialize Logback Nacos logging from classpath:nacos-logback.xml
2025-10-30 18:06:11.246 [main] INFO  com.alibaba.cloud.nacos.NacosConfigProperties - set nacos config namespace 'public' to ''
2025-10-30 18:06:11.248 [main] WARN  com.alibaba.nacos.client.logging.NacosLogging - Load Logback Configuration of Nacos fail, message: Could not initialize Logback Nacos logging from classpath:nacos-logback.xml
2025-10-30 18:06:11.249 [main] INFO  com.alibaba.nacos.client.utils.ParamUtil - [settings] [req-serv] nacos-server port:8848
2025-10-30 18:06:11.249 [main] INFO  com.alibaba.nacos.client.utils.ParamUtil - [settings] [http-client] connect timeout:1000
2025-10-30 18:06:11.249 [main] INFO  com.alibaba.nacos.client.utils.ParamUtil - PER_TASK_CONFIG_SIZE: 3000.0
2025-10-30 18:06:11.265 [main] INFO  c.a.n.p.auth.spi.client.ClientAuthPluginManager - [ClientAuthPluginManager] Load ClientAuthService com.alibaba.nacos.client.auth.impl.NacosClientAuthServiceImpl success.
2025-10-30 18:06:11.265 [main] INFO  c.a.n.p.auth.spi.client.ClientAuthPluginManager - [ClientAuthPluginManager] Load ClientAuthService com.alibaba.nacos.client.auth.ram.RamClientAuthServiceImpl success.
2025-10-30 18:06:11.266 [main] INFO  c.a.n.client.auth.ram.identify.CredentialWatcher - null No credential found
2025-10-30 18:06:11.503 [main] WARN  com.alibaba.nacos.client.logging.NacosLogging - Load Logback Configuration of Nacos fail, message: Could not initialize Logback Nacos logging from classpath:nacos-logback.xml
2025-10-30 18:06:11.511 [main] INFO  c.a.n.client.config.impl.LocalConfigInfoProcessor - LOCAL_SNAPSHOT_PATH:C:\Users\hp\nacos\config
2025-10-30 18:06:11.513 [main] INFO  com.alibaba.nacos.common.remote.client - [RpcClientFactory] create a new rpc client of e74125fa-12f9-4a53-b078-9fd983be7114_config-0
2025-10-30 18:06:11.519 [main] INFO  com.alibaba.nacos.common.remote.client - [e74125fa-12f9-4a53-b078-9fd983be7114_config-0] Register server push request handler:com.alibaba.nacos.client.config.impl.ClientWorker$ConfigRpcTransportClient$$Lambda$585/0x00000225a8321c20
2025-10-30 18:06:11.519 [main] INFO  com.alibaba.nacos.common.remote.client - [e74125fa-12f9-4a53-b078-9fd983be7114_config-0] Register server push request handler:com.alibaba.nacos.client.config.impl.ClientWorker$ConfigRpcTransportClient$$Lambda$586/0x00000225a8322040
2025-10-30 18:06:11.519 [main] INFO  com.alibaba.nacos.common.remote.client - [e74125fa-12f9-4a53-b078-9fd983be7114_config-0] Registry connection listener to current client:com.alibaba.nacos.client.config.impl.ClientWorker$ConfigRpcTransportClient$1
2025-10-30 18:06:11.520 [main] INFO  com.alibaba.nacos.common.remote.client - [e74125fa-12f9-4a53-b078-9fd983be7114_config-0] RpcClient init, ServerListFactory = com.alibaba.nacos.client.config.impl.ClientWorker$ConfigRpcTransportClient$2
2025-10-30 18:06:11.524 [main] INFO  com.alibaba.nacos.common.remote.client - [e74125fa-12f9-4a53-b078-9fd983be7114_config-0] Try to connect to server on start up, server: {serverIp = '127.0.0.1', server main port = 8848}
2025-10-30 18:06:11.546 [main] INFO  c.a.nacos.common.remote.client.grpc.GrpcClient - grpc client connection server:127.0.0.1 ip,serverPort:9848,grpcTslConfig:{"sslProvider":"OPENSSL","enableTls":false,"mutualAuthEnable":false,"trustAll":false}
2025-10-30 18:06:12.124 [main] INFO  com.alibaba.nacos.common.remote.client - [e74125fa-12f9-4a53-b078-9fd983be7114_config-0] Success to connect to server [127.0.0.1:8848] on start up, connectionId = 1761818771974_127.0.0.1_8178
2025-10-30 18:06:12.124 [com.alibaba.nacos.client.remote.worker] INFO  com.alibaba.nacos.common.remote.client - [e74125fa-12f9-4a53-b078-9fd983be7114_config-0] Notify connected event to listeners.
2025-10-30 18:06:12.125 [com.alibaba.nacos.client.remote.worker] INFO  com.alibaba.nacos.client.config.impl.ClientWorker - [e74125fa-12f9-4a53-b078-9fd983be7114_config-0] Connected,notify listen context...
2025-10-30 18:06:12.125 [main] INFO  com.alibaba.nacos.common.remote.client - [e74125fa-12f9-4a53-b078-9fd983be7114_config-0] Register server push request handler:com.alibaba.nacos.common.remote.client.RpcClient$ConnectResetRequestHandler
2025-10-30 18:06:12.125 [main] INFO  com.alibaba.nacos.common.remote.client - [e74125fa-12f9-4a53-b078-9fd983be7114_config-0] Register server push request handler:com.alibaba.nacos.common.remote.client.RpcClient$$Lambda$606/0x00000225a842d8c8
2025-10-30 18:06:12.138 [main] INFO  com.alibaba.nacos.client.config.impl.Limiter - limitTime:5.0
2025-10-30 18:06:12.151 [main] WARN  c.a.cloud.nacos.client.NacosPropertySourceBuilder - Ignore the empty nacos configuration and get it based on dataId[xiaohashu-auth] & group[DEFAULT_GROUP]
2025-10-30 18:06:12.155 [main] WARN  c.a.cloud.nacos.client.NacosPropertySourceBuilder - Ignore the empty nacos configuration and get it based on dataId[xiaohashu-auth.yaml] & group[DEFAULT_GROUP]
2025-10-30 18:06:12.160 [main] WARN  c.a.cloud.nacos.client.NacosPropertySourceBuilder - Ignore the empty nacos configuration and get it based on dataId[xiaohashu-auth-dev.yaml] & group[DEFAULT_GROUP]
2025-10-30 18:06:12.160 [main] INFO  o.s.c.b.c.PropertySourceBootstrapConfiguration - Located property source: [BootstrapPropertySource {name='bootstrapProperties-xiaohashu-auth-dev.yaml,DEFAULT_GROUP'}, BootstrapPropertySource {name='bootstrapProperties-xiaohashu-auth.yaml,DEFAULT_GROUP'}, BootstrapPropertySource {name='bootstrapProperties-xiaohashu-auth,DEFAULT_GROUP'}]
2025-10-30 18:06:12.175 [main] WARN  com.alibaba.nacos.client.logging.NacosLogging - Load Logback Configuration of Nacos fail, message: Could not initialize Logback Nacos logging from classpath:nacos-logback.xml
2025-10-30 18:06:12.176 [main] INFO  c.q.xiaohashu.auth.XiaohashuAuthApplication - The following 1 profile is active: "dev"
2025-10-30 18:06:12.521 [main] INFO  o.s.d.r.config.RepositoryConfigurationDelegate - Multiple Spring Data modules found, entering strict repository configuration mode
2025-10-30 18:06:12.522 [main] INFO  o.s.d.r.config.RepositoryConfigurationDelegate - Bootstrapping Spring Data Redis repositories in DEFAULT mode.
2025-10-30 18:06:12.534 [main] INFO  o.s.d.r.config.RepositoryConfigurationDelegate - Finished Spring Data repository scanning in 5 ms. Found 0 Redis repository interfaces.
2025-10-30 18:06:12.613 [main] INFO  o.springframework.cloud.context.scope.GenericScope - BeanFactory id=907b3a82-cb92-396a-878c-09ab8c72c7c8
2025-10-30 18:06:12.829 [main] INFO  o.s.boot.web.embedded.tomcat.TomcatWebServer - Tomcat initialized with port(s): 8080 (http)
2025-10-30 18:06:12.834 [main] INFO  org.apache.catalina.core.StandardService - Starting service [Tomcat]
2025-10-30 18:06:12.834 [main] INFO  org.apache.catalina.core.StandardEngine - Starting Servlet engine: [Apache Tomcat/10.1.5]
2025-10-30 18:06:12.894 [main] INFO  o.a.c.core.ContainerBase.[Tomcat].[localhost].[/] - Initializing Spring embedded WebApplicationContext
2025-10-30 18:06:12.894 [main] INFO  o.s.b.w.s.c.ServletWebServerApplicationContext - Root WebApplicationContext: initialization completed in 707 ms
2025-10-30 18:06:12.949 [main] INFO  c.a.d.s.b.a.DruidDataSourceAutoConfigure - Init DruidDataSource
2025-10-30 18:06:13.104 [main] INFO  com.alibaba.druid.pool.DruidDataSource - {dataSource-1} inited
2025-10-30 18:06:13.806 [main] INFO  o.s.boot.web.embedded.tomcat.TomcatWebServer - Tomcat started on port(s): 8080 (http) with context path ''
2025-10-30 18:06:13.970 [main] INFO  c.q.xiaohashu.auth.XiaohashuAuthApplication - Started XiaohashuAuthApplication in 3.448 seconds (process running for 3.905)
2025-10-30 18:06:13.971 [main] INFO  c.q.x.auth.runner.PushRolePermissions2RedisRunner - ==> 服务启动，开始同步角色权限数据到 Redis 中...
2025-10-30 18:06:14.233 [main] WARN  c.q.x.auth.runner.PushRolePermissions2RedisRunner - ==> 角色权限数据已经同步至 Redis 中，不再同步...
2025-10-30 18:06:14.234 [main] INFO  com.alibaba.nacos.client.config.impl.CacheData - nacos.cache.data.init.snapshot = true 
2025-10-30 18:06:14.234 [main] INFO  com.alibaba.nacos.client.config.impl.ClientWorker - [fixed-127.0.0.1_8848] [subscribe] xiaohashu-auth.yaml+DEFAULT_GROUP
2025-10-30 18:06:14.237 [main] INFO  com.alibaba.nacos.client.config.impl.CacheData - [fixed-127.0.0.1_8848] [add-listener] ok, tenant=, dataId=xiaohashu-auth.yaml, group=DEFAULT_GROUP, cnt=1
2025-10-30 18:06:14.237 [main] INFO  c.a.cloud.nacos.refresh.NacosContextRefresher - [Nacos Config] Listening config: dataId=xiaohashu-auth.yaml, group=DEFAULT_GROUP
2025-10-30 18:06:14.238 [main] INFO  com.alibaba.nacos.client.config.impl.ClientWorker - [fixed-127.0.0.1_8848] [subscribe] xiaohashu-auth-dev.yaml+DEFAULT_GROUP
2025-10-30 18:06:14.238 [main] INFO  com.alibaba.nacos.client.config.impl.CacheData - [fixed-127.0.0.1_8848] [add-listener] ok, tenant=, dataId=xiaohashu-auth-dev.yaml, group=DEFAULT_GROUP, cnt=1
2025-10-30 18:06:14.238 [main] INFO  c.a.cloud.nacos.refresh.NacosContextRefresher - [Nacos Config] Listening config: dataId=xiaohashu-auth-dev.yaml, group=DEFAULT_GROUP
2025-10-30 18:06:14.238 [main] INFO  com.alibaba.nacos.client.config.impl.ClientWorker - [fixed-127.0.0.1_8848] [subscribe] xiaohashu-auth+DEFAULT_GROUP
2025-10-30 18:06:14.238 [main] INFO  com.alibaba.nacos.client.config.impl.CacheData - [fixed-127.0.0.1_8848] [add-listener] ok, tenant=, dataId=xiaohashu-auth, group=DEFAULT_GROUP, cnt=1
2025-10-30 18:06:14.238 [main] INFO  c.a.cloud.nacos.refresh.NacosContextRefresher - [Nacos Config] Listening config: dataId=xiaohashu-auth, group=DEFAULT_GROUP
2025-10-30 18:06:59.168 [http-nio-8080-exec-2] INFO  o.a.c.core.ContainerBase.[Tomcat].[localhost].[/] - Initializing Spring DispatcherServlet 'dispatcherServlet'
2025-10-30 18:06:59.169 [http-nio-8080-exec-2] INFO  org.springframework.web.servlet.DispatcherServlet - Initializing Servlet 'dispatcherServlet'
2025-10-30 18:06:59.170 [http-nio-8080-exec-2] INFO  org.springframework.web.servlet.DispatcherServlet - Completed initialization in 1 ms
2025-10-30 18:06:59.195 [http-nio-8080-exec-2] INFO  c.q.xiaohashu.auth.alarm.impl.SmaAlarmHelper - ==> 【短信告警】：系统出错啦，犬小哈这个月绩效没了，速度上线解决问题！
2025-10-30 18:08:45.345 [http-nio-8080-exec-5] INFO  c.q.f.b.operationlog.aspect.ApiOperationLogAspect - ====== 请求开始: [发送短信验证码], 入参: {"phone":"18617685129"}, 请求类: VerificationCodeController, 请求方法: send =================================== 
2025-10-30 18:08:45.358 [http-nio-8080-exec-5] INFO  c.q.x.a.service.impl.VerificationCodeServiceImpl - ==> 手机号: 18617685129, 已发送验证码：【628823】
2025-10-30 18:08:45.365 [http-nio-8080-exec-5] INFO  c.q.f.b.operationlog.aspect.ApiOperationLogAspect - ====== 请求结束: [发送短信验证码], 耗时: 21ms, 出参: {"success":true,"message":null,"errorCode":null,"data":null} =================================== 
2025-10-30 18:09:05.531 [http-nio-8080-exec-6] INFO  c.q.f.b.operationlog.aspect.ApiOperationLogAspect - ====== 请求开始: [用户登录/注册], 入参: {"phone":"18617685129","code":"628823","password":null,"type":1}, 请求类: UserController, 请求方法: loginAndRegister =================================== 
2025-10-30 18:09:05.641 [http-nio-8080-exec-6] INFO  c.q.xiaohashu.auth.service.impl.UserServiceImpl - ==> 用户是否注册, phone: 18617685129, userDO: {"id":1,"xiaohashuId":null,"password":null,"nickname":null,"avatar":null,"birthday":null,"backgroundImg":null,"phone":null,"sex":null,"status":0,"introduction":null,"createTime":null,"updateTime":null,"isDeleted":null}
2025-10-30 18:09:05.699 [http-nio-8080-exec-6] INFO  c.q.f.b.operationlog.aspect.ApiOperationLogAspect - ====== 请求结束: [用户登录/注册], 耗时: 168ms, 出参: {"success":true,"message":null,"errorCode":null,"data":"e28e43e3-1d1b-4993-90db-ecc30b4e92ba"} =================================== 
2025-10-30 18:15:27.960 [http-nio-8080-exec-10] INFO  c.q.xiaohashu.auth.alarm.impl.SmaAlarmHelper - ==> 【短信告警】：系统出错啦，犬小哈这个月绩效没了，速度上线解决问题！
2025-10-30 18:23:20.728 [nacos-grpc-client-executor-127.0.0.1-234] INFO  com.alibaba.nacos.common.remote.client - [e74125fa-12f9-4a53-b078-9fd983be7114_config-0] Receive server push request, request = ConfigChangeNotifyRequest, requestId = 1
2025-10-30 18:23:20.729 [nacos-grpc-client-executor-127.0.0.1-234] INFO  com.alibaba.nacos.client.config.impl.ClientWorker - [e74125fa-12f9-4a53-b078-9fd983be7114_config-0] [server-push] config changed. dataId=xiaohashu-auth-dev.yaml, group=DEFAULT_GROUP,tenant=null
2025-10-30 18:23:20.729 [nacos-grpc-client-executor-127.0.0.1-234] INFO  com.alibaba.nacos.common.remote.client - [e74125fa-12f9-4a53-b078-9fd983be7114_config-0] Ack server push request, request = ConfigChangeNotifyRequest, requestId = 1
2025-10-30 18:23:20.739 [com.alibaba.nacos.client.Worker] INFO  com.alibaba.nacos.client.config.utils.JvmUtil - isMultiInstance:false
2025-10-30 18:23:20.742 [com.alibaba.nacos.client.Worker] INFO  com.alibaba.nacos.client.config.impl.ClientWorker - [fixed-127.0.0.1_8848] [data-received] dataId=xiaohashu-auth-dev.yaml, group=DEFAULT_GROUP, tenant=, md5=8b3f6648f00fc5977082fc9b94a58333, content=alarm:
  type: sms # 告警类型, type=yaml
2025-10-30 18:23:20.744 [com.alibaba.nacos.client.Worker] INFO  com.alibaba.nacos.client.config.impl.CacheData - [fixed-127.0.0.1_8848] [notify-listener] time cost=0ms in ClientWorker, dataId=xiaohashu-auth-dev.yaml, group=DEFAULT_GROUP, md5=8b3f6648f00fc5977082fc9b94a58333, listener=com.alibaba.cloud.nacos.refresh.NacosContextRefresher$1@51d51a5d 
2025-10-30 18:23:20.744 [nacos.client.cachedata.internal.notifier] INFO  com.alibaba.nacos.client.config.impl.CacheData - [fixed-127.0.0.1_8848] [notify-context] dataId=xiaohashu-auth-dev.yaml, group=DEFAULT_GROUP, md5=8b3f6648f00fc5977082fc9b94a58333
2025-10-30 18:23:20.945 [nacos.client.cachedata.internal.notifier] WARN  com.alibaba.nacos.client.logging.NacosLogging - Load Logback Configuration of Nacos fail, message: Could not initialize Logback Nacos logging from classpath:nacos-logback.xml
2025-10-30 18:23:20.949 [nacos.client.cachedata.internal.notifier] WARN  com.alibaba.nacos.client.logging.NacosLogging - Load Logback Configuration of Nacos fail, message: Could not initialize Logback Nacos logging from classpath:nacos-logback.xml
2025-10-30 18:23:20.975 [nacos.client.cachedata.internal.notifier] WARN  com.alibaba.nacos.client.logging.NacosLogging - Load Logback Configuration of Nacos fail, message: Could not initialize Logback Nacos logging from classpath:nacos-logback.xml
2025-10-30 18:23:20.983 [nacos.client.cachedata.internal.notifier] WARN  c.a.cloud.nacos.client.NacosPropertySourceBuilder - Ignore the empty nacos configuration and get it based on dataId[xiaohashu-auth] & group[DEFAULT_GROUP]
2025-10-30 18:23:20.986 [nacos.client.cachedata.internal.notifier] WARN  c.a.cloud.nacos.client.NacosPropertySourceBuilder - Ignore the empty nacos configuration and get it based on dataId[xiaohashu-auth.yaml] & group[DEFAULT_GROUP]
2025-10-30 18:23:20.998 [nacos.client.cachedata.internal.notifier] INFO  o.s.c.b.c.PropertySourceBootstrapConfiguration - Located property source: [BootstrapPropertySource {name='bootstrapProperties-xiaohashu-auth-dev.yaml,DEFAULT_GROUP'}, BootstrapPropertySource {name='bootstrapProperties-xiaohashu-auth.yaml,DEFAULT_GROUP'}, BootstrapPropertySource {name='bootstrapProperties-xiaohashu-auth,DEFAULT_GROUP'}]
2025-10-30 18:23:21.000 [nacos.client.cachedata.internal.notifier] WARN  com.alibaba.nacos.client.logging.NacosLogging - Load Logback Configuration of Nacos fail, message: Could not initialize Logback Nacos logging from classpath:nacos-logback.xml
2025-10-30 18:23:21.000 [nacos.client.cachedata.internal.notifier] INFO  org.springframework.boot.SpringApplication - The following 1 profile is active: "dev"
2025-10-30 18:23:21.004 [nacos.client.cachedata.internal.notifier] INFO  org.springframework.boot.SpringApplication - Started application in 0.256 seconds (process running for 1030.939)
2025-10-30 18:23:21.039 [nacos.client.cachedata.internal.notifier] INFO  com.alibaba.druid.pool.DruidDataSource - {dataSource-1} closing ...
2025-10-30 18:23:21.041 [nacos.client.cachedata.internal.notifier] INFO  com.alibaba.druid.pool.DruidDataSource - {dataSource-1} closed
2025-10-30 18:23:21.059 [nacos.client.cachedata.internal.notifier] INFO  o.s.cloud.endpoint.event.RefreshEventListener - Refresh keys changed: []
2025-10-30 18:23:21.059 [nacos.client.cachedata.internal.notifier] INFO  com.alibaba.nacos.client.config.impl.CacheData - [fixed-127.0.0.1_8848] [notify-ok] dataId=xiaohashu-auth-dev.yaml, group=DEFAULT_GROUP, md5=8b3f6648f00fc5977082fc9b94a58333, listener=com.alibaba.cloud.nacos.refresh.NacosContextRefresher$1@51d51a5d ,cost=315 millis.
2025-10-30 18:24:20.124 [nacos-grpc-client-executor-127.0.0.1-253] INFO  com.alibaba.nacos.common.remote.client - [e74125fa-12f9-4a53-b078-9fd983be7114_config-0] Receive server push request, request = ConfigChangeNotifyRequest, requestId = 2
2025-10-30 18:24:20.124 [nacos-grpc-client-executor-127.0.0.1-253] INFO  com.alibaba.nacos.client.config.impl.ClientWorker - [e74125fa-12f9-4a53-b078-9fd983be7114_config-0] [server-push] config changed. dataId=xiaohashu-auth, group=DEFAULT_GROUP,tenant=null
2025-10-30 18:24:20.124 [nacos-grpc-client-executor-127.0.0.1-253] INFO  com.alibaba.nacos.common.remote.client - [e74125fa-12f9-4a53-b078-9fd983be7114_config-0] Ack server push request, request = ConfigChangeNotifyRequest, requestId = 2
2025-10-30 18:24:20.133 [com.alibaba.nacos.client.Worker] INFO  com.alibaba.nacos.client.config.impl.ClientWorker - [fixed-127.0.0.1_8848] [data-received] dataId=xiaohashu-auth, group=DEFAULT_GROUP, tenant=, md5=295e763eaee0ca86025520719e3926bc, content=rate-limit:
  api:
    limit: 888, type=yaml
2025-10-30 18:24:20.133 [com.alibaba.nacos.client.Worker] INFO  com.alibaba.nacos.client.config.impl.CacheData - [fixed-127.0.0.1_8848] [notify-listener] time cost=0ms in ClientWorker, dataId=xiaohashu-auth, group=DEFAULT_GROUP, md5=295e763eaee0ca86025520719e3926bc, listener=com.alibaba.cloud.nacos.refresh.NacosContextRefresher$1@3204b775 
2025-10-30 18:24:20.134 [nacos.client.cachedata.internal.notifier] INFO  com.alibaba.nacos.client.config.impl.CacheData - [fixed-127.0.0.1_8848] [notify-context] dataId=xiaohashu-auth, group=DEFAULT_GROUP, md5=295e763eaee0ca86025520719e3926bc
2025-10-30 18:24:20.556 [nacos.client.cachedata.internal.notifier] WARN  com.alibaba.nacos.client.logging.NacosLogging - Load Logback Configuration of Nacos fail, message: Could not initialize Logback Nacos logging from classpath:nacos-logback.xml
2025-10-30 18:24:20.562 [nacos.client.cachedata.internal.notifier] WARN  com.alibaba.nacos.client.logging.NacosLogging - Load Logback Configuration of Nacos fail, message: Could not initialize Logback Nacos logging from classpath:nacos-logback.xml
2025-10-30 18:24:20.597 [nacos.client.cachedata.internal.notifier] WARN  com.alibaba.nacos.client.logging.NacosLogging - Load Logback Configuration of Nacos fail, message: Could not initialize Logback Nacos logging from classpath:nacos-logback.xml
2025-10-30 18:24:20.612 [nacos.client.cachedata.internal.notifier] WARN  c.a.cloud.nacos.client.NacosPropertySourceBuilder - Ignore the empty nacos configuration and get it based on dataId[xiaohashu-auth.yaml] & group[DEFAULT_GROUP]
2025-10-30 18:24:20.617 [nacos.client.cachedata.internal.notifier] INFO  o.s.c.b.c.PropertySourceBootstrapConfiguration - Located property source: [BootstrapPropertySource {name='bootstrapProperties-xiaohashu-auth-dev.yaml,DEFAULT_GROUP'}, BootstrapPropertySource {name='bootstrapProperties-xiaohashu-auth.yaml,DEFAULT_GROUP'}, BootstrapPropertySource {name='bootstrapProperties-xiaohashu-auth,DEFAULT_GROUP'}]
2025-10-30 18:24:20.620 [nacos.client.cachedata.internal.notifier] WARN  com.alibaba.nacos.client.logging.NacosLogging - Load Logback Configuration of Nacos fail, message: Could not initialize Logback Nacos logging from classpath:nacos-logback.xml
2025-10-30 18:24:20.620 [nacos.client.cachedata.internal.notifier] INFO  org.springframework.boot.SpringApplication - The following 1 profile is active: "dev"
2025-10-30 18:24:20.625 [nacos.client.cachedata.internal.notifier] INFO  org.springframework.boot.SpringApplication - Started application in 0.49 seconds (process running for 1090.561)
2025-10-30 18:24:20.670 [nacos.client.cachedata.internal.notifier] INFO  com.alibaba.druid.pool.DruidDataSource - {dataSource-1} closing ...
2025-10-30 18:24:20.696 [nacos.client.cachedata.internal.notifier] INFO  o.s.cloud.endpoint.event.RefreshEventListener - Refresh keys changed: [rate-limit.api.limit]
2025-10-30 18:24:20.697 [nacos.client.cachedata.internal.notifier] INFO  com.alibaba.nacos.client.config.impl.CacheData - [fixed-127.0.0.1_8848] [notify-ok] dataId=xiaohashu-auth, group=DEFAULT_GROUP, md5=295e763eaee0ca86025520719e3926bc, listener=com.alibaba.cloud.nacos.refresh.NacosContextRefresher$1@3204b775 ,cost=563 millis.
2025-10-30 18:25:38.686 [main] WARN  com.alibaba.nacos.client.logging.NacosLogging - Load Logback Configuration of Nacos fail, message: Could not initialize Logback Nacos logging from classpath:nacos-logback.xml
2025-10-30 18:25:38.732 [main] WARN  com.alibaba.nacos.client.logging.NacosLogging - Load Logback Configuration of Nacos fail, message: Could not initialize Logback Nacos logging from classpath:nacos-logback.xml
2025-10-30 18:25:38.915 [main] WARN  com.alibaba.nacos.client.logging.NacosLogging - Load Logback Configuration of Nacos fail, message: Could not initialize Logback Nacos logging from classpath:nacos-logback.xml
2025-10-30 18:25:38.917 [main] INFO  com.alibaba.nacos.client.utils.ParamUtil - [settings] [req-serv] nacos-server port:8848
2025-10-30 18:25:38.917 [main] INFO  com.alibaba.nacos.client.utils.ParamUtil - [settings] [http-client] connect timeout:1000
2025-10-30 18:25:38.917 [main] INFO  com.alibaba.nacos.client.utils.ParamUtil - PER_TASK_CONFIG_SIZE: 3000.0
2025-10-30 18:25:38.931 [main] INFO  c.a.n.p.auth.spi.client.ClientAuthPluginManager - [ClientAuthPluginManager] Load ClientAuthService com.alibaba.nacos.client.auth.impl.NacosClientAuthServiceImpl success.
2025-10-30 18:25:38.931 [main] INFO  c.a.n.p.auth.spi.client.ClientAuthPluginManager - [ClientAuthPluginManager] Load ClientAuthService com.alibaba.nacos.client.auth.ram.RamClientAuthServiceImpl success.
2025-10-30 18:25:38.933 [main] INFO  c.a.n.client.auth.ram.identify.CredentialWatcher - null No credential found
2025-10-30 18:25:39.169 [main] WARN  com.alibaba.nacos.client.logging.NacosLogging - Load Logback Configuration of Nacos fail, message: Could not initialize Logback Nacos logging from classpath:nacos-logback.xml
2025-10-30 18:25:39.176 [main] INFO  c.a.n.client.config.impl.LocalConfigInfoProcessor - LOCAL_SNAPSHOT_PATH:C:\Users\hp\nacos\config
2025-10-30 18:25:39.179 [main] INFO  com.alibaba.nacos.common.remote.client - [RpcClientFactory] create a new rpc client of dc2dea7b-21d3-4d61-beaf-a6f746c93cbe_config-0
2025-10-30 18:25:39.186 [main] INFO  com.alibaba.nacos.common.remote.client - [dc2dea7b-21d3-4d61-beaf-a6f746c93cbe_config-0] Register server push request handler:com.alibaba.nacos.client.config.impl.ClientWorker$ConfigRpcTransportClient$$Lambda$585/0x0000013ca6323140
2025-10-30 18:25:39.187 [main] INFO  com.alibaba.nacos.common.remote.client - [dc2dea7b-21d3-4d61-beaf-a6f746c93cbe_config-0] Register server push request handler:com.alibaba.nacos.client.config.impl.ClientWorker$ConfigRpcTransportClient$$Lambda$586/0x0000013ca6323560
2025-10-30 18:25:39.187 [main] INFO  com.alibaba.nacos.common.remote.client - [dc2dea7b-21d3-4d61-beaf-a6f746c93cbe_config-0] Registry connection listener to current client:com.alibaba.nacos.client.config.impl.ClientWorker$ConfigRpcTransportClient$1
2025-10-30 18:25:39.187 [main] INFO  com.alibaba.nacos.common.remote.client - [dc2dea7b-21d3-4d61-beaf-a6f746c93cbe_config-0] RpcClient init, ServerListFactory = com.alibaba.nacos.client.config.impl.ClientWorker$ConfigRpcTransportClient$2
2025-10-30 18:25:39.192 [main] INFO  com.alibaba.nacos.common.remote.client - [dc2dea7b-21d3-4d61-beaf-a6f746c93cbe_config-0] Try to connect to server on start up, server: {serverIp = '127.0.0.1', server main port = 8848}
2025-10-30 18:25:39.215 [main] INFO  c.a.nacos.common.remote.client.grpc.GrpcClient - grpc client connection server:127.0.0.1 ip,serverPort:9848,grpcTslConfig:{"sslProvider":"OPENSSL","enableTls":false,"mutualAuthEnable":false,"trustAll":false}
2025-10-30 18:25:39.863 [main] INFO  com.alibaba.nacos.common.remote.client - [dc2dea7b-21d3-4d61-beaf-a6f746c93cbe_config-0] Success to connect to server [127.0.0.1:8848] on start up, connectionId = 1761819939707_127.0.0.1_9742
2025-10-30 18:25:39.863 [com.alibaba.nacos.client.remote.worker] INFO  com.alibaba.nacos.common.remote.client - [dc2dea7b-21d3-4d61-beaf-a6f746c93cbe_config-0] Notify connected event to listeners.
2025-10-30 18:25:39.863 [main] INFO  com.alibaba.nacos.common.remote.client - [dc2dea7b-21d3-4d61-beaf-a6f746c93cbe_config-0] Register server push request handler:com.alibaba.nacos.common.remote.client.RpcClient$ConnectResetRequestHandler
2025-10-30 18:25:39.863 [com.alibaba.nacos.client.remote.worker] INFO  com.alibaba.nacos.client.config.impl.ClientWorker - [dc2dea7b-21d3-4d61-beaf-a6f746c93cbe_config-0] Connected,notify listen context...
2025-10-30 18:25:39.863 [main] INFO  com.alibaba.nacos.common.remote.client - [dc2dea7b-21d3-4d61-beaf-a6f746c93cbe_config-0] Register server push request handler:com.alibaba.nacos.common.remote.client.RpcClient$$Lambda$606/0x0000013ca642f068
2025-10-30 18:25:39.883 [main] INFO  com.alibaba.nacos.client.config.impl.Limiter - limitTime:5.0
2025-10-30 18:25:39.896 [main] INFO  com.alibaba.nacos.client.config.utils.JvmUtil - isMultiInstance:false
2025-10-30 18:25:39.905 [main] WARN  c.a.cloud.nacos.client.NacosPropertySourceBuilder - Ignore the empty nacos configuration and get it based on dataId[xiaohashu-auth.yaml] & group[DEFAULT_GROUP]
2025-10-30 18:25:39.916 [main] INFO  o.s.c.b.c.PropertySourceBootstrapConfiguration - Located property source: [BootstrapPropertySource {name='bootstrapProperties-xiaohashu-auth-dev.yaml,DEFAULT_GROUP'}, BootstrapPropertySource {name='bootstrapProperties-xiaohashu-auth.yaml,DEFAULT_GROUP'}, BootstrapPropertySource {name='bootstrapProperties-xiaohashu-auth,DEFAULT_GROUP'}]
2025-10-30 18:25:39.932 [main] WARN  com.alibaba.nacos.client.logging.NacosLogging - Load Logback Configuration of Nacos fail, message: Could not initialize Logback Nacos logging from classpath:nacos-logback.xml
2025-10-30 18:25:39.933 [main] INFO  c.q.xiaohashu.auth.XiaohashuAuthApplication - The following 1 profile is active: "dev"
2025-10-30 18:25:40.308 [main] INFO  o.s.d.r.config.RepositoryConfigurationDelegate - Multiple Spring Data modules found, entering strict repository configuration mode
2025-10-30 18:25:40.309 [main] INFO  o.s.d.r.config.RepositoryConfigurationDelegate - Bootstrapping Spring Data Redis repositories in DEFAULT mode.
2025-10-30 18:25:40.323 [main] INFO  o.s.d.r.config.RepositoryConfigurationDelegate - Finished Spring Data repository scanning in 5 ms. Found 0 Redis repository interfaces.
2025-10-30 18:25:40.404 [main] INFO  o.springframework.cloud.context.scope.GenericScope - BeanFactory id=907b3a82-cb92-396a-878c-09ab8c72c7c8
2025-10-30 18:25:40.647 [main] INFO  o.s.boot.web.embedded.tomcat.TomcatWebServer - Tomcat initialized with port(s): 8080 (http)
2025-10-30 18:25:40.653 [main] INFO  org.apache.catalina.core.StandardService - Starting service [Tomcat]
2025-10-30 18:25:40.653 [main] INFO  org.apache.catalina.core.StandardEngine - Starting Servlet engine: [Apache Tomcat/10.1.5]
2025-10-30 18:25:40.719 [main] INFO  o.a.c.core.ContainerBase.[Tomcat].[localhost].[/] - Initializing Spring embedded WebApplicationContext
2025-10-30 18:25:40.720 [main] INFO  o.s.b.w.s.c.ServletWebServerApplicationContext - Root WebApplicationContext: initialization completed in 777 ms
2025-10-30 18:25:40.777 [main] INFO  c.a.d.s.b.a.DruidDataSourceAutoConfigure - Init DruidDataSource
2025-10-30 18:25:40.945 [main] INFO  com.alibaba.druid.pool.DruidDataSource - {dataSource-1} inited
2025-10-30 18:25:41.759 [main] INFO  o.s.boot.web.embedded.tomcat.TomcatWebServer - Tomcat started on port(s): 8080 (http) with context path ''
2025-10-30 18:25:41.925 [main] INFO  c.q.xiaohashu.auth.XiaohashuAuthApplication - Started XiaohashuAuthApplication in 3.816 seconds (process running for 4.369)
2025-10-30 18:25:41.926 [main] INFO  c.q.x.auth.runner.PushRolePermissions2RedisRunner - ==> 服务启动，开始同步角色权限数据到 Redis 中...
2025-10-30 18:25:42.213 [main] WARN  c.q.x.auth.runner.PushRolePermissions2RedisRunner - ==> 角色权限数据已经同步至 Redis 中，不再同步...
2025-10-30 18:25:42.215 [main] INFO  com.alibaba.nacos.client.config.impl.CacheData - nacos.cache.data.init.snapshot = true 
2025-10-30 18:25:42.215 [main] INFO  com.alibaba.nacos.client.config.impl.ClientWorker - [fixed-xiaohashu-127.0.0.1_8848] [subscribe] xiaohashu-auth.yaml+DEFAULT_GROUP+xiaohashu
2025-10-30 18:25:42.219 [main] INFO  com.alibaba.nacos.client.config.impl.CacheData - [fixed-xiaohashu-127.0.0.1_8848] [add-listener] ok, tenant=xiaohashu, dataId=xiaohashu-auth.yaml, group=DEFAULT_GROUP, cnt=1
2025-10-30 18:25:42.219 [main] INFO  c.a.cloud.nacos.refresh.NacosContextRefresher - [Nacos Config] Listening config: dataId=xiaohashu-auth.yaml, group=DEFAULT_GROUP
2025-10-30 18:25:42.220 [main] INFO  com.alibaba.nacos.client.config.impl.ClientWorker - [fixed-xiaohashu-127.0.0.1_8848] [subscribe] xiaohashu-auth-dev.yaml+DEFAULT_GROUP+xiaohashu
2025-10-30 18:25:42.220 [main] INFO  com.alibaba.nacos.client.config.impl.CacheData - [fixed-xiaohashu-127.0.0.1_8848] [add-listener] ok, tenant=xiaohashu, dataId=xiaohashu-auth-dev.yaml, group=DEFAULT_GROUP, cnt=1
2025-10-30 18:25:42.220 [main] INFO  c.a.cloud.nacos.refresh.NacosContextRefresher - [Nacos Config] Listening config: dataId=xiaohashu-auth-dev.yaml, group=DEFAULT_GROUP
2025-10-30 18:25:42.220 [main] INFO  com.alibaba.nacos.client.config.impl.ClientWorker - [fixed-xiaohashu-127.0.0.1_8848] [subscribe] xiaohashu-auth+DEFAULT_GROUP+xiaohashu
2025-10-30 18:25:42.220 [main] INFO  com.alibaba.nacos.client.config.impl.CacheData - [fixed-xiaohashu-127.0.0.1_8848] [add-listener] ok, tenant=xiaohashu, dataId=xiaohashu-auth, group=DEFAULT_GROUP, cnt=1
2025-10-30 18:25:42.220 [main] INFO  c.a.cloud.nacos.refresh.NacosContextRefresher - [Nacos Config] Listening config: dataId=xiaohashu-auth, group=DEFAULT_GROUP
2025-10-30 18:27:19.008 [main] WARN  com.alibaba.nacos.client.logging.NacosLogging - Load Logback Configuration of Nacos fail, message: Could not initialize Logback Nacos logging from classpath:nacos-logback.xml
2025-10-30 18:27:19.052 [main] WARN  com.alibaba.nacos.client.logging.NacosLogging - Load Logback Configuration of Nacos fail, message: Could not initialize Logback Nacos logging from classpath:nacos-logback.xml
2025-10-30 18:27:19.219 [main] WARN  com.alibaba.nacos.client.logging.NacosLogging - Load Logback Configuration of Nacos fail, message: Could not initialize Logback Nacos logging from classpath:nacos-logback.xml
2025-10-30 18:27:19.221 [main] INFO  com.alibaba.nacos.client.utils.ParamUtil - [settings] [req-serv] nacos-server port:8848
2025-10-30 18:27:19.221 [main] INFO  com.alibaba.nacos.client.utils.ParamUtil - [settings] [http-client] connect timeout:1000
2025-10-30 18:27:19.221 [main] INFO  com.alibaba.nacos.client.utils.ParamUtil - PER_TASK_CONFIG_SIZE: 3000.0
2025-10-30 18:27:19.235 [main] INFO  c.a.n.p.auth.spi.client.ClientAuthPluginManager - [ClientAuthPluginManager] Load ClientAuthService com.alibaba.nacos.client.auth.impl.NacosClientAuthServiceImpl success.
2025-10-30 18:27:19.235 [main] INFO  c.a.n.p.auth.spi.client.ClientAuthPluginManager - [ClientAuthPluginManager] Load ClientAuthService com.alibaba.nacos.client.auth.ram.RamClientAuthServiceImpl success.
2025-10-30 18:27:19.236 [main] INFO  c.a.n.client.auth.ram.identify.CredentialWatcher - null No credential found
2025-10-30 18:27:19.472 [main] WARN  com.alibaba.nacos.client.logging.NacosLogging - Load Logback Configuration of Nacos fail, message: Could not initialize Logback Nacos logging from classpath:nacos-logback.xml
2025-10-30 18:27:19.481 [main] INFO  c.a.n.client.config.impl.LocalConfigInfoProcessor - LOCAL_SNAPSHOT_PATH:C:\Users\hp\nacos\config
2025-10-30 18:27:19.483 [main] INFO  com.alibaba.nacos.common.remote.client - [RpcClientFactory] create a new rpc client of b436d03f-62a3-499c-a53e-840ef8b783b0_config-0
2025-10-30 18:27:19.490 [main] INFO  com.alibaba.nacos.common.remote.client - [b436d03f-62a3-499c-a53e-840ef8b783b0_config-0] Register server push request handler:com.alibaba.nacos.client.config.impl.ClientWorker$ConfigRpcTransportClient$$Lambda$586/0x000001c54c323d50
2025-10-30 18:27:19.490 [main] INFO  com.alibaba.nacos.common.remote.client - [b436d03f-62a3-499c-a53e-840ef8b783b0_config-0] Register server push request handler:com.alibaba.nacos.client.config.impl.ClientWorker$ConfigRpcTransportClient$$Lambda$587/0x000001c54c324170
2025-10-30 18:27:19.490 [main] INFO  com.alibaba.nacos.common.remote.client - [b436d03f-62a3-499c-a53e-840ef8b783b0_config-0] Registry connection listener to current client:com.alibaba.nacos.client.config.impl.ClientWorker$ConfigRpcTransportClient$1
2025-10-30 18:27:19.491 [main] INFO  com.alibaba.nacos.common.remote.client - [b436d03f-62a3-499c-a53e-840ef8b783b0_config-0] RpcClient init, ServerListFactory = com.alibaba.nacos.client.config.impl.ClientWorker$ConfigRpcTransportClient$2
2025-10-30 18:27:19.495 [main] INFO  com.alibaba.nacos.common.remote.client - [b436d03f-62a3-499c-a53e-840ef8b783b0_config-0] Try to connect to server on start up, server: {serverIp = '127.0.0.1', server main port = 8848}
2025-10-30 18:27:19.518 [main] INFO  c.a.nacos.common.remote.client.grpc.GrpcClient - grpc client connection server:127.0.0.1 ip,serverPort:9848,grpcTslConfig:{"sslProvider":"OPENSSL","enableTls":false,"mutualAuthEnable":false,"trustAll":false}
2025-10-30 18:27:20.136 [main] INFO  com.alibaba.nacos.common.remote.client - [b436d03f-62a3-499c-a53e-840ef8b783b0_config-0] Success to connect to server [127.0.0.1:8848] on start up, connectionId = 1761820039981_127.0.0.1_9801
2025-10-30 18:27:20.136 [com.alibaba.nacos.client.remote.worker] INFO  com.alibaba.nacos.common.remote.client - [b436d03f-62a3-499c-a53e-840ef8b783b0_config-0] Notify connected event to listeners.
2025-10-30 18:27:20.136 [com.alibaba.nacos.client.remote.worker] INFO  com.alibaba.nacos.client.config.impl.ClientWorker - [b436d03f-62a3-499c-a53e-840ef8b783b0_config-0] Connected,notify listen context...
2025-10-30 18:27:20.136 [main] INFO  com.alibaba.nacos.common.remote.client - [b436d03f-62a3-499c-a53e-840ef8b783b0_config-0] Register server push request handler:com.alibaba.nacos.common.remote.client.RpcClient$ConnectResetRequestHandler
2025-10-30 18:27:20.136 [main] INFO  com.alibaba.nacos.common.remote.client - [b436d03f-62a3-499c-a53e-840ef8b783b0_config-0] Register server push request handler:com.alibaba.nacos.common.remote.client.RpcClient$$Lambda$607/0x000001c54c42f7d0
2025-10-30 18:27:20.152 [main] INFO  com.alibaba.nacos.client.config.impl.Limiter - limitTime:5.0
2025-10-30 18:27:20.160 [main] INFO  com.alibaba.nacos.client.config.utils.JvmUtil - isMultiInstance:false
2025-10-30 18:27:20.167 [main] WARN  c.a.cloud.nacos.client.NacosPropertySourceBuilder - Ignore the empty nacos configuration and get it based on dataId[xiaohashu-auth.yaml] & group[DEFAULT_GROUP]
2025-10-30 18:27:20.172 [main] INFO  o.s.c.b.c.PropertySourceBootstrapConfiguration - Located property source: [BootstrapPropertySource {name='bootstrapProperties-xiaohashu-auth-dev.yaml,DEFAULT_GROUP'}, BootstrapPropertySource {name='bootstrapProperties-xiaohashu-auth.yaml,DEFAULT_GROUP'}, BootstrapPropertySource {name='bootstrapProperties-xiaohashu-auth,DEFAULT_GROUP'}]
2025-10-30 18:27:20.188 [main] WARN  com.alibaba.nacos.client.logging.NacosLogging - Load Logback Configuration of Nacos fail, message: Could not initialize Logback Nacos logging from classpath:nacos-logback.xml
2025-10-30 18:27:20.188 [main] INFO  c.q.xiaohashu.auth.XiaohashuAuthApplication - The following 1 profile is active: "dev"
2025-10-30 18:27:20.569 [main] INFO  o.s.d.r.config.RepositoryConfigurationDelegate - Multiple Spring Data modules found, entering strict repository configuration mode
2025-10-30 18:27:20.570 [main] INFO  o.s.d.r.config.RepositoryConfigurationDelegate - Bootstrapping Spring Data Redis repositories in DEFAULT mode.
2025-10-30 18:27:20.583 [main] INFO  o.s.d.r.config.RepositoryConfigurationDelegate - Finished Spring Data repository scanning in 5 ms. Found 0 Redis repository interfaces.
2025-10-30 18:27:20.659 [main] INFO  o.springframework.cloud.context.scope.GenericScope - BeanFactory id=99a34dea-3039-3fee-b2e2-54eedc3eb97b
2025-10-30 18:27:20.897 [main] INFO  o.s.boot.web.embedded.tomcat.TomcatWebServer - Tomcat initialized with port(s): 8080 (http)
2025-10-30 18:27:20.902 [main] INFO  org.apache.catalina.core.StandardService - Starting service [Tomcat]
2025-10-30 18:27:20.902 [main] INFO  org.apache.catalina.core.StandardEngine - Starting Servlet engine: [Apache Tomcat/10.1.5]
2025-10-30 18:27:20.957 [main] INFO  o.a.c.core.ContainerBase.[Tomcat].[localhost].[/] - Initializing Spring embedded WebApplicationContext
2025-10-30 18:27:20.959 [main] INFO  o.s.b.w.s.c.ServletWebServerApplicationContext - Root WebApplicationContext: initialization completed in 756 ms
2025-10-30 18:27:21.013 [main] INFO  c.a.d.s.b.a.DruidDataSourceAutoConfigure - Init DruidDataSource
2025-10-30 18:27:21.173 [main] INFO  com.alibaba.druid.pool.DruidDataSource - {dataSource-1} inited
2025-10-30 18:27:22.235 [main] INFO  o.s.boot.web.embedded.tomcat.TomcatWebServer - Tomcat started on port(s): 8080 (http) with context path ''
2025-10-30 18:27:22.237 [main] INFO  com.alibaba.nacos.client.naming - initializer namespace from ans.namespace attribute : null
2025-10-30 18:27:22.238 [main] INFO  com.alibaba.nacos.client.naming - initializer namespace from ALIBABA_ALIWARE_NAMESPACE attribute :null
2025-10-30 18:27:22.238 [main] INFO  com.alibaba.nacos.client.naming - initializer namespace from namespace attribute :null
2025-10-30 18:27:22.242 [main] INFO  c.a.n.p.auth.spi.client.ClientAuthPluginManager - [ClientAuthPluginManager] Load ClientAuthService com.alibaba.nacos.client.auth.impl.NacosClientAuthServiceImpl success.
2025-10-30 18:27:22.242 [main] INFO  c.a.n.p.auth.spi.client.ClientAuthPluginManager - [ClientAuthPluginManager] Load ClientAuthService com.alibaba.nacos.client.auth.ram.RamClientAuthServiceImpl success.
2025-10-30 18:27:22.244 [main] INFO  com.alibaba.nacos.common.remote.client - [RpcClientFactory] create a new rpc client of 6cb7a8c1-6190-4bfe-80a1-13499a854f99
2025-10-30 18:27:22.245 [main] INFO  com.alibaba.nacos.common.remote.client - [6cb7a8c1-6190-4bfe-80a1-13499a854f99] RpcClient init, ServerListFactory = com.alibaba.nacos.client.naming.core.ServerListManager
2025-10-30 18:27:22.245 [main] INFO  com.alibaba.nacos.common.remote.client - [6cb7a8c1-6190-4bfe-80a1-13499a854f99] Registry connection listener to current client:com.alibaba.nacos.client.naming.remote.gprc.redo.NamingGrpcRedoService
2025-10-30 18:27:22.245 [main] INFO  com.alibaba.nacos.common.remote.client - [6cb7a8c1-6190-4bfe-80a1-13499a854f99] Register server push request handler:com.alibaba.nacos.client.naming.remote.gprc.NamingPushRequestHandler
2025-10-30 18:27:22.245 [main] INFO  com.alibaba.nacos.common.remote.client - [6cb7a8c1-6190-4bfe-80a1-13499a854f99] Try to connect to server on start up, server: {serverIp = '127.0.0.1', server main port = 8848}
2025-10-30 18:27:22.245 [main] INFO  c.a.nacos.common.remote.client.grpc.GrpcClient - grpc client connection server:127.0.0.1 ip,serverPort:9848,grpcTslConfig:{"sslProvider":"OPENSSL","enableTls":false,"mutualAuthEnable":false,"trustAll":false}
2025-10-30 18:27:22.358 [main] INFO  com.alibaba.nacos.common.remote.client - [6cb7a8c1-6190-4bfe-80a1-13499a854f99] Success to connect to server [127.0.0.1:8848] on start up, connectionId = 1761820042249_127.0.0.1_9811
2025-10-30 18:27:22.358 [com.alibaba.nacos.client.remote.worker] INFO  com.alibaba.nacos.common.remote.client - [6cb7a8c1-6190-4bfe-80a1-13499a854f99] Notify connected event to listeners.
2025-10-30 18:27:22.358 [com.alibaba.nacos.client.remote.worker] INFO  com.alibaba.nacos.client.naming - Grpc connection connect
2025-10-30 18:27:22.358 [main] INFO  com.alibaba.nacos.common.remote.client - [6cb7a8c1-6190-4bfe-80a1-13499a854f99] Register server push request handler:com.alibaba.nacos.common.remote.client.RpcClient$ConnectResetRequestHandler
2025-10-30 18:27:22.358 [main] INFO  com.alibaba.nacos.common.remote.client - [6cb7a8c1-6190-4bfe-80a1-13499a854f99] Register server push request handler:com.alibaba.nacos.common.remote.client.RpcClient$$Lambda$607/0x000001c54c42f7d0
2025-10-30 18:27:22.359 [main] INFO  com.alibaba.nacos.client.naming - [REGISTER-SERVICE] xiaohashu registering service xiaohashu-auth with instance Instance{instanceId='null', ip='192.168.134.1', port=8080, weight=1.0, healthy=true, enabled=true, ephemeral=true, clusterName='DEFAULT', serviceName='null', metadata={IPv6=null, preserved.register.source=SPRING_CLOUD}}
2025-10-30 18:27:22.379 [main] INFO  c.a.cloud.nacos.registry.NacosServiceRegistry - nacos registry, DEFAULT_GROUP xiaohashu-auth 192.168.134.1:8080 register finished
2025-10-30 18:27:22.567 [main] INFO  c.q.xiaohashu.auth.XiaohashuAuthApplication - Started XiaohashuAuthApplication in 4.131 seconds (process running for 4.604)
2025-10-30 18:27:22.568 [main] INFO  c.q.x.auth.runner.PushRolePermissions2RedisRunner - ==> 服务启动，开始同步角色权限数据到 Redis 中...
2025-10-30 18:27:22.832 [main] WARN  c.q.x.auth.runner.PushRolePermissions2RedisRunner - ==> 角色权限数据已经同步至 Redis 中，不再同步...
2025-10-30 18:27:22.833 [main] INFO  com.alibaba.nacos.client.config.impl.CacheData - nacos.cache.data.init.snapshot = true 
2025-10-30 18:27:22.833 [main] INFO  com.alibaba.nacos.client.config.impl.ClientWorker - [fixed-xiaohashu-127.0.0.1_8848] [subscribe] xiaohashu-auth.yaml+DEFAULT_GROUP+xiaohashu
2025-10-30 18:27:22.836 [main] INFO  com.alibaba.nacos.client.config.impl.CacheData - [fixed-xiaohashu-127.0.0.1_8848] [add-listener] ok, tenant=xiaohashu, dataId=xiaohashu-auth.yaml, group=DEFAULT_GROUP, cnt=1
2025-10-30 18:27:22.836 [main] INFO  c.a.cloud.nacos.refresh.NacosContextRefresher - [Nacos Config] Listening config: dataId=xiaohashu-auth.yaml, group=DEFAULT_GROUP
2025-10-30 18:27:22.837 [main] INFO  com.alibaba.nacos.client.config.impl.ClientWorker - [fixed-xiaohashu-127.0.0.1_8848] [subscribe] xiaohashu-auth-dev.yaml+DEFAULT_GROUP+xiaohashu
2025-10-30 18:27:22.837 [main] INFO  com.alibaba.nacos.client.config.impl.CacheData - [fixed-xiaohashu-127.0.0.1_8848] [add-listener] ok, tenant=xiaohashu, dataId=xiaohashu-auth-dev.yaml, group=DEFAULT_GROUP, cnt=1
2025-10-30 18:27:22.837 [main] INFO  c.a.cloud.nacos.refresh.NacosContextRefresher - [Nacos Config] Listening config: dataId=xiaohashu-auth-dev.yaml, group=DEFAULT_GROUP
2025-10-30 18:27:22.837 [main] INFO  com.alibaba.nacos.client.config.impl.ClientWorker - [fixed-xiaohashu-127.0.0.1_8848] [subscribe] xiaohashu-auth+DEFAULT_GROUP+xiaohashu
2025-10-30 18:27:22.837 [main] INFO  com.alibaba.nacos.client.config.impl.CacheData - [fixed-xiaohashu-127.0.0.1_8848] [add-listener] ok, tenant=xiaohashu, dataId=xiaohashu-auth, group=DEFAULT_GROUP, cnt=1
2025-10-30 18:27:22.837 [main] INFO  c.a.cloud.nacos.refresh.NacosContextRefresher - [Nacos Config] Listening config: dataId=xiaohashu-auth, group=DEFAULT_GROUP
2025-10-30 18:28:57.688 [http-nio-8080-exec-5] INFO  org.springframework.web.servlet.DispatcherServlet - Initializing Servlet 'dispatcherServlet'
2025-10-30 18:28:57.691 [http-nio-8080-exec-5] INFO  org.springframework.web.servlet.DispatcherServlet - Completed initialization in 3 ms
2025-10-30 18:28:57.713 [http-nio-8080-exec-5] INFO  c.q.xiaohashu.auth.alarm.impl.SmaAlarmHelper - ==> 【短信告警】：系统出错啦，犬小哈这个月绩效没了，速度上线解决问题！
2025-10-30 18:29:40.443 [nacos-grpc-client-executor-127.0.0.1-44] INFO  com.alibaba.nacos.common.remote.client - [b436d03f-62a3-499c-a53e-840ef8b783b0_config-0] Receive server push request, request = ConfigChangeNotifyRequest, requestId = 3
2025-10-30 18:29:40.443 [nacos-grpc-client-executor-127.0.0.1-44] INFO  com.alibaba.nacos.client.config.impl.ClientWorker - [b436d03f-62a3-499c-a53e-840ef8b783b0_config-0] [server-push] config changed. dataId=xiaohashu-auth-dev.yaml, group=DEFAULT_GROUP,tenant=xiaohashu
2025-10-30 18:29:40.443 [nacos-grpc-client-executor-127.0.0.1-44] INFO  com.alibaba.nacos.common.remote.client - [b436d03f-62a3-499c-a53e-840ef8b783b0_config-0] Ack server push request, request = ConfigChangeNotifyRequest, requestId = 3
2025-10-30 18:29:40.453 [com.alibaba.nacos.client.Worker] INFO  com.alibaba.nacos.client.config.impl.ClientWorker - [fixed-xiaohashu-127.0.0.1_8848] [data-received] dataId=xiaohashu-auth-dev.yaml, group=DEFAULT_GROUP, tenant=xiaohashu, md5=899486f895e48bce0455d430ff956b00, content=alarm:
  type: mail # 告警类型, type=yaml
2025-10-30 18:29:40.455 [com.alibaba.nacos.client.Worker] INFO  com.alibaba.nacos.client.config.impl.CacheData - [fixed-xiaohashu-127.0.0.1_8848] [notify-listener] time cost=0ms in ClientWorker, dataId=xiaohashu-auth-dev.yaml, group=DEFAULT_GROUP, md5=899486f895e48bce0455d430ff956b00, listener=com.alibaba.cloud.nacos.refresh.NacosContextRefresher$1@5dd733c1 
2025-10-30 18:29:40.455 [nacos.client.cachedata.internal.notifier] INFO  com.alibaba.nacos.client.config.impl.CacheData - [fixed-xiaohashu-127.0.0.1_8848] [notify-context] dataId=xiaohashu-auth-dev.yaml, group=DEFAULT_GROUP, md5=899486f895e48bce0455d430ff956b00
2025-10-30 18:29:40.686 [nacos.client.cachedata.internal.notifier] WARN  com.alibaba.nacos.client.logging.NacosLogging - Load Logback Configuration of Nacos fail, message: Could not initialize Logback Nacos logging from classpath:nacos-logback.xml
2025-10-30 18:29:40.690 [nacos.client.cachedata.internal.notifier] WARN  com.alibaba.nacos.client.logging.NacosLogging - Load Logback Configuration of Nacos fail, message: Could not initialize Logback Nacos logging from classpath:nacos-logback.xml
2025-10-30 18:29:40.720 [nacos.client.cachedata.internal.notifier] WARN  com.alibaba.nacos.client.logging.NacosLogging - Load Logback Configuration of Nacos fail, message: Could not initialize Logback Nacos logging from classpath:nacos-logback.xml
2025-10-30 18:29:40.734 [nacos.client.cachedata.internal.notifier] WARN  c.a.cloud.nacos.client.NacosPropertySourceBuilder - Ignore the empty nacos configuration and get it based on dataId[xiaohashu-auth.yaml] & group[DEFAULT_GROUP]
2025-10-30 18:29:40.740 [nacos.client.cachedata.internal.notifier] INFO  o.s.c.b.c.PropertySourceBootstrapConfiguration - Located property source: [BootstrapPropertySource {name='bootstrapProperties-xiaohashu-auth-dev.yaml,DEFAULT_GROUP'}, BootstrapPropertySource {name='bootstrapProperties-xiaohashu-auth.yaml,DEFAULT_GROUP'}, BootstrapPropertySource {name='bootstrapProperties-xiaohashu-auth,DEFAULT_GROUP'}]
2025-10-30 18:29:40.742 [nacos.client.cachedata.internal.notifier] WARN  com.alibaba.nacos.client.logging.NacosLogging - Load Logback Configuration of Nacos fail, message: Could not initialize Logback Nacos logging from classpath:nacos-logback.xml
2025-10-30 18:29:40.742 [nacos.client.cachedata.internal.notifier] INFO  org.springframework.boot.SpringApplication - The following 1 profile is active: "dev"
2025-10-30 18:29:40.747 [nacos.client.cachedata.internal.notifier] INFO  org.springframework.boot.SpringApplication - Started application in 0.287 seconds (process running for 142.783)
2025-10-30 18:29:40.779 [nacos.client.cachedata.internal.notifier] INFO  com.alibaba.druid.pool.DruidDataSource - {dataSource-1} closing ...
2025-10-30 18:29:40.784 [nacos.client.cachedata.internal.notifier] INFO  com.alibaba.druid.pool.DruidDataSource - {dataSource-1} closed
2025-10-30 18:29:40.799 [nacos.client.cachedata.internal.notifier] INFO  o.s.cloud.endpoint.event.RefreshEventListener - Refresh keys changed: [alarm.type]
2025-10-30 18:29:40.799 [nacos.client.cachedata.internal.notifier] INFO  com.alibaba.nacos.client.config.impl.CacheData - [fixed-xiaohashu-127.0.0.1_8848] [notify-ok] dataId=xiaohashu-auth-dev.yaml, group=DEFAULT_GROUP, md5=899486f895e48bce0455d430ff956b00, listener=com.alibaba.cloud.nacos.refresh.NacosContextRefresher$1@5dd733c1 ,cost=344 millis.
2025-10-30 18:29:50.696 [http-nio-8080-exec-4] INFO  c.q.xiaohashu.auth.alarm.impl.MailAlarmHelper - ==> 【邮件告警】：系统出错啦，犬小哈这个月绩效没了，速度上线解决问题！
2025-10-30 18:42:58.453 [main] WARN  com.alibaba.nacos.client.logging.NacosLogging - Load Logback Configuration of Nacos fail, message: Could not initialize Logback Nacos logging from classpath:nacos-logback.xml
2025-10-30 18:42:58.486 [main] WARN  com.alibaba.nacos.client.logging.NacosLogging - Load Logback Configuration of Nacos fail, message: Could not initialize Logback Nacos logging from classpath:nacos-logback.xml
2025-10-30 18:42:58.625 [main] WARN  com.alibaba.nacos.client.logging.NacosLogging - Load Logback Configuration of Nacos fail, message: Could not initialize Logback Nacos logging from classpath:nacos-logback.xml
2025-10-30 18:42:58.627 [main] INFO  com.alibaba.nacos.client.utils.ParamUtil - [settings] [req-serv] nacos-server port:8848
2025-10-30 18:42:58.627 [main] INFO  com.alibaba.nacos.client.utils.ParamUtil - [settings] [http-client] connect timeout:1000
2025-10-30 18:42:58.628 [main] INFO  com.alibaba.nacos.client.utils.ParamUtil - PER_TASK_CONFIG_SIZE: 3000.0
2025-10-30 18:42:58.643 [main] INFO  c.a.n.p.auth.spi.client.ClientAuthPluginManager - [ClientAuthPluginManager] Load ClientAuthService com.alibaba.nacos.client.auth.impl.NacosClientAuthServiceImpl success.
2025-10-30 18:42:58.643 [main] INFO  c.a.n.p.auth.spi.client.ClientAuthPluginManager - [ClientAuthPluginManager] Load ClientAuthService com.alibaba.nacos.client.auth.ram.RamClientAuthServiceImpl success.
2025-10-30 18:42:58.645 [main] INFO  c.a.n.client.auth.ram.identify.CredentialWatcher - null No credential found
2025-10-30 18:42:58.900 [main] WARN  com.alibaba.nacos.client.logging.NacosLogging - Load Logback Configuration of Nacos fail, message: Could not initialize Logback Nacos logging from classpath:nacos-logback.xml
2025-10-30 18:42:58.907 [main] INFO  c.a.n.client.config.impl.LocalConfigInfoProcessor - LOCAL_SNAPSHOT_PATH:C:\Users\hp\nacos\config
2025-10-30 18:42:58.909 [main] INFO  com.alibaba.nacos.common.remote.client - [RpcClientFactory] create a new rpc client of 95836744-c9be-41b6-8464-3909ad6aee73_config-0
2025-10-30 18:42:58.916 [main] INFO  com.alibaba.nacos.common.remote.client - [95836744-c9be-41b6-8464-3909ad6aee73_config-0] Register server push request handler:com.alibaba.nacos.client.config.impl.ClientWorker$ConfigRpcTransportClient$$Lambda$586/0x0000027edb323af8
2025-10-30 18:42:58.916 [main] INFO  com.alibaba.nacos.common.remote.client - [95836744-c9be-41b6-8464-3909ad6aee73_config-0] Register server push request handler:com.alibaba.nacos.client.config.impl.ClientWorker$ConfigRpcTransportClient$$Lambda$587/0x0000027edb323f18
2025-10-30 18:42:58.916 [main] INFO  com.alibaba.nacos.common.remote.client - [95836744-c9be-41b6-8464-3909ad6aee73_config-0] Registry connection listener to current client:com.alibaba.nacos.client.config.impl.ClientWorker$ConfigRpcTransportClient$1
2025-10-30 18:42:58.916 [main] INFO  com.alibaba.nacos.common.remote.client - [95836744-c9be-41b6-8464-3909ad6aee73_config-0] RpcClient init, ServerListFactory = com.alibaba.nacos.client.config.impl.ClientWorker$ConfigRpcTransportClient$2
2025-10-30 18:42:58.921 [main] INFO  com.alibaba.nacos.common.remote.client - [95836744-c9be-41b6-8464-3909ad6aee73_config-0] Try to connect to server on start up, server: {serverIp = '127.0.0.1', server main port = 8848}
2025-10-30 18:42:58.944 [main] INFO  c.a.nacos.common.remote.client.grpc.GrpcClient - grpc client connection server:127.0.0.1 ip,serverPort:9848,grpcTslConfig:{"sslProvider":"OPENSSL","enableTls":false,"mutualAuthEnable":false,"trustAll":false}
2025-10-30 18:42:59.610 [main] INFO  com.alibaba.nacos.common.remote.client - [95836744-c9be-41b6-8464-3909ad6aee73_config-0] Success to connect to server [127.0.0.1:8848] on start up, connectionId = 1761820979450_127.0.0.1_10565
2025-10-30 18:42:59.610 [com.alibaba.nacos.client.remote.worker] INFO  com.alibaba.nacos.common.remote.client - [95836744-c9be-41b6-8464-3909ad6aee73_config-0] Notify connected event to listeners.
2025-10-30 18:42:59.611 [com.alibaba.nacos.client.remote.worker] INFO  com.alibaba.nacos.client.config.impl.ClientWorker - [95836744-c9be-41b6-8464-3909ad6aee73_config-0] Connected,notify listen context...
2025-10-30 18:42:59.611 [main] INFO  com.alibaba.nacos.common.remote.client - [95836744-c9be-41b6-8464-3909ad6aee73_config-0] Register server push request handler:com.alibaba.nacos.common.remote.client.RpcClient$ConnectResetRequestHandler
2025-10-30 18:42:59.611 [main] INFO  com.alibaba.nacos.common.remote.client - [95836744-c9be-41b6-8464-3909ad6aee73_config-0] Register server push request handler:com.alibaba.nacos.common.remote.client.RpcClient$$Lambda$607/0x0000027edb430000
2025-10-30 18:42:59.629 [main] INFO  com.alibaba.nacos.client.config.impl.Limiter - limitTime:5.0
2025-10-30 18:42:59.638 [main] INFO  com.alibaba.nacos.client.config.utils.JvmUtil - isMultiInstance:false
2025-10-30 18:42:59.646 [main] WARN  c.a.cloud.nacos.client.NacosPropertySourceBuilder - Ignore the empty nacos configuration and get it based on dataId[xiaohashu-auth.yaml] & group[DEFAULT_GROUP]
2025-10-30 18:42:59.652 [main] INFO  o.s.c.b.c.PropertySourceBootstrapConfiguration - Located property source: [BootstrapPropertySource {name='bootstrapProperties-xiaohashu-auth-dev.yaml,DEFAULT_GROUP'}, BootstrapPropertySource {name='bootstrapProperties-xiaohashu-auth.yaml,DEFAULT_GROUP'}, BootstrapPropertySource {name='bootstrapProperties-xiaohashu-auth,DEFAULT_GROUP'}]
2025-10-30 18:42:59.666 [main] WARN  com.alibaba.nacos.client.logging.NacosLogging - Load Logback Configuration of Nacos fail, message: Could not initialize Logback Nacos logging from classpath:nacos-logback.xml
2025-10-30 18:42:59.667 [main] INFO  c.q.xiaohashu.auth.XiaohashuAuthApplication - The following 1 profile is active: "dev"
2025-10-30 18:43:00.102 [main] INFO  o.s.d.r.config.RepositoryConfigurationDelegate - Multiple Spring Data modules found, entering strict repository configuration mode
2025-10-30 18:43:00.104 [main] INFO  o.s.d.r.config.RepositoryConfigurationDelegate - Bootstrapping Spring Data Redis repositories in DEFAULT mode.
2025-10-30 18:43:00.122 [main] INFO  o.s.d.r.config.RepositoryConfigurationDelegate - Finished Spring Data repository scanning in 6 ms. Found 0 Redis repository interfaces.
2025-10-30 18:43:00.215 [main] INFO  o.springframework.cloud.context.scope.GenericScope - BeanFactory id=99a34dea-3039-3fee-b2e2-54eedc3eb97b
2025-10-30 18:43:00.485 [main] INFO  o.s.boot.web.embedded.tomcat.TomcatWebServer - Tomcat initialized with port(s): 8080 (http)
2025-10-30 18:43:00.490 [main] INFO  org.apache.catalina.core.StandardService - Starting service [Tomcat]
2025-10-30 18:43:00.492 [main] INFO  org.apache.catalina.core.StandardEngine - Starting Servlet engine: [Apache Tomcat/10.1.5]
2025-10-30 18:43:00.556 [main] INFO  o.a.c.core.ContainerBase.[Tomcat].[localhost].[/] - Initializing Spring embedded WebApplicationContext
2025-10-30 18:43:00.557 [main] INFO  o.s.b.w.s.c.ServletWebServerApplicationContext - Root WebApplicationContext: initialization completed in 880 ms
2025-10-30 18:43:00.619 [main] INFO  c.a.d.s.b.a.DruidDataSourceAutoConfigure - Init DruidDataSource
2025-10-30 18:43:00.798 [main] INFO  com.alibaba.druid.pool.DruidDataSource - {dataSource-1} inited
2025-10-30 18:43:01.938 [main] INFO  o.s.boot.web.embedded.tomcat.TomcatWebServer - Tomcat started on port(s): 8080 (http) with context path ''
2025-10-30 18:43:01.940 [main] INFO  com.alibaba.nacos.client.naming - initializer namespace from ans.namespace attribute : null
2025-10-30 18:43:01.940 [main] INFO  com.alibaba.nacos.client.naming - initializer namespace from ALIBABA_ALIWARE_NAMESPACE attribute :null
2025-10-30 18:43:01.940 [main] INFO  com.alibaba.nacos.client.naming - initializer namespace from namespace attribute :null
2025-10-30 18:43:01.945 [main] INFO  c.a.n.p.auth.spi.client.ClientAuthPluginManager - [ClientAuthPluginManager] Load ClientAuthService com.alibaba.nacos.client.auth.impl.NacosClientAuthServiceImpl success.
2025-10-30 18:43:01.945 [main] INFO  c.a.n.p.auth.spi.client.ClientAuthPluginManager - [ClientAuthPluginManager] Load ClientAuthService com.alibaba.nacos.client.auth.ram.RamClientAuthServiceImpl success.
2025-10-30 18:43:01.946 [main] INFO  com.alibaba.nacos.common.remote.client - [RpcClientFactory] create a new rpc client of bfbfe62a-ad70-4602-825c-a2bda33895ac
2025-10-30 18:43:01.947 [main] INFO  com.alibaba.nacos.common.remote.client - [bfbfe62a-ad70-4602-825c-a2bda33895ac] RpcClient init, ServerListFactory = com.alibaba.nacos.client.naming.core.ServerListManager
2025-10-30 18:43:01.947 [main] INFO  com.alibaba.nacos.common.remote.client - [bfbfe62a-ad70-4602-825c-a2bda33895ac] Registry connection listener to current client:com.alibaba.nacos.client.naming.remote.gprc.redo.NamingGrpcRedoService
2025-10-30 18:43:01.947 [main] INFO  com.alibaba.nacos.common.remote.client - [bfbfe62a-ad70-4602-825c-a2bda33895ac] Register server push request handler:com.alibaba.nacos.client.naming.remote.gprc.NamingPushRequestHandler
2025-10-30 18:43:01.947 [main] INFO  com.alibaba.nacos.common.remote.client - [bfbfe62a-ad70-4602-825c-a2bda33895ac] Try to connect to server on start up, server: {serverIp = '127.0.0.1', server main port = 8848}
2025-10-30 18:43:01.947 [main] INFO  c.a.nacos.common.remote.client.grpc.GrpcClient - grpc client connection server:127.0.0.1 ip,serverPort:9848,grpcTslConfig:{"sslProvider":"OPENSSL","enableTls":false,"mutualAuthEnable":false,"trustAll":false}
2025-10-30 18:43:02.067 [main] INFO  com.alibaba.nacos.common.remote.client - [bfbfe62a-ad70-4602-825c-a2bda33895ac] Success to connect to server [127.0.0.1:8848] on start up, connectionId = 1761820981951_127.0.0.1_10571
2025-10-30 18:43:02.067 [com.alibaba.nacos.client.remote.worker] INFO  com.alibaba.nacos.common.remote.client - [bfbfe62a-ad70-4602-825c-a2bda33895ac] Notify connected event to listeners.
2025-10-30 18:43:02.067 [com.alibaba.nacos.client.remote.worker] INFO  com.alibaba.nacos.client.naming - Grpc connection connect
2025-10-30 18:43:02.067 [main] INFO  com.alibaba.nacos.common.remote.client - [bfbfe62a-ad70-4602-825c-a2bda33895ac] Register server push request handler:com.alibaba.nacos.common.remote.client.RpcClient$ConnectResetRequestHandler
2025-10-30 18:43:02.067 [main] INFO  com.alibaba.nacos.common.remote.client - [bfbfe62a-ad70-4602-825c-a2bda33895ac] Register server push request handler:com.alibaba.nacos.common.remote.client.RpcClient$$Lambda$607/0x0000027edb430000
2025-10-30 18:43:02.068 [main] INFO  com.alibaba.nacos.client.naming - [REGISTER-SERVICE] xiaohashu registering service xiaohashu-auth with instance Instance{instanceId='null', ip='192.168.134.1', port=8080, weight=1.0, healthy=true, enabled=true, ephemeral=true, clusterName='DEFAULT', serviceName='null', metadata={IPv6=null, preserved.register.source=SPRING_CLOUD}}
2025-10-30 18:43:02.074 [main] INFO  c.a.cloud.nacos.registry.NacosServiceRegistry - nacos registry, DEFAULT_GROUP xiaohashu-auth 192.168.134.1:8080 register finished
2025-10-30 18:43:02.254 [main] INFO  c.q.xiaohashu.auth.XiaohashuAuthApplication - Started XiaohashuAuthApplication in 4.4 seconds (process running for 5.071)
2025-10-30 18:43:02.255 [main] INFO  c.q.x.auth.runner.PushRolePermissions2RedisRunner - ==> 服务启动，开始同步角色权限数据到 Redis 中...
2025-10-30 18:43:02.550 [main] WARN  c.q.x.auth.runner.PushRolePermissions2RedisRunner - ==> 角色权限数据已经同步至 Redis 中，不再同步...
2025-10-30 18:43:02.551 [main] INFO  com.alibaba.nacos.client.config.impl.CacheData - nacos.cache.data.init.snapshot = true 
2025-10-30 18:43:02.552 [main] INFO  com.alibaba.nacos.client.config.impl.ClientWorker - [fixed-xiaohashu-127.0.0.1_8848] [subscribe] xiaohashu-auth.yaml+DEFAULT_GROUP+xiaohashu
2025-10-30 18:43:02.555 [main] INFO  com.alibaba.nacos.client.config.impl.CacheData - [fixed-xiaohashu-127.0.0.1_8848] [add-listener] ok, tenant=xiaohashu, dataId=xiaohashu-auth.yaml, group=DEFAULT_GROUP, cnt=1
2025-10-30 18:43:02.556 [main] INFO  c.a.cloud.nacos.refresh.NacosContextRefresher - [Nacos Config] Listening config: dataId=xiaohashu-auth.yaml, group=DEFAULT_GROUP
2025-10-30 18:43:02.556 [main] INFO  com.alibaba.nacos.client.config.impl.ClientWorker - [fixed-xiaohashu-127.0.0.1_8848] [subscribe] xiaohashu-auth-dev.yaml+DEFAULT_GROUP+xiaohashu
2025-10-30 18:43:02.556 [main] INFO  com.alibaba.nacos.client.config.impl.CacheData - [fixed-xiaohashu-127.0.0.1_8848] [add-listener] ok, tenant=xiaohashu, dataId=xiaohashu-auth-dev.yaml, group=DEFAULT_GROUP, cnt=1
2025-10-30 18:43:02.556 [main] INFO  c.a.cloud.nacos.refresh.NacosContextRefresher - [Nacos Config] Listening config: dataId=xiaohashu-auth-dev.yaml, group=DEFAULT_GROUP
2025-10-30 18:43:02.557 [main] INFO  com.alibaba.nacos.client.config.impl.ClientWorker - [fixed-xiaohashu-127.0.0.1_8848] [subscribe] xiaohashu-auth+DEFAULT_GROUP+xiaohashu
2025-10-30 18:43:02.557 [main] INFO  com.alibaba.nacos.client.config.impl.CacheData - [fixed-xiaohashu-127.0.0.1_8848] [add-listener] ok, tenant=xiaohashu, dataId=xiaohashu-auth, group=DEFAULT_GROUP, cnt=1
2025-10-30 18:43:02.557 [main] INFO  c.a.cloud.nacos.refresh.NacosContextRefresher - [Nacos Config] Listening config: dataId=xiaohashu-auth, group=DEFAULT_GROUP
2025-10-30 18:46:28.744 [http-nio-8080-exec-2] INFO  org.springframework.web.servlet.DispatcherServlet - Initializing Servlet 'dispatcherServlet'
2025-10-30 18:46:28.751 [http-nio-8080-exec-2] INFO  org.springframework.web.servlet.DispatcherServlet - Completed initialization in 7 ms
2025-10-30 18:46:28.897 [http-nio-8080-exec-2] INFO  c.q.f.b.operationlog.aspect.ApiOperationLogAspect - ====== 请求开始: [发送短信验证码], 入参: {"phone":"18617685129"}, 请求类: VerificationCodeController, 请求方法: send =================================== 
2025-10-30 18:46:28.908 [http-nio-8080-exec-2] INFO  c.q.x.a.service.impl.VerificationCodeServiceImpl - ==> 手机号: 18617685129, 已发送验证码：【289437】
2025-10-30 18:46:28.914 [http-nio-8080-exec-2] INFO  c.q.f.b.operationlog.aspect.ApiOperationLogAspect - ====== 请求结束: [发送短信验证码], 耗时: 18ms, 出参: {"success":true,"message":null,"errorCode":null,"data":null} =================================== 
2025-10-30 19:08:53.258 [http-nio-8080-exec-1] INFO  c.q.f.b.operationlog.aspect.ApiOperationLogAspect - ====== 请求开始: [发送短信验证码], 入参: {"phone":"18617685129"}, 请求类: VerificationCodeController, 请求方法: send =================================== 
2025-10-30 19:08:53.260 [http-nio-8080-exec-1] INFO  c.q.x.a.service.impl.VerificationCodeServiceImpl - ==> 手机号: 18617685129, 已发送验证码：【317596】
2025-10-30 19:08:53.261 [http-nio-8080-exec-1] INFO  c.q.f.b.operationlog.aspect.ApiOperationLogAspect - ====== 请求结束: [发送短信验证码], 耗时: 3ms, 出参: {"success":true,"message":null,"errorCode":null,"data":null} =================================== 
2025-10-30 19:09:15.889 [main] WARN  com.alibaba.nacos.client.logging.NacosLogging - Load Logback Configuration of Nacos fail, message: Could not initialize Logback Nacos logging from classpath:nacos-logback.xml
2025-10-30 19:09:15.935 [main] WARN  com.alibaba.nacos.client.logging.NacosLogging - Load Logback Configuration of Nacos fail, message: Could not initialize Logback Nacos logging from classpath:nacos-logback.xml
2025-10-30 19:09:16.100 [main] WARN  com.alibaba.nacos.client.logging.NacosLogging - Load Logback Configuration of Nacos fail, message: Could not initialize Logback Nacos logging from classpath:nacos-logback.xml
2025-10-30 19:09:16.101 [main] INFO  com.alibaba.nacos.client.utils.ParamUtil - [settings] [req-serv] nacos-server port:8848
2025-10-30 19:09:16.101 [main] INFO  com.alibaba.nacos.client.utils.ParamUtil - [settings] [http-client] connect timeout:1000
2025-10-30 19:09:16.101 [main] INFO  com.alibaba.nacos.client.utils.ParamUtil - PER_TASK_CONFIG_SIZE: 3000.0
2025-10-30 19:09:16.114 [main] INFO  c.a.n.p.auth.spi.client.ClientAuthPluginManager - [ClientAuthPluginManager] Load ClientAuthService com.alibaba.nacos.client.auth.impl.NacosClientAuthServiceImpl success.
2025-10-30 19:09:16.114 [main] INFO  c.a.n.p.auth.spi.client.ClientAuthPluginManager - [ClientAuthPluginManager] Load ClientAuthService com.alibaba.nacos.client.auth.ram.RamClientAuthServiceImpl success.
2025-10-30 19:09:16.116 [main] INFO  c.a.n.client.auth.ram.identify.CredentialWatcher - null No credential found
2025-10-30 19:09:16.359 [main] WARN  com.alibaba.nacos.client.logging.NacosLogging - Load Logback Configuration of Nacos fail, message: Could not initialize Logback Nacos logging from classpath:nacos-logback.xml
2025-10-30 19:09:16.368 [main] INFO  c.a.n.client.config.impl.LocalConfigInfoProcessor - LOCAL_SNAPSHOT_PATH:C:\Users\hp\nacos\config
2025-10-30 19:09:16.370 [main] INFO  com.alibaba.nacos.common.remote.client - [RpcClientFactory] create a new rpc client of dd4143bf-1bda-4e68-b52c-ca100bc40a19_config-0
2025-10-30 19:09:16.376 [main] INFO  com.alibaba.nacos.common.remote.client - [dd4143bf-1bda-4e68-b52c-ca100bc40a19_config-0] Register server push request handler:com.alibaba.nacos.client.config.impl.ClientWorker$ConfigRpcTransportClient$$Lambda$586/0x0000027881323af8
2025-10-30 19:09:16.376 [main] INFO  com.alibaba.nacos.common.remote.client - [dd4143bf-1bda-4e68-b52c-ca100bc40a19_config-0] Register server push request handler:com.alibaba.nacos.client.config.impl.ClientWorker$ConfigRpcTransportClient$$Lambda$587/0x0000027881323f18
2025-10-30 19:09:16.376 [main] INFO  com.alibaba.nacos.common.remote.client - [dd4143bf-1bda-4e68-b52c-ca100bc40a19_config-0] Registry connection listener to current client:com.alibaba.nacos.client.config.impl.ClientWorker$ConfigRpcTransportClient$1
2025-10-30 19:09:16.377 [main] INFO  com.alibaba.nacos.common.remote.client - [dd4143bf-1bda-4e68-b52c-ca100bc40a19_config-0] RpcClient init, ServerListFactory = com.alibaba.nacos.client.config.impl.ClientWorker$ConfigRpcTransportClient$2
2025-10-30 19:09:16.381 [main] INFO  com.alibaba.nacos.common.remote.client - [dd4143bf-1bda-4e68-b52c-ca100bc40a19_config-0] Try to connect to server on start up, server: {serverIp = '127.0.0.1', server main port = 8848}
2025-10-30 19:09:16.404 [main] INFO  c.a.nacos.common.remote.client.grpc.GrpcClient - grpc client connection server:127.0.0.1 ip,serverPort:9848,grpcTslConfig:{"sslProvider":"OPENSSL","enableTls":false,"mutualAuthEnable":false,"trustAll":false}
2025-10-30 19:09:17.007 [main] INFO  com.alibaba.nacos.common.remote.client - [dd4143bf-1bda-4e68-b52c-ca100bc40a19_config-0] Success to connect to server [127.0.0.1:8848] on start up, connectionId = 1761822556860_127.0.0.1_11784
2025-10-30 19:09:17.007 [com.alibaba.nacos.client.remote.worker] INFO  com.alibaba.nacos.common.remote.client - [dd4143bf-1bda-4e68-b52c-ca100bc40a19_config-0] Notify connected event to listeners.
2025-10-30 19:09:17.007 [main] INFO  com.alibaba.nacos.common.remote.client - [dd4143bf-1bda-4e68-b52c-ca100bc40a19_config-0] Register server push request handler:com.alibaba.nacos.common.remote.client.RpcClient$ConnectResetRequestHandler
2025-10-30 19:09:17.007 [com.alibaba.nacos.client.remote.worker] INFO  com.alibaba.nacos.client.config.impl.ClientWorker - [dd4143bf-1bda-4e68-b52c-ca100bc40a19_config-0] Connected,notify listen context...
2025-10-30 19:09:17.007 [main] INFO  com.alibaba.nacos.common.remote.client - [dd4143bf-1bda-4e68-b52c-ca100bc40a19_config-0] Register server push request handler:com.alibaba.nacos.common.remote.client.RpcClient$$Lambda$607/0x000002788142f7d0
2025-10-30 19:09:17.026 [main] INFO  com.alibaba.nacos.client.config.impl.Limiter - limitTime:5.0
2025-10-30 19:09:17.034 [main] INFO  com.alibaba.nacos.client.config.utils.JvmUtil - isMultiInstance:false
2025-10-30 19:09:17.042 [main] WARN  c.a.cloud.nacos.client.NacosPropertySourceBuilder - Ignore the empty nacos configuration and get it based on dataId[xiaohashu-auth.yaml] & group[DEFAULT_GROUP]
2025-10-30 19:09:17.049 [main] INFO  o.s.c.b.c.PropertySourceBootstrapConfiguration - Located property source: [BootstrapPropertySource {name='bootstrapProperties-xiaohashu-auth-dev.yaml,DEFAULT_GROUP'}, BootstrapPropertySource {name='bootstrapProperties-xiaohashu-auth.yaml,DEFAULT_GROUP'}, BootstrapPropertySource {name='bootstrapProperties-xiaohashu-auth,DEFAULT_GROUP'}]
2025-10-30 19:09:17.065 [main] WARN  com.alibaba.nacos.client.logging.NacosLogging - Load Logback Configuration of Nacos fail, message: Could not initialize Logback Nacos logging from classpath:nacos-logback.xml
2025-10-30 19:09:17.065 [main] INFO  c.q.xiaohashu.auth.XiaohashuAuthApplication - The following 1 profile is active: "dev"
2025-10-30 19:09:17.454 [main] INFO  o.s.d.r.config.RepositoryConfigurationDelegate - Multiple Spring Data modules found, entering strict repository configuration mode
2025-10-30 19:09:17.456 [main] INFO  o.s.d.r.config.RepositoryConfigurationDelegate - Bootstrapping Spring Data Redis repositories in DEFAULT mode.
2025-10-30 19:09:17.473 [main] INFO  o.s.d.r.config.RepositoryConfigurationDelegate - Finished Spring Data repository scanning in 7 ms. Found 0 Redis repository interfaces.
2025-10-30 19:09:17.570 [main] INFO  o.springframework.cloud.context.scope.GenericScope - BeanFactory id=99a34dea-3039-3fee-b2e2-54eedc3eb97b
2025-10-30 19:09:17.831 [main] INFO  o.s.boot.web.embedded.tomcat.TomcatWebServer - Tomcat initialized with port(s): 8080 (http)
2025-10-30 19:09:17.837 [main] INFO  org.apache.catalina.core.StandardService - Starting service [Tomcat]
2025-10-30 19:09:17.837 [main] INFO  org.apache.catalina.core.StandardEngine - Starting Servlet engine: [Apache Tomcat/10.1.5]
2025-10-30 19:09:17.903 [main] INFO  o.a.c.core.ContainerBase.[Tomcat].[localhost].[/] - Initializing Spring embedded WebApplicationContext
2025-10-30 19:09:17.903 [main] INFO  o.s.b.w.s.c.ServletWebServerApplicationContext - Root WebApplicationContext: initialization completed in 828 ms
2025-10-30 19:09:17.963 [main] INFO  c.a.d.s.b.a.DruidDataSourceAutoConfigure - Init DruidDataSource
2025-10-30 19:09:18.141 [main] INFO  com.alibaba.druid.pool.DruidDataSource - {dataSource-1} inited
2025-10-30 19:09:19.268 [main] INFO  o.s.boot.web.embedded.tomcat.TomcatWebServer - Tomcat started on port(s): 8080 (http) with context path ''
2025-10-30 19:09:19.270 [main] INFO  com.alibaba.nacos.client.naming - initializer namespace from ans.namespace attribute : null
2025-10-30 19:09:19.271 [main] INFO  com.alibaba.nacos.client.naming - initializer namespace from ALIBABA_ALIWARE_NAMESPACE attribute :null
2025-10-30 19:09:19.271 [main] INFO  com.alibaba.nacos.client.naming - initializer namespace from namespace attribute :null
2025-10-30 19:09:19.275 [main] INFO  c.a.n.p.auth.spi.client.ClientAuthPluginManager - [ClientAuthPluginManager] Load ClientAuthService com.alibaba.nacos.client.auth.impl.NacosClientAuthServiceImpl success.
2025-10-30 19:09:19.275 [main] INFO  c.a.n.p.auth.spi.client.ClientAuthPluginManager - [ClientAuthPluginManager] Load ClientAuthService com.alibaba.nacos.client.auth.ram.RamClientAuthServiceImpl success.
2025-10-30 19:09:19.277 [main] INFO  com.alibaba.nacos.common.remote.client - [RpcClientFactory] create a new rpc client of 6baf8d5d-9e8b-42b8-85ed-d19674fd7e9e
2025-10-30 19:09:19.278 [main] INFO  com.alibaba.nacos.common.remote.client - [6baf8d5d-9e8b-42b8-85ed-d19674fd7e9e] RpcClient init, ServerListFactory = com.alibaba.nacos.client.naming.core.ServerListManager
2025-10-30 19:09:19.278 [main] INFO  com.alibaba.nacos.common.remote.client - [6baf8d5d-9e8b-42b8-85ed-d19674fd7e9e] Registry connection listener to current client:com.alibaba.nacos.client.naming.remote.gprc.redo.NamingGrpcRedoService
2025-10-30 19:09:19.278 [main] INFO  com.alibaba.nacos.common.remote.client - [6baf8d5d-9e8b-42b8-85ed-d19674fd7e9e] Register server push request handler:com.alibaba.nacos.client.naming.remote.gprc.NamingPushRequestHandler
2025-10-30 19:09:19.279 [main] INFO  com.alibaba.nacos.common.remote.client - [6baf8d5d-9e8b-42b8-85ed-d19674fd7e9e] Try to connect to server on start up, server: {serverIp = '127.0.0.1', server main port = 8848}
2025-10-30 19:09:19.279 [main] INFO  c.a.nacos.common.remote.client.grpc.GrpcClient - grpc client connection server:127.0.0.1 ip,serverPort:9848,grpcTslConfig:{"sslProvider":"OPENSSL","enableTls":false,"mutualAuthEnable":false,"trustAll":false}
2025-10-30 19:09:19.391 [main] INFO  com.alibaba.nacos.common.remote.client - [6baf8d5d-9e8b-42b8-85ed-d19674fd7e9e] Success to connect to server [127.0.0.1:8848] on start up, connectionId = 1761822559283_127.0.0.1_11792
2025-10-30 19:09:19.391 [com.alibaba.nacos.client.remote.worker] INFO  com.alibaba.nacos.common.remote.client - [6baf8d5d-9e8b-42b8-85ed-d19674fd7e9e] Notify connected event to listeners.
2025-10-30 19:09:19.391 [com.alibaba.nacos.client.remote.worker] INFO  com.alibaba.nacos.client.naming - Grpc connection connect
2025-10-30 19:09:19.391 [main] INFO  com.alibaba.nacos.common.remote.client - [6baf8d5d-9e8b-42b8-85ed-d19674fd7e9e] Register server push request handler:com.alibaba.nacos.common.remote.client.RpcClient$ConnectResetRequestHandler
2025-10-30 19:09:19.391 [main] INFO  com.alibaba.nacos.common.remote.client - [6baf8d5d-9e8b-42b8-85ed-d19674fd7e9e] Register server push request handler:com.alibaba.nacos.common.remote.client.RpcClient$$Lambda$607/0x000002788142f7d0
2025-10-30 19:09:19.391 [main] INFO  com.alibaba.nacos.client.naming - [REGISTER-SERVICE] xiaohashu registering service xiaohashu-auth with instance Instance{instanceId='null', ip='192.168.134.1', port=8080, weight=1.0, healthy=true, enabled=true, ephemeral=true, clusterName='DEFAULT', serviceName='null', metadata={IPv6=null, preserved.register.source=SPRING_CLOUD}}
2025-10-30 19:09:19.400 [main] INFO  c.a.cloud.nacos.registry.NacosServiceRegistry - nacos registry, DEFAULT_GROUP xiaohashu-auth 192.168.134.1:8080 register finished
2025-10-30 19:09:19.591 [main] INFO  c.q.xiaohashu.auth.XiaohashuAuthApplication - Started XiaohashuAuthApplication in 4.317 seconds (process running for 4.787)
2025-10-30 19:09:19.592 [main] INFO  c.q.x.auth.runner.PushRolePermissions2RedisRunner - ==> 服务启动，开始同步角色权限数据到 Redis 中...
2025-10-30 19:09:19.884 [main] WARN  c.q.x.auth.runner.PushRolePermissions2RedisRunner - ==> 角色权限数据已经同步至 Redis 中，不再同步...
2025-10-30 19:09:19.885 [main] INFO  com.alibaba.nacos.client.config.impl.CacheData - nacos.cache.data.init.snapshot = true 
2025-10-30 19:09:19.885 [main] INFO  com.alibaba.nacos.client.config.impl.ClientWorker - [fixed-xiaohashu-127.0.0.1_8848] [subscribe] xiaohashu-auth.yaml+DEFAULT_GROUP+xiaohashu
2025-10-30 19:09:19.889 [main] INFO  com.alibaba.nacos.client.config.impl.CacheData - [fixed-xiaohashu-127.0.0.1_8848] [add-listener] ok, tenant=xiaohashu, dataId=xiaohashu-auth.yaml, group=DEFAULT_GROUP, cnt=1
2025-10-30 19:09:19.889 [main] INFO  c.a.cloud.nacos.refresh.NacosContextRefresher - [Nacos Config] Listening config: dataId=xiaohashu-auth.yaml, group=DEFAULT_GROUP
2025-10-30 19:09:19.890 [main] INFO  com.alibaba.nacos.client.config.impl.ClientWorker - [fixed-xiaohashu-127.0.0.1_8848] [subscribe] xiaohashu-auth-dev.yaml+DEFAULT_GROUP+xiaohashu
2025-10-30 19:09:19.890 [main] INFO  com.alibaba.nacos.client.config.impl.CacheData - [fixed-xiaohashu-127.0.0.1_8848] [add-listener] ok, tenant=xiaohashu, dataId=xiaohashu-auth-dev.yaml, group=DEFAULT_GROUP, cnt=1
2025-10-30 19:09:19.890 [main] INFO  c.a.cloud.nacos.refresh.NacosContextRefresher - [Nacos Config] Listening config: dataId=xiaohashu-auth-dev.yaml, group=DEFAULT_GROUP
2025-10-30 19:09:19.890 [main] INFO  com.alibaba.nacos.client.config.impl.ClientWorker - [fixed-xiaohashu-127.0.0.1_8848] [subscribe] xiaohashu-auth+DEFAULT_GROUP+xiaohashu
2025-10-30 19:09:19.891 [main] INFO  com.alibaba.nacos.client.config.impl.CacheData - [fixed-xiaohashu-127.0.0.1_8848] [add-listener] ok, tenant=xiaohashu, dataId=xiaohashu-auth, group=DEFAULT_GROUP, cnt=1
2025-10-30 19:09:19.891 [main] INFO  c.a.cloud.nacos.refresh.NacosContextRefresher - [Nacos Config] Listening config: dataId=xiaohashu-auth, group=DEFAULT_GROUP
2025-10-30 19:10:19.461 [http-nio-8080-exec-1] INFO  org.springframework.web.servlet.DispatcherServlet - Initializing Servlet 'dispatcherServlet'
2025-10-30 19:10:19.464 [http-nio-8080-exec-1] INFO  org.springframework.web.servlet.DispatcherServlet - Completed initialization in 3 ms
2025-10-30 19:10:19.494 [http-nio-8080-exec-1] INFO  c.q.f.b.operationlog.aspect.ApiOperationLogAspect - ====== 请求开始: [账号登出], 入参: , 请求类: UserController, 请求方法: logout =================================== 
2025-10-30 19:10:19.496 [http-nio-8080-exec-1] INFO  c.q.f.b.operationlog.aspect.ApiOperationLogAspect - ====== 请求结束: [账号登出], 耗时: 2ms, 出参: {"success":true,"message":null,"errorCode":null,"data":null} =================================== 
2025-10-30 19:12:33.369 [http-nio-8080-exec-3] INFO  c.q.f.b.operationlog.aspect.ApiOperationLogAspect - ====== 请求开始: [账号登出], 入参: , 请求类: UserController, 请求方法: logout =================================== 
2025-10-30 19:12:33.369 [http-nio-8080-exec-3] INFO  c.q.f.b.operationlog.aspect.ApiOperationLogAspect - ====== 请求结束: [账号登出], 耗时: 0ms, 出参: {"success":true,"message":null,"errorCode":null,"data":null} =================================== 
2025-10-30 19:15:08.661 [http-nio-8080-exec-5] INFO  c.q.f.b.operationlog.aspect.ApiOperationLogAspect - ====== 请求开始: [发送短信验证码], 入参: {"phone":"18617685129"}, 请求类: VerificationCodeController, 请求方法: send =================================== 
2025-10-30 19:15:08.670 [http-nio-8080-exec-5] INFO  c.q.x.a.service.impl.VerificationCodeServiceImpl - ==> 手机号: 18617685129, 已发送验证码：【022677】
2025-10-30 19:15:08.675 [http-nio-8080-exec-5] INFO  c.q.f.b.operationlog.aspect.ApiOperationLogAspect - ====== 请求结束: [发送短信验证码], 耗时: 15ms, 出参: {"success":true,"message":null,"errorCode":null,"data":null} =================================== 
2025-10-30 19:16:17.828 [http-nio-8080-exec-7] INFO  c.q.f.b.operationlog.aspect.ApiOperationLogAspect - ====== 请求开始: [用户登录/注册], 入参: {"phone":"18617685129","code":"022677","password":null,"type":1}, 请求类: UserController, 请求方法: loginAndRegister =================================== 
2025-10-30 19:16:17.939 [http-nio-8080-exec-7] INFO  c.q.xiaohashu.auth.service.impl.UserServiceImpl - ==> 用户是否注册, phone: 18617685129, userDO: {"id":1,"xiaohashuId":null,"password":null,"nickname":null,"avatar":null,"birthday":null,"backgroundImg":null,"phone":null,"sex":null,"status":0,"introduction":null,"createTime":null,"updateTime":null,"isDeleted":null}
2025-10-30 19:16:17.994 [http-nio-8080-exec-7] INFO  c.q.f.b.operationlog.aspect.ApiOperationLogAspect - ====== 请求结束: [用户登录/注册], 耗时: 166ms, 出参: {"success":true,"message":null,"errorCode":null,"data":"e28e43e3-1d1b-4993-90db-ecc30b4e92ba"} =================================== 
2025-10-30 19:16:28.516 [http-nio-8080-exec-8] INFO  c.q.f.b.operationlog.aspect.ApiOperationLogAspect - ====== 请求开始: [账号登出], 入参: , 请求类: UserController, 请求方法: logout =================================== 
2025-10-30 19:16:28.516 [http-nio-8080-exec-8] INFO  c.q.f.b.operationlog.aspect.ApiOperationLogAspect - ====== 请求结束: [账号登出], 耗时: 1ms, 出参: {"success":true,"message":null,"errorCode":null,"data":null} =================================== 
2025-10-30 19:21:17.918 [main] WARN  com.alibaba.nacos.client.logging.NacosLogging - Load Logback Configuration of Nacos fail, message: Could not initialize Logback Nacos logging from classpath:nacos-logback.xml
2025-10-30 19:21:17.952 [main] WARN  com.alibaba.nacos.client.logging.NacosLogging - Load Logback Configuration of Nacos fail, message: Could not initialize Logback Nacos logging from classpath:nacos-logback.xml
2025-10-30 19:21:18.109 [main] WARN  com.alibaba.nacos.client.logging.NacosLogging - Load Logback Configuration of Nacos fail, message: Could not initialize Logback Nacos logging from classpath:nacos-logback.xml
2025-10-30 19:21:18.110 [main] INFO  com.alibaba.nacos.client.utils.ParamUtil - [settings] [req-serv] nacos-server port:8848
2025-10-30 19:21:18.110 [main] INFO  com.alibaba.nacos.client.utils.ParamUtil - [settings] [http-client] connect timeout:1000
2025-10-30 19:21:18.110 [main] INFO  com.alibaba.nacos.client.utils.ParamUtil - PER_TASK_CONFIG_SIZE: 3000.0
2025-10-30 19:21:18.123 [main] INFO  c.a.n.p.auth.spi.client.ClientAuthPluginManager - [ClientAuthPluginManager] Load ClientAuthService com.alibaba.nacos.client.auth.impl.NacosClientAuthServiceImpl success.
2025-10-30 19:21:18.123 [main] INFO  c.a.n.p.auth.spi.client.ClientAuthPluginManager - [ClientAuthPluginManager] Load ClientAuthService com.alibaba.nacos.client.auth.ram.RamClientAuthServiceImpl success.
2025-10-30 19:21:18.124 [main] INFO  c.a.n.client.auth.ram.identify.CredentialWatcher - null No credential found
2025-10-30 19:21:18.371 [main] WARN  com.alibaba.nacos.client.logging.NacosLogging - Load Logback Configuration of Nacos fail, message: Could not initialize Logback Nacos logging from classpath:nacos-logback.xml
2025-10-30 19:21:18.378 [main] INFO  c.a.n.client.config.impl.LocalConfigInfoProcessor - LOCAL_SNAPSHOT_PATH:C:\Users\hp\nacos\config
2025-10-30 19:21:18.380 [main] INFO  com.alibaba.nacos.common.remote.client - [RpcClientFactory] create a new rpc client of 535fb898-87c0-4457-84a4-0f37da3f7267_config-0
2025-10-30 19:21:18.386 [main] INFO  com.alibaba.nacos.common.remote.client - [535fb898-87c0-4457-84a4-0f37da3f7267_config-0] Register server push request handler:com.alibaba.nacos.client.config.impl.ClientWorker$ConfigRpcTransportClient$$Lambda$586/0x000001e70b3235d8
2025-10-30 19:21:18.387 [main] INFO  com.alibaba.nacos.common.remote.client - [535fb898-87c0-4457-84a4-0f37da3f7267_config-0] Register server push request handler:com.alibaba.nacos.client.config.impl.ClientWorker$ConfigRpcTransportClient$$Lambda$587/0x000001e70b3239f8
2025-10-30 19:21:18.387 [main] INFO  com.alibaba.nacos.common.remote.client - [535fb898-87c0-4457-84a4-0f37da3f7267_config-0] Registry connection listener to current client:com.alibaba.nacos.client.config.impl.ClientWorker$ConfigRpcTransportClient$1
2025-10-30 19:21:18.387 [main] INFO  com.alibaba.nacos.common.remote.client - [535fb898-87c0-4457-84a4-0f37da3f7267_config-0] RpcClient init, ServerListFactory = com.alibaba.nacos.client.config.impl.ClientWorker$ConfigRpcTransportClient$2
2025-10-30 19:21:18.391 [main] INFO  com.alibaba.nacos.common.remote.client - [535fb898-87c0-4457-84a4-0f37da3f7267_config-0] Try to connect to server on start up, server: {serverIp = '127.0.0.1', server main port = 8848}
2025-10-30 19:21:18.417 [main] INFO  c.a.nacos.common.remote.client.grpc.GrpcClient - grpc client connection server:127.0.0.1 ip,serverPort:9848,grpcTslConfig:{"sslProvider":"OPENSSL","enableTls":false,"mutualAuthEnable":false,"trustAll":false}
2025-10-30 19:21:19.003 [main] INFO  com.alibaba.nacos.common.remote.client - [535fb898-87c0-4457-84a4-0f37da3f7267_config-0] Success to connect to server [127.0.0.1:8848] on start up, connectionId = 1761823278850_127.0.0.1_12059
2025-10-30 19:21:19.003 [com.alibaba.nacos.client.remote.worker] INFO  com.alibaba.nacos.common.remote.client - [535fb898-87c0-4457-84a4-0f37da3f7267_config-0] Notify connected event to listeners.
2025-10-30 19:21:19.004 [com.alibaba.nacos.client.remote.worker] INFO  com.alibaba.nacos.client.config.impl.ClientWorker - [535fb898-87c0-4457-84a4-0f37da3f7267_config-0] Connected,notify listen context...
2025-10-30 19:21:19.004 [main] INFO  com.alibaba.nacos.common.remote.client - [535fb898-87c0-4457-84a4-0f37da3f7267_config-0] Register server push request handler:com.alibaba.nacos.common.remote.client.RpcClient$ConnectResetRequestHandler
2025-10-30 19:21:19.004 [main] INFO  com.alibaba.nacos.common.remote.client - [535fb898-87c0-4457-84a4-0f37da3f7267_config-0] Register server push request handler:com.alibaba.nacos.common.remote.client.RpcClient$$Lambda$607/0x000001e70b42f068
2025-10-30 19:21:19.016 [main] INFO  com.alibaba.nacos.client.config.impl.Limiter - limitTime:5.0
2025-10-30 19:21:19.026 [main] INFO  com.alibaba.nacos.client.config.utils.JvmUtil - isMultiInstance:false
2025-10-30 19:21:19.033 [main] WARN  c.a.cloud.nacos.client.NacosPropertySourceBuilder - Ignore the empty nacos configuration and get it based on dataId[xiaohashu-auth.yaml] & group[DEFAULT_GROUP]
2025-10-30 19:21:19.039 [main] INFO  o.s.c.b.c.PropertySourceBootstrapConfiguration - Located property source: [BootstrapPropertySource {name='bootstrapProperties-xiaohashu-auth-dev.yaml,DEFAULT_GROUP'}, BootstrapPropertySource {name='bootstrapProperties-xiaohashu-auth.yaml,DEFAULT_GROUP'}, BootstrapPropertySource {name='bootstrapProperties-xiaohashu-auth,DEFAULT_GROUP'}]
2025-10-30 19:21:19.058 [main] WARN  com.alibaba.nacos.client.logging.NacosLogging - Load Logback Configuration of Nacos fail, message: Could not initialize Logback Nacos logging from classpath:nacos-logback.xml
2025-10-30 19:21:19.058 [main] INFO  c.q.xiaohashu.auth.XiaohashuAuthApplication - The following 1 profile is active: "dev"
2025-10-30 19:21:19.421 [main] INFO  o.s.d.r.config.RepositoryConfigurationDelegate - Multiple Spring Data modules found, entering strict repository configuration mode
2025-10-30 19:21:19.422 [main] INFO  o.s.d.r.config.RepositoryConfigurationDelegate - Bootstrapping Spring Data Redis repositories in DEFAULT mode.
2025-10-30 19:21:19.436 [main] INFO  o.s.d.r.config.RepositoryConfigurationDelegate - Finished Spring Data repository scanning in 6 ms. Found 0 Redis repository interfaces.
2025-10-30 19:21:19.514 [main] INFO  o.springframework.cloud.context.scope.GenericScope - BeanFactory id=99a34dea-3039-3fee-b2e2-54eedc3eb97b
2025-10-30 19:21:19.743 [main] INFO  o.s.boot.web.embedded.tomcat.TomcatWebServer - Tomcat initialized with port(s): 8080 (http)
2025-10-30 19:21:19.747 [main] INFO  org.apache.catalina.core.StandardService - Starting service [Tomcat]
2025-10-30 19:21:19.748 [main] INFO  org.apache.catalina.core.StandardEngine - Starting Servlet engine: [Apache Tomcat/10.1.5]
2025-10-30 19:21:19.813 [main] INFO  o.a.c.core.ContainerBase.[Tomcat].[localhost].[/] - Initializing Spring embedded WebApplicationContext
2025-10-30 19:21:19.813 [main] INFO  o.s.b.w.s.c.ServletWebServerApplicationContext - Root WebApplicationContext: initialization completed in 745 ms
2025-10-30 19:21:19.869 [main] INFO  c.a.d.s.b.a.DruidDataSourceAutoConfigure - Init DruidDataSource
2025-10-30 19:21:20.033 [main] INFO  com.alibaba.druid.pool.DruidDataSource - {dataSource-1} inited
2025-10-30 19:21:21.081 [main] INFO  o.s.boot.web.embedded.tomcat.TomcatWebServer - Tomcat started on port(s): 8080 (http) with context path ''
2025-10-30 19:21:21.084 [main] INFO  com.alibaba.nacos.client.naming - initializer namespace from ans.namespace attribute : null
2025-10-30 19:21:21.084 [main] INFO  com.alibaba.nacos.client.naming - initializer namespace from ALIBABA_ALIWARE_NAMESPACE attribute :null
2025-10-30 19:21:21.084 [main] INFO  com.alibaba.nacos.client.naming - initializer namespace from namespace attribute :null
2025-10-30 19:21:21.088 [main] INFO  c.a.n.p.auth.spi.client.ClientAuthPluginManager - [ClientAuthPluginManager] Load ClientAuthService com.alibaba.nacos.client.auth.impl.NacosClientAuthServiceImpl success.
2025-10-30 19:21:21.088 [main] INFO  c.a.n.p.auth.spi.client.ClientAuthPluginManager - [ClientAuthPluginManager] Load ClientAuthService com.alibaba.nacos.client.auth.ram.RamClientAuthServiceImpl success.
2025-10-30 19:21:21.089 [main] INFO  com.alibaba.nacos.common.remote.client - [RpcClientFactory] create a new rpc client of 1bfc6f39-8085-44e6-b60b-650915d40605
2025-10-30 19:21:21.090 [main] INFO  com.alibaba.nacos.common.remote.client - [1bfc6f39-8085-44e6-b60b-650915d40605] RpcClient init, ServerListFactory = com.alibaba.nacos.client.naming.core.ServerListManager
2025-10-30 19:21:21.091 [main] INFO  com.alibaba.nacos.common.remote.client - [1bfc6f39-8085-44e6-b60b-650915d40605] Registry connection listener to current client:com.alibaba.nacos.client.naming.remote.gprc.redo.NamingGrpcRedoService
2025-10-30 19:21:21.091 [main] INFO  com.alibaba.nacos.common.remote.client - [1bfc6f39-8085-44e6-b60b-650915d40605] Register server push request handler:com.alibaba.nacos.client.naming.remote.gprc.NamingPushRequestHandler
2025-10-30 19:21:21.091 [main] INFO  com.alibaba.nacos.common.remote.client - [1bfc6f39-8085-44e6-b60b-650915d40605] Try to connect to server on start up, server: {serverIp = '127.0.0.1', server main port = 8848}
2025-10-30 19:21:21.091 [main] INFO  c.a.nacos.common.remote.client.grpc.GrpcClient - grpc client connection server:127.0.0.1 ip,serverPort:9848,grpcTslConfig:{"sslProvider":"OPENSSL","enableTls":false,"mutualAuthEnable":false,"trustAll":false}
2025-10-30 19:21:21.201 [main] INFO  com.alibaba.nacos.common.remote.client - [1bfc6f39-8085-44e6-b60b-650915d40605] Success to connect to server [127.0.0.1:8848] on start up, connectionId = 1761823281096_127.0.0.1_12065
2025-10-30 19:21:21.201 [com.alibaba.nacos.client.remote.worker] INFO  com.alibaba.nacos.common.remote.client - [1bfc6f39-8085-44e6-b60b-650915d40605] Notify connected event to listeners.
2025-10-30 19:21:21.201 [com.alibaba.nacos.client.remote.worker] INFO  com.alibaba.nacos.client.naming - Grpc connection connect
2025-10-30 19:21:21.201 [main] INFO  com.alibaba.nacos.common.remote.client - [1bfc6f39-8085-44e6-b60b-650915d40605] Register server push request handler:com.alibaba.nacos.common.remote.client.RpcClient$ConnectResetRequestHandler
2025-10-30 19:21:21.201 [main] INFO  com.alibaba.nacos.common.remote.client - [1bfc6f39-8085-44e6-b60b-650915d40605] Register server push request handler:com.alibaba.nacos.common.remote.client.RpcClient$$Lambda$607/0x000001e70b42f068
2025-10-30 19:21:21.202 [main] INFO  com.alibaba.nacos.client.naming - [REGISTER-SERVICE] xiaohashu registering service xiaohashu-auth with instance Instance{instanceId='null', ip='192.168.134.1', port=8080, weight=1.0, healthy=true, enabled=true, ephemeral=true, clusterName='DEFAULT', serviceName='null', metadata={IPv6=null, preserved.register.source=SPRING_CLOUD}}
2025-10-30 19:21:21.210 [main] INFO  c.a.cloud.nacos.registry.NacosServiceRegistry - nacos registry, DEFAULT_GROUP xiaohashu-auth 192.168.134.1:8080 register finished
2025-10-30 19:21:21.375 [main] INFO  c.q.xiaohashu.auth.XiaohashuAuthApplication - Started XiaohashuAuthApplication in 4.035 seconds (process running for 4.485)
2025-10-30 19:21:21.376 [main] INFO  c.q.x.auth.runner.PushRolePermissions2RedisRunner - ==> 服务启动，开始同步角色权限数据到 Redis 中...
2025-10-30 19:21:21.641 [main] WARN  c.q.x.auth.runner.PushRolePermissions2RedisRunner - ==> 角色权限数据已经同步至 Redis 中，不再同步...
2025-10-30 19:21:21.643 [main] INFO  com.alibaba.nacos.client.config.impl.CacheData - nacos.cache.data.init.snapshot = true 
2025-10-30 19:21:21.643 [main] INFO  com.alibaba.nacos.client.config.impl.ClientWorker - [fixed-xiaohashu-127.0.0.1_8848] [subscribe] xiaohashu-auth.yaml+DEFAULT_GROUP+xiaohashu
2025-10-30 19:21:21.646 [main] INFO  com.alibaba.nacos.client.config.impl.CacheData - [fixed-xiaohashu-127.0.0.1_8848] [add-listener] ok, tenant=xiaohashu, dataId=xiaohashu-auth.yaml, group=DEFAULT_GROUP, cnt=1
2025-10-30 19:21:21.646 [main] INFO  c.a.cloud.nacos.refresh.NacosContextRefresher - [Nacos Config] Listening config: dataId=xiaohashu-auth.yaml, group=DEFAULT_GROUP
2025-10-30 19:21:21.646 [main] INFO  com.alibaba.nacos.client.config.impl.ClientWorker - [fixed-xiaohashu-127.0.0.1_8848] [subscribe] xiaohashu-auth-dev.yaml+DEFAULT_GROUP+xiaohashu
2025-10-30 19:21:21.646 [main] INFO  com.alibaba.nacos.client.config.impl.CacheData - [fixed-xiaohashu-127.0.0.1_8848] [add-listener] ok, tenant=xiaohashu, dataId=xiaohashu-auth-dev.yaml, group=DEFAULT_GROUP, cnt=1
2025-10-30 19:21:21.646 [main] INFO  c.a.cloud.nacos.refresh.NacosContextRefresher - [Nacos Config] Listening config: dataId=xiaohashu-auth-dev.yaml, group=DEFAULT_GROUP
2025-10-30 19:21:21.647 [main] INFO  com.alibaba.nacos.client.config.impl.ClientWorker - [fixed-xiaohashu-127.0.0.1_8848] [subscribe] xiaohashu-auth+DEFAULT_GROUP+xiaohashu
2025-10-30 19:21:21.647 [main] INFO  com.alibaba.nacos.client.config.impl.CacheData - [fixed-xiaohashu-127.0.0.1_8848] [add-listener] ok, tenant=xiaohashu, dataId=xiaohashu-auth, group=DEFAULT_GROUP, cnt=1
2025-10-30 19:21:21.647 [main] INFO  c.a.cloud.nacos.refresh.NacosContextRefresher - [Nacos Config] Listening config: dataId=xiaohashu-auth, group=DEFAULT_GROUP
2025-10-30 19:21:56.080 [http-nio-8080-exec-1] INFO  o.a.c.core.ContainerBase.[Tomcat].[localhost].[/] - Initializing Spring DispatcherServlet 'dispatcherServlet'
2025-10-30 19:21:56.080 [http-nio-8080-exec-1] INFO  org.springframework.web.servlet.DispatcherServlet - Initializing Servlet 'dispatcherServlet'
2025-10-30 19:21:56.081 [http-nio-8080-exec-1] INFO  org.springframework.web.servlet.DispatcherServlet - Completed initialization in 1 ms
2025-10-30 19:21:56.139 [http-nio-8080-exec-1] INFO  c.q.f.b.operationlog.aspect.ApiOperationLogAspect - ====== 请求开始: [发送短信验证码], 入参: {"phone":"13784891875"}, 请求类: VerificationCodeController, 请求方法: send =================================== 
2025-10-30 19:21:56.144 [http-nio-8080-exec-1] INFO  c.q.x.a.service.impl.VerificationCodeServiceImpl - ==> 手机号: 13784891875, 已发送验证码：【552207】
2025-10-30 19:21:56.148 [http-nio-8080-exec-1] INFO  c.q.f.b.operationlog.aspect.ApiOperationLogAspect - ====== 请求结束: [发送短信验证码], 耗时: 10ms, 出参: {"success":true,"message":null,"errorCode":null,"data":null} =================================== 
2025-10-30 19:22:38.452 [http-nio-8080-exec-2] INFO  c.q.f.b.operationlog.aspect.ApiOperationLogAspect - ====== 请求开始: [用户登录/注册], 入参: {"phone":"13784891875","code":"552207","password":null,"type":1}, 请求类: UserController, 请求方法: loginAndRegister =================================== 
2025-10-30 19:22:38.643 [http-nio-8080-exec-2] INFO  c.q.xiaohashu.auth.service.impl.UserServiceImpl - ==> 用户是否注册, phone: 13784891875, userDO: null
2025-10-30 19:22:38.793 [http-nio-8080-exec-2] INFO  c.q.f.b.operationlog.aspect.ApiOperationLogAspect - ====== 请求结束: [用户登录/注册], 耗时: 340ms, 出参: {"success":true,"message":null,"errorCode":null,"data":"Z0HvgT0a4VOe2LZoaNT1JMllhx0837kll9sOFhTlkIg3gRXVeVljcHAqi2tJWcD2erG3kywqBSenQN7xmaTviBhJVBL2SOfYdyZ5itVxFvvhruLnwY3AdWDSzSdq7WcA"} =================================== 
2025-10-30 19:24:10.586 [http-nio-8080-exec-6] INFO  c.q.f.b.operationlog.aspect.ApiOperationLogAspect - ====== 请求开始: [账号登出], 入参: , 请求类: UserController, 请求方法: logout =================================== 
2025-10-30 19:24:10.587 [http-nio-8080-exec-6] INFO  c.q.f.b.operationlog.aspect.ApiOperationLogAspect - ====== 请求结束: [账号登出], 耗时: 0ms, 出参: {"success":true,"message":null,"errorCode":null,"data":null} =================================== 
2025-10-30 19:53:17.417 [main] WARN  com.alibaba.nacos.client.logging.NacosLogging - Load Logback Configuration of Nacos fail, message: Could not initialize Logback Nacos logging from classpath:nacos-logback.xml
2025-10-30 19:53:17.457 [main] WARN  com.alibaba.nacos.client.logging.NacosLogging - Load Logback Configuration of Nacos fail, message: Could not initialize Logback Nacos logging from classpath:nacos-logback.xml
2025-10-30 19:53:17.623 [main] WARN  com.alibaba.nacos.client.logging.NacosLogging - Load Logback Configuration of Nacos fail, message: Could not initialize Logback Nacos logging from classpath:nacos-logback.xml
2025-10-30 19:53:17.624 [main] INFO  com.alibaba.nacos.client.utils.ParamUtil - [settings] [req-serv] nacos-server port:8848
2025-10-30 19:53:17.624 [main] INFO  com.alibaba.nacos.client.utils.ParamUtil - [settings] [http-client] connect timeout:1000
2025-10-30 19:53:17.624 [main] INFO  com.alibaba.nacos.client.utils.ParamUtil - PER_TASK_CONFIG_SIZE: 3000.0
2025-10-30 19:53:17.637 [main] INFO  c.a.n.p.auth.spi.client.ClientAuthPluginManager - [ClientAuthPluginManager] Load ClientAuthService com.alibaba.nacos.client.auth.impl.NacosClientAuthServiceImpl success.
2025-10-30 19:53:17.637 [main] INFO  c.a.n.p.auth.spi.client.ClientAuthPluginManager - [ClientAuthPluginManager] Load ClientAuthService com.alibaba.nacos.client.auth.ram.RamClientAuthServiceImpl success.
2025-10-30 19:53:17.639 [main] INFO  c.a.n.client.auth.ram.identify.CredentialWatcher - null No credential found
2025-10-30 19:53:17.930 [main] WARN  com.alibaba.nacos.client.logging.NacosLogging - Load Logback Configuration of Nacos fail, message: Could not initialize Logback Nacos logging from classpath:nacos-logback.xml
2025-10-30 19:53:17.938 [main] INFO  c.a.n.client.config.impl.LocalConfigInfoProcessor - LOCAL_SNAPSHOT_PATH:C:\Users\hp\nacos\config
2025-10-30 19:53:17.940 [main] INFO  com.alibaba.nacos.common.remote.client - [RpcClientFactory] create a new rpc client of b027f9aa-bd46-4a6f-9009-5a835a9153e7_config-0
2025-10-30 19:53:17.947 [main] INFO  com.alibaba.nacos.common.remote.client - [b027f9aa-bd46-4a6f-9009-5a835a9153e7_config-0] Register server push request handler:com.alibaba.nacos.client.config.impl.ClientWorker$ConfigRpcTransportClient$$Lambda$586/0x000002088f324590
2025-10-30 19:53:17.947 [main] INFO  com.alibaba.nacos.common.remote.client - [b027f9aa-bd46-4a6f-9009-5a835a9153e7_config-0] Register server push request handler:com.alibaba.nacos.client.config.impl.ClientWorker$ConfigRpcTransportClient$$Lambda$587/0x000002088f3249b0
2025-10-30 19:53:17.948 [main] INFO  com.alibaba.nacos.common.remote.client - [b027f9aa-bd46-4a6f-9009-5a835a9153e7_config-0] Registry connection listener to current client:com.alibaba.nacos.client.config.impl.ClientWorker$ConfigRpcTransportClient$1
2025-10-30 19:53:17.948 [main] INFO  com.alibaba.nacos.common.remote.client - [b027f9aa-bd46-4a6f-9009-5a835a9153e7_config-0] RpcClient init, ServerListFactory = com.alibaba.nacos.client.config.impl.ClientWorker$ConfigRpcTransportClient$2
2025-10-30 19:53:17.952 [main] INFO  com.alibaba.nacos.common.remote.client - [b027f9aa-bd46-4a6f-9009-5a835a9153e7_config-0] Try to connect to server on start up, server: {serverIp = '127.0.0.1', server main port = 8848}
2025-10-30 19:53:17.975 [main] INFO  c.a.nacos.common.remote.client.grpc.GrpcClient - grpc client connection server:127.0.0.1 ip,serverPort:9848,grpcTslConfig:{"sslProvider":"OPENSSL","enableTls":false,"mutualAuthEnable":false,"trustAll":false}
2025-10-30 19:53:18.576 [main] INFO  com.alibaba.nacos.common.remote.client - [b027f9aa-bd46-4a6f-9009-5a835a9153e7_config-0] Success to connect to server [127.0.0.1:8848] on start up, connectionId = 1761825198426_127.0.0.1_12804
2025-10-30 19:53:18.576 [com.alibaba.nacos.client.remote.worker] INFO  com.alibaba.nacos.common.remote.client - [b027f9aa-bd46-4a6f-9009-5a835a9153e7_config-0] Notify connected event to listeners.
2025-10-30 19:53:18.577 [com.alibaba.nacos.client.remote.worker] INFO  com.alibaba.nacos.client.config.impl.ClientWorker - [b027f9aa-bd46-4a6f-9009-5a835a9153e7_config-0] Connected,notify listen context...
2025-10-30 19:53:18.577 [main] INFO  com.alibaba.nacos.common.remote.client - [b027f9aa-bd46-4a6f-9009-5a835a9153e7_config-0] Register server push request handler:com.alibaba.nacos.common.remote.client.RpcClient$ConnectResetRequestHandler
2025-10-30 19:53:18.577 [main] INFO  com.alibaba.nacos.common.remote.client - [b027f9aa-bd46-4a6f-9009-5a835a9153e7_config-0] Register server push request handler:com.alibaba.nacos.common.remote.client.RpcClient$$Lambda$607/0x000002088f430668
2025-10-30 19:53:18.590 [main] INFO  com.alibaba.nacos.client.config.impl.Limiter - limitTime:5.0
2025-10-30 19:53:18.599 [main] INFO  com.alibaba.nacos.client.config.utils.JvmUtil - isMultiInstance:false
2025-10-30 19:53:18.608 [main] WARN  c.a.cloud.nacos.client.NacosPropertySourceBuilder - Ignore the empty nacos configuration and get it based on dataId[xiaohashu-auth.yaml] & group[DEFAULT_GROUP]
2025-10-30 19:53:18.615 [main] INFO  o.s.c.b.c.PropertySourceBootstrapConfiguration - Located property source: [BootstrapPropertySource {name='bootstrapProperties-xiaohashu-auth-dev.yaml,DEFAULT_GROUP'}, BootstrapPropertySource {name='bootstrapProperties-xiaohashu-auth.yaml,DEFAULT_GROUP'}, BootstrapPropertySource {name='bootstrapProperties-xiaohashu-auth,DEFAULT_GROUP'}]
2025-10-30 19:53:18.629 [main] WARN  com.alibaba.nacos.client.logging.NacosLogging - Load Logback Configuration of Nacos fail, message: Could not initialize Logback Nacos logging from classpath:nacos-logback.xml
2025-10-30 19:53:18.630 [main] INFO  c.q.xiaohashu.auth.XiaohashuAuthApplication - The following 1 profile is active: "dev"
2025-10-30 19:53:19.034 [main] INFO  o.s.d.r.config.RepositoryConfigurationDelegate - Multiple Spring Data modules found, entering strict repository configuration mode
2025-10-30 19:53:19.035 [main] INFO  o.s.d.r.config.RepositoryConfigurationDelegate - Bootstrapping Spring Data Redis repositories in DEFAULT mode.
2025-10-30 19:53:19.048 [main] INFO  o.s.d.r.config.RepositoryConfigurationDelegate - Finished Spring Data repository scanning in 6 ms. Found 0 Redis repository interfaces.
2025-10-30 19:53:19.139 [main] INFO  o.springframework.cloud.context.scope.GenericScope - BeanFactory id=99a34dea-3039-3fee-b2e2-54eedc3eb97b
2025-10-30 19:53:19.383 [main] INFO  o.s.boot.web.embedded.tomcat.TomcatWebServer - Tomcat initialized with port(s): 8080 (http)
2025-10-30 19:53:19.388 [main] INFO  org.apache.catalina.core.StandardService - Starting service [Tomcat]
2025-10-30 19:53:19.389 [main] INFO  org.apache.catalina.core.StandardEngine - Starting Servlet engine: [Apache Tomcat/10.1.5]
2025-10-30 19:53:19.456 [main] INFO  o.a.c.core.ContainerBase.[Tomcat].[localhost].[/] - Initializing Spring embedded WebApplicationContext
2025-10-30 19:53:19.457 [main] INFO  o.s.b.w.s.c.ServletWebServerApplicationContext - Root WebApplicationContext: initialization completed in 812 ms
2025-10-30 19:53:19.518 [main] INFO  c.a.d.s.b.a.DruidDataSourceAutoConfigure - Init DruidDataSource
2025-10-30 19:53:19.700 [main] INFO  com.alibaba.druid.pool.DruidDataSource - {dataSource-1} inited
2025-10-30 19:53:20.830 [main] INFO  o.s.boot.web.embedded.tomcat.TomcatWebServer - Tomcat started on port(s): 8080 (http) with context path ''
2025-10-30 19:53:20.833 [main] INFO  com.alibaba.nacos.client.naming - initializer namespace from ans.namespace attribute : null
2025-10-30 19:53:20.833 [main] INFO  com.alibaba.nacos.client.naming - initializer namespace from ALIBABA_ALIWARE_NAMESPACE attribute :null
2025-10-30 19:53:20.833 [main] INFO  com.alibaba.nacos.client.naming - initializer namespace from namespace attribute :null
2025-10-30 19:53:20.837 [main] INFO  c.a.n.p.auth.spi.client.ClientAuthPluginManager - [ClientAuthPluginManager] Load ClientAuthService com.alibaba.nacos.client.auth.impl.NacosClientAuthServiceImpl success.
2025-10-30 19:53:20.837 [main] INFO  c.a.n.p.auth.spi.client.ClientAuthPluginManager - [ClientAuthPluginManager] Load ClientAuthService com.alibaba.nacos.client.auth.ram.RamClientAuthServiceImpl success.
2025-10-30 19:53:20.839 [main] INFO  com.alibaba.nacos.common.remote.client - [RpcClientFactory] create a new rpc client of a65b5f8a-84ea-4dfd-9226-90d51591befd
2025-10-30 19:53:20.839 [main] INFO  com.alibaba.nacos.common.remote.client - [a65b5f8a-84ea-4dfd-9226-90d51591befd] RpcClient init, ServerListFactory = com.alibaba.nacos.client.naming.core.ServerListManager
2025-10-30 19:53:20.840 [main] INFO  com.alibaba.nacos.common.remote.client - [a65b5f8a-84ea-4dfd-9226-90d51591befd] Registry connection listener to current client:com.alibaba.nacos.client.naming.remote.gprc.redo.NamingGrpcRedoService
2025-10-30 19:53:20.840 [main] INFO  com.alibaba.nacos.common.remote.client - [a65b5f8a-84ea-4dfd-9226-90d51591befd] Register server push request handler:com.alibaba.nacos.client.naming.remote.gprc.NamingPushRequestHandler
2025-10-30 19:53:20.840 [main] INFO  com.alibaba.nacos.common.remote.client - [a65b5f8a-84ea-4dfd-9226-90d51591befd] Try to connect to server on start up, server: {serverIp = '127.0.0.1', server main port = 8848}
2025-10-30 19:53:20.840 [main] INFO  c.a.nacos.common.remote.client.grpc.GrpcClient - grpc client connection server:127.0.0.1 ip,serverPort:9848,grpcTslConfig:{"sslProvider":"OPENSSL","enableTls":false,"mutualAuthEnable":false,"trustAll":false}
2025-10-30 19:53:20.962 [main] INFO  com.alibaba.nacos.common.remote.client - [a65b5f8a-84ea-4dfd-9226-90d51591befd] Success to connect to server [127.0.0.1:8848] on start up, connectionId = 1761825200843_127.0.0.1_12810
2025-10-30 19:53:20.962 [com.alibaba.nacos.client.remote.worker] INFO  com.alibaba.nacos.common.remote.client - [a65b5f8a-84ea-4dfd-9226-90d51591befd] Notify connected event to listeners.
2025-10-30 19:53:20.962 [com.alibaba.nacos.client.remote.worker] INFO  com.alibaba.nacos.client.naming - Grpc connection connect
2025-10-30 19:53:20.962 [main] INFO  com.alibaba.nacos.common.remote.client - [a65b5f8a-84ea-4dfd-9226-90d51591befd] Register server push request handler:com.alibaba.nacos.common.remote.client.RpcClient$ConnectResetRequestHandler
2025-10-30 19:53:20.962 [main] INFO  com.alibaba.nacos.common.remote.client - [a65b5f8a-84ea-4dfd-9226-90d51591befd] Register server push request handler:com.alibaba.nacos.common.remote.client.RpcClient$$Lambda$607/0x000002088f430668
2025-10-30 19:53:20.963 [main] INFO  com.alibaba.nacos.client.naming - [REGISTER-SERVICE] xiaohashu registering service xiaohashu-auth with instance Instance{instanceId='null', ip='192.168.134.1', port=8080, weight=1.0, healthy=true, enabled=true, ephemeral=true, clusterName='DEFAULT', serviceName='null', metadata={IPv6=null, preserved.register.source=SPRING_CLOUD}}
2025-10-30 19:53:20.971 [main] INFO  c.a.cloud.nacos.registry.NacosServiceRegistry - nacos registry, DEFAULT_GROUP xiaohashu-auth 192.168.134.1:8080 register finished
2025-10-30 19:53:21.139 [main] INFO  c.q.xiaohashu.auth.XiaohashuAuthApplication - Started XiaohashuAuthApplication in 4.312 seconds (process running for 4.817)
2025-10-30 19:53:21.140 [main] INFO  c.q.x.auth.runner.PushRolePermissions2RedisRunner - ==> 服务启动，开始同步角色权限数据到 Redis 中...
2025-10-30 19:53:21.415 [main] WARN  c.q.x.auth.runner.PushRolePermissions2RedisRunner - ==> 角色权限数据已经同步至 Redis 中，不再同步...
2025-10-30 19:53:21.416 [main] INFO  com.alibaba.nacos.client.config.impl.CacheData - nacos.cache.data.init.snapshot = true 
2025-10-30 19:53:21.416 [main] INFO  com.alibaba.nacos.client.config.impl.ClientWorker - [fixed-xiaohashu-127.0.0.1_8848] [subscribe] xiaohashu-auth.yaml+DEFAULT_GROUP+xiaohashu
2025-10-30 19:53:21.419 [main] INFO  com.alibaba.nacos.client.config.impl.CacheData - [fixed-xiaohashu-127.0.0.1_8848] [add-listener] ok, tenant=xiaohashu, dataId=xiaohashu-auth.yaml, group=DEFAULT_GROUP, cnt=1
2025-10-30 19:53:21.419 [main] INFO  c.a.cloud.nacos.refresh.NacosContextRefresher - [Nacos Config] Listening config: dataId=xiaohashu-auth.yaml, group=DEFAULT_GROUP
2025-10-30 19:53:21.420 [main] INFO  com.alibaba.nacos.client.config.impl.ClientWorker - [fixed-xiaohashu-127.0.0.1_8848] [subscribe] xiaohashu-auth-dev.yaml+DEFAULT_GROUP+xiaohashu
2025-10-30 19:53:21.420 [main] INFO  com.alibaba.nacos.client.config.impl.CacheData - [fixed-xiaohashu-127.0.0.1_8848] [add-listener] ok, tenant=xiaohashu, dataId=xiaohashu-auth-dev.yaml, group=DEFAULT_GROUP, cnt=1
2025-10-30 19:53:21.420 [main] INFO  c.a.cloud.nacos.refresh.NacosContextRefresher - [Nacos Config] Listening config: dataId=xiaohashu-auth-dev.yaml, group=DEFAULT_GROUP
2025-10-30 19:53:21.420 [main] INFO  com.alibaba.nacos.client.config.impl.ClientWorker - [fixed-xiaohashu-127.0.0.1_8848] [subscribe] xiaohashu-auth+DEFAULT_GROUP+xiaohashu
2025-10-30 19:53:21.420 [main] INFO  com.alibaba.nacos.client.config.impl.CacheData - [fixed-xiaohashu-127.0.0.1_8848] [add-listener] ok, tenant=xiaohashu, dataId=xiaohashu-auth, group=DEFAULT_GROUP, cnt=1
2025-10-30 19:53:21.420 [main] INFO  c.a.cloud.nacos.refresh.NacosContextRefresher - [Nacos Config] Listening config: dataId=xiaohashu-auth, group=DEFAULT_GROUP
2025-10-30 19:53:32.731 [http-nio-8080-exec-1] INFO  o.a.c.core.ContainerBase.[Tomcat].[localhost].[/] - Initializing Spring DispatcherServlet 'dispatcherServlet'
2025-10-30 19:53:32.731 [http-nio-8080-exec-1] INFO  org.springframework.web.servlet.DispatcherServlet - Initializing Servlet 'dispatcherServlet'
2025-10-30 19:53:32.732 [http-nio-8080-exec-1] INFO  org.springframework.web.servlet.DispatcherServlet - Completed initialization in 1 ms
2025-10-30 19:53:32.785 [http-nio-8080-exec-1] INFO  c.q.f.b.operationlog.aspect.ApiOperationLogAspect - ====== 请求开始: [发送短信验证码], 入参: {"phone":"13784891875"}, 请求类: VerificationCodeController, 请求方法: send =================================== 
2025-10-30 19:53:32.791 [http-nio-8080-exec-1] INFO  c.q.x.a.service.impl.VerificationCodeServiceImpl - ==> 手机号: 13784891875, 已发送验证码：【024530】
2025-10-30 19:53:32.795 [http-nio-8080-exec-1] INFO  c.q.f.b.operationlog.aspect.ApiOperationLogAspect - ====== 请求结束: [发送短信验证码], 耗时: 10ms, 出参: {"success":true,"message":null,"errorCode":null,"data":null} =================================== 
2025-10-30 19:53:57.029 [http-nio-8080-exec-4] INFO  c.q.f.b.operationlog.aspect.ApiOperationLogAspect - ====== 请求开始: [用户登录/注册], 入参: {"phone":"13784891875","code":"024530","password":null,"type":1}, 请求类: UserController, 请求方法: loginAndRegister =================================== 
2025-10-30 19:53:57.121 [http-nio-8080-exec-4] INFO  c.q.xiaohashu.auth.service.impl.UserServiceImpl - ==> 用户是否注册, phone: 13784891875, userDO: null
2025-10-30 19:53:57.200 [http-nio-8080-exec-4] INFO  c.q.f.b.operationlog.aspect.ApiOperationLogAspect - ====== 请求结束: [用户登录/注册], 耗时: 171ms, 出参: {"success":true,"message":null,"errorCode":null,"data":"bGyrkAHR9KbwGj4yAFoXEvPdZip70xbnOO2esmwcs9Jr3hccOHhrm5XYkO3rAZzWeuPBEtbhr91eyoMxUTAhUzIrLbwfGvq7CKDnpzmWccwcRNB2xTCygtDSxUwXwTIu"} =================================== 
2025-10-30 20:02:44.322 [main] WARN  com.alibaba.nacos.client.logging.NacosLogging - Load Logback Configuration of Nacos fail, message: Could not initialize Logback Nacos logging from classpath:nacos-logback.xml
2025-10-30 20:02:44.362 [main] WARN  com.alibaba.nacos.client.logging.NacosLogging - Load Logback Configuration of Nacos fail, message: Could not initialize Logback Nacos logging from classpath:nacos-logback.xml
2025-10-30 20:02:44.534 [main] WARN  com.alibaba.nacos.client.logging.NacosLogging - Load Logback Configuration of Nacos fail, message: Could not initialize Logback Nacos logging from classpath:nacos-logback.xml
2025-10-30 20:02:44.536 [main] INFO  com.alibaba.nacos.client.utils.ParamUtil - [settings] [req-serv] nacos-server port:8848
2025-10-30 20:02:44.536 [main] INFO  com.alibaba.nacos.client.utils.ParamUtil - [settings] [http-client] connect timeout:1000
2025-10-30 20:02:44.536 [main] INFO  com.alibaba.nacos.client.utils.ParamUtil - PER_TASK_CONFIG_SIZE: 3000.0
2025-10-30 20:02:44.548 [main] INFO  c.a.n.p.auth.spi.client.ClientAuthPluginManager - [ClientAuthPluginManager] Load ClientAuthService com.alibaba.nacos.client.auth.impl.NacosClientAuthServiceImpl success.
2025-10-30 20:02:44.548 [main] INFO  c.a.n.p.auth.spi.client.ClientAuthPluginManager - [ClientAuthPluginManager] Load ClientAuthService com.alibaba.nacos.client.auth.ram.RamClientAuthServiceImpl success.
2025-10-30 20:02:44.549 [main] INFO  c.a.n.client.auth.ram.identify.CredentialWatcher - null No credential found
2025-10-30 20:02:44.816 [main] WARN  com.alibaba.nacos.client.logging.NacosLogging - Load Logback Configuration of Nacos fail, message: Could not initialize Logback Nacos logging from classpath:nacos-logback.xml
2025-10-30 20:02:44.825 [main] INFO  c.a.n.client.config.impl.LocalConfigInfoProcessor - LOCAL_SNAPSHOT_PATH:C:\Users\hp\nacos\config
2025-10-30 20:02:44.826 [main] INFO  com.alibaba.nacos.common.remote.client - [RpcClientFactory] create a new rpc client of ad477e0c-154f-4e5b-94c1-be28df406d7d_config-0
2025-10-30 20:02:44.834 [main] INFO  com.alibaba.nacos.common.remote.client - [ad477e0c-154f-4e5b-94c1-be28df406d7d_config-0] Register server push request handler:com.alibaba.nacos.client.config.impl.ClientWorker$ConfigRpcTransportClient$$Lambda$586/0x0000027aaf3235d8
2025-10-30 20:02:44.834 [main] INFO  com.alibaba.nacos.common.remote.client - [ad477e0c-154f-4e5b-94c1-be28df406d7d_config-0] Register server push request handler:com.alibaba.nacos.client.config.impl.ClientWorker$ConfigRpcTransportClient$$Lambda$587/0x0000027aaf3239f8
2025-10-30 20:02:44.835 [main] INFO  com.alibaba.nacos.common.remote.client - [ad477e0c-154f-4e5b-94c1-be28df406d7d_config-0] Registry connection listener to current client:com.alibaba.nacos.client.config.impl.ClientWorker$ConfigRpcTransportClient$1
2025-10-30 20:02:44.835 [main] INFO  com.alibaba.nacos.common.remote.client - [ad477e0c-154f-4e5b-94c1-be28df406d7d_config-0] RpcClient init, ServerListFactory = com.alibaba.nacos.client.config.impl.ClientWorker$ConfigRpcTransportClient$2
2025-10-30 20:02:44.841 [main] INFO  com.alibaba.nacos.common.remote.client - [ad477e0c-154f-4e5b-94c1-be28df406d7d_config-0] Try to connect to server on start up, server: {serverIp = '127.0.0.1', server main port = 8848}
2025-10-30 20:02:44.867 [main] INFO  c.a.nacos.common.remote.client.grpc.GrpcClient - grpc client connection server:127.0.0.1 ip,serverPort:9848,grpcTslConfig:{"sslProvider":"OPENSSL","enableTls":false,"mutualAuthEnable":false,"trustAll":false}
2025-10-30 20:02:45.457 [main] INFO  com.alibaba.nacos.common.remote.client - [ad477e0c-154f-4e5b-94c1-be28df406d7d_config-0] Success to connect to server [127.0.0.1:8848] on start up, connectionId = 1761825765299_127.0.0.1_12955
2025-10-30 20:02:45.458 [com.alibaba.nacos.client.remote.worker] INFO  com.alibaba.nacos.common.remote.client - [ad477e0c-154f-4e5b-94c1-be28df406d7d_config-0] Notify connected event to listeners.
2025-10-30 20:02:45.458 [com.alibaba.nacos.client.remote.worker] INFO  com.alibaba.nacos.client.config.impl.ClientWorker - [ad477e0c-154f-4e5b-94c1-be28df406d7d_config-0] Connected,notify listen context...
2025-10-30 20:02:45.458 [main] INFO  com.alibaba.nacos.common.remote.client - [ad477e0c-154f-4e5b-94c1-be28df406d7d_config-0] Register server push request handler:com.alibaba.nacos.common.remote.client.RpcClient$ConnectResetRequestHandler
2025-10-30 20:02:45.458 [main] INFO  com.alibaba.nacos.common.remote.client - [ad477e0c-154f-4e5b-94c1-be28df406d7d_config-0] Register server push request handler:com.alibaba.nacos.common.remote.client.RpcClient$$Lambda$607/0x0000027aaf42f068
2025-10-30 20:02:45.470 [main] INFO  com.alibaba.nacos.client.config.impl.Limiter - limitTime:5.0
2025-10-30 20:02:45.478 [main] INFO  com.alibaba.nacos.client.config.utils.JvmUtil - isMultiInstance:false
2025-10-30 20:02:45.489 [main] WARN  c.a.cloud.nacos.client.NacosPropertySourceBuilder - Ignore the empty nacos configuration and get it based on dataId[xiaohashu-auth.yaml] & group[DEFAULT_GROUP]
2025-10-30 20:02:45.495 [main] INFO  o.s.c.b.c.PropertySourceBootstrapConfiguration - Located property source: [BootstrapPropertySource {name='bootstrapProperties-xiaohashu-auth-dev.yaml,DEFAULT_GROUP'}, BootstrapPropertySource {name='bootstrapProperties-xiaohashu-auth.yaml,DEFAULT_GROUP'}, BootstrapPropertySource {name='bootstrapProperties-xiaohashu-auth,DEFAULT_GROUP'}]
2025-10-30 20:02:45.514 [main] WARN  com.alibaba.nacos.client.logging.NacosLogging - Load Logback Configuration of Nacos fail, message: Could not initialize Logback Nacos logging from classpath:nacos-logback.xml
2025-10-30 20:02:45.514 [main] INFO  c.q.xiaohashu.auth.XiaohashuAuthApplication - The following 1 profile is active: "dev"
2025-10-30 20:02:45.907 [main] INFO  o.s.d.r.config.RepositoryConfigurationDelegate - Multiple Spring Data modules found, entering strict repository configuration mode
2025-10-30 20:02:45.908 [main] INFO  o.s.d.r.config.RepositoryConfigurationDelegate - Bootstrapping Spring Data Redis repositories in DEFAULT mode.
2025-10-30 20:02:45.921 [main] INFO  o.s.d.r.config.RepositoryConfigurationDelegate - Finished Spring Data repository scanning in 6 ms. Found 0 Redis repository interfaces.
2025-10-30 20:02:46.002 [main] INFO  o.springframework.cloud.context.scope.GenericScope - BeanFactory id=99a34dea-3039-3fee-b2e2-54eedc3eb97b
2025-10-30 20:02:46.240 [main] INFO  o.s.boot.web.embedded.tomcat.TomcatWebServer - Tomcat initialized with port(s): 8080 (http)
2025-10-30 20:02:46.245 [main] INFO  org.apache.catalina.core.StandardService - Starting service [Tomcat]
2025-10-30 20:02:46.246 [main] INFO  org.apache.catalina.core.StandardEngine - Starting Servlet engine: [Apache Tomcat/10.1.5]
2025-10-30 20:02:46.308 [main] INFO  o.a.c.core.ContainerBase.[Tomcat].[localhost].[/] - Initializing Spring embedded WebApplicationContext
2025-10-30 20:02:46.308 [main] INFO  o.s.b.w.s.c.ServletWebServerApplicationContext - Root WebApplicationContext: initialization completed in 785 ms
2025-10-30 20:02:46.365 [main] INFO  c.a.d.s.b.a.DruidDataSourceAutoConfigure - Init DruidDataSource
2025-10-30 20:02:46.524 [main] INFO  com.alibaba.druid.pool.DruidDataSource - {dataSource-1} inited
2025-10-30 20:02:47.765 [main] INFO  o.s.boot.web.embedded.tomcat.TomcatWebServer - Tomcat started on port(s): 8080 (http) with context path ''
2025-10-30 20:02:47.767 [main] INFO  com.alibaba.nacos.client.naming - initializer namespace from ans.namespace attribute : null
2025-10-30 20:02:47.767 [main] INFO  com.alibaba.nacos.client.naming - initializer namespace from ALIBABA_ALIWARE_NAMESPACE attribute :null
2025-10-30 20:02:47.767 [main] INFO  com.alibaba.nacos.client.naming - initializer namespace from namespace attribute :null
2025-10-30 20:02:47.772 [main] INFO  c.a.n.p.auth.spi.client.ClientAuthPluginManager - [ClientAuthPluginManager] Load ClientAuthService com.alibaba.nacos.client.auth.impl.NacosClientAuthServiceImpl success.
2025-10-30 20:02:47.772 [main] INFO  c.a.n.p.auth.spi.client.ClientAuthPluginManager - [ClientAuthPluginManager] Load ClientAuthService com.alibaba.nacos.client.auth.ram.RamClientAuthServiceImpl success.
2025-10-30 20:02:47.773 [main] INFO  com.alibaba.nacos.common.remote.client - [RpcClientFactory] create a new rpc client of 9784e62d-b57f-4c65-aa2c-4cc0103409d9
2025-10-30 20:02:47.775 [main] INFO  com.alibaba.nacos.common.remote.client - [9784e62d-b57f-4c65-aa2c-4cc0103409d9] RpcClient init, ServerListFactory = com.alibaba.nacos.client.naming.core.ServerListManager
2025-10-30 20:02:47.775 [main] INFO  com.alibaba.nacos.common.remote.client - [9784e62d-b57f-4c65-aa2c-4cc0103409d9] Registry connection listener to current client:com.alibaba.nacos.client.naming.remote.gprc.redo.NamingGrpcRedoService
2025-10-30 20:02:47.775 [main] INFO  com.alibaba.nacos.common.remote.client - [9784e62d-b57f-4c65-aa2c-4cc0103409d9] Register server push request handler:com.alibaba.nacos.client.naming.remote.gprc.NamingPushRequestHandler
2025-10-30 20:02:47.775 [main] INFO  com.alibaba.nacos.common.remote.client - [9784e62d-b57f-4c65-aa2c-4cc0103409d9] Try to connect to server on start up, server: {serverIp = '127.0.0.1', server main port = 8848}
2025-10-30 20:02:47.775 [main] INFO  c.a.nacos.common.remote.client.grpc.GrpcClient - grpc client connection server:127.0.0.1 ip,serverPort:9848,grpcTslConfig:{"sslProvider":"OPENSSL","enableTls":false,"mutualAuthEnable":false,"trustAll":false}
2025-10-30 20:02:47.886 [main] INFO  com.alibaba.nacos.common.remote.client - [9784e62d-b57f-4c65-aa2c-4cc0103409d9] Success to connect to server [127.0.0.1:8848] on start up, connectionId = 1761825767779_127.0.0.1_12961
2025-10-30 20:02:47.886 [com.alibaba.nacos.client.remote.worker] INFO  com.alibaba.nacos.common.remote.client - [9784e62d-b57f-4c65-aa2c-4cc0103409d9] Notify connected event to listeners.
2025-10-30 20:02:47.886 [main] INFO  com.alibaba.nacos.common.remote.client - [9784e62d-b57f-4c65-aa2c-4cc0103409d9] Register server push request handler:com.alibaba.nacos.common.remote.client.RpcClient$ConnectResetRequestHandler
2025-10-30 20:02:47.886 [com.alibaba.nacos.client.remote.worker] INFO  com.alibaba.nacos.client.naming - Grpc connection connect
2025-10-30 20:02:47.886 [main] INFO  com.alibaba.nacos.common.remote.client - [9784e62d-b57f-4c65-aa2c-4cc0103409d9] Register server push request handler:com.alibaba.nacos.common.remote.client.RpcClient$$Lambda$607/0x0000027aaf42f068
2025-10-30 20:02:47.887 [main] INFO  com.alibaba.nacos.client.naming - [REGISTER-SERVICE] xiaohashu registering service xiaohashu-auth with instance Instance{instanceId='null', ip='192.168.134.1', port=8080, weight=1.0, healthy=true, enabled=true, ephemeral=true, clusterName='DEFAULT', serviceName='null', metadata={IPv6=null, preserved.register.source=SPRING_CLOUD}}
2025-10-30 20:02:47.895 [main] INFO  c.a.cloud.nacos.registry.NacosServiceRegistry - nacos registry, DEFAULT_GROUP xiaohashu-auth 192.168.134.1:8080 register finished
2025-10-30 20:02:48.073 [main] INFO  c.q.xiaohashu.auth.XiaohashuAuthApplication - Started XiaohashuAuthApplication in 4.337 seconds (process running for 4.803)
2025-10-30 20:02:48.074 [main] INFO  c.q.x.auth.runner.PushRolePermissions2RedisRunner - ==> 服务启动，开始同步角色权限数据到 Redis 中...
2025-10-30 20:02:48.466 [main] INFO  c.q.x.auth.runner.PushRolePermissions2RedisRunner - ==> 服务启动，成功同步角色权限数据到 Redis 中...
2025-10-30 20:02:48.468 [main] INFO  com.alibaba.nacos.client.config.impl.CacheData - nacos.cache.data.init.snapshot = true 
2025-10-30 20:02:48.469 [main] INFO  com.alibaba.nacos.client.config.impl.ClientWorker - [fixed-xiaohashu-127.0.0.1_8848] [subscribe] xiaohashu-auth.yaml+DEFAULT_GROUP+xiaohashu
2025-10-30 20:02:48.472 [main] INFO  com.alibaba.nacos.client.config.impl.CacheData - [fixed-xiaohashu-127.0.0.1_8848] [add-listener] ok, tenant=xiaohashu, dataId=xiaohashu-auth.yaml, group=DEFAULT_GROUP, cnt=1
2025-10-30 20:02:48.472 [main] INFO  c.a.cloud.nacos.refresh.NacosContextRefresher - [Nacos Config] Listening config: dataId=xiaohashu-auth.yaml, group=DEFAULT_GROUP
2025-10-30 20:02:48.472 [main] INFO  com.alibaba.nacos.client.config.impl.ClientWorker - [fixed-xiaohashu-127.0.0.1_8848] [subscribe] xiaohashu-auth-dev.yaml+DEFAULT_GROUP+xiaohashu
2025-10-30 20:02:48.472 [main] INFO  com.alibaba.nacos.client.config.impl.CacheData - [fixed-xiaohashu-127.0.0.1_8848] [add-listener] ok, tenant=xiaohashu, dataId=xiaohashu-auth-dev.yaml, group=DEFAULT_GROUP, cnt=1
2025-10-30 20:02:48.472 [main] INFO  c.a.cloud.nacos.refresh.NacosContextRefresher - [Nacos Config] Listening config: dataId=xiaohashu-auth-dev.yaml, group=DEFAULT_GROUP
2025-10-30 20:02:48.473 [main] INFO  com.alibaba.nacos.client.config.impl.ClientWorker - [fixed-xiaohashu-127.0.0.1_8848] [subscribe] xiaohashu-auth+DEFAULT_GROUP+xiaohashu
2025-10-30 20:02:48.473 [main] INFO  com.alibaba.nacos.client.config.impl.CacheData - [fixed-xiaohashu-127.0.0.1_8848] [add-listener] ok, tenant=xiaohashu, dataId=xiaohashu-auth, group=DEFAULT_GROUP, cnt=1
2025-10-30 20:02:48.473 [main] INFO  c.a.cloud.nacos.refresh.NacosContextRefresher - [Nacos Config] Listening config: dataId=xiaohashu-auth, group=DEFAULT_GROUP
2025-10-30 20:22:08.801 [http-nio-8080-exec-1] INFO  org.springframework.web.servlet.DispatcherServlet - Initializing Servlet 'dispatcherServlet'
2025-10-30 20:22:08.804 [http-nio-8080-exec-1] INFO  org.springframework.web.servlet.DispatcherServlet - Completed initialization in 2 ms
2025-10-30 20:22:08.894 [http-nio-8080-exec-1] INFO  c.q.f.b.operationlog.aspect.ApiOperationLogAspect - ====== 请求开始: [用户登录/注册], 入参: {"phone":"13784891875","code":"024530","password":null,"type":1}, 请求类: UserController, 请求方法: loginAndRegister =================================== 
2025-10-30 20:22:08.903 [http-nio-8080-exec-1] WARN  c.q.x.auth.exception.GlobalExceptionHandler - /user/login request fail, errorCode: AUTH-20001, errorMessage: 验证码错误
2025-10-30 20:32:38.835 [main] WARN  com.alibaba.nacos.client.logging.NacosLogging - Load Logback Configuration of Nacos fail, message: Could not initialize Logback Nacos logging from classpath:nacos-logback.xml
2025-10-30 20:32:38.885 [main] WARN  com.alibaba.nacos.client.logging.NacosLogging - Load Logback Configuration of Nacos fail, message: Could not initialize Logback Nacos logging from classpath:nacos-logback.xml
2025-10-30 20:32:39.055 [main] WARN  com.alibaba.nacos.client.logging.NacosLogging - Load Logback Configuration of Nacos fail, message: Could not initialize Logback Nacos logging from classpath:nacos-logback.xml
2025-10-30 20:32:39.055 [main] INFO  com.alibaba.nacos.client.utils.ParamUtil - [settings] [req-serv] nacos-server port:8848
2025-10-30 20:32:39.055 [main] INFO  com.alibaba.nacos.client.utils.ParamUtil - [settings] [http-client] connect timeout:1000
2025-10-30 20:32:39.057 [main] INFO  com.alibaba.nacos.client.utils.ParamUtil - PER_TASK_CONFIG_SIZE: 3000.0
2025-10-30 20:32:39.068 [main] INFO  c.a.n.p.auth.spi.client.ClientAuthPluginManager - [ClientAuthPluginManager] Load ClientAuthService com.alibaba.nacos.client.auth.impl.NacosClientAuthServiceImpl success.
2025-10-30 20:32:39.068 [main] INFO  c.a.n.p.auth.spi.client.ClientAuthPluginManager - [ClientAuthPluginManager] Load ClientAuthService com.alibaba.nacos.client.auth.ram.RamClientAuthServiceImpl success.
2025-10-30 20:32:39.068 [main] INFO  c.a.n.client.auth.ram.identify.CredentialWatcher - null No credential found
2025-10-30 20:32:39.312 [main] WARN  com.alibaba.nacos.client.logging.NacosLogging - Load Logback Configuration of Nacos fail, message: Could not initialize Logback Nacos logging from classpath:nacos-logback.xml
2025-10-30 20:32:39.319 [main] INFO  c.a.n.client.config.impl.LocalConfigInfoProcessor - LOCAL_SNAPSHOT_PATH:C:\Users\hp\nacos\config
2025-10-30 20:32:39.321 [main] INFO  com.alibaba.nacos.common.remote.client - [RpcClientFactory] create a new rpc client of a41dadd2-a2b3-40ed-90d3-e8d871a1ca22_config-0
2025-10-30 20:32:39.328 [main] INFO  com.alibaba.nacos.common.remote.client - [a41dadd2-a2b3-40ed-90d3-e8d871a1ca22_config-0] Register server push request handler:com.alibaba.nacos.client.config.impl.ClientWorker$ConfigRpcTransportClient$$Lambda$586/0x0000019346323af8
2025-10-30 20:32:39.329 [main] INFO  com.alibaba.nacos.common.remote.client - [a41dadd2-a2b3-40ed-90d3-e8d871a1ca22_config-0] Register server push request handler:com.alibaba.nacos.client.config.impl.ClientWorker$ConfigRpcTransportClient$$Lambda$587/0x0000019346323f18
2025-10-30 20:32:39.329 [main] INFO  com.alibaba.nacos.common.remote.client - [a41dadd2-a2b3-40ed-90d3-e8d871a1ca22_config-0] Registry connection listener to current client:com.alibaba.nacos.client.config.impl.ClientWorker$ConfigRpcTransportClient$1
2025-10-30 20:32:39.329 [main] INFO  com.alibaba.nacos.common.remote.client - [a41dadd2-a2b3-40ed-90d3-e8d871a1ca22_config-0] RpcClient init, ServerListFactory = com.alibaba.nacos.client.config.impl.ClientWorker$ConfigRpcTransportClient$2
2025-10-30 20:32:39.335 [main] INFO  com.alibaba.nacos.common.remote.client - [a41dadd2-a2b3-40ed-90d3-e8d871a1ca22_config-0] Try to connect to server on start up, server: {serverIp = '127.0.0.1', server main port = 8848}
2025-10-30 20:32:39.358 [main] INFO  c.a.nacos.common.remote.client.grpc.GrpcClient - grpc client connection server:127.0.0.1 ip,serverPort:9848,grpcTslConfig:{"sslProvider":"OPENSSL","enableTls":false,"mutualAuthEnable":false,"trustAll":false}
2025-10-30 20:32:39.985 [main] INFO  com.alibaba.nacos.common.remote.client - [a41dadd2-a2b3-40ed-90d3-e8d871a1ca22_config-0] Success to connect to server [127.0.0.1:8848] on start up, connectionId = 1761827559830_127.0.0.1_13512
2025-10-30 20:32:39.985 [main] INFO  com.alibaba.nacos.common.remote.client - [a41dadd2-a2b3-40ed-90d3-e8d871a1ca22_config-0] Register server push request handler:com.alibaba.nacos.common.remote.client.RpcClient$ConnectResetRequestHandler
2025-10-30 20:32:39.985 [com.alibaba.nacos.client.remote.worker] INFO  com.alibaba.nacos.common.remote.client - [a41dadd2-a2b3-40ed-90d3-e8d871a1ca22_config-0] Notify connected event to listeners.
2025-10-30 20:32:39.985 [com.alibaba.nacos.client.remote.worker] INFO  com.alibaba.nacos.client.config.impl.ClientWorker - [a41dadd2-a2b3-40ed-90d3-e8d871a1ca22_config-0] Connected,notify listen context...
2025-10-30 20:32:39.986 [main] INFO  com.alibaba.nacos.common.remote.client - [a41dadd2-a2b3-40ed-90d3-e8d871a1ca22_config-0] Register server push request handler:com.alibaba.nacos.common.remote.client.RpcClient$$Lambda$607/0x0000019346430000
2025-10-30 20:32:39.999 [main] INFO  com.alibaba.nacos.client.config.impl.Limiter - limitTime:5.0
2025-10-30 20:32:40.009 [main] INFO  com.alibaba.nacos.client.config.utils.JvmUtil - isMultiInstance:false
2025-10-30 20:32:40.017 [main] WARN  c.a.cloud.nacos.client.NacosPropertySourceBuilder - Ignore the empty nacos configuration and get it based on dataId[xiaohashu-auth.yaml] & group[DEFAULT_GROUP]
2025-10-30 20:32:40.028 [main] INFO  o.s.c.b.c.PropertySourceBootstrapConfiguration - Located property source: [BootstrapPropertySource {name='bootstrapProperties-xiaohashu-auth-dev.yaml,DEFAULT_GROUP'}, BootstrapPropertySource {name='bootstrapProperties-xiaohashu-auth.yaml,DEFAULT_GROUP'}, BootstrapPropertySource {name='bootstrapProperties-xiaohashu-auth,DEFAULT_GROUP'}]
2025-10-30 20:32:40.044 [main] WARN  com.alibaba.nacos.client.logging.NacosLogging - Load Logback Configuration of Nacos fail, message: Could not initialize Logback Nacos logging from classpath:nacos-logback.xml
2025-10-30 20:32:40.044 [main] INFO  c.q.xiaohashu.auth.XiaohashuAuthApplication - The following 1 profile is active: "dev"
2025-10-30 20:32:40.423 [main] INFO  o.s.d.r.config.RepositoryConfigurationDelegate - Multiple Spring Data modules found, entering strict repository configuration mode
2025-10-30 20:32:40.425 [main] INFO  o.s.d.r.config.RepositoryConfigurationDelegate - Bootstrapping Spring Data Redis repositories in DEFAULT mode.
2025-10-30 20:32:40.437 [main] INFO  o.s.d.r.config.RepositoryConfigurationDelegate - Finished Spring Data repository scanning in 5 ms. Found 0 Redis repository interfaces.
2025-10-30 20:32:40.519 [main] INFO  o.springframework.cloud.context.scope.GenericScope - BeanFactory id=99a34dea-3039-3fee-b2e2-54eedc3eb97b
2025-10-30 20:32:40.745 [main] INFO  o.s.boot.web.embedded.tomcat.TomcatWebServer - Tomcat initialized with port(s): 8080 (http)
2025-10-30 20:32:40.750 [main] INFO  org.apache.catalina.core.StandardService - Starting service [Tomcat]
2025-10-30 20:32:40.750 [main] INFO  org.apache.catalina.core.StandardEngine - Starting Servlet engine: [Apache Tomcat/10.1.5]
2025-10-30 20:32:40.813 [main] INFO  o.a.c.core.ContainerBase.[Tomcat].[localhost].[/] - Initializing Spring embedded WebApplicationContext
2025-10-30 20:32:40.814 [main] INFO  o.s.b.w.s.c.ServletWebServerApplicationContext - Root WebApplicationContext: initialization completed in 761 ms
2025-10-30 20:32:40.870 [main] INFO  c.a.d.s.b.a.DruidDataSourceAutoConfigure - Init DruidDataSource
2025-10-30 20:32:41.029 [main] INFO  com.alibaba.druid.pool.DruidDataSource - {dataSource-1} inited
2025-10-30 20:32:42.091 [main] INFO  o.s.boot.web.embedded.tomcat.TomcatWebServer - Tomcat started on port(s): 8080 (http) with context path ''
2025-10-30 20:32:42.093 [main] INFO  com.alibaba.nacos.client.naming - initializer namespace from ans.namespace attribute : null
2025-10-30 20:32:42.093 [main] INFO  com.alibaba.nacos.client.naming - initializer namespace from ALIBABA_ALIWARE_NAMESPACE attribute :null
2025-10-30 20:32:42.094 [main] INFO  com.alibaba.nacos.client.naming - initializer namespace from namespace attribute :null
2025-10-30 20:32:42.098 [main] INFO  c.a.n.p.auth.spi.client.ClientAuthPluginManager - [ClientAuthPluginManager] Load ClientAuthService com.alibaba.nacos.client.auth.impl.NacosClientAuthServiceImpl success.
2025-10-30 20:32:42.098 [main] INFO  c.a.n.p.auth.spi.client.ClientAuthPluginManager - [ClientAuthPluginManager] Load ClientAuthService com.alibaba.nacos.client.auth.ram.RamClientAuthServiceImpl success.
2025-10-30 20:32:42.100 [main] INFO  com.alibaba.nacos.common.remote.client - [RpcClientFactory] create a new rpc client of 4385f250-5555-4cf2-811b-44c1cbf38a62
2025-10-30 20:32:42.101 [main] INFO  com.alibaba.nacos.common.remote.client - [4385f250-5555-4cf2-811b-44c1cbf38a62] RpcClient init, ServerListFactory = com.alibaba.nacos.client.naming.core.ServerListManager
2025-10-30 20:32:42.101 [main] INFO  com.alibaba.nacos.common.remote.client - [4385f250-5555-4cf2-811b-44c1cbf38a62] Registry connection listener to current client:com.alibaba.nacos.client.naming.remote.gprc.redo.NamingGrpcRedoService
2025-10-30 20:32:42.101 [main] INFO  com.alibaba.nacos.common.remote.client - [4385f250-5555-4cf2-811b-44c1cbf38a62] Register server push request handler:com.alibaba.nacos.client.naming.remote.gprc.NamingPushRequestHandler
2025-10-30 20:32:42.101 [main] INFO  com.alibaba.nacos.common.remote.client - [4385f250-5555-4cf2-811b-44c1cbf38a62] Try to connect to server on start up, server: {serverIp = '127.0.0.1', server main port = 8848}
2025-10-30 20:32:42.101 [main] INFO  c.a.nacos.common.remote.client.grpc.GrpcClient - grpc client connection server:127.0.0.1 ip,serverPort:9848,grpcTslConfig:{"sslProvider":"OPENSSL","enableTls":false,"mutualAuthEnable":false,"trustAll":false}
2025-10-30 20:32:42.213 [main] INFO  com.alibaba.nacos.common.remote.client - [4385f250-5555-4cf2-811b-44c1cbf38a62] Success to connect to server [127.0.0.1:8848] on start up, connectionId = 1761827562104_127.0.0.1_13518
2025-10-30 20:32:42.213 [com.alibaba.nacos.client.remote.worker] INFO  com.alibaba.nacos.common.remote.client - [4385f250-5555-4cf2-811b-44c1cbf38a62] Notify connected event to listeners.
2025-10-30 20:32:42.213 [main] INFO  com.alibaba.nacos.common.remote.client - [4385f250-5555-4cf2-811b-44c1cbf38a62] Register server push request handler:com.alibaba.nacos.common.remote.client.RpcClient$ConnectResetRequestHandler
2025-10-30 20:32:42.213 [com.alibaba.nacos.client.remote.worker] INFO  com.alibaba.nacos.client.naming - Grpc connection connect
2025-10-30 20:32:42.213 [main] INFO  com.alibaba.nacos.common.remote.client - [4385f250-5555-4cf2-811b-44c1cbf38a62] Register server push request handler:com.alibaba.nacos.common.remote.client.RpcClient$$Lambda$607/0x0000019346430000
2025-10-30 20:32:42.214 [main] INFO  com.alibaba.nacos.client.naming - [REGISTER-SERVICE] xiaohashu registering service xiaohashu-auth with instance Instance{instanceId='null', ip='192.168.134.1', port=8080, weight=1.0, healthy=true, enabled=true, ephemeral=true, clusterName='DEFAULT', serviceName='null', metadata={IPv6=null, preserved.register.source=SPRING_CLOUD}}
2025-10-30 20:32:42.222 [main] INFO  c.a.cloud.nacos.registry.NacosServiceRegistry - nacos registry, DEFAULT_GROUP xiaohashu-auth 192.168.134.1:8080 register finished
2025-10-30 20:32:42.394 [main] INFO  c.q.xiaohashu.auth.XiaohashuAuthApplication - Started XiaohashuAuthApplication in 4.149 seconds (process running for 4.621)
2025-10-30 20:32:42.395 [main] INFO  c.q.x.auth.runner.PushRolePermissions2RedisRunner - ==> 服务启动，开始同步角色权限数据到 Redis 中...
2025-10-30 20:32:42.667 [main] WARN  c.q.x.auth.runner.PushRolePermissions2RedisRunner - ==> 角色权限数据已经同步至 Redis 中，不再同步...
2025-10-30 20:32:42.668 [main] INFO  com.alibaba.nacos.client.config.impl.CacheData - nacos.cache.data.init.snapshot = true 
2025-10-30 20:32:42.668 [main] INFO  com.alibaba.nacos.client.config.impl.ClientWorker - [fixed-xiaohashu-127.0.0.1_8848] [subscribe] xiaohashu-auth.yaml+DEFAULT_GROUP+xiaohashu
2025-10-30 20:32:42.671 [main] INFO  com.alibaba.nacos.client.config.impl.CacheData - [fixed-xiaohashu-127.0.0.1_8848] [add-listener] ok, tenant=xiaohashu, dataId=xiaohashu-auth.yaml, group=DEFAULT_GROUP, cnt=1
2025-10-30 20:32:42.671 [main] INFO  c.a.cloud.nacos.refresh.NacosContextRefresher - [Nacos Config] Listening config: dataId=xiaohashu-auth.yaml, group=DEFAULT_GROUP
2025-10-30 20:32:42.672 [main] INFO  com.alibaba.nacos.client.config.impl.ClientWorker - [fixed-xiaohashu-127.0.0.1_8848] [subscribe] xiaohashu-auth-dev.yaml+DEFAULT_GROUP+xiaohashu
2025-10-30 20:32:42.672 [main] INFO  com.alibaba.nacos.client.config.impl.CacheData - [fixed-xiaohashu-127.0.0.1_8848] [add-listener] ok, tenant=xiaohashu, dataId=xiaohashu-auth-dev.yaml, group=DEFAULT_GROUP, cnt=1
2025-10-30 20:32:42.672 [main] INFO  c.a.cloud.nacos.refresh.NacosContextRefresher - [Nacos Config] Listening config: dataId=xiaohashu-auth-dev.yaml, group=DEFAULT_GROUP
2025-10-30 20:32:42.673 [main] INFO  com.alibaba.nacos.client.config.impl.ClientWorker - [fixed-xiaohashu-127.0.0.1_8848] [subscribe] xiaohashu-auth+DEFAULT_GROUP+xiaohashu
2025-10-30 20:32:42.673 [main] INFO  com.alibaba.nacos.client.config.impl.CacheData - [fixed-xiaohashu-127.0.0.1_8848] [add-listener] ok, tenant=xiaohashu, dataId=xiaohashu-auth, group=DEFAULT_GROUP, cnt=1
2025-10-30 20:32:42.673 [main] INFO  c.a.cloud.nacos.refresh.NacosContextRefresher - [Nacos Config] Listening config: dataId=xiaohashu-auth, group=DEFAULT_GROUP
2025-10-30 21:04:25.912 [http-nio-8080-exec-1] INFO  org.springframework.web.servlet.DispatcherServlet - Initializing Servlet 'dispatcherServlet'
2025-10-30 21:04:25.917 [http-nio-8080-exec-1] INFO  org.springframework.web.servlet.DispatcherServlet - Completed initialization in 4 ms
2025-10-30 21:04:26.050 [http-nio-8080-exec-1] INFO  c.q.f.b.operationlog.aspect.ApiOperationLogAspect - ====== 请求开始: [发送短信验证码], 入参: {"phone":"18617685129"}, 请求类: VerificationCodeController, 请求方法: send =================================== 
2025-10-30 21:04:26.061 [http-nio-8080-exec-1] INFO  c.q.x.a.service.impl.VerificationCodeServiceImpl - ==> 手机号: 18617685129, 已发送验证码：【793796】
2025-10-30 21:04:26.066 [http-nio-8080-exec-1] INFO  c.q.f.b.operationlog.aspect.ApiOperationLogAspect - ====== 请求结束: [发送短信验证码], 耗时: 17ms, 出参: {"success":true,"message":null,"errorCode":null,"data":null} =================================== 
2025-10-30 21:05:00.532 [http-nio-8080-exec-2] INFO  c.q.f.b.operationlog.aspect.ApiOperationLogAspect - ====== 请求开始: [用户登录/注册], 入参: {"phone":"18617685129","code":"793796","password":null,"type":1}, 请求类: UserController, 请求方法: loginAndRegister =================================== 
2025-10-30 21:05:00.650 [http-nio-8080-exec-2] INFO  c.q.xiaohashu.auth.service.impl.UserServiceImpl - ==> 用户是否注册, phone: 18617685129, userDO: null
2025-10-30 21:05:00.749 [http-nio-8080-exec-2] INFO  c.q.f.b.operationlog.aspect.ApiOperationLogAspect - ====== 请求结束: [用户登录/注册], 耗时: 217ms, 出参: {"success":true,"message":null,"errorCode":null,"data":"PYYdz520tmpEaekABRseaxM2YIxETmOiHcArfsdegPXNIu8nIpiaCPIayttb3PZ9gBHTpUOMJs8PnNX33C5H9rkua0TaRAgjscRNMZQG7N1ewRn7blbFltYMbWIJz31g"} =================================== 
2025-10-30 21:09:18.154 [http-nio-8080-exec-4] INFO  c.q.f.b.operationlog.aspect.ApiOperationLogAspect - ====== 请求开始: [账号登出], 入参: , 请求类: UserController, 请求方法: logout =================================== 
2025-10-30 21:09:18.154 [http-nio-8080-exec-4] INFO  c.q.f.b.operationlog.aspect.ApiOperationLogAspect - ====== 请求结束: [账号登出], 耗时: 0ms, 出参: {"success":true,"message":null,"errorCode":null,"data":null} =================================== 
2025-10-30 21:33:19.023 [main] WARN  com.alibaba.nacos.client.logging.NacosLogging - Load Logback Configuration of Nacos fail, message: Could not initialize Logback Nacos logging from classpath:nacos-logback.xml
2025-10-30 21:33:19.057 [main] WARN  com.alibaba.nacos.client.logging.NacosLogging - Load Logback Configuration of Nacos fail, message: Could not initialize Logback Nacos logging from classpath:nacos-logback.xml
2025-10-30 21:33:19.228 [main] WARN  com.alibaba.nacos.client.logging.NacosLogging - Load Logback Configuration of Nacos fail, message: Could not initialize Logback Nacos logging from classpath:nacos-logback.xml
2025-10-30 21:33:19.230 [main] INFO  com.alibaba.nacos.client.utils.ParamUtil - [settings] [req-serv] nacos-server port:8848
2025-10-30 21:33:19.230 [main] INFO  com.alibaba.nacos.client.utils.ParamUtil - [settings] [http-client] connect timeout:1000
2025-10-30 21:33:19.230 [main] INFO  com.alibaba.nacos.client.utils.ParamUtil - PER_TASK_CONFIG_SIZE: 3000.0
2025-10-30 21:33:19.245 [main] INFO  c.a.n.p.auth.spi.client.ClientAuthPluginManager - [ClientAuthPluginManager] Load ClientAuthService com.alibaba.nacos.client.auth.impl.NacosClientAuthServiceImpl success.
2025-10-30 21:33:19.245 [main] INFO  c.a.n.p.auth.spi.client.ClientAuthPluginManager - [ClientAuthPluginManager] Load ClientAuthService com.alibaba.nacos.client.auth.ram.RamClientAuthServiceImpl success.
2025-10-30 21:33:19.247 [main] INFO  c.a.n.client.auth.ram.identify.CredentialWatcher - null No credential found
2025-10-30 21:33:19.497 [main] WARN  com.alibaba.nacos.client.logging.NacosLogging - Load Logback Configuration of Nacos fail, message: Could not initialize Logback Nacos logging from classpath:nacos-logback.xml
2025-10-30 21:33:19.505 [main] INFO  c.a.n.client.config.impl.LocalConfigInfoProcessor - LOCAL_SNAPSHOT_PATH:C:\Users\hp\nacos\config
2025-10-30 21:33:19.507 [main] INFO  com.alibaba.nacos.common.remote.client - [RpcClientFactory] create a new rpc client of f2a4f787-abfa-4180-ab29-bd1a128a6667_config-0
2025-10-30 21:33:19.514 [main] INFO  com.alibaba.nacos.common.remote.client - [f2a4f787-abfa-4180-ab29-bd1a128a6667_config-0] Register server push request handler:com.alibaba.nacos.client.config.impl.ClientWorker$ConfigRpcTransportClient$$Lambda$586/0x000001b04f324008
2025-10-30 21:33:19.514 [main] INFO  com.alibaba.nacos.common.remote.client - [f2a4f787-abfa-4180-ab29-bd1a128a6667_config-0] Register server push request handler:com.alibaba.nacos.client.config.impl.ClientWorker$ConfigRpcTransportClient$$Lambda$587/0x000001b04f324428
2025-10-30 21:33:19.514 [main] INFO  com.alibaba.nacos.common.remote.client - [f2a4f787-abfa-4180-ab29-bd1a128a6667_config-0] Registry connection listener to current client:com.alibaba.nacos.client.config.impl.ClientWorker$ConfigRpcTransportClient$1
2025-10-30 21:33:19.515 [main] INFO  com.alibaba.nacos.common.remote.client - [f2a4f787-abfa-4180-ab29-bd1a128a6667_config-0] RpcClient init, ServerListFactory = com.alibaba.nacos.client.config.impl.ClientWorker$ConfigRpcTransportClient$2
2025-10-30 21:33:19.518 [main] INFO  com.alibaba.nacos.common.remote.client - [f2a4f787-abfa-4180-ab29-bd1a128a6667_config-0] Try to connect to server on start up, server: {serverIp = '127.0.0.1', server main port = 8848}
2025-10-30 21:33:19.544 [main] INFO  c.a.nacos.common.remote.client.grpc.GrpcClient - grpc client connection server:127.0.0.1 ip,serverPort:9848,grpcTslConfig:{"sslProvider":"OPENSSL","enableTls":false,"mutualAuthEnable":false,"trustAll":false}
2025-10-30 21:33:20.158 [main] INFO  com.alibaba.nacos.common.remote.client - [f2a4f787-abfa-4180-ab29-bd1a128a6667_config-0] Success to connect to server [127.0.0.1:8848] on start up, connectionId = 1761831200007_127.0.0.1_2077
2025-10-30 21:33:20.159 [com.alibaba.nacos.client.remote.worker] INFO  com.alibaba.nacos.common.remote.client - [f2a4f787-abfa-4180-ab29-bd1a128a6667_config-0] Notify connected event to listeners.
2025-10-30 21:33:20.159 [com.alibaba.nacos.client.remote.worker] INFO  com.alibaba.nacos.client.config.impl.ClientWorker - [f2a4f787-abfa-4180-ab29-bd1a128a6667_config-0] Connected,notify listen context...
2025-10-30 21:33:20.159 [main] INFO  com.alibaba.nacos.common.remote.client - [f2a4f787-abfa-4180-ab29-bd1a128a6667_config-0] Register server push request handler:com.alibaba.nacos.common.remote.client.RpcClient$ConnectResetRequestHandler
2025-10-30 21:33:20.159 [main] INFO  com.alibaba.nacos.common.remote.client - [f2a4f787-abfa-4180-ab29-bd1a128a6667_config-0] Register server push request handler:com.alibaba.nacos.common.remote.client.RpcClient$$Lambda$607/0x000001b04f42fa18
2025-10-30 21:33:20.177 [main] INFO  com.alibaba.nacos.client.config.impl.Limiter - limitTime:5.0
2025-10-30 21:33:20.185 [main] INFO  com.alibaba.nacos.client.config.utils.JvmUtil - isMultiInstance:false
2025-10-30 21:33:20.193 [main] WARN  c.a.cloud.nacos.client.NacosPropertySourceBuilder - Ignore the empty nacos configuration and get it based on dataId[xiaohashu-auth.yaml] & group[DEFAULT_GROUP]
2025-10-30 21:33:20.199 [main] INFO  o.s.c.b.c.PropertySourceBootstrapConfiguration - Located property source: [BootstrapPropertySource {name='bootstrapProperties-xiaohashu-auth-dev.yaml,DEFAULT_GROUP'}, BootstrapPropertySource {name='bootstrapProperties-xiaohashu-auth.yaml,DEFAULT_GROUP'}, BootstrapPropertySource {name='bootstrapProperties-xiaohashu-auth,DEFAULT_GROUP'}]
2025-10-30 21:33:20.214 [main] WARN  com.alibaba.nacos.client.logging.NacosLogging - Load Logback Configuration of Nacos fail, message: Could not initialize Logback Nacos logging from classpath:nacos-logback.xml
2025-10-30 21:33:20.215 [main] INFO  c.q.xiaohashu.auth.XiaohashuAuthApplication - The following 1 profile is active: "dev"
2025-10-30 21:33:20.618 [main] INFO  o.s.d.r.config.RepositoryConfigurationDelegate - Multiple Spring Data modules found, entering strict repository configuration mode
2025-10-30 21:33:20.620 [main] INFO  o.s.d.r.config.RepositoryConfigurationDelegate - Bootstrapping Spring Data Redis repositories in DEFAULT mode.
2025-10-30 21:33:20.633 [main] INFO  o.s.d.r.config.RepositoryConfigurationDelegate - Finished Spring Data repository scanning in 5 ms. Found 0 Redis repository interfaces.
2025-10-30 21:33:20.709 [main] INFO  o.springframework.cloud.context.scope.GenericScope - BeanFactory id=99a34dea-3039-3fee-b2e2-54eedc3eb97b
2025-10-30 21:33:20.966 [main] INFO  o.s.boot.web.embedded.tomcat.TomcatWebServer - Tomcat initialized with port(s): 8080 (http)
2025-10-30 21:33:20.974 [main] INFO  org.apache.catalina.core.StandardService - Starting service [Tomcat]
2025-10-30 21:33:20.974 [main] INFO  org.apache.catalina.core.StandardEngine - Starting Servlet engine: [Apache Tomcat/10.1.5]
2025-10-30 21:33:21.043 [main] INFO  o.a.c.core.ContainerBase.[Tomcat].[localhost].[/] - Initializing Spring embedded WebApplicationContext
2025-10-30 21:33:21.043 [main] INFO  o.s.b.w.s.c.ServletWebServerApplicationContext - Root WebApplicationContext: initialization completed in 819 ms
2025-10-30 21:33:21.103 [main] INFO  c.a.d.s.b.a.DruidDataSourceAutoConfigure - Init DruidDataSource
2025-10-30 21:33:21.283 [main] INFO  com.alibaba.druid.pool.DruidDataSource - {dataSource-1} inited
2025-10-30 21:33:22.381 [main] INFO  o.s.boot.web.embedded.tomcat.TomcatWebServer - Tomcat started on port(s): 8080 (http) with context path ''
2025-10-30 21:33:22.383 [main] INFO  com.alibaba.nacos.client.naming - initializer namespace from ans.namespace attribute : null
2025-10-30 21:33:22.384 [main] INFO  com.alibaba.nacos.client.naming - initializer namespace from ALIBABA_ALIWARE_NAMESPACE attribute :null
2025-10-30 21:33:22.384 [main] INFO  com.alibaba.nacos.client.naming - initializer namespace from namespace attribute :null
2025-10-30 21:33:22.388 [main] INFO  c.a.n.p.auth.spi.client.ClientAuthPluginManager - [ClientAuthPluginManager] Load ClientAuthService com.alibaba.nacos.client.auth.impl.NacosClientAuthServiceImpl success.
2025-10-30 21:33:22.388 [main] INFO  c.a.n.p.auth.spi.client.ClientAuthPluginManager - [ClientAuthPluginManager] Load ClientAuthService com.alibaba.nacos.client.auth.ram.RamClientAuthServiceImpl success.
2025-10-30 21:33:22.389 [main] INFO  com.alibaba.nacos.common.remote.client - [RpcClientFactory] create a new rpc client of 1aeabae5-c707-45d8-8463-0ef144c530fe
2025-10-30 21:33:22.390 [main] INFO  com.alibaba.nacos.common.remote.client - [1aeabae5-c707-45d8-8463-0ef144c530fe] RpcClient init, ServerListFactory = com.alibaba.nacos.client.naming.core.ServerListManager
2025-10-30 21:33:22.390 [main] INFO  com.alibaba.nacos.common.remote.client - [1aeabae5-c707-45d8-8463-0ef144c530fe] Registry connection listener to current client:com.alibaba.nacos.client.naming.remote.gprc.redo.NamingGrpcRedoService
2025-10-30 21:33:22.390 [main] INFO  com.alibaba.nacos.common.remote.client - [1aeabae5-c707-45d8-8463-0ef144c530fe] Register server push request handler:com.alibaba.nacos.client.naming.remote.gprc.NamingPushRequestHandler
2025-10-30 21:33:22.391 [main] INFO  com.alibaba.nacos.common.remote.client - [1aeabae5-c707-45d8-8463-0ef144c530fe] Try to connect to server on start up, server: {serverIp = '127.0.0.1', server main port = 8848}
2025-10-30 21:33:22.391 [main] INFO  c.a.nacos.common.remote.client.grpc.GrpcClient - grpc client connection server:127.0.0.1 ip,serverPort:9848,grpcTslConfig:{"sslProvider":"OPENSSL","enableTls":false,"mutualAuthEnable":false,"trustAll":false}
2025-10-30 21:33:22.500 [main] INFO  com.alibaba.nacos.common.remote.client - [1aeabae5-c707-45d8-8463-0ef144c530fe] Success to connect to server [127.0.0.1:8848] on start up, connectionId = 1761831202395_127.0.0.1_2088
2025-10-30 21:33:22.500 [com.alibaba.nacos.client.remote.worker] INFO  com.alibaba.nacos.common.remote.client - [1aeabae5-c707-45d8-8463-0ef144c530fe] Notify connected event to listeners.
2025-10-30 21:33:22.500 [com.alibaba.nacos.client.remote.worker] INFO  com.alibaba.nacos.client.naming - Grpc connection connect
2025-10-30 21:33:22.500 [main] INFO  com.alibaba.nacos.common.remote.client - [1aeabae5-c707-45d8-8463-0ef144c530fe] Register server push request handler:com.alibaba.nacos.common.remote.client.RpcClient$ConnectResetRequestHandler
2025-10-30 21:33:22.501 [main] INFO  com.alibaba.nacos.common.remote.client - [1aeabae5-c707-45d8-8463-0ef144c530fe] Register server push request handler:com.alibaba.nacos.common.remote.client.RpcClient$$Lambda$607/0x000001b04f42fa18
2025-10-30 21:33:22.501 [main] INFO  com.alibaba.nacos.client.naming - [REGISTER-SERVICE] xiaohashu registering service xiaohashu-auth with instance Instance{instanceId='null', ip='192.168.134.1', port=8080, weight=1.0, healthy=true, enabled=true, ephemeral=true, clusterName='DEFAULT', serviceName='null', metadata={IPv6=null, preserved.register.source=SPRING_CLOUD}}
2025-10-30 21:33:22.509 [main] INFO  c.a.cloud.nacos.registry.NacosServiceRegistry - nacos registry, DEFAULT_GROUP xiaohashu-auth 192.168.134.1:8080 register finished
2025-10-30 21:33:22.681 [main] INFO  c.q.xiaohashu.auth.XiaohashuAuthApplication - Started XiaohashuAuthApplication in 4.309 seconds (process running for 4.966)
2025-10-30 21:33:22.683 [main] INFO  c.q.x.auth.runner.PushRolePermissions2RedisRunner - ==> 服务启动，开始同步角色权限数据到 Redis 中...
2025-10-30 21:33:22.968 [main] WARN  c.q.x.auth.runner.PushRolePermissions2RedisRunner - ==> 角色权限数据已经同步至 Redis 中，不再同步...
2025-10-30 21:33:22.970 [main] INFO  com.alibaba.nacos.client.config.impl.CacheData - nacos.cache.data.init.snapshot = true 
2025-10-30 21:33:22.970 [main] INFO  com.alibaba.nacos.client.config.impl.ClientWorker - [fixed-xiaohashu-127.0.0.1_8848] [subscribe] xiaohashu-auth.yaml+DEFAULT_GROUP+xiaohashu
2025-10-30 21:33:22.973 [main] INFO  com.alibaba.nacos.client.config.impl.CacheData - [fixed-xiaohashu-127.0.0.1_8848] [add-listener] ok, tenant=xiaohashu, dataId=xiaohashu-auth.yaml, group=DEFAULT_GROUP, cnt=1
2025-10-30 21:33:22.973 [main] INFO  c.a.cloud.nacos.refresh.NacosContextRefresher - [Nacos Config] Listening config: dataId=xiaohashu-auth.yaml, group=DEFAULT_GROUP
2025-10-30 21:33:22.974 [main] INFO  com.alibaba.nacos.client.config.impl.ClientWorker - [fixed-xiaohashu-127.0.0.1_8848] [subscribe] xiaohashu-auth-dev.yaml+DEFAULT_GROUP+xiaohashu
2025-10-30 21:33:22.974 [main] INFO  com.alibaba.nacos.client.config.impl.CacheData - [fixed-xiaohashu-127.0.0.1_8848] [add-listener] ok, tenant=xiaohashu, dataId=xiaohashu-auth-dev.yaml, group=DEFAULT_GROUP, cnt=1
2025-10-30 21:33:22.974 [main] INFO  c.a.cloud.nacos.refresh.NacosContextRefresher - [Nacos Config] Listening config: dataId=xiaohashu-auth-dev.yaml, group=DEFAULT_GROUP
2025-10-30 21:33:22.974 [main] INFO  com.alibaba.nacos.client.config.impl.ClientWorker - [fixed-xiaohashu-127.0.0.1_8848] [subscribe] xiaohashu-auth+DEFAULT_GROUP+xiaohashu
2025-10-30 21:33:22.974 [main] INFO  com.alibaba.nacos.client.config.impl.CacheData - [fixed-xiaohashu-127.0.0.1_8848] [add-listener] ok, tenant=xiaohashu, dataId=xiaohashu-auth, group=DEFAULT_GROUP, cnt=1
2025-10-30 21:33:22.974 [main] INFO  c.a.cloud.nacos.refresh.NacosContextRefresher - [Nacos Config] Listening config: dataId=xiaohashu-auth, group=DEFAULT_GROUP
2025-10-30 21:33:31.983 [http-nio-8080-exec-1] INFO  o.a.c.core.ContainerBase.[Tomcat].[localhost].[/] - Initializing Spring DispatcherServlet 'dispatcherServlet'
2025-10-30 21:33:31.983 [http-nio-8080-exec-1] INFO  org.springframework.web.servlet.DispatcherServlet - Initializing Servlet 'dispatcherServlet'
2025-10-30 21:33:31.984 [http-nio-8080-exec-1] INFO  org.springframework.web.servlet.DispatcherServlet - Completed initialization in 1 ms
2025-10-30 21:33:32.015 [http-nio-8080-exec-1] INFO  c.q.f.b.operationlog.aspect.ApiOperationLogAspect - ====== 请求开始: [账号登出], 入参: "4", 请求类: UserController, 请求方法: logout =================================== 
2025-10-30 21:33:32.015 [http-nio-8080-exec-1] INFO  c.q.xiaohashu.auth.controller.UserController - ==> 网关透传过来的用户 ID: 4
2025-10-30 21:33:32.017 [http-nio-8080-exec-1] INFO  c.q.f.b.operationlog.aspect.ApiOperationLogAspect - ====== 请求结束: [账号登出], 耗时: 1ms, 出参: {"success":true,"message":null,"errorCode":null,"data":null} =================================== 
2025-10-30 21:37:03.185 [main] WARN  com.alibaba.nacos.client.logging.NacosLogging - Load Logback Configuration of Nacos fail, message: Could not initialize Logback Nacos logging from classpath:nacos-logback.xml
2025-10-30 21:37:03.226 [main] WARN  com.alibaba.nacos.client.logging.NacosLogging - Load Logback Configuration of Nacos fail, message: Could not initialize Logback Nacos logging from classpath:nacos-logback.xml
2025-10-30 21:37:03.392 [main] WARN  com.alibaba.nacos.client.logging.NacosLogging - Load Logback Configuration of Nacos fail, message: Could not initialize Logback Nacos logging from classpath:nacos-logback.xml
2025-10-30 21:37:03.393 [main] INFO  com.alibaba.nacos.client.utils.ParamUtil - [settings] [req-serv] nacos-server port:8848
2025-10-30 21:37:03.393 [main] INFO  com.alibaba.nacos.client.utils.ParamUtil - [settings] [http-client] connect timeout:1000
2025-10-30 21:37:03.394 [main] INFO  com.alibaba.nacos.client.utils.ParamUtil - PER_TASK_CONFIG_SIZE: 3000.0
2025-10-30 21:37:03.407 [main] INFO  c.a.n.p.auth.spi.client.ClientAuthPluginManager - [ClientAuthPluginManager] Load ClientAuthService com.alibaba.nacos.client.auth.impl.NacosClientAuthServiceImpl success.
2025-10-30 21:37:03.407 [main] INFO  c.a.n.p.auth.spi.client.ClientAuthPluginManager - [ClientAuthPluginManager] Load ClientAuthService com.alibaba.nacos.client.auth.ram.RamClientAuthServiceImpl success.
2025-10-30 21:37:03.408 [main] INFO  c.a.n.client.auth.ram.identify.CredentialWatcher - null No credential found
2025-10-30 21:37:03.650 [main] WARN  com.alibaba.nacos.client.logging.NacosLogging - Load Logback Configuration of Nacos fail, message: Could not initialize Logback Nacos logging from classpath:nacos-logback.xml
2025-10-30 21:37:03.658 [main] INFO  c.a.n.client.config.impl.LocalConfigInfoProcessor - LOCAL_SNAPSHOT_PATH:C:\Users\hp\nacos\config
2025-10-30 21:37:03.659 [main] INFO  com.alibaba.nacos.common.remote.client - [RpcClientFactory] create a new rpc client of e7eac52c-7847-459b-b777-1602a1dc7f12_config-0
2025-10-30 21:37:03.666 [main] INFO  com.alibaba.nacos.common.remote.client - [e7eac52c-7847-459b-b777-1602a1dc7f12_config-0] Register server push request handler:com.alibaba.nacos.client.config.impl.ClientWorker$ConfigRpcTransportClient$$Lambda$586/0x000001f1b3323d50
2025-10-30 21:37:03.666 [main] INFO  com.alibaba.nacos.common.remote.client - [e7eac52c-7847-459b-b777-1602a1dc7f12_config-0] Register server push request handler:com.alibaba.nacos.client.config.impl.ClientWorker$ConfigRpcTransportClient$$Lambda$587/0x000001f1b3324170
2025-10-30 21:37:03.666 [main] INFO  com.alibaba.nacos.common.remote.client - [e7eac52c-7847-459b-b777-1602a1dc7f12_config-0] Registry connection listener to current client:com.alibaba.nacos.client.config.impl.ClientWorker$ConfigRpcTransportClient$1
2025-10-30 21:37:03.667 [main] INFO  com.alibaba.nacos.common.remote.client - [e7eac52c-7847-459b-b777-1602a1dc7f12_config-0] RpcClient init, ServerListFactory = com.alibaba.nacos.client.config.impl.ClientWorker$ConfigRpcTransportClient$2
2025-10-30 21:37:03.671 [main] INFO  com.alibaba.nacos.common.remote.client - [e7eac52c-7847-459b-b777-1602a1dc7f12_config-0] Try to connect to server on start up, server: {serverIp = '127.0.0.1', server main port = 8848}
2025-10-30 21:37:03.695 [main] INFO  c.a.nacos.common.remote.client.grpc.GrpcClient - grpc client connection server:127.0.0.1 ip,serverPort:9848,grpcTslConfig:{"sslProvider":"OPENSSL","enableTls":false,"mutualAuthEnable":false,"trustAll":false}
2025-10-30 21:37:04.286 [main] INFO  com.alibaba.nacos.common.remote.client - [e7eac52c-7847-459b-b777-1602a1dc7f12_config-0] Success to connect to server [127.0.0.1:8848] on start up, connectionId = 1761831424136_127.0.0.1_2231
2025-10-30 21:37:04.286 [com.alibaba.nacos.client.remote.worker] INFO  com.alibaba.nacos.common.remote.client - [e7eac52c-7847-459b-b777-1602a1dc7f12_config-0] Notify connected event to listeners.
2025-10-30 21:37:04.286 [com.alibaba.nacos.client.remote.worker] INFO  com.alibaba.nacos.client.config.impl.ClientWorker - [e7eac52c-7847-459b-b777-1602a1dc7f12_config-0] Connected,notify listen context...
2025-10-30 21:37:04.287 [main] INFO  com.alibaba.nacos.common.remote.client - [e7eac52c-7847-459b-b777-1602a1dc7f12_config-0] Register server push request handler:com.alibaba.nacos.common.remote.client.RpcClient$ConnectResetRequestHandler
2025-10-30 21:37:04.287 [main] INFO  com.alibaba.nacos.common.remote.client - [e7eac52c-7847-459b-b777-1602a1dc7f12_config-0] Register server push request handler:com.alibaba.nacos.common.remote.client.RpcClient$$Lambda$607/0x000001f1b342f7d0
2025-10-30 21:37:04.299 [main] INFO  com.alibaba.nacos.client.config.impl.Limiter - limitTime:5.0
2025-10-30 21:37:04.309 [main] INFO  com.alibaba.nacos.client.config.utils.JvmUtil - isMultiInstance:false
2025-10-30 21:37:04.318 [main] WARN  c.a.cloud.nacos.client.NacosPropertySourceBuilder - Ignore the empty nacos configuration and get it based on dataId[xiaohashu-auth.yaml] & group[DEFAULT_GROUP]
2025-10-30 21:37:04.322 [main] INFO  o.s.c.b.c.PropertySourceBootstrapConfiguration - Located property source: [BootstrapPropertySource {name='bootstrapProperties-xiaohashu-auth-dev.yaml,DEFAULT_GROUP'}, BootstrapPropertySource {name='bootstrapProperties-xiaohashu-auth.yaml,DEFAULT_GROUP'}, BootstrapPropertySource {name='bootstrapProperties-xiaohashu-auth,DEFAULT_GROUP'}]
2025-10-30 21:37:04.340 [main] WARN  com.alibaba.nacos.client.logging.NacosLogging - Load Logback Configuration of Nacos fail, message: Could not initialize Logback Nacos logging from classpath:nacos-logback.xml
2025-10-30 21:37:04.341 [main] INFO  c.q.xiaohashu.auth.XiaohashuAuthApplication - The following 1 profile is active: "dev"
2025-10-30 21:37:04.716 [main] INFO  o.s.d.r.config.RepositoryConfigurationDelegate - Multiple Spring Data modules found, entering strict repository configuration mode
2025-10-30 21:37:04.718 [main] INFO  o.s.d.r.config.RepositoryConfigurationDelegate - Bootstrapping Spring Data Redis repositories in DEFAULT mode.
2025-10-30 21:37:04.731 [main] INFO  o.s.d.r.config.RepositoryConfigurationDelegate - Finished Spring Data repository scanning in 5 ms. Found 0 Redis repository interfaces.
2025-10-30 21:37:04.811 [main] INFO  o.springframework.cloud.context.scope.GenericScope - BeanFactory id=99a34dea-3039-3fee-b2e2-54eedc3eb97b
2025-10-30 21:37:05.034 [main] INFO  o.s.boot.web.embedded.tomcat.TomcatWebServer - Tomcat initialized with port(s): 8080 (http)
2025-10-30 21:37:05.039 [main] INFO  org.apache.catalina.core.StandardService - Starting service [Tomcat]
2025-10-30 21:37:05.039 [main] INFO  org.apache.catalina.core.StandardEngine - Starting Servlet engine: [Apache Tomcat/10.1.5]
2025-10-30 21:37:05.101 [main] INFO  o.a.c.core.ContainerBase.[Tomcat].[localhost].[/] - Initializing Spring embedded WebApplicationContext
2025-10-30 21:37:05.102 [main] INFO  o.s.b.w.s.c.ServletWebServerApplicationContext - Root WebApplicationContext: initialization completed in 751 ms
2025-10-30 21:37:05.160 [main] INFO  c.a.d.s.b.a.DruidDataSourceAutoConfigure - Init DruidDataSource
2025-10-30 21:37:05.342 [main] INFO  com.alibaba.druid.pool.DruidDataSource - {dataSource-1} inited
2025-10-30 21:37:06.517 [main] INFO  o.s.boot.web.embedded.tomcat.TomcatWebServer - Tomcat started on port(s): 8080 (http) with context path ''
2025-10-30 21:37:06.519 [main] INFO  com.alibaba.nacos.client.naming - initializer namespace from ans.namespace attribute : null
2025-10-30 21:37:06.520 [main] INFO  com.alibaba.nacos.client.naming - initializer namespace from ALIBABA_ALIWARE_NAMESPACE attribute :null
2025-10-30 21:37:06.520 [main] INFO  com.alibaba.nacos.client.naming - initializer namespace from namespace attribute :null
2025-10-30 21:37:06.523 [main] INFO  c.a.n.p.auth.spi.client.ClientAuthPluginManager - [ClientAuthPluginManager] Load ClientAuthService com.alibaba.nacos.client.auth.impl.NacosClientAuthServiceImpl success.
2025-10-30 21:37:06.523 [main] INFO  c.a.n.p.auth.spi.client.ClientAuthPluginManager - [ClientAuthPluginManager] Load ClientAuthService com.alibaba.nacos.client.auth.ram.RamClientAuthServiceImpl success.
2025-10-30 21:37:06.525 [main] INFO  com.alibaba.nacos.common.remote.client - [RpcClientFactory] create a new rpc client of 054f7e89-76b0-4c81-a361-9bd03eb10762
2025-10-30 21:37:06.527 [main] INFO  com.alibaba.nacos.common.remote.client - [054f7e89-76b0-4c81-a361-9bd03eb10762] RpcClient init, ServerListFactory = com.alibaba.nacos.client.naming.core.ServerListManager
2025-10-30 21:37:06.527 [main] INFO  com.alibaba.nacos.common.remote.client - [054f7e89-76b0-4c81-a361-9bd03eb10762] Registry connection listener to current client:com.alibaba.nacos.client.naming.remote.gprc.redo.NamingGrpcRedoService
2025-10-30 21:37:06.527 [main] INFO  com.alibaba.nacos.common.remote.client - [054f7e89-76b0-4c81-a361-9bd03eb10762] Register server push request handler:com.alibaba.nacos.client.naming.remote.gprc.NamingPushRequestHandler
2025-10-30 21:37:06.529 [main] INFO  com.alibaba.nacos.common.remote.client - [054f7e89-76b0-4c81-a361-9bd03eb10762] Try to connect to server on start up, server: {serverIp = '127.0.0.1', server main port = 8848}
2025-10-30 21:37:06.529 [main] INFO  c.a.nacos.common.remote.client.grpc.GrpcClient - grpc client connection server:127.0.0.1 ip,serverPort:9848,grpcTslConfig:{"sslProvider":"OPENSSL","enableTls":false,"mutualAuthEnable":false,"trustAll":false}
2025-10-30 21:37:06.648 [main] INFO  com.alibaba.nacos.common.remote.client - [054f7e89-76b0-4c81-a361-9bd03eb10762] Success to connect to server [127.0.0.1:8848] on start up, connectionId = 1761831426533_127.0.0.1_2237
2025-10-30 21:37:06.648 [main] INFO  com.alibaba.nacos.common.remote.client - [054f7e89-76b0-4c81-a361-9bd03eb10762] Register server push request handler:com.alibaba.nacos.common.remote.client.RpcClient$ConnectResetRequestHandler
2025-10-30 21:37:06.648 [main] INFO  com.alibaba.nacos.common.remote.client - [054f7e89-76b0-4c81-a361-9bd03eb10762] Register server push request handler:com.alibaba.nacos.common.remote.client.RpcClient$$Lambda$607/0x000001f1b342f7d0
2025-10-30 21:37:06.648 [com.alibaba.nacos.client.remote.worker] INFO  com.alibaba.nacos.common.remote.client - [054f7e89-76b0-4c81-a361-9bd03eb10762] Notify connected event to listeners.
2025-10-30 21:37:06.648 [com.alibaba.nacos.client.remote.worker] INFO  com.alibaba.nacos.client.naming - Grpc connection connect
2025-10-30 21:37:06.649 [main] INFO  com.alibaba.nacos.client.naming - [REGISTER-SERVICE] xiaohashu registering service xiaohashu-auth with instance Instance{instanceId='null', ip='192.168.134.1', port=8080, weight=1.0, healthy=true, enabled=true, ephemeral=true, clusterName='DEFAULT', serviceName='null', metadata={IPv6=null, preserved.register.source=SPRING_CLOUD}}
2025-10-30 21:37:06.656 [main] INFO  c.a.cloud.nacos.registry.NacosServiceRegistry - nacos registry, DEFAULT_GROUP xiaohashu-auth 192.168.134.1:8080 register finished
2025-10-30 21:37:06.834 [main] INFO  c.q.xiaohashu.auth.XiaohashuAuthApplication - Started XiaohashuAuthApplication in 4.236 seconds (process running for 4.714)
2025-10-30 21:37:06.835 [main] INFO  c.q.x.auth.runner.PushRolePermissions2RedisRunner - ==> 服务启动，开始同步角色权限数据到 Redis 中...
2025-10-30 21:37:07.130 [main] WARN  c.q.x.auth.runner.PushRolePermissions2RedisRunner - ==> 角色权限数据已经同步至 Redis 中，不再同步...
2025-10-30 21:37:07.132 [main] INFO  com.alibaba.nacos.client.config.impl.CacheData - nacos.cache.data.init.snapshot = true 
2025-10-30 21:37:07.132 [main] INFO  com.alibaba.nacos.client.config.impl.ClientWorker - [fixed-xiaohashu-127.0.0.1_8848] [subscribe] xiaohashu-auth.yaml+DEFAULT_GROUP+xiaohashu
2025-10-30 21:37:07.136 [main] INFO  com.alibaba.nacos.client.config.impl.CacheData - [fixed-xiaohashu-127.0.0.1_8848] [add-listener] ok, tenant=xiaohashu, dataId=xiaohashu-auth.yaml, group=DEFAULT_GROUP, cnt=1
2025-10-30 21:37:07.136 [main] INFO  c.a.cloud.nacos.refresh.NacosContextRefresher - [Nacos Config] Listening config: dataId=xiaohashu-auth.yaml, group=DEFAULT_GROUP
2025-10-30 21:37:07.137 [main] INFO  com.alibaba.nacos.client.config.impl.ClientWorker - [fixed-xiaohashu-127.0.0.1_8848] [subscribe] xiaohashu-auth-dev.yaml+DEFAULT_GROUP+xiaohashu
2025-10-30 21:37:07.137 [main] INFO  com.alibaba.nacos.client.config.impl.CacheData - [fixed-xiaohashu-127.0.0.1_8848] [add-listener] ok, tenant=xiaohashu, dataId=xiaohashu-auth-dev.yaml, group=DEFAULT_GROUP, cnt=1
2025-10-30 21:37:07.137 [main] INFO  c.a.cloud.nacos.refresh.NacosContextRefresher - [Nacos Config] Listening config: dataId=xiaohashu-auth-dev.yaml, group=DEFAULT_GROUP
2025-10-30 21:37:07.137 [main] INFO  com.alibaba.nacos.client.config.impl.ClientWorker - [fixed-xiaohashu-127.0.0.1_8848] [subscribe] xiaohashu-auth+DEFAULT_GROUP+xiaohashu
2025-10-30 21:37:07.137 [main] INFO  com.alibaba.nacos.client.config.impl.CacheData - [fixed-xiaohashu-127.0.0.1_8848] [add-listener] ok, tenant=xiaohashu, dataId=xiaohashu-auth, group=DEFAULT_GROUP, cnt=1
2025-10-30 21:37:07.137 [main] INFO  c.a.cloud.nacos.refresh.NacosContextRefresher - [Nacos Config] Listening config: dataId=xiaohashu-auth, group=DEFAULT_GROUP
2025-10-30 21:38:02.238 [http-nio-8080-exec-4] INFO  org.springframework.web.servlet.DispatcherServlet - Initializing Servlet 'dispatcherServlet'
2025-10-30 21:38:02.239 [http-nio-8080-exec-4] INFO  org.springframework.web.servlet.DispatcherServlet - Completed initialization in 0 ms
2025-10-30 21:38:02.266 [http-nio-8080-exec-4] INFO  c.q.f.b.operationlog.aspect.ApiOperationLogAspect - ====== 请求开始: [账号登出], 入参: "4", 请求类: UserController, 请求方法: logout =================================== 
2025-10-30 21:38:02.308 [http-nio-8080-exec-4] INFO  c.q.f.b.operationlog.aspect.ApiOperationLogAspect - ====== 请求结束: [账号登出], 耗时: 42ms, 出参: {"success":true,"message":null,"errorCode":null,"data":null} =================================== 
2025-10-30 23:01:19.180 [main] WARN  com.alibaba.nacos.client.logging.NacosLogging - Load Logback Configuration of Nacos fail, message: Could not initialize Logback Nacos logging from classpath:nacos-logback.xml
2025-10-30 23:01:19.213 [main] WARN  com.alibaba.nacos.client.logging.NacosLogging - Load Logback Configuration of Nacos fail, message: Could not initialize Logback Nacos logging from classpath:nacos-logback.xml
2025-10-30 23:01:19.349 [main] WARN  com.alibaba.nacos.client.logging.NacosLogging - Load Logback Configuration of Nacos fail, message: Could not initialize Logback Nacos logging from classpath:nacos-logback.xml
2025-10-30 23:01:19.350 [main] INFO  com.alibaba.nacos.client.utils.ParamUtil - [settings] [req-serv] nacos-server port:8848
2025-10-30 23:01:19.350 [main] INFO  com.alibaba.nacos.client.utils.ParamUtil - [settings] [http-client] connect timeout:1000
2025-10-30 23:01:19.350 [main] INFO  com.alibaba.nacos.client.utils.ParamUtil - PER_TASK_CONFIG_SIZE: 3000.0
2025-10-30 23:01:19.363 [main] INFO  c.a.n.p.auth.spi.client.ClientAuthPluginManager - [ClientAuthPluginManager] Load ClientAuthService com.alibaba.nacos.client.auth.impl.NacosClientAuthServiceImpl success.
2025-10-30 23:01:19.363 [main] INFO  c.a.n.p.auth.spi.client.ClientAuthPluginManager - [ClientAuthPluginManager] Load ClientAuthService com.alibaba.nacos.client.auth.ram.RamClientAuthServiceImpl success.
2025-10-30 23:01:19.364 [main] INFO  c.a.n.client.auth.ram.identify.CredentialWatcher - null No credential found
2025-10-30 23:01:20.599 [main] WARN  com.alibaba.nacos.client.logging.NacosLogging - Load Logback Configuration of Nacos fail, message: Could not initialize Logback Nacos logging from classpath:nacos-logback.xml
2025-10-30 23:01:20.606 [main] INFO  c.a.n.client.config.impl.LocalConfigInfoProcessor - LOCAL_SNAPSHOT_PATH:C:\Users\hp\nacos\config
2025-10-30 23:01:20.607 [main] INFO  com.alibaba.nacos.common.remote.client - [RpcClientFactory] create a new rpc client of 2689d422-493d-45ac-a221-cd894da25e86_config-0
2025-10-30 23:01:20.613 [main] INFO  com.alibaba.nacos.common.remote.client - [2689d422-493d-45ac-a221-cd894da25e86_config-0] Register server push request handler:com.alibaba.nacos.client.config.impl.ClientWorker$ConfigRpcTransportClient$$Lambda$586/0x00000230b433a868
2025-10-30 23:01:20.614 [main] INFO  com.alibaba.nacos.common.remote.client - [2689d422-493d-45ac-a221-cd894da25e86_config-0] Register server push request handler:com.alibaba.nacos.client.config.impl.ClientWorker$ConfigRpcTransportClient$$Lambda$587/0x00000230b433ac88
2025-10-30 23:01:20.614 [main] INFO  com.alibaba.nacos.common.remote.client - [2689d422-493d-45ac-a221-cd894da25e86_config-0] Registry connection listener to current client:com.alibaba.nacos.client.config.impl.ClientWorker$ConfigRpcTransportClient$1
2025-10-30 23:01:20.614 [main] INFO  com.alibaba.nacos.common.remote.client - [2689d422-493d-45ac-a221-cd894da25e86_config-0] RpcClient init, ServerListFactory = com.alibaba.nacos.client.config.impl.ClientWorker$ConfigRpcTransportClient$2
2025-10-30 23:01:20.618 [main] INFO  com.alibaba.nacos.common.remote.client - [2689d422-493d-45ac-a221-cd894da25e86_config-0] Try to connect to server on start up, server: {serverIp = '127.0.0.1', server main port = 8848}
2025-10-30 23:01:20.638 [main] INFO  c.a.nacos.common.remote.client.grpc.GrpcClient - grpc client connection server:127.0.0.1 ip,serverPort:9848,grpcTslConfig:{"sslProvider":"OPENSSL","enableTls":false,"mutualAuthEnable":false,"trustAll":false}
2025-10-30 23:01:21.214 [main] INFO  com.alibaba.nacos.common.remote.client - [2689d422-493d-45ac-a221-cd894da25e86_config-0] Success to connect to server [127.0.0.1:8848] on start up, connectionId = 1761836481062_127.0.0.1_4368
2025-10-30 23:01:21.214 [com.alibaba.nacos.client.remote.worker] INFO  com.alibaba.nacos.common.remote.client - [2689d422-493d-45ac-a221-cd894da25e86_config-0] Notify connected event to listeners.
2025-10-30 23:01:21.214 [com.alibaba.nacos.client.remote.worker] INFO  com.alibaba.nacos.client.config.impl.ClientWorker - [2689d422-493d-45ac-a221-cd894da25e86_config-0] Connected,notify listen context...
2025-10-30 23:01:21.214 [main] INFO  com.alibaba.nacos.common.remote.client - [2689d422-493d-45ac-a221-cd894da25e86_config-0] Register server push request handler:com.alibaba.nacos.common.remote.client.RpcClient$ConnectResetRequestHandler
2025-10-30 23:01:21.214 [main] INFO  com.alibaba.nacos.common.remote.client - [2689d422-493d-45ac-a221-cd894da25e86_config-0] Register server push request handler:com.alibaba.nacos.common.remote.client.RpcClient$$Lambda$607/0x00000230b4449678
2025-10-30 23:01:21.227 [main] INFO  com.alibaba.nacos.client.config.impl.Limiter - limitTime:5.0
2025-10-30 23:01:21.235 [main] INFO  com.alibaba.nacos.client.config.utils.JvmUtil - isMultiInstance:false
2025-10-30 23:01:21.242 [main] WARN  c.a.cloud.nacos.client.NacosPropertySourceBuilder - Ignore the empty nacos configuration and get it based on dataId[xiaohashu-auth.yaml] & group[DEFAULT_GROUP]
2025-10-30 23:01:21.248 [main] INFO  o.s.c.b.c.PropertySourceBootstrapConfiguration - Located property source: [BootstrapPropertySource {name='bootstrapProperties-xiaohashu-auth-dev.yaml,DEFAULT_GROUP'}, BootstrapPropertySource {name='bootstrapProperties-xiaohashu-auth.yaml,DEFAULT_GROUP'}, BootstrapPropertySource {name='bootstrapProperties-xiaohashu-auth,DEFAULT_GROUP'}]
2025-10-30 23:01:21.269 [main] WARN  com.alibaba.nacos.client.logging.NacosLogging - Load Logback Configuration of Nacos fail, message: Could not initialize Logback Nacos logging from classpath:nacos-logback.xml
2025-10-30 23:01:21.269 [main] INFO  c.q.xiaohashu.auth.XiaohashuAuthApplication - The following 1 profile is active: "dev"
2025-10-30 23:01:21.632 [main] INFO  o.s.d.r.config.RepositoryConfigurationDelegate - Multiple Spring Data modules found, entering strict repository configuration mode
2025-10-30 23:01:21.634 [main] INFO  o.s.d.r.config.RepositoryConfigurationDelegate - Bootstrapping Spring Data Redis repositories in DEFAULT mode.
2025-10-30 23:01:21.646 [main] INFO  o.s.d.r.config.RepositoryConfigurationDelegate - Finished Spring Data repository scanning in 5 ms. Found 0 Redis repository interfaces.
2025-10-30 23:01:21.721 [main] INFO  o.springframework.cloud.context.scope.GenericScope - BeanFactory id=e791a2dd-bf0f-30bd-9a9d-ef964961da40
2025-10-30 23:01:21.952 [main] INFO  o.s.boot.web.embedded.tomcat.TomcatWebServer - Tomcat initialized with port(s): 8080 (http)
2025-10-30 23:01:21.957 [main] INFO  org.apache.catalina.core.StandardService - Starting service [Tomcat]
2025-10-30 23:01:21.957 [main] INFO  org.apache.catalina.core.StandardEngine - Starting Servlet engine: [Apache Tomcat/10.1.5]
2025-10-30 23:01:22.019 [main] INFO  o.a.c.core.ContainerBase.[Tomcat].[localhost].[/] - Initializing Spring embedded WebApplicationContext
2025-10-30 23:01:22.019 [main] INFO  o.s.b.w.s.c.ServletWebServerApplicationContext - Root WebApplicationContext: initialization completed in 742 ms
2025-10-30 23:01:22.073 [main] INFO  c.a.d.s.b.a.DruidDataSourceAutoConfigure - Init DruidDataSource
2025-10-30 23:01:22.232 [main] INFO  com.alibaba.druid.pool.DruidDataSource - {dataSource-1} inited
2025-10-30 23:01:23.810 [main] INFO  org.springframework.cloud.commons.util.InetUtils - Cannot determine local hostname
2025-10-30 23:01:25.206 [main] INFO  org.springframework.cloud.commons.util.InetUtils - Cannot determine local hostname
2025-10-30 23:01:25.262 [main] INFO  o.s.boot.web.embedded.tomcat.TomcatWebServer - Tomcat started on port(s): 8080 (http) with context path ''
2025-10-30 23:01:25.264 [main] INFO  com.alibaba.nacos.client.naming - initializer namespace from ans.namespace attribute : null
2025-10-30 23:01:25.265 [main] INFO  com.alibaba.nacos.client.naming - initializer namespace from ALIBABA_ALIWARE_NAMESPACE attribute :null
2025-10-30 23:01:25.265 [main] INFO  com.alibaba.nacos.client.naming - initializer namespace from namespace attribute :null
2025-10-30 23:01:25.268 [main] INFO  c.a.n.p.auth.spi.client.ClientAuthPluginManager - [ClientAuthPluginManager] Load ClientAuthService com.alibaba.nacos.client.auth.impl.NacosClientAuthServiceImpl success.
2025-10-30 23:01:25.269 [main] INFO  c.a.n.p.auth.spi.client.ClientAuthPluginManager - [ClientAuthPluginManager] Load ClientAuthService com.alibaba.nacos.client.auth.ram.RamClientAuthServiceImpl success.
2025-10-30 23:01:25.271 [main] INFO  com.alibaba.nacos.common.remote.client - [RpcClientFactory] create a new rpc client of 5594ebd4-18e6-458a-a769-b4a8b0afe239
2025-10-30 23:01:25.272 [main] INFO  com.alibaba.nacos.common.remote.client - [5594ebd4-18e6-458a-a769-b4a8b0afe239] RpcClient init, ServerListFactory = com.alibaba.nacos.client.naming.core.ServerListManager
2025-10-30 23:01:25.272 [main] INFO  com.alibaba.nacos.common.remote.client - [5594ebd4-18e6-458a-a769-b4a8b0afe239] Registry connection listener to current client:com.alibaba.nacos.client.naming.remote.gprc.redo.NamingGrpcRedoService
2025-10-30 23:01:25.272 [main] INFO  com.alibaba.nacos.common.remote.client - [5594ebd4-18e6-458a-a769-b4a8b0afe239] Register server push request handler:com.alibaba.nacos.client.naming.remote.gprc.NamingPushRequestHandler
2025-10-30 23:01:25.272 [main] INFO  com.alibaba.nacos.common.remote.client - [5594ebd4-18e6-458a-a769-b4a8b0afe239] Try to connect to server on start up, server: {serverIp = '127.0.0.1', server main port = 8848}
2025-10-30 23:01:25.272 [main] INFO  c.a.nacos.common.remote.client.grpc.GrpcClient - grpc client connection server:127.0.0.1 ip,serverPort:9848,grpcTslConfig:{"sslProvider":"OPENSSL","enableTls":false,"mutualAuthEnable":false,"trustAll":false}
2025-10-30 23:01:25.392 [main] INFO  com.alibaba.nacos.common.remote.client - [5594ebd4-18e6-458a-a769-b4a8b0afe239] Success to connect to server [127.0.0.1:8848] on start up, connectionId = 1761836485275_127.0.0.1_4375
2025-10-30 23:01:25.392 [main] INFO  com.alibaba.nacos.common.remote.client - [5594ebd4-18e6-458a-a769-b4a8b0afe239] Register server push request handler:com.alibaba.nacos.common.remote.client.RpcClient$ConnectResetRequestHandler
2025-10-30 23:01:25.392 [main] INFO  com.alibaba.nacos.common.remote.client - [5594ebd4-18e6-458a-a769-b4a8b0afe239] Register server push request handler:com.alibaba.nacos.common.remote.client.RpcClient$$Lambda$607/0x00000230b4449678
2025-10-30 23:01:25.392 [com.alibaba.nacos.client.remote.worker] INFO  com.alibaba.nacos.common.remote.client - [5594ebd4-18e6-458a-a769-b4a8b0afe239] Notify connected event to listeners.
2025-10-30 23:01:25.392 [com.alibaba.nacos.client.remote.worker] INFO  com.alibaba.nacos.client.naming - Grpc connection connect
2025-10-30 23:01:25.393 [main] INFO  com.alibaba.nacos.client.naming - [REGISTER-SERVICE] xiaohashu registering service xiaohashu-auth with instance Instance{instanceId='null', ip='192.168.134.1', port=8080, weight=1.0, healthy=true, enabled=true, ephemeral=true, clusterName='DEFAULT', serviceName='null', metadata={IPv6=null, preserved.register.source=SPRING_CLOUD}}
2025-10-30 23:01:25.399 [main] INFO  c.a.cloud.nacos.registry.NacosServiceRegistry - nacos registry, DEFAULT_GROUP xiaohashu-auth 192.168.134.1:8080 register finished
2025-10-30 23:01:26.557 [main] INFO  org.springframework.cloud.commons.util.InetUtils - Cannot determine local hostname
2025-10-30 23:01:26.571 [main] INFO  c.q.xiaohashu.auth.XiaohashuAuthApplication - Started XiaohashuAuthApplication in 8.951 seconds (process running for 9.603)
2025-10-30 23:01:26.572 [main] INFO  c.q.x.auth.runner.PushRolePermissions2RedisRunner - ==> 服务启动，开始同步角色权限数据到 Redis 中...
2025-10-30 23:01:26.829 [main] WARN  c.q.x.auth.runner.PushRolePermissions2RedisRunner - ==> 角色权限数据已经同步至 Redis 中，不再同步...
2025-10-30 23:01:26.830 [main] INFO  com.alibaba.nacos.client.config.impl.CacheData - nacos.cache.data.init.snapshot = true 
2025-10-30 23:01:26.831 [main] INFO  com.alibaba.nacos.client.config.impl.ClientWorker - [fixed-xiaohashu-127.0.0.1_8848] [subscribe] xiaohashu-auth.yaml+DEFAULT_GROUP+xiaohashu
2025-10-30 23:01:26.834 [main] INFO  com.alibaba.nacos.client.config.impl.CacheData - [fixed-xiaohashu-127.0.0.1_8848] [add-listener] ok, tenant=xiaohashu, dataId=xiaohashu-auth.yaml, group=DEFAULT_GROUP, cnt=1
2025-10-30 23:01:26.834 [main] INFO  c.a.cloud.nacos.refresh.NacosContextRefresher - [Nacos Config] Listening config: dataId=xiaohashu-auth.yaml, group=DEFAULT_GROUP
2025-10-30 23:01:26.834 [main] INFO  com.alibaba.nacos.client.config.impl.ClientWorker - [fixed-xiaohashu-127.0.0.1_8848] [subscribe] xiaohashu-auth-dev.yaml+DEFAULT_GROUP+xiaohashu
2025-10-30 23:01:26.834 [main] INFO  com.alibaba.nacos.client.config.impl.CacheData - [fixed-xiaohashu-127.0.0.1_8848] [add-listener] ok, tenant=xiaohashu, dataId=xiaohashu-auth-dev.yaml, group=DEFAULT_GROUP, cnt=1
2025-10-30 23:01:26.834 [main] INFO  c.a.cloud.nacos.refresh.NacosContextRefresher - [Nacos Config] Listening config: dataId=xiaohashu-auth-dev.yaml, group=DEFAULT_GROUP
2025-10-30 23:01:26.835 [main] INFO  com.alibaba.nacos.client.config.impl.ClientWorker - [fixed-xiaohashu-127.0.0.1_8848] [subscribe] xiaohashu-auth+DEFAULT_GROUP+xiaohashu
2025-10-30 23:01:26.835 [main] INFO  com.alibaba.nacos.client.config.impl.CacheData - [fixed-xiaohashu-127.0.0.1_8848] [add-listener] ok, tenant=xiaohashu, dataId=xiaohashu-auth, group=DEFAULT_GROUP, cnt=1
2025-10-30 23:01:26.835 [main] INFO  c.a.cloud.nacos.refresh.NacosContextRefresher - [Nacos Config] Listening config: dataId=xiaohashu-auth, group=DEFAULT_GROUP
2025-10-30 23:05:24.226 [http-nio-8080-exec-1] INFO  org.springframework.web.servlet.DispatcherServlet - Initializing Servlet 'dispatcherServlet'
2025-10-30 23:05:24.241 [http-nio-8080-exec-1] INFO  org.springframework.web.servlet.DispatcherServlet - Completed initialization in 15 ms
2025-10-30 23:05:24.251 [http-nio-8080-exec-1] INFO  c.q.x.auth.filter.HeaderUserId2ContextFilter - ## HeaderUserId2ContextFilter, 用户 ID: null
2025-10-30 23:05:24.372 [http-nio-8080-exec-1] INFO  c.q.f.b.operationlog.aspect.ApiOperationLogAspect - ====== 请求开始: [发送短信验证码], 入参: {"phone":"18617685129"}, 请求类: VerificationCodeController, 请求方法: send =================================== 
2025-10-30 23:05:24.380 [http-nio-8080-exec-1] INFO  c.q.x.a.service.impl.VerificationCodeServiceImpl - ==> 手机号: 18617685129, 已发送验证码：【638157】
2025-10-30 23:05:24.388 [http-nio-8080-exec-1] INFO  c.q.f.b.operationlog.aspect.ApiOperationLogAspect - ====== 请求结束: [发送短信验证码], 耗时: 15ms, 出参: {"success":true,"message":null,"errorCode":null,"data":null} =================================== 
2025-10-30 23:05:56.667 [http-nio-8080-exec-10] INFO  c.q.x.auth.filter.HeaderUserId2ContextFilter - ## HeaderUserId2ContextFilter, 用户 ID: null
2025-10-30 23:05:56.683 [http-nio-8080-exec-10] INFO  c.q.f.b.operationlog.aspect.ApiOperationLogAspect - ====== 请求开始: [用户登录/注册], 入参: {"phone":"18617685129","code":"638157","password":null,"type":1}, 请求类: UserController, 请求方法: loginAndRegister =================================== 
2025-10-30 23:05:56.843 [http-nio-8080-exec-10] INFO  c.q.xiaohashu.auth.service.impl.UserServiceImpl - ==> 用户是否注册, phone: 18617685129, userDO: {"id":4,"xiaohashuId":null,"password":null,"nickname":null,"avatar":null,"birthday":null,"backgroundImg":null,"phone":null,"sex":null,"status":0,"introduction":null,"createTime":null,"updateTime":null,"isDeleted":null}
2025-10-30 23:05:56.934 [http-nio-8080-exec-10] INFO  c.q.f.b.operationlog.aspect.ApiOperationLogAspect - ====== 请求结束: [用户登录/注册], 耗时: 252ms, 出参: {"success":true,"message":null,"errorCode":null,"data":"UeNmyQEtN8LTtes1LziU5OZXVSEAa1wtBGzGqEGVk7FXzGaTWdhkx4fknsWHI538LKUheMhwUkc3SIoearsiIAz0yDAFm7muyHCTci3Z85GCVoekRL5vfdgTYyAkXIma"} =================================== 
2025-10-30 23:07:07.518 [http-nio-8080-exec-4] INFO  c.q.x.auth.filter.HeaderUserId2ContextFilter - ## HeaderUserId2ContextFilter, 用户 ID: 4
2025-10-30 23:07:07.527 [http-nio-8080-exec-4] INFO  c.q.f.b.operationlog.aspect.ApiOperationLogAspect - ====== 请求开始: [账号登出], 入参: "4", 请求类: UserController, 请求方法: logout =================================== 
2025-10-30 23:07:07.541 [http-nio-8080-exec-4] INFO  c.q.f.b.operationlog.aspect.ApiOperationLogAspect - ====== 请求结束: [账号登出], 耗时: 14ms, 出参: {"success":true,"message":null,"errorCode":null,"data":null} =================================== 
2025-10-30 23:13:27.326 [main] WARN  com.alibaba.nacos.client.logging.NacosLogging - Load Logback Configuration of Nacos fail, message: Could not initialize Logback Nacos logging from classpath:nacos-logback.xml
2025-10-30 23:13:27.360 [main] WARN  com.alibaba.nacos.client.logging.NacosLogging - Load Logback Configuration of Nacos fail, message: Could not initialize Logback Nacos logging from classpath:nacos-logback.xml
2025-10-30 23:13:27.500 [main] WARN  com.alibaba.nacos.client.logging.NacosLogging - Load Logback Configuration of Nacos fail, message: Could not initialize Logback Nacos logging from classpath:nacos-logback.xml
2025-10-30 23:13:27.501 [main] INFO  com.alibaba.nacos.client.utils.ParamUtil - [settings] [req-serv] nacos-server port:8848
2025-10-30 23:13:27.501 [main] INFO  com.alibaba.nacos.client.utils.ParamUtil - [settings] [http-client] connect timeout:1000
2025-10-30 23:13:27.502 [main] INFO  com.alibaba.nacos.client.utils.ParamUtil - PER_TASK_CONFIG_SIZE: 3000.0
2025-10-30 23:13:27.513 [main] INFO  c.a.n.p.auth.spi.client.ClientAuthPluginManager - [ClientAuthPluginManager] Load ClientAuthService com.alibaba.nacos.client.auth.impl.NacosClientAuthServiceImpl success.
2025-10-30 23:13:27.513 [main] INFO  c.a.n.p.auth.spi.client.ClientAuthPluginManager - [ClientAuthPluginManager] Load ClientAuthService com.alibaba.nacos.client.auth.ram.RamClientAuthServiceImpl success.
2025-10-30 23:13:27.514 [main] INFO  c.a.n.client.auth.ram.identify.CredentialWatcher - null No credential found
2025-10-30 23:13:28.758 [main] WARN  com.alibaba.nacos.client.logging.NacosLogging - Load Logback Configuration of Nacos fail, message: Could not initialize Logback Nacos logging from classpath:nacos-logback.xml
2025-10-30 23:13:28.765 [main] INFO  c.a.n.client.config.impl.LocalConfigInfoProcessor - LOCAL_SNAPSHOT_PATH:C:\Users\hp\nacos\config
2025-10-30 23:13:28.766 [main] INFO  com.alibaba.nacos.common.remote.client - [RpcClientFactory] create a new rpc client of be313f31-ff7f-449b-9f18-e0d435228778_config-0
2025-10-30 23:13:28.773 [main] INFO  com.alibaba.nacos.common.remote.client - [be313f31-ff7f-449b-9f18-e0d435228778_config-0] Register server push request handler:com.alibaba.nacos.client.config.impl.ClientWorker$ConfigRpcTransportClient$$Lambda$586/0x000002010133a868
2025-10-30 23:13:28.773 [main] INFO  com.alibaba.nacos.common.remote.client - [be313f31-ff7f-449b-9f18-e0d435228778_config-0] Register server push request handler:com.alibaba.nacos.client.config.impl.ClientWorker$ConfigRpcTransportClient$$Lambda$587/0x000002010133ac88
2025-10-30 23:13:28.773 [main] INFO  com.alibaba.nacos.common.remote.client - [be313f31-ff7f-449b-9f18-e0d435228778_config-0] Registry connection listener to current client:com.alibaba.nacos.client.config.impl.ClientWorker$ConfigRpcTransportClient$1
2025-10-30 23:13:28.774 [main] INFO  com.alibaba.nacos.common.remote.client - [be313f31-ff7f-449b-9f18-e0d435228778_config-0] RpcClient init, ServerListFactory = com.alibaba.nacos.client.config.impl.ClientWorker$ConfigRpcTransportClient$2
2025-10-30 23:13:28.777 [main] INFO  com.alibaba.nacos.common.remote.client - [be313f31-ff7f-449b-9f18-e0d435228778_config-0] Try to connect to server on start up, server: {serverIp = '127.0.0.1', server main port = 8848}
2025-10-30 23:13:28.798 [main] INFO  c.a.nacos.common.remote.client.grpc.GrpcClient - grpc client connection server:127.0.0.1 ip,serverPort:9848,grpcTslConfig:{"sslProvider":"OPENSSL","enableTls":false,"mutualAuthEnable":false,"trustAll":false}
2025-10-30 23:13:29.356 [main] INFO  com.alibaba.nacos.common.remote.client - [be313f31-ff7f-449b-9f18-e0d435228778_config-0] Success to connect to server [127.0.0.1:8848] on start up, connectionId = 1761837209211_127.0.0.1_4733
2025-10-30 23:13:29.356 [com.alibaba.nacos.client.remote.worker] INFO  com.alibaba.nacos.common.remote.client - [be313f31-ff7f-449b-9f18-e0d435228778_config-0] Notify connected event to listeners.
2025-10-30 23:13:29.356 [com.alibaba.nacos.client.remote.worker] INFO  com.alibaba.nacos.client.config.impl.ClientWorker - [be313f31-ff7f-449b-9f18-e0d435228778_config-0] Connected,notify listen context...
2025-10-30 23:13:29.356 [main] INFO  com.alibaba.nacos.common.remote.client - [be313f31-ff7f-449b-9f18-e0d435228778_config-0] Register server push request handler:com.alibaba.nacos.common.remote.client.RpcClient$ConnectResetRequestHandler
2025-10-30 23:13:29.356 [main] INFO  com.alibaba.nacos.common.remote.client - [be313f31-ff7f-449b-9f18-e0d435228778_config-0] Register server push request handler:com.alibaba.nacos.common.remote.client.RpcClient$$Lambda$607/0x0000020101449670
2025-10-30 23:13:29.368 [main] INFO  com.alibaba.nacos.client.config.impl.Limiter - limitTime:5.0
2025-10-30 23:13:29.376 [main] INFO  com.alibaba.nacos.client.config.utils.JvmUtil - isMultiInstance:false
2025-10-30 23:13:29.384 [main] WARN  c.a.cloud.nacos.client.NacosPropertySourceBuilder - Ignore the empty nacos configuration and get it based on dataId[xiaohashu-auth.yaml] & group[DEFAULT_GROUP]
2025-10-30 23:13:29.391 [main] INFO  o.s.c.b.c.PropertySourceBootstrapConfiguration - Located property source: [BootstrapPropertySource {name='bootstrapProperties-xiaohashu-auth-dev.yaml,DEFAULT_GROUP'}, BootstrapPropertySource {name='bootstrapProperties-xiaohashu-auth.yaml,DEFAULT_GROUP'}, BootstrapPropertySource {name='bootstrapProperties-xiaohashu-auth,DEFAULT_GROUP'}]
2025-10-30 23:13:29.407 [main] WARN  com.alibaba.nacos.client.logging.NacosLogging - Load Logback Configuration of Nacos fail, message: Could not initialize Logback Nacos logging from classpath:nacos-logback.xml
2025-10-30 23:13:29.409 [main] INFO  c.q.xiaohashu.auth.XiaohashuAuthApplication - The following 1 profile is active: "dev"
2025-10-30 23:13:29.789 [main] INFO  o.s.d.r.config.RepositoryConfigurationDelegate - Multiple Spring Data modules found, entering strict repository configuration mode
2025-10-30 23:13:29.790 [main] INFO  o.s.d.r.config.RepositoryConfigurationDelegate - Bootstrapping Spring Data Redis repositories in DEFAULT mode.
2025-10-30 23:13:29.802 [main] INFO  o.s.d.r.config.RepositoryConfigurationDelegate - Finished Spring Data repository scanning in 5 ms. Found 0 Redis repository interfaces.
2025-10-30 23:13:29.875 [main] INFO  o.springframework.cloud.context.scope.GenericScope - BeanFactory id=e791a2dd-bf0f-30bd-9a9d-ef964961da40
2025-10-30 23:13:30.095 [main] INFO  o.s.boot.web.embedded.tomcat.TomcatWebServer - Tomcat initialized with port(s): 8080 (http)
2025-10-30 23:13:30.099 [main] INFO  org.apache.catalina.core.StandardService - Starting service [Tomcat]
2025-10-30 23:13:30.100 [main] INFO  org.apache.catalina.core.StandardEngine - Starting Servlet engine: [Apache Tomcat/10.1.5]
2025-10-30 23:13:30.164 [main] INFO  o.a.c.core.ContainerBase.[Tomcat].[localhost].[/] - Initializing Spring embedded WebApplicationContext
2025-10-30 23:13:30.165 [main] INFO  o.s.b.w.s.c.ServletWebServerApplicationContext - Root WebApplicationContext: initialization completed in 746 ms
2025-10-30 23:13:30.223 [main] INFO  c.a.d.s.b.a.DruidDataSourceAutoConfigure - Init DruidDataSource
2025-10-30 23:13:30.380 [main] INFO  com.alibaba.druid.pool.DruidDataSource - {dataSource-1} inited
2025-10-30 23:13:31.988 [main] INFO  org.springframework.cloud.commons.util.InetUtils - Cannot determine local hostname
2025-10-30 23:13:33.429 [main] INFO  org.springframework.cloud.commons.util.InetUtils - Cannot determine local hostname
2025-10-30 23:13:33.477 [main] INFO  o.s.boot.web.embedded.tomcat.TomcatWebServer - Tomcat started on port(s): 8080 (http) with context path ''
2025-10-30 23:13:33.480 [main] INFO  com.alibaba.nacos.client.naming - initializer namespace from ans.namespace attribute : null
2025-10-30 23:13:33.481 [main] INFO  com.alibaba.nacos.client.naming - initializer namespace from ALIBABA_ALIWARE_NAMESPACE attribute :null
2025-10-30 23:13:33.481 [main] INFO  com.alibaba.nacos.client.naming - initializer namespace from namespace attribute :null
2025-10-30 23:13:33.486 [main] INFO  c.a.n.p.auth.spi.client.ClientAuthPluginManager - [ClientAuthPluginManager] Load ClientAuthService com.alibaba.nacos.client.auth.impl.NacosClientAuthServiceImpl success.
2025-10-30 23:13:33.486 [main] INFO  c.a.n.p.auth.spi.client.ClientAuthPluginManager - [ClientAuthPluginManager] Load ClientAuthService com.alibaba.nacos.client.auth.ram.RamClientAuthServiceImpl success.
2025-10-30 23:13:33.488 [main] INFO  com.alibaba.nacos.common.remote.client - [RpcClientFactory] create a new rpc client of 061f25b7-e56c-43f6-bbbf-364e7d421552
2025-10-30 23:13:33.489 [main] INFO  com.alibaba.nacos.common.remote.client - [061f25b7-e56c-43f6-bbbf-364e7d421552] RpcClient init, ServerListFactory = com.alibaba.nacos.client.naming.core.ServerListManager
2025-10-30 23:13:33.489 [main] INFO  com.alibaba.nacos.common.remote.client - [061f25b7-e56c-43f6-bbbf-364e7d421552] Registry connection listener to current client:com.alibaba.nacos.client.naming.remote.gprc.redo.NamingGrpcRedoService
2025-10-30 23:13:33.489 [main] INFO  com.alibaba.nacos.common.remote.client - [061f25b7-e56c-43f6-bbbf-364e7d421552] Register server push request handler:com.alibaba.nacos.client.naming.remote.gprc.NamingPushRequestHandler
2025-10-30 23:13:33.489 [main] INFO  com.alibaba.nacos.common.remote.client - [061f25b7-e56c-43f6-bbbf-364e7d421552] Try to connect to server on start up, server: {serverIp = '127.0.0.1', server main port = 8848}
2025-10-30 23:13:33.490 [main] INFO  c.a.nacos.common.remote.client.grpc.GrpcClient - grpc client connection server:127.0.0.1 ip,serverPort:9848,grpcTslConfig:{"sslProvider":"OPENSSL","enableTls":false,"mutualAuthEnable":false,"trustAll":false}
2025-10-30 23:13:33.600 [main] INFO  com.alibaba.nacos.common.remote.client - [061f25b7-e56c-43f6-bbbf-364e7d421552] Success to connect to server [127.0.0.1:8848] on start up, connectionId = 1761837213494_127.0.0.1_4739
2025-10-30 23:13:33.600 [com.alibaba.nacos.client.remote.worker] INFO  com.alibaba.nacos.common.remote.client - [061f25b7-e56c-43f6-bbbf-364e7d421552] Notify connected event to listeners.
2025-10-30 23:13:33.600 [main] INFO  com.alibaba.nacos.common.remote.client - [061f25b7-e56c-43f6-bbbf-364e7d421552] Register server push request handler:com.alibaba.nacos.common.remote.client.RpcClient$ConnectResetRequestHandler
2025-10-30 23:13:33.600 [main] INFO  com.alibaba.nacos.common.remote.client - [061f25b7-e56c-43f6-bbbf-364e7d421552] Register server push request handler:com.alibaba.nacos.common.remote.client.RpcClient$$Lambda$607/0x0000020101449670
2025-10-30 23:13:33.600 [com.alibaba.nacos.client.remote.worker] INFO  com.alibaba.nacos.client.naming - Grpc connection connect
2025-10-30 23:13:33.602 [main] INFO  com.alibaba.nacos.client.naming - [REGISTER-SERVICE] xiaohashu registering service xiaohashu-auth with instance Instance{instanceId='null', ip='192.168.134.1', port=8080, weight=1.0, healthy=true, enabled=true, ephemeral=true, clusterName='DEFAULT', serviceName='null', metadata={IPv6=null, preserved.register.source=SPRING_CLOUD}}
2025-10-30 23:13:33.612 [main] INFO  c.a.cloud.nacos.registry.NacosServiceRegistry - nacos registry, DEFAULT_GROUP xiaohashu-auth 192.168.134.1:8080 register finished
2025-10-30 23:13:34.775 [main] INFO  org.springframework.cloud.commons.util.InetUtils - Cannot determine local hostname
2025-10-30 23:13:34.791 [main] INFO  c.q.xiaohashu.auth.XiaohashuAuthApplication - Started XiaohashuAuthApplication in 8.95 seconds (process running for 9.398)
2025-10-30 23:13:34.792 [main] INFO  c.q.x.auth.runner.PushRolePermissions2RedisRunner - ==> 服务启动，开始同步角色权限数据到 Redis 中...
2025-10-30 23:13:35.055 [main] WARN  c.q.x.auth.runner.PushRolePermissions2RedisRunner - ==> 角色权限数据已经同步至 Redis 中，不再同步...
2025-10-30 23:13:35.057 [main] INFO  com.alibaba.nacos.client.config.impl.CacheData - nacos.cache.data.init.snapshot = true 
2025-10-30 23:13:35.057 [main] INFO  com.alibaba.nacos.client.config.impl.ClientWorker - [fixed-xiaohashu-127.0.0.1_8848] [subscribe] xiaohashu-auth.yaml+DEFAULT_GROUP+xiaohashu
2025-10-30 23:13:35.060 [main] INFO  com.alibaba.nacos.client.config.impl.CacheData - [fixed-xiaohashu-127.0.0.1_8848] [add-listener] ok, tenant=xiaohashu, dataId=xiaohashu-auth.yaml, group=DEFAULT_GROUP, cnt=1
2025-10-30 23:13:35.060 [main] INFO  c.a.cloud.nacos.refresh.NacosContextRefresher - [Nacos Config] Listening config: dataId=xiaohashu-auth.yaml, group=DEFAULT_GROUP
2025-10-30 23:13:35.061 [main] INFO  com.alibaba.nacos.client.config.impl.ClientWorker - [fixed-xiaohashu-127.0.0.1_8848] [subscribe] xiaohashu-auth-dev.yaml+DEFAULT_GROUP+xiaohashu
2025-10-30 23:13:35.061 [main] INFO  com.alibaba.nacos.client.config.impl.CacheData - [fixed-xiaohashu-127.0.0.1_8848] [add-listener] ok, tenant=xiaohashu, dataId=xiaohashu-auth-dev.yaml, group=DEFAULT_GROUP, cnt=1
2025-10-30 23:13:35.061 [main] INFO  c.a.cloud.nacos.refresh.NacosContextRefresher - [Nacos Config] Listening config: dataId=xiaohashu-auth-dev.yaml, group=DEFAULT_GROUP
2025-10-30 23:13:35.062 [main] INFO  com.alibaba.nacos.client.config.impl.ClientWorker - [fixed-xiaohashu-127.0.0.1_8848] [subscribe] xiaohashu-auth+DEFAULT_GROUP+xiaohashu
2025-10-30 23:13:35.062 [main] INFO  com.alibaba.nacos.client.config.impl.CacheData - [fixed-xiaohashu-127.0.0.1_8848] [add-listener] ok, tenant=xiaohashu, dataId=xiaohashu-auth, group=DEFAULT_GROUP, cnt=1
2025-10-30 23:13:35.062 [main] INFO  c.a.cloud.nacos.refresh.NacosContextRefresher - [Nacos Config] Listening config: dataId=xiaohashu-auth, group=DEFAULT_GROUP
2025-10-30 23:14:02.700 [http-nio-8080-exec-1] INFO  o.a.c.core.ContainerBase.[Tomcat].[localhost].[/] - Initializing Spring DispatcherServlet 'dispatcherServlet'
2025-10-30 23:14:02.701 [http-nio-8080-exec-1] INFO  org.springframework.web.servlet.DispatcherServlet - Initializing Servlet 'dispatcherServlet'
2025-10-30 23:14:02.702 [http-nio-8080-exec-1] INFO  org.springframework.web.servlet.DispatcherServlet - Completed initialization in 1 ms
2025-10-30 23:14:02.708 [http-nio-8080-exec-1] INFO  c.q.x.auth.filter.HeaderUserId2ContextFilter - ## HeaderUserId2ContextFilter, 用户 ID: null
2025-10-30 23:14:02.797 [http-nio-8080-exec-1] INFO  c.q.f.b.operationlog.aspect.ApiOperationLogAspect - ====== 请求开始: [发送短信验证码], 入参: {"phone":"18617685129"}, 请求类: VerificationCodeController, 请求方法: send =================================== 
2025-10-30 23:14:02.804 [http-nio-8080-exec-1] INFO  c.q.x.a.service.impl.VerificationCodeServiceImpl - ==> 手机号: 18617685129, 已发送验证码：【147830】
2025-10-30 23:14:02.810 [http-nio-8080-exec-1] INFO  c.q.f.b.operationlog.aspect.ApiOperationLogAspect - ====== 请求结束: [发送短信验证码], 耗时: 14ms, 出参: {"success":true,"message":null,"errorCode":null,"data":null} =================================== 
2025-10-30 23:14:37.738 [http-nio-8080-exec-4] INFO  c.q.x.auth.filter.HeaderUserId2ContextFilter - ## HeaderUserId2ContextFilter, 用户 ID: null
2025-10-30 23:14:37.764 [http-nio-8080-exec-4] INFO  c.q.f.b.operationlog.aspect.ApiOperationLogAspect - ====== 请求开始: [用户登录/注册], 入参: {"phone":"18617685129","code":"147830","password":null,"type":1}, 请求类: UserController, 请求方法: loginAndRegister =================================== 
2025-10-30 23:14:37.978 [http-nio-8080-exec-4] INFO  c.q.xiaohashu.auth.service.impl.UserServiceImpl - ==> 用户是否注册, phone: 18617685129, userDO: {"id":4,"xiaohashuId":null,"password":null,"nickname":null,"avatar":null,"birthday":null,"backgroundImg":null,"phone":null,"sex":null,"status":0,"introduction":null,"createTime":null,"updateTime":null,"isDeleted":null}
2025-10-30 23:14:38.073 [http-nio-8080-exec-4] INFO  c.q.f.b.operationlog.aspect.ApiOperationLogAspect - ====== 请求结束: [用户登录/注册], 耗时: 311ms, 出参: {"success":true,"message":null,"errorCode":null,"data":"hK6ztVBAwSSoQZ1VkPhVjR5Tlkd5LOnFgd1nyDNeJxxmmvyAH1TXuwFn6UkFmS0yB2m0ahaz9SUMCGh2KyKu3fj8E0aYpdA7tZlFlDr8loxkwac8FWGQ0t6cgBmgQXZp"} =================================== 
2025-10-30 23:14:53.963 [http-nio-8080-exec-3] INFO  c.q.x.auth.filter.HeaderUserId2ContextFilter - ## HeaderUserId2ContextFilter, 用户 ID: 4
2025-10-30 23:14:53.964 [http-nio-8080-exec-3] INFO  c.q.x.auth.filter.HeaderUserId2ContextFilter - ===== 设置 userId 到 ThreadLocal 中， 用户 ID: 4
2025-10-30 23:14:53.966 [http-nio-8080-exec-3] INFO  c.q.f.b.operationlog.aspect.ApiOperationLogAspect - ====== 请求开始: [账号登出], 入参: , 请求类: UserController, 请求方法: logout =================================== 
2025-10-30 23:14:53.978 [http-nio-8080-exec-3] INFO  c.q.f.b.operationlog.aspect.ApiOperationLogAspect - ====== 请求结束: [账号登出], 耗时: 12ms, 出参: {"success":true,"message":null,"errorCode":null,"data":null} =================================== 
2025-10-30 23:14:53.980 [http-nio-8080-exec-3] INFO  c.q.x.auth.filter.HeaderUserId2ContextFilter - ===== 删除 ThreadLocal， userId: 4
