2025-11-01 13:16:31.109 [main] WARN  com.alibaba.nacos.client.logging.NacosLogging - Load Logback Configuration of Nacos fail, message: Could not initialize Logback Nacos logging from classpath:nacos-logback.xml
2025-11-01 13:16:31.145 [main] WARN  com.alibaba.nacos.client.logging.NacosLogging - Load Logback Configuration of Nacos fail, message: Could not initialize Logback Nacos logging from classpath:nacos-logback.xml
2025-11-01 13:16:31.289 [main] WARN  com.alibaba.nacos.client.logging.NacosLogging - Load Logback Configuration of Nacos fail, message: Could not initialize Logback Nacos logging from classpath:nacos-logback.xml
2025-11-01 13:16:31.290 [main] INFO  com.alibaba.nacos.client.utils.ParamUtil - [settings] [req-serv] nacos-server port:8848
2025-11-01 13:16:31.290 [main] INFO  com.alibaba.nacos.client.utils.ParamUtil - [settings] [http-client] connect timeout:1000
2025-11-01 13:16:31.290 [main] INFO  com.alibaba.nacos.client.utils.ParamUtil - PER_TASK_CONFIG_SIZE: 3000.0
2025-11-01 13:16:31.302 [main] INFO  c.a.n.p.auth.spi.client.ClientAuthPluginManager - [ClientAuthPluginManager] Load ClientAuthService com.alibaba.nacos.client.auth.impl.NacosClientAuthServiceImpl success.
2025-11-01 13:16:31.302 [main] INFO  c.a.n.p.auth.spi.client.ClientAuthPluginManager - [ClientAuthPluginManager] Load ClientAuthService com.alibaba.nacos.client.auth.ram.RamClientAuthServiceImpl success.
2025-11-01 13:16:31.306 [main] INFO  c.a.n.client.auth.ram.identify.CredentialWatcher - null No credential found
2025-11-01 13:16:32.534 [main] WARN  com.alibaba.nacos.client.logging.NacosLogging - Load Logback Configuration of Nacos fail, message: Could not initialize Logback Nacos logging from classpath:nacos-logback.xml
2025-11-01 13:16:32.542 [main] INFO  c.a.n.client.config.impl.LocalConfigInfoProcessor - LOCAL_SNAPSHOT_PATH:C:\Users\hp\nacos\config
2025-11-01 13:16:32.545 [main] INFO  com.alibaba.nacos.common.remote.client - [RpcClientFactory] create a new rpc client of 4c09b6e1-8c43-49a7-b755-d0c643023e40_config-0
2025-11-01 13:16:32.552 [main] INFO  com.alibaba.nacos.common.remote.client - [4c09b6e1-8c43-49a7-b755-d0c643023e40_config-0] Register server push request handler:com.alibaba.nacos.client.config.impl.ClientWorker$ConfigRpcTransportClient$$Lambda$586/0x000001840133aeb0
2025-11-01 13:16:32.553 [main] INFO  com.alibaba.nacos.common.remote.client - [4c09b6e1-8c43-49a7-b755-d0c643023e40_config-0] Register server push request handler:com.alibaba.nacos.client.config.impl.ClientWorker$ConfigRpcTransportClient$$Lambda$587/0x000001840133b2d0
2025-11-01 13:16:32.553 [main] INFO  com.alibaba.nacos.common.remote.client - [4c09b6e1-8c43-49a7-b755-d0c643023e40_config-0] Registry connection listener to current client:com.alibaba.nacos.client.config.impl.ClientWorker$ConfigRpcTransportClient$1
2025-11-01 13:16:32.553 [main] INFO  com.alibaba.nacos.common.remote.client - [4c09b6e1-8c43-49a7-b755-d0c643023e40_config-0] RpcClient init, ServerListFactory = com.alibaba.nacos.client.config.impl.ClientWorker$ConfigRpcTransportClient$2
2025-11-01 13:16:32.558 [main] INFO  com.alibaba.nacos.common.remote.client - [4c09b6e1-8c43-49a7-b755-d0c643023e40_config-0] Try to connect to server on start up, server: {serverIp = '127.0.0.1', server main port = 8848}
2025-11-01 13:16:32.578 [main] INFO  c.a.nacos.common.remote.client.grpc.GrpcClient - grpc client connection server:127.0.0.1 ip,serverPort:9848,grpcTslConfig:{"sslProvider":"OPENSSL","enableTls":false,"mutualAuthEnable":false,"trustAll":false}
2025-11-01 13:16:33.070 [main] ERROR c.a.nacos.common.remote.client.grpc.GrpcClient - Server check fail, please check server 127.0.0.1 ,port 9848 is available , error ={}
java.util.concurrent.ExecutionException: com.alibaba.nacos.shaded.io.grpc.StatusRuntimeException: UNAVAILABLE: io exception
	at com.alibaba.nacos.shaded.com.google.common.util.concurrent.AbstractFuture.getDoneValue(AbstractFuture.java:566)
	at com.alibaba.nacos.shaded.com.google.common.util.concurrent.AbstractFuture.get(AbstractFuture.java:445)
	at com.alibaba.nacos.common.remote.client.grpc.GrpcClient.serverCheck(GrpcClient.java:218)
	at com.alibaba.nacos.common.remote.client.grpc.GrpcClient.connectToServer(GrpcClient.java:329)
	at com.alibaba.nacos.common.remote.client.RpcClient.start(RpcClient.java:363)
	at com.alibaba.nacos.client.config.impl.ClientWorker$ConfigRpcTransportClient.ensureRpcClient(ClientWorker.java:891)
	at com.alibaba.nacos.client.config.impl.ClientWorker$ConfigRpcTransportClient.getOneRunningClient(ClientWorker.java:1038)
	at com.alibaba.nacos.client.config.impl.ClientWorker$ConfigRpcTransportClient.queryConfig(ClientWorker.java:946)
	at com.alibaba.nacos.client.config.impl.ClientWorker.getServerConfig(ClientWorker.java:403)
	at com.alibaba.nacos.client.config.NacosConfigService.getConfigInner(NacosConfigService.java:184)
	at com.alibaba.nacos.client.config.NacosConfigService.getConfig(NacosConfigService.java:96)
	at com.alibaba.cloud.nacos.client.NacosPropertySourceBuilder.loadNacosData(NacosPropertySourceBuilder.java:85)
	at com.alibaba.cloud.nacos.client.NacosPropertySourceBuilder.build(NacosPropertySourceBuilder.java:73)
	at com.alibaba.cloud.nacos.client.NacosPropertySourceLocator.loadNacosPropertySource(NacosPropertySourceLocator.java:199)
	at com.alibaba.cloud.nacos.client.NacosPropertySourceLocator.loadNacosDataIfPresent(NacosPropertySourceLocator.java:186)
	at com.alibaba.cloud.nacos.client.NacosPropertySourceLocator.loadApplicationConfiguration(NacosPropertySourceLocator.java:141)
	at com.alibaba.cloud.nacos.client.NacosPropertySourceLocator.locate(NacosPropertySourceLocator.java:103)
	at org.springframework.cloud.bootstrap.config.PropertySourceLocator.locateCollection(PropertySourceLocator.java:50)
	at org.springframework.cloud.bootstrap.config.PropertySourceLocator.locateCollection(PropertySourceLocator.java:46)
	at org.springframework.cloud.bootstrap.config.PropertySourceBootstrapConfiguration.initialize(PropertySourceBootstrapConfiguration.java:95)
	at org.springframework.boot.SpringApplication.applyInitializers(SpringApplication.java:603)
	at org.springframework.boot.SpringApplication.prepareContext(SpringApplication.java:383)
	at org.springframework.boot.SpringApplication.run(SpringApplication.java:307)
	at org.springframework.boot.SpringApplication.run(SpringApplication.java:1302)
	at org.springframework.boot.SpringApplication.run(SpringApplication.java:1291)
	at com.quanxiaoha.xiaohashu.auth.XiaohashuAuthApplication.main(XiaohashuAuthApplication.java:12)
Caused by: com.alibaba.nacos.shaded.io.grpc.StatusRuntimeException: UNAVAILABLE: io exception
	at com.alibaba.nacos.shaded.io.grpc.Status.asRuntimeException(Status.java:539)
	at com.alibaba.nacos.shaded.io.grpc.stub.ClientCalls$UnaryStreamToFuture.onClose(ClientCalls.java:544)
	at com.alibaba.nacos.shaded.io.grpc.internal.DelayedClientCall$DelayedListener$3.run(DelayedClientCall.java:471)
	at com.alibaba.nacos.shaded.io.grpc.internal.DelayedClientCall$DelayedListener.delayOrExecute(DelayedClientCall.java:435)
	at com.alibaba.nacos.shaded.io.grpc.internal.DelayedClientCall$DelayedListener.onClose(DelayedClientCall.java:468)
	at com.alibaba.nacos.shaded.io.grpc.internal.ClientCallImpl.closeObserver(ClientCallImpl.java:563)
	at com.alibaba.nacos.shaded.io.grpc.internal.ClientCallImpl.access$300(ClientCallImpl.java:70)
	at com.alibaba.nacos.shaded.io.grpc.internal.ClientCallImpl$ClientStreamListenerImpl$1StreamClosed.runInternal(ClientCallImpl.java:744)
	at com.alibaba.nacos.shaded.io.grpc.internal.ClientCallImpl$ClientStreamListenerImpl$1StreamClosed.runInContext(ClientCallImpl.java:723)
	at com.alibaba.nacos.shaded.io.grpc.internal.ContextRunnable.run(ContextRunnable.java:37)
	at com.alibaba.nacos.shaded.io.grpc.internal.SerializingExecutor.run(SerializingExecutor.java:133)
	at java.base/java.util.concurrent.ThreadPoolExecutor.runWorker(ThreadPoolExecutor.java:1136)
	at java.base/java.util.concurrent.ThreadPoolExecutor$Worker.run(ThreadPoolExecutor.java:635)
	at java.base/java.lang.Thread.run(Thread.java:842)
Caused by: com.alibaba.nacos.shaded.io.grpc.netty.shaded.io.netty.channel.AbstractChannel$AnnotatedConnectException: Connection refused: no further information: /127.0.0.1:9848
Caused by: java.net.ConnectException: Connection refused: no further information
	at java.base/sun.nio.ch.Net.pollConnect(Native Method)
	at java.base/sun.nio.ch.Net.pollConnectNow(Net.java:672)
	at java.base/sun.nio.ch.SocketChannelImpl.finishConnect(SocketChannelImpl.java:946)
	at com.alibaba.nacos.shaded.io.grpc.netty.shaded.io.netty.channel.socket.nio.NioSocketChannel.doFinishConnect(NioSocketChannel.java:337)
	at com.alibaba.nacos.shaded.io.grpc.netty.shaded.io.netty.channel.nio.AbstractNioChannel$AbstractNioUnsafe.finishConnect(AbstractNioChannel.java:334)
	at com.alibaba.nacos.shaded.io.grpc.netty.shaded.io.netty.channel.nio.NioEventLoop.processSelectedKey(NioEventLoop.java:710)
	at com.alibaba.nacos.shaded.io.grpc.netty.shaded.io.netty.channel.nio.NioEventLoop.processSelectedKeysOptimized(NioEventLoop.java:658)
	at com.alibaba.nacos.shaded.io.grpc.netty.shaded.io.netty.channel.nio.NioEventLoop.processSelectedKeys(NioEventLoop.java:584)
	at com.alibaba.nacos.shaded.io.grpc.netty.shaded.io.netty.channel.nio.NioEventLoop.run(NioEventLoop.java:496)
	at com.alibaba.nacos.shaded.io.grpc.netty.shaded.io.netty.util.concurrent.SingleThreadEventExecutor$4.run(SingleThreadEventExecutor.java:997)
	at com.alibaba.nacos.shaded.io.grpc.netty.shaded.io.netty.util.internal.ThreadExecutorMap$2.run(ThreadExecutorMap.java:74)
	at com.alibaba.nacos.shaded.io.grpc.netty.shaded.io.netty.util.concurrent.FastThreadLocalRunnable.run(FastThreadLocalRunnable.java:30)
	at java.base/java.lang.Thread.run(Thread.java:842)
2025-11-01 13:16:33.073 [main] INFO  com.alibaba.nacos.common.remote.client - [4c09b6e1-8c43-49a7-b755-d0c643023e40_config-0] Try to connect to server on start up, server: {serverIp = '127.0.0.1', server main port = 8848}
2025-11-01 13:16:33.073 [main] INFO  c.a.nacos.common.remote.client.grpc.GrpcClient - grpc client connection server:127.0.0.1 ip,serverPort:9848,grpcTslConfig:{"sslProvider":"OPENSSL","enableTls":false,"mutualAuthEnable":false,"trustAll":false}
2025-11-01 13:16:33.076 [main] ERROR c.a.nacos.common.remote.client.grpc.GrpcClient - Server check fail, please check server 127.0.0.1 ,port 9848 is available , error ={}
java.util.concurrent.ExecutionException: com.alibaba.nacos.shaded.io.grpc.StatusRuntimeException: UNAVAILABLE: io exception
	at com.alibaba.nacos.shaded.com.google.common.util.concurrent.AbstractFuture.getDoneValue(AbstractFuture.java:566)
	at com.alibaba.nacos.shaded.com.google.common.util.concurrent.AbstractFuture.get(AbstractFuture.java:445)
	at com.alibaba.nacos.common.remote.client.grpc.GrpcClient.serverCheck(GrpcClient.java:218)
	at com.alibaba.nacos.common.remote.client.grpc.GrpcClient.connectToServer(GrpcClient.java:329)
	at com.alibaba.nacos.common.remote.client.RpcClient.start(RpcClient.java:363)
	at com.alibaba.nacos.client.config.impl.ClientWorker$ConfigRpcTransportClient.ensureRpcClient(ClientWorker.java:891)
	at com.alibaba.nacos.client.config.impl.ClientWorker$ConfigRpcTransportClient.getOneRunningClient(ClientWorker.java:1038)
	at com.alibaba.nacos.client.config.impl.ClientWorker$ConfigRpcTransportClient.queryConfig(ClientWorker.java:946)
	at com.alibaba.nacos.client.config.impl.ClientWorker.getServerConfig(ClientWorker.java:403)
	at com.alibaba.nacos.client.config.NacosConfigService.getConfigInner(NacosConfigService.java:184)
	at com.alibaba.nacos.client.config.NacosConfigService.getConfig(NacosConfigService.java:96)
	at com.alibaba.cloud.nacos.client.NacosPropertySourceBuilder.loadNacosData(NacosPropertySourceBuilder.java:85)
	at com.alibaba.cloud.nacos.client.NacosPropertySourceBuilder.build(NacosPropertySourceBuilder.java:73)
	at com.alibaba.cloud.nacos.client.NacosPropertySourceLocator.loadNacosPropertySource(NacosPropertySourceLocator.java:199)
	at com.alibaba.cloud.nacos.client.NacosPropertySourceLocator.loadNacosDataIfPresent(NacosPropertySourceLocator.java:186)
	at com.alibaba.cloud.nacos.client.NacosPropertySourceLocator.loadApplicationConfiguration(NacosPropertySourceLocator.java:141)
	at com.alibaba.cloud.nacos.client.NacosPropertySourceLocator.locate(NacosPropertySourceLocator.java:103)
	at org.springframework.cloud.bootstrap.config.PropertySourceLocator.locateCollection(PropertySourceLocator.java:50)
	at org.springframework.cloud.bootstrap.config.PropertySourceLocator.locateCollection(PropertySourceLocator.java:46)
	at org.springframework.cloud.bootstrap.config.PropertySourceBootstrapConfiguration.initialize(PropertySourceBootstrapConfiguration.java:95)
	at org.springframework.boot.SpringApplication.applyInitializers(SpringApplication.java:603)
	at org.springframework.boot.SpringApplication.prepareContext(SpringApplication.java:383)
	at org.springframework.boot.SpringApplication.run(SpringApplication.java:307)
	at org.springframework.boot.SpringApplication.run(SpringApplication.java:1302)
	at org.springframework.boot.SpringApplication.run(SpringApplication.java:1291)
	at com.quanxiaoha.xiaohashu.auth.XiaohashuAuthApplication.main(XiaohashuAuthApplication.java:12)
Caused by: com.alibaba.nacos.shaded.io.grpc.StatusRuntimeException: UNAVAILABLE: io exception
	at com.alibaba.nacos.shaded.io.grpc.Status.asRuntimeException(Status.java:539)
	at com.alibaba.nacos.shaded.io.grpc.stub.ClientCalls$UnaryStreamToFuture.onClose(ClientCalls.java:544)
	at com.alibaba.nacos.shaded.io.grpc.internal.DelayedClientCall$DelayedListener$3.run(DelayedClientCall.java:471)
	at com.alibaba.nacos.shaded.io.grpc.internal.DelayedClientCall$DelayedListener.delayOrExecute(DelayedClientCall.java:435)
	at com.alibaba.nacos.shaded.io.grpc.internal.DelayedClientCall$DelayedListener.onClose(DelayedClientCall.java:468)
	at com.alibaba.nacos.shaded.io.grpc.internal.ClientCallImpl.closeObserver(ClientCallImpl.java:563)
	at com.alibaba.nacos.shaded.io.grpc.internal.ClientCallImpl.access$300(ClientCallImpl.java:70)
	at com.alibaba.nacos.shaded.io.grpc.internal.ClientCallImpl$ClientStreamListenerImpl$1StreamClosed.runInternal(ClientCallImpl.java:744)
	at com.alibaba.nacos.shaded.io.grpc.internal.ClientCallImpl$ClientStreamListenerImpl$1StreamClosed.runInContext(ClientCallImpl.java:723)
	at com.alibaba.nacos.shaded.io.grpc.internal.ContextRunnable.run(ContextRunnable.java:37)
	at com.alibaba.nacos.shaded.io.grpc.internal.SerializingExecutor.run(SerializingExecutor.java:133)
	at java.base/java.util.concurrent.ThreadPoolExecutor.runWorker(ThreadPoolExecutor.java:1136)
	at java.base/java.util.concurrent.ThreadPoolExecutor$Worker.run(ThreadPoolExecutor.java:635)
	at java.base/java.lang.Thread.run(Thread.java:842)
Caused by: com.alibaba.nacos.shaded.io.grpc.netty.shaded.io.netty.channel.AbstractChannel$AnnotatedConnectException: Connection refused: no further information: /127.0.0.1:9848
Caused by: java.net.ConnectException: Connection refused: no further information
	at java.base/sun.nio.ch.Net.pollConnect(Native Method)
	at java.base/sun.nio.ch.Net.pollConnectNow(Net.java:672)
	at java.base/sun.nio.ch.SocketChannelImpl.finishConnect(SocketChannelImpl.java:946)
	at com.alibaba.nacos.shaded.io.grpc.netty.shaded.io.netty.channel.socket.nio.NioSocketChannel.doFinishConnect(NioSocketChannel.java:337)
	at com.alibaba.nacos.shaded.io.grpc.netty.shaded.io.netty.channel.nio.AbstractNioChannel$AbstractNioUnsafe.finishConnect(AbstractNioChannel.java:334)
	at com.alibaba.nacos.shaded.io.grpc.netty.shaded.io.netty.channel.nio.NioEventLoop.processSelectedKey(NioEventLoop.java:710)
	at com.alibaba.nacos.shaded.io.grpc.netty.shaded.io.netty.channel.nio.NioEventLoop.processSelectedKeysOptimized(NioEventLoop.java:658)
	at com.alibaba.nacos.shaded.io.grpc.netty.shaded.io.netty.channel.nio.NioEventLoop.processSelectedKeys(NioEventLoop.java:584)
	at com.alibaba.nacos.shaded.io.grpc.netty.shaded.io.netty.channel.nio.NioEventLoop.run(NioEventLoop.java:496)
	at com.alibaba.nacos.shaded.io.grpc.netty.shaded.io.netty.util.concurrent.SingleThreadEventExecutor$4.run(SingleThreadEventExecutor.java:997)
	at com.alibaba.nacos.shaded.io.grpc.netty.shaded.io.netty.util.internal.ThreadExecutorMap$2.run(ThreadExecutorMap.java:74)
	at com.alibaba.nacos.shaded.io.grpc.netty.shaded.io.netty.util.concurrent.FastThreadLocalRunnable.run(FastThreadLocalRunnable.java:30)
	at java.base/java.lang.Thread.run(Thread.java:842)
2025-11-01 13:16:33.077 [main] INFO  com.alibaba.nacos.common.remote.client - [4c09b6e1-8c43-49a7-b755-d0c643023e40_config-0] Try to connect to server on start up, server: {serverIp = '127.0.0.1', server main port = 8848}
2025-11-01 13:16:33.077 [main] INFO  c.a.nacos.common.remote.client.grpc.GrpcClient - grpc client connection server:127.0.0.1 ip,serverPort:9848,grpcTslConfig:{"sslProvider":"OPENSSL","enableTls":false,"mutualAuthEnable":false,"trustAll":false}
2025-11-01 13:16:33.080 [main] ERROR c.a.nacos.common.remote.client.grpc.GrpcClient - Server check fail, please check server 127.0.0.1 ,port 9848 is available , error ={}
java.util.concurrent.ExecutionException: com.alibaba.nacos.shaded.io.grpc.StatusRuntimeException: UNAVAILABLE: io exception
	at com.alibaba.nacos.shaded.com.google.common.util.concurrent.AbstractFuture.getDoneValue(AbstractFuture.java:566)
	at com.alibaba.nacos.shaded.com.google.common.util.concurrent.AbstractFuture.get(AbstractFuture.java:445)
	at com.alibaba.nacos.common.remote.client.grpc.GrpcClient.serverCheck(GrpcClient.java:218)
	at com.alibaba.nacos.common.remote.client.grpc.GrpcClient.connectToServer(GrpcClient.java:329)
	at com.alibaba.nacos.common.remote.client.RpcClient.start(RpcClient.java:363)
	at com.alibaba.nacos.client.config.impl.ClientWorker$ConfigRpcTransportClient.ensureRpcClient(ClientWorker.java:891)
	at com.alibaba.nacos.client.config.impl.ClientWorker$ConfigRpcTransportClient.getOneRunningClient(ClientWorker.java:1038)
	at com.alibaba.nacos.client.config.impl.ClientWorker$ConfigRpcTransportClient.queryConfig(ClientWorker.java:946)
	at com.alibaba.nacos.client.config.impl.ClientWorker.getServerConfig(ClientWorker.java:403)
	at com.alibaba.nacos.client.config.NacosConfigService.getConfigInner(NacosConfigService.java:184)
	at com.alibaba.nacos.client.config.NacosConfigService.getConfig(NacosConfigService.java:96)
	at com.alibaba.cloud.nacos.client.NacosPropertySourceBuilder.loadNacosData(NacosPropertySourceBuilder.java:85)
	at com.alibaba.cloud.nacos.client.NacosPropertySourceBuilder.build(NacosPropertySourceBuilder.java:73)
	at com.alibaba.cloud.nacos.client.NacosPropertySourceLocator.loadNacosPropertySource(NacosPropertySourceLocator.java:199)
	at com.alibaba.cloud.nacos.client.NacosPropertySourceLocator.loadNacosDataIfPresent(NacosPropertySourceLocator.java:186)
	at com.alibaba.cloud.nacos.client.NacosPropertySourceLocator.loadApplicationConfiguration(NacosPropertySourceLocator.java:141)
	at com.alibaba.cloud.nacos.client.NacosPropertySourceLocator.locate(NacosPropertySourceLocator.java:103)
	at org.springframework.cloud.bootstrap.config.PropertySourceLocator.locateCollection(PropertySourceLocator.java:50)
	at org.springframework.cloud.bootstrap.config.PropertySourceLocator.locateCollection(PropertySourceLocator.java:46)
	at org.springframework.cloud.bootstrap.config.PropertySourceBootstrapConfiguration.initialize(PropertySourceBootstrapConfiguration.java:95)
	at org.springframework.boot.SpringApplication.applyInitializers(SpringApplication.java:603)
	at org.springframework.boot.SpringApplication.prepareContext(SpringApplication.java:383)
	at org.springframework.boot.SpringApplication.run(SpringApplication.java:307)
	at org.springframework.boot.SpringApplication.run(SpringApplication.java:1302)
	at org.springframework.boot.SpringApplication.run(SpringApplication.java:1291)
	at com.quanxiaoha.xiaohashu.auth.XiaohashuAuthApplication.main(XiaohashuAuthApplication.java:12)
Caused by: com.alibaba.nacos.shaded.io.grpc.StatusRuntimeException: UNAVAILABLE: io exception
	at com.alibaba.nacos.shaded.io.grpc.Status.asRuntimeException(Status.java:539)
	at com.alibaba.nacos.shaded.io.grpc.stub.ClientCalls$UnaryStreamToFuture.onClose(ClientCalls.java:544)
	at com.alibaba.nacos.shaded.io.grpc.internal.DelayedClientCall$DelayedListener$3.run(DelayedClientCall.java:471)
	at com.alibaba.nacos.shaded.io.grpc.internal.DelayedClientCall$DelayedListener.delayOrExecute(DelayedClientCall.java:435)
	at com.alibaba.nacos.shaded.io.grpc.internal.DelayedClientCall$DelayedListener.onClose(DelayedClientCall.java:468)
	at com.alibaba.nacos.shaded.io.grpc.internal.ClientCallImpl.closeObserver(ClientCallImpl.java:563)
	at com.alibaba.nacos.shaded.io.grpc.internal.ClientCallImpl.access$300(ClientCallImpl.java:70)
	at com.alibaba.nacos.shaded.io.grpc.internal.ClientCallImpl$ClientStreamListenerImpl$1StreamClosed.runInternal(ClientCallImpl.java:744)
	at com.alibaba.nacos.shaded.io.grpc.internal.ClientCallImpl$ClientStreamListenerImpl$1StreamClosed.runInContext(ClientCallImpl.java:723)
	at com.alibaba.nacos.shaded.io.grpc.internal.ContextRunnable.run(ContextRunnable.java:37)
	at com.alibaba.nacos.shaded.io.grpc.internal.SerializingExecutor.run(SerializingExecutor.java:133)
	at java.base/java.util.concurrent.ThreadPoolExecutor.runWorker(ThreadPoolExecutor.java:1136)
	at java.base/java.util.concurrent.ThreadPoolExecutor$Worker.run(ThreadPoolExecutor.java:635)
	at java.base/java.lang.Thread.run(Thread.java:842)
Caused by: com.alibaba.nacos.shaded.io.grpc.netty.shaded.io.netty.channel.AbstractChannel$AnnotatedConnectException: Connection refused: no further information: /127.0.0.1:9848
Caused by: java.net.ConnectException: Connection refused: no further information
	at java.base/sun.nio.ch.Net.pollConnect(Native Method)
	at java.base/sun.nio.ch.Net.pollConnectNow(Net.java:672)
	at java.base/sun.nio.ch.SocketChannelImpl.finishConnect(SocketChannelImpl.java:946)
	at com.alibaba.nacos.shaded.io.grpc.netty.shaded.io.netty.channel.socket.nio.NioSocketChannel.doFinishConnect(NioSocketChannel.java:337)
	at com.alibaba.nacos.shaded.io.grpc.netty.shaded.io.netty.channel.nio.AbstractNioChannel$AbstractNioUnsafe.finishConnect(AbstractNioChannel.java:334)
	at com.alibaba.nacos.shaded.io.grpc.netty.shaded.io.netty.channel.nio.NioEventLoop.processSelectedKey(NioEventLoop.java:710)
	at com.alibaba.nacos.shaded.io.grpc.netty.shaded.io.netty.channel.nio.NioEventLoop.processSelectedKeysOptimized(NioEventLoop.java:658)
	at com.alibaba.nacos.shaded.io.grpc.netty.shaded.io.netty.channel.nio.NioEventLoop.processSelectedKeys(NioEventLoop.java:584)
	at com.alibaba.nacos.shaded.io.grpc.netty.shaded.io.netty.channel.nio.NioEventLoop.run(NioEventLoop.java:496)
	at com.alibaba.nacos.shaded.io.grpc.netty.shaded.io.netty.util.concurrent.SingleThreadEventExecutor$4.run(SingleThreadEventExecutor.java:997)
	at com.alibaba.nacos.shaded.io.grpc.netty.shaded.io.netty.util.internal.ThreadExecutorMap$2.run(ThreadExecutorMap.java:74)
	at com.alibaba.nacos.shaded.io.grpc.netty.shaded.io.netty.util.concurrent.FastThreadLocalRunnable.run(FastThreadLocalRunnable.java:30)
	at java.base/java.lang.Thread.run(Thread.java:842)
2025-11-01 13:16:33.081 [com.alibaba.nacos.client.remote.worker] INFO  com.alibaba.nacos.common.remote.client - [4c09b6e1-8c43-49a7-b755-d0c643023e40_config-0] Try to reconnect to a new server, server is  not appointed, will choose a random server.
2025-11-01 13:16:33.081 [main] INFO  com.alibaba.nacos.common.remote.client - [4c09b6e1-8c43-49a7-b755-d0c643023e40_config-0] Register server push request handler:com.alibaba.nacos.common.remote.client.RpcClient$ConnectResetRequestHandler
2025-11-01 13:16:33.081 [com.alibaba.nacos.client.remote.worker] INFO  c.a.nacos.common.remote.client.grpc.GrpcClient - grpc client connection server:127.0.0.1 ip,serverPort:9848,grpcTslConfig:{"sslProvider":"OPENSSL","enableTls":false,"mutualAuthEnable":false,"trustAll":false}
2025-11-01 13:16:33.081 [main] INFO  com.alibaba.nacos.common.remote.client - [4c09b6e1-8c43-49a7-b755-d0c643023e40_config-0] Register server push request handler:com.alibaba.nacos.common.remote.client.RpcClient$$Lambda$606/0x0000018401419970
2025-11-01 13:16:33.084 [com.alibaba.nacos.client.remote.worker] ERROR c.a.nacos.common.remote.client.grpc.GrpcClient - Server check fail, please check server 127.0.0.1 ,port 9848 is available , error ={}
java.util.concurrent.ExecutionException: com.alibaba.nacos.shaded.io.grpc.StatusRuntimeException: UNAVAILABLE: io exception
	at com.alibaba.nacos.shaded.com.google.common.util.concurrent.AbstractFuture.getDoneValue(AbstractFuture.java:566)
	at com.alibaba.nacos.shaded.com.google.common.util.concurrent.AbstractFuture.get(AbstractFuture.java:445)
	at com.alibaba.nacos.common.remote.client.grpc.GrpcClient.serverCheck(GrpcClient.java:218)
	at com.alibaba.nacos.common.remote.client.grpc.GrpcClient.connectToServer(GrpcClient.java:329)
	at com.alibaba.nacos.common.remote.client.RpcClient.reconnect(RpcClient.java:502)
	at com.alibaba.nacos.common.remote.client.RpcClient.lambda$start$2(RpcClient.java:343)
	at java.base/java.util.concurrent.Executors$RunnableAdapter.call(Executors.java:539)
	at java.base/java.util.concurrent.FutureTask.run(FutureTask.java:264)
	at java.base/java.util.concurrent.ScheduledThreadPoolExecutor$ScheduledFutureTask.run(ScheduledThreadPoolExecutor.java:304)
	at java.base/java.util.concurrent.ThreadPoolExecutor.runWorker(ThreadPoolExecutor.java:1136)
	at java.base/java.util.concurrent.ThreadPoolExecutor$Worker.run(ThreadPoolExecutor.java:635)
	at java.base/java.lang.Thread.run(Thread.java:842)
Caused by: com.alibaba.nacos.shaded.io.grpc.StatusRuntimeException: UNAVAILABLE: io exception
	at com.alibaba.nacos.shaded.io.grpc.Status.asRuntimeException(Status.java:539)
	at com.alibaba.nacos.shaded.io.grpc.stub.ClientCalls$UnaryStreamToFuture.onClose(ClientCalls.java:544)
	at com.alibaba.nacos.shaded.io.grpc.internal.DelayedClientCall$DelayedListener$3.run(DelayedClientCall.java:471)
	at com.alibaba.nacos.shaded.io.grpc.internal.DelayedClientCall$DelayedListener.delayOrExecute(DelayedClientCall.java:435)
	at com.alibaba.nacos.shaded.io.grpc.internal.DelayedClientCall$DelayedListener.onClose(DelayedClientCall.java:468)
	at com.alibaba.nacos.shaded.io.grpc.internal.ClientCallImpl.closeObserver(ClientCallImpl.java:563)
	at com.alibaba.nacos.shaded.io.grpc.internal.ClientCallImpl.access$300(ClientCallImpl.java:70)
	at com.alibaba.nacos.shaded.io.grpc.internal.ClientCallImpl$ClientStreamListenerImpl$1StreamClosed.runInternal(ClientCallImpl.java:744)
	at com.alibaba.nacos.shaded.io.grpc.internal.ClientCallImpl$ClientStreamListenerImpl$1StreamClosed.runInContext(ClientCallImpl.java:723)
	at com.alibaba.nacos.shaded.io.grpc.internal.ContextRunnable.run(ContextRunnable.java:37)
	at com.alibaba.nacos.shaded.io.grpc.internal.SerializingExecutor.run(SerializingExecutor.java:133)
	... 3 common frames omitted
Caused by: com.alibaba.nacos.shaded.io.grpc.netty.shaded.io.netty.channel.AbstractChannel$AnnotatedConnectException: Connection refused: no further information: /127.0.0.1:9848
Caused by: java.net.ConnectException: Connection refused: no further information
	at java.base/sun.nio.ch.Net.pollConnect(Native Method)
	at java.base/sun.nio.ch.Net.pollConnectNow(Net.java:672)
	at java.base/sun.nio.ch.SocketChannelImpl.finishConnect(SocketChannelImpl.java:946)
	at com.alibaba.nacos.shaded.io.grpc.netty.shaded.io.netty.channel.socket.nio.NioSocketChannel.doFinishConnect(NioSocketChannel.java:337)
	at com.alibaba.nacos.shaded.io.grpc.netty.shaded.io.netty.channel.nio.AbstractNioChannel$AbstractNioUnsafe.finishConnect(AbstractNioChannel.java:334)
	at com.alibaba.nacos.shaded.io.grpc.netty.shaded.io.netty.channel.nio.NioEventLoop.processSelectedKey(NioEventLoop.java:710)
	at com.alibaba.nacos.shaded.io.grpc.netty.shaded.io.netty.channel.nio.NioEventLoop.processSelectedKeysOptimized(NioEventLoop.java:658)
	at com.alibaba.nacos.shaded.io.grpc.netty.shaded.io.netty.channel.nio.NioEventLoop.processSelectedKeys(NioEventLoop.java:584)
	at com.alibaba.nacos.shaded.io.grpc.netty.shaded.io.netty.channel.nio.NioEventLoop.run(NioEventLoop.java:496)
	at com.alibaba.nacos.shaded.io.grpc.netty.shaded.io.netty.util.concurrent.SingleThreadEventExecutor$4.run(SingleThreadEventExecutor.java:997)
	at com.alibaba.nacos.shaded.io.grpc.netty.shaded.io.netty.util.internal.ThreadExecutorMap$2.run(ThreadExecutorMap.java:74)
	at com.alibaba.nacos.shaded.io.grpc.netty.shaded.io.netty.util.concurrent.FastThreadLocalRunnable.run(FastThreadLocalRunnable.java:30)
	at java.base/java.lang.Thread.run(Thread.java:842)
2025-11-01 13:16:33.101 [main] INFO  com.alibaba.nacos.client.config.impl.Limiter - limitTime:5.0
2025-11-01 13:16:33.185 [com.alibaba.nacos.client.remote.worker] INFO  c.a.nacos.common.remote.client.grpc.GrpcClient - grpc client connection server:127.0.0.1 ip,serverPort:9848,grpcTslConfig:{"sslProvider":"OPENSSL","enableTls":false,"mutualAuthEnable":false,"trustAll":false}
2025-11-01 13:16:33.190 [com.alibaba.nacos.client.remote.worker] ERROR c.a.nacos.common.remote.client.grpc.GrpcClient - Server check fail, please check server 127.0.0.1 ,port 9848 is available , error ={}
java.util.concurrent.ExecutionException: com.alibaba.nacos.shaded.io.grpc.StatusRuntimeException: UNAVAILABLE: io exception
	at com.alibaba.nacos.shaded.com.google.common.util.concurrent.AbstractFuture.getDoneValue(AbstractFuture.java:566)
	at com.alibaba.nacos.shaded.com.google.common.util.concurrent.AbstractFuture.get(AbstractFuture.java:445)
	at com.alibaba.nacos.common.remote.client.grpc.GrpcClient.serverCheck(GrpcClient.java:218)
	at com.alibaba.nacos.common.remote.client.grpc.GrpcClient.connectToServer(GrpcClient.java:329)
	at com.alibaba.nacos.common.remote.client.RpcClient.reconnect(RpcClient.java:502)
	at com.alibaba.nacos.common.remote.client.RpcClient.lambda$start$2(RpcClient.java:343)
	at java.base/java.util.concurrent.Executors$RunnableAdapter.call(Executors.java:539)
	at java.base/java.util.concurrent.FutureTask.run(FutureTask.java:264)
	at java.base/java.util.concurrent.ScheduledThreadPoolExecutor$ScheduledFutureTask.run(ScheduledThreadPoolExecutor.java:304)
	at java.base/java.util.concurrent.ThreadPoolExecutor.runWorker(ThreadPoolExecutor.java:1136)
	at java.base/java.util.concurrent.ThreadPoolExecutor$Worker.run(ThreadPoolExecutor.java:635)
	at java.base/java.lang.Thread.run(Thread.java:842)
Caused by: com.alibaba.nacos.shaded.io.grpc.StatusRuntimeException: UNAVAILABLE: io exception
	at com.alibaba.nacos.shaded.io.grpc.Status.asRuntimeException(Status.java:539)
	at com.alibaba.nacos.shaded.io.grpc.stub.ClientCalls$UnaryStreamToFuture.onClose(ClientCalls.java:544)
	at com.alibaba.nacos.shaded.io.grpc.internal.DelayedClientCall$DelayedListener$3.run(DelayedClientCall.java:471)
	at com.alibaba.nacos.shaded.io.grpc.internal.DelayedClientCall$DelayedListener.delayOrExecute(DelayedClientCall.java:435)
	at com.alibaba.nacos.shaded.io.grpc.internal.DelayedClientCall$DelayedListener.onClose(DelayedClientCall.java:468)
	at com.alibaba.nacos.shaded.io.grpc.internal.ClientCallImpl.closeObserver(ClientCallImpl.java:563)
	at com.alibaba.nacos.shaded.io.grpc.internal.ClientCallImpl.access$300(ClientCallImpl.java:70)
	at com.alibaba.nacos.shaded.io.grpc.internal.ClientCallImpl$ClientStreamListenerImpl$1StreamClosed.runInternal(ClientCallImpl.java:744)
	at com.alibaba.nacos.shaded.io.grpc.internal.ClientCallImpl$ClientStreamListenerImpl$1StreamClosed.runInContext(ClientCallImpl.java:723)
	at com.alibaba.nacos.shaded.io.grpc.internal.ContextRunnable.run(ContextRunnable.java:37)
	at com.alibaba.nacos.shaded.io.grpc.internal.SerializingExecutor.run(SerializingExecutor.java:133)
	... 3 common frames omitted
Caused by: com.alibaba.nacos.shaded.io.grpc.netty.shaded.io.netty.channel.AbstractChannel$AnnotatedConnectException: Connection refused: no further information: /127.0.0.1:9848
Caused by: java.net.ConnectException: Connection refused: no further information
	at java.base/sun.nio.ch.Net.pollConnect(Native Method)
	at java.base/sun.nio.ch.Net.pollConnectNow(Net.java:672)
	at java.base/sun.nio.ch.SocketChannelImpl.finishConnect(SocketChannelImpl.java:946)
	at com.alibaba.nacos.shaded.io.grpc.netty.shaded.io.netty.channel.socket.nio.NioSocketChannel.doFinishConnect(NioSocketChannel.java:337)
	at com.alibaba.nacos.shaded.io.grpc.netty.shaded.io.netty.channel.nio.AbstractNioChannel$AbstractNioUnsafe.finishConnect(AbstractNioChannel.java:334)
	at com.alibaba.nacos.shaded.io.grpc.netty.shaded.io.netty.channel.nio.NioEventLoop.processSelectedKey(NioEventLoop.java:710)
	at com.alibaba.nacos.shaded.io.grpc.netty.shaded.io.netty.channel.nio.NioEventLoop.processSelectedKeysOptimized(NioEventLoop.java:658)
	at com.alibaba.nacos.shaded.io.grpc.netty.shaded.io.netty.channel.nio.NioEventLoop.processSelectedKeys(NioEventLoop.java:584)
	at com.alibaba.nacos.shaded.io.grpc.netty.shaded.io.netty.channel.nio.NioEventLoop.run(NioEventLoop.java:496)
	at com.alibaba.nacos.shaded.io.grpc.netty.shaded.io.netty.util.concurrent.SingleThreadEventExecutor$4.run(SingleThreadEventExecutor.java:997)
	at com.alibaba.nacos.shaded.io.grpc.netty.shaded.io.netty.util.internal.ThreadExecutorMap$2.run(ThreadExecutorMap.java:74)
	at com.alibaba.nacos.shaded.io.grpc.netty.shaded.io.netty.util.concurrent.FastThreadLocalRunnable.run(FastThreadLocalRunnable.java:30)
	at java.base/java.lang.Thread.run(Thread.java:842)
2025-11-01 13:16:33.190 [com.alibaba.nacos.client.remote.worker] INFO  com.alibaba.nacos.common.remote.client - [4c09b6e1-8c43-49a7-b755-d0c643023e40_config-0] Fail to connect server, after trying 1 times, last try server is {serverIp = '127.0.0.1', server main port = 8848}, error = unknown
2025-11-01 13:16:33.215 [main] ERROR com.alibaba.nacos.common.remote.client - Send request fail, request = ConfigQueryRequest{headers={charset=UTF-8, Client-AppName=unknown, Client-RequestToken=01bbb21dfc6a539d232a9b2d863c1709, Client-RequestTS=1761974193081, exConfigInfo=true, notify=false}, requestId='null'}, retryTimes = 0, errorMessage = Client not connected, current status:STARTING
2025-11-01 13:16:33.324 [main] ERROR com.alibaba.nacos.common.remote.client - Send request fail, request = ConfigQueryRequest{headers={charset=UTF-8, Client-AppName=unknown, Client-RequestToken=01bbb21dfc6a539d232a9b2d863c1709, Client-RequestTS=1761974193081, exConfigInfo=true, notify=false}, requestId='null'}, retryTimes = 1, errorMessage = Client not connected, current status:STARTING
2025-11-01 13:16:33.404 [com.alibaba.nacos.client.remote.worker] INFO  c.a.nacos.common.remote.client.grpc.GrpcClient - grpc client connection server:127.0.0.1 ip,serverPort:9848,grpcTslConfig:{"sslProvider":"OPENSSL","enableTls":false,"mutualAuthEnable":false,"trustAll":false}
2025-11-01 13:16:33.408 [com.alibaba.nacos.client.remote.worker] ERROR c.a.nacos.common.remote.client.grpc.GrpcClient - Server check fail, please check server 127.0.0.1 ,port 9848 is available , error ={}
java.util.concurrent.ExecutionException: com.alibaba.nacos.shaded.io.grpc.StatusRuntimeException: UNAVAILABLE: io exception
	at com.alibaba.nacos.shaded.com.google.common.util.concurrent.AbstractFuture.getDoneValue(AbstractFuture.java:566)
	at com.alibaba.nacos.shaded.com.google.common.util.concurrent.AbstractFuture.get(AbstractFuture.java:445)
	at com.alibaba.nacos.common.remote.client.grpc.GrpcClient.serverCheck(GrpcClient.java:218)
	at com.alibaba.nacos.common.remote.client.grpc.GrpcClient.connectToServer(GrpcClient.java:329)
	at com.alibaba.nacos.common.remote.client.RpcClient.reconnect(RpcClient.java:502)
	at com.alibaba.nacos.common.remote.client.RpcClient.lambda$start$2(RpcClient.java:343)
	at java.base/java.util.concurrent.Executors$RunnableAdapter.call(Executors.java:539)
	at java.base/java.util.concurrent.FutureTask.run(FutureTask.java:264)
	at java.base/java.util.concurrent.ScheduledThreadPoolExecutor$ScheduledFutureTask.run(ScheduledThreadPoolExecutor.java:304)
	at java.base/java.util.concurrent.ThreadPoolExecutor.runWorker(ThreadPoolExecutor.java:1136)
	at java.base/java.util.concurrent.ThreadPoolExecutor$Worker.run(ThreadPoolExecutor.java:635)
	at java.base/java.lang.Thread.run(Thread.java:842)
Caused by: com.alibaba.nacos.shaded.io.grpc.StatusRuntimeException: UNAVAILABLE: io exception
	at com.alibaba.nacos.shaded.io.grpc.Status.asRuntimeException(Status.java:539)
	at com.alibaba.nacos.shaded.io.grpc.stub.ClientCalls$UnaryStreamToFuture.onClose(ClientCalls.java:544)
	at com.alibaba.nacos.shaded.io.grpc.internal.DelayedClientCall$DelayedListener$3.run(DelayedClientCall.java:471)
	at com.alibaba.nacos.shaded.io.grpc.internal.DelayedClientCall$DelayedListener.delayOrExecute(DelayedClientCall.java:435)
	at com.alibaba.nacos.shaded.io.grpc.internal.DelayedClientCall$DelayedListener.onClose(DelayedClientCall.java:468)
	at com.alibaba.nacos.shaded.io.grpc.internal.ClientCallImpl.closeObserver(ClientCallImpl.java:563)
	at com.alibaba.nacos.shaded.io.grpc.internal.ClientCallImpl.access$300(ClientCallImpl.java:70)
	at com.alibaba.nacos.shaded.io.grpc.internal.ClientCallImpl$ClientStreamListenerImpl$1StreamClosed.runInternal(ClientCallImpl.java:744)
	at com.alibaba.nacos.shaded.io.grpc.internal.ClientCallImpl$ClientStreamListenerImpl$1StreamClosed.runInContext(ClientCallImpl.java:723)
	at com.alibaba.nacos.shaded.io.grpc.internal.ContextRunnable.run(ContextRunnable.java:37)
	at com.alibaba.nacos.shaded.io.grpc.internal.SerializingExecutor.run(SerializingExecutor.java:133)
	... 3 common frames omitted
Caused by: com.alibaba.nacos.shaded.io.grpc.netty.shaded.io.netty.channel.AbstractChannel$AnnotatedConnectException: Connection refused: no further information: /127.0.0.1:9848
Caused by: java.net.ConnectException: Connection refused: no further information
	at java.base/sun.nio.ch.Net.pollConnect(Native Method)
	at java.base/sun.nio.ch.Net.pollConnectNow(Net.java:672)
	at java.base/sun.nio.ch.SocketChannelImpl.finishConnect(SocketChannelImpl.java:946)
	at com.alibaba.nacos.shaded.io.grpc.netty.shaded.io.netty.channel.socket.nio.NioSocketChannel.doFinishConnect(NioSocketChannel.java:337)
	at com.alibaba.nacos.shaded.io.grpc.netty.shaded.io.netty.channel.nio.AbstractNioChannel$AbstractNioUnsafe.finishConnect(AbstractNioChannel.java:334)
	at com.alibaba.nacos.shaded.io.grpc.netty.shaded.io.netty.channel.nio.NioEventLoop.processSelectedKey(NioEventLoop.java:710)
	at com.alibaba.nacos.shaded.io.grpc.netty.shaded.io.netty.channel.nio.NioEventLoop.processSelectedKeysOptimized(NioEventLoop.java:658)
	at com.alibaba.nacos.shaded.io.grpc.netty.shaded.io.netty.channel.nio.NioEventLoop.processSelectedKeys(NioEventLoop.java:584)
	at com.alibaba.nacos.shaded.io.grpc.netty.shaded.io.netty.channel.nio.NioEventLoop.run(NioEventLoop.java:496)
	at com.alibaba.nacos.shaded.io.grpc.netty.shaded.io.netty.util.concurrent.SingleThreadEventExecutor$4.run(SingleThreadEventExecutor.java:997)
	at com.alibaba.nacos.shaded.io.grpc.netty.shaded.io.netty.util.internal.ThreadExecutorMap$2.run(ThreadExecutorMap.java:74)
	at com.alibaba.nacos.shaded.io.grpc.netty.shaded.io.netty.util.concurrent.FastThreadLocalRunnable.run(FastThreadLocalRunnable.java:30)
	at java.base/java.lang.Thread.run(Thread.java:842)
2025-11-01 13:16:33.409 [com.alibaba.nacos.client.remote.worker] INFO  com.alibaba.nacos.common.remote.client - [4c09b6e1-8c43-49a7-b755-d0c643023e40_config-0] Fail to connect server, after trying 2 times, last try server is {serverIp = '127.0.0.1', server main port = 8848}, error = unknown
2025-11-01 13:16:33.436 [main] ERROR com.alibaba.nacos.common.remote.client - Send request fail, request = ConfigQueryRequest{headers={charset=UTF-8, Client-AppName=unknown, Client-RequestToken=01bbb21dfc6a539d232a9b2d863c1709, Client-RequestTS=1761974193081, exConfigInfo=true, notify=false}, requestId='null'}, retryTimes = 2, errorMessage = Client not connected, current status:STARTING
2025-11-01 13:16:33.436 [main] WARN  c.alibaba.nacos.client.config.NacosConfigService - [fixed-xiaohashu-127.0.0.1_8848] [get-config] get from server error, dataId=xiaohashu-auth, group=DEFAULT_GROUP, tenant=xiaohashu, msg=ErrCode:-401, ErrMsg:Client not connected, current status:STARTING
2025-11-01 13:16:33.438 [main] INFO  com.alibaba.nacos.client.config.utils.JvmUtil - isMultiInstance:false
2025-11-01 13:16:33.439 [main] WARN  c.alibaba.nacos.client.config.NacosConfigService - [fixed-xiaohashu-127.0.0.1_8848] [get-config] get snapshot ok, dataId=xiaohashu-auth, group=DEFAULT_GROUP, tenant=xiaohashu, config=rate-limit:
  api:
    limit: 888
2025-11-01 13:16:33.544 [main] ERROR com.alibaba.nacos.common.remote.client - Send request fail, request = ConfigQueryRequest{headers={charset=UTF-8, Client-AppName=unknown, Client-RequestToken=65431f3779c203795dcd901113ac153b, Client-RequestTS=1761974193443, exConfigInfo=true, notify=false}, requestId='null'}, retryTimes = 0, errorMessage = Client not connected, current status:STARTING
2025-11-01 13:16:33.655 [main] ERROR com.alibaba.nacos.common.remote.client - Send request fail, request = ConfigQueryRequest{headers={charset=UTF-8, Client-AppName=unknown, Client-RequestToken=65431f3779c203795dcd901113ac153b, Client-RequestTS=1761974193443, exConfigInfo=true, notify=false}, requestId='null'}, retryTimes = 1, errorMessage = Client not connected, current status:STARTING
2025-11-01 13:16:33.716 [com.alibaba.nacos.client.remote.worker] INFO  c.a.nacos.common.remote.client.grpc.GrpcClient - grpc client connection server:127.0.0.1 ip,serverPort:9848,grpcTslConfig:{"sslProvider":"OPENSSL","enableTls":false,"mutualAuthEnable":false,"trustAll":false}
2025-11-01 13:16:33.719 [com.alibaba.nacos.client.remote.worker] ERROR c.a.nacos.common.remote.client.grpc.GrpcClient - Server check fail, please check server 127.0.0.1 ,port 9848 is available , error ={}
java.util.concurrent.ExecutionException: com.alibaba.nacos.shaded.io.grpc.StatusRuntimeException: UNAVAILABLE: io exception
	at com.alibaba.nacos.shaded.com.google.common.util.concurrent.AbstractFuture.getDoneValue(AbstractFuture.java:566)
	at com.alibaba.nacos.shaded.com.google.common.util.concurrent.AbstractFuture.get(AbstractFuture.java:445)
	at com.alibaba.nacos.common.remote.client.grpc.GrpcClient.serverCheck(GrpcClient.java:218)
	at com.alibaba.nacos.common.remote.client.grpc.GrpcClient.connectToServer(GrpcClient.java:329)
	at com.alibaba.nacos.common.remote.client.RpcClient.reconnect(RpcClient.java:502)
	at com.alibaba.nacos.common.remote.client.RpcClient.lambda$start$2(RpcClient.java:343)
	at java.base/java.util.concurrent.Executors$RunnableAdapter.call(Executors.java:539)
	at java.base/java.util.concurrent.FutureTask.run(FutureTask.java:264)
	at java.base/java.util.concurrent.ScheduledThreadPoolExecutor$ScheduledFutureTask.run(ScheduledThreadPoolExecutor.java:304)
	at java.base/java.util.concurrent.ThreadPoolExecutor.runWorker(ThreadPoolExecutor.java:1136)
	at java.base/java.util.concurrent.ThreadPoolExecutor$Worker.run(ThreadPoolExecutor.java:635)
	at java.base/java.lang.Thread.run(Thread.java:842)
Caused by: com.alibaba.nacos.shaded.io.grpc.StatusRuntimeException: UNAVAILABLE: io exception
	at com.alibaba.nacos.shaded.io.grpc.Status.asRuntimeException(Status.java:539)
	at com.alibaba.nacos.shaded.io.grpc.stub.ClientCalls$UnaryStreamToFuture.onClose(ClientCalls.java:544)
	at com.alibaba.nacos.shaded.io.grpc.internal.DelayedClientCall$DelayedListener$3.run(DelayedClientCall.java:471)
	at com.alibaba.nacos.shaded.io.grpc.internal.DelayedClientCall$DelayedListener.delayOrExecute(DelayedClientCall.java:435)
	at com.alibaba.nacos.shaded.io.grpc.internal.DelayedClientCall$DelayedListener.onClose(DelayedClientCall.java:468)
	at com.alibaba.nacos.shaded.io.grpc.internal.ClientCallImpl.closeObserver(ClientCallImpl.java:563)
	at com.alibaba.nacos.shaded.io.grpc.internal.ClientCallImpl.access$300(ClientCallImpl.java:70)
	at com.alibaba.nacos.shaded.io.grpc.internal.ClientCallImpl$ClientStreamListenerImpl$1StreamClosed.runInternal(ClientCallImpl.java:744)
	at com.alibaba.nacos.shaded.io.grpc.internal.ClientCallImpl$ClientStreamListenerImpl$1StreamClosed.runInContext(ClientCallImpl.java:723)
	at com.alibaba.nacos.shaded.io.grpc.internal.ContextRunnable.run(ContextRunnable.java:37)
	at com.alibaba.nacos.shaded.io.grpc.internal.SerializingExecutor.run(SerializingExecutor.java:133)
	... 3 common frames omitted
Caused by: com.alibaba.nacos.shaded.io.grpc.netty.shaded.io.netty.channel.AbstractChannel$AnnotatedConnectException: Connection refused: no further information: /127.0.0.1:9848
Caused by: java.net.ConnectException: Connection refused: no further information
	at java.base/sun.nio.ch.Net.pollConnect(Native Method)
	at java.base/sun.nio.ch.Net.pollConnectNow(Net.java:672)
	at java.base/sun.nio.ch.SocketChannelImpl.finishConnect(SocketChannelImpl.java:946)
	at com.alibaba.nacos.shaded.io.grpc.netty.shaded.io.netty.channel.socket.nio.NioSocketChannel.doFinishConnect(NioSocketChannel.java:337)
	at com.alibaba.nacos.shaded.io.grpc.netty.shaded.io.netty.channel.nio.AbstractNioChannel$AbstractNioUnsafe.finishConnect(AbstractNioChannel.java:334)
	at com.alibaba.nacos.shaded.io.grpc.netty.shaded.io.netty.channel.nio.NioEventLoop.processSelectedKey(NioEventLoop.java:710)
	at com.alibaba.nacos.shaded.io.grpc.netty.shaded.io.netty.channel.nio.NioEventLoop.processSelectedKeysOptimized(NioEventLoop.java:658)
	at com.alibaba.nacos.shaded.io.grpc.netty.shaded.io.netty.channel.nio.NioEventLoop.processSelectedKeys(NioEventLoop.java:584)
	at com.alibaba.nacos.shaded.io.grpc.netty.shaded.io.netty.channel.nio.NioEventLoop.run(NioEventLoop.java:496)
	at com.alibaba.nacos.shaded.io.grpc.netty.shaded.io.netty.util.concurrent.SingleThreadEventExecutor$4.run(SingleThreadEventExecutor.java:997)
	at com.alibaba.nacos.shaded.io.grpc.netty.shaded.io.netty.util.internal.ThreadExecutorMap$2.run(ThreadExecutorMap.java:74)
	at com.alibaba.nacos.shaded.io.grpc.netty.shaded.io.netty.util.concurrent.FastThreadLocalRunnable.run(FastThreadLocalRunnable.java:30)
	at java.base/java.lang.Thread.run(Thread.java:842)
2025-11-01 13:16:33.720 [com.alibaba.nacos.client.remote.worker] INFO  com.alibaba.nacos.common.remote.client - [4c09b6e1-8c43-49a7-b755-d0c643023e40_config-0] Fail to connect server, after trying 3 times, last try server is {serverIp = '127.0.0.1', server main port = 8848}, error = unknown
2025-11-01 13:16:33.762 [main] ERROR com.alibaba.nacos.common.remote.client - Send request fail, request = ConfigQueryRequest{headers={charset=UTF-8, Client-AppName=unknown, Client-RequestToken=65431f3779c203795dcd901113ac153b, Client-RequestTS=1761974193443, exConfigInfo=true, notify=false}, requestId='null'}, retryTimes = 2, errorMessage = Client not connected, current status:STARTING
2025-11-01 13:16:33.762 [main] WARN  c.alibaba.nacos.client.config.NacosConfigService - [fixed-xiaohashu-127.0.0.1_8848] [get-config] get from server error, dataId=xiaohashu-auth.yaml, group=DEFAULT_GROUP, tenant=xiaohashu, msg=ErrCode:-401, ErrMsg:Client not connected, current status:STARTING
2025-11-01 13:16:33.763 [main] WARN  c.a.cloud.nacos.client.NacosPropertySourceBuilder - Ignore the empty nacos configuration and get it based on dataId[xiaohashu-auth.yaml] & group[DEFAULT_GROUP]
2025-11-01 13:16:33.871 [main] ERROR com.alibaba.nacos.common.remote.client - Send request fail, request = ConfigQueryRequest{headers={charset=UTF-8, Client-AppName=unknown, Client-RequestToken=3050c3f3d594d28841ecd5e99acdec1f, Client-RequestTS=1761974193763, exConfigInfo=true, notify=false}, requestId='null'}, retryTimes = 0, errorMessage = Client not connected, current status:STARTING
2025-11-01 13:16:33.979 [main] ERROR com.alibaba.nacos.common.remote.client - Send request fail, request = ConfigQueryRequest{headers={charset=UTF-8, Client-AppName=unknown, Client-RequestToken=3050c3f3d594d28841ecd5e99acdec1f, Client-RequestTS=1761974193763, exConfigInfo=true, notify=false}, requestId='null'}, retryTimes = 1, errorMessage = Client not connected, current status:STARTING
2025-11-01 13:16:34.089 [main] ERROR com.alibaba.nacos.common.remote.client - Send request fail, request = ConfigQueryRequest{headers={charset=UTF-8, Client-AppName=unknown, Client-RequestToken=3050c3f3d594d28841ecd5e99acdec1f, Client-RequestTS=1761974193763, exConfigInfo=true, notify=false}, requestId='null'}, retryTimes = 2, errorMessage = Client not connected, current status:STARTING
2025-11-01 13:16:34.089 [main] WARN  c.alibaba.nacos.client.config.NacosConfigService - [fixed-xiaohashu-127.0.0.1_8848] [get-config] get from server error, dataId=xiaohashu-auth-dev.yaml, group=DEFAULT_GROUP, tenant=xiaohashu, msg=ErrCode:-401, ErrMsg:Client not connected, current status:STARTING
2025-11-01 13:16:34.090 [main] WARN  c.alibaba.nacos.client.config.NacosConfigService - [fixed-xiaohashu-127.0.0.1_8848] [get-config] get snapshot ok, dataId=xiaohashu-auth-dev.yaml, group=DEFAULT_GROUP, tenant=xiaohashu, config=alarm:
  type: mail # 告警类型
2025-11-01 13:16:34.091 [main] INFO  o.s.c.b.c.PropertySourceBootstrapConfiguration - Located property source: [BootstrapPropertySource {name='bootstrapProperties-xiaohashu-auth-dev.yaml,DEFAULT_GROUP'}, BootstrapPropertySource {name='bootstrapProperties-xiaohashu-auth.yaml,DEFAULT_GROUP'}, BootstrapPropertySource {name='bootstrapProperties-xiaohashu-auth,DEFAULT_GROUP'}]
2025-11-01 13:16:34.112 [main] WARN  com.alibaba.nacos.client.logging.NacosLogging - Load Logback Configuration of Nacos fail, message: Could not initialize Logback Nacos logging from classpath:nacos-logback.xml
2025-11-01 13:16:34.112 [main] INFO  c.q.xiaohashu.auth.XiaohashuAuthApplication - The following 1 profile is active: "dev"
2025-11-01 13:16:34.121 [com.alibaba.nacos.client.remote.worker] INFO  c.a.nacos.common.remote.client.grpc.GrpcClient - grpc client connection server:127.0.0.1 ip,serverPort:9848,grpcTslConfig:{"sslProvider":"OPENSSL","enableTls":false,"mutualAuthEnable":false,"trustAll":false}
2025-11-01 13:16:34.124 [com.alibaba.nacos.client.remote.worker] ERROR c.a.nacos.common.remote.client.grpc.GrpcClient - Server check fail, please check server 127.0.0.1 ,port 9848 is available , error ={}
java.util.concurrent.ExecutionException: com.alibaba.nacos.shaded.io.grpc.StatusRuntimeException: UNAVAILABLE: io exception
	at com.alibaba.nacos.shaded.com.google.common.util.concurrent.AbstractFuture.getDoneValue(AbstractFuture.java:566)
	at com.alibaba.nacos.shaded.com.google.common.util.concurrent.AbstractFuture.get(AbstractFuture.java:445)
	at com.alibaba.nacos.common.remote.client.grpc.GrpcClient.serverCheck(GrpcClient.java:218)
	at com.alibaba.nacos.common.remote.client.grpc.GrpcClient.connectToServer(GrpcClient.java:329)
	at com.alibaba.nacos.common.remote.client.RpcClient.reconnect(RpcClient.java:502)
	at com.alibaba.nacos.common.remote.client.RpcClient.lambda$start$2(RpcClient.java:343)
	at java.base/java.util.concurrent.Executors$RunnableAdapter.call(Executors.java:539)
	at java.base/java.util.concurrent.FutureTask.run(FutureTask.java:264)
	at java.base/java.util.concurrent.ScheduledThreadPoolExecutor$ScheduledFutureTask.run(ScheduledThreadPoolExecutor.java:304)
	at java.base/java.util.concurrent.ThreadPoolExecutor.runWorker(ThreadPoolExecutor.java:1136)
	at java.base/java.util.concurrent.ThreadPoolExecutor$Worker.run(ThreadPoolExecutor.java:635)
	at java.base/java.lang.Thread.run(Thread.java:842)
Caused by: com.alibaba.nacos.shaded.io.grpc.StatusRuntimeException: UNAVAILABLE: io exception
	at com.alibaba.nacos.shaded.io.grpc.Status.asRuntimeException(Status.java:539)
	at com.alibaba.nacos.shaded.io.grpc.stub.ClientCalls$UnaryStreamToFuture.onClose(ClientCalls.java:544)
	at com.alibaba.nacos.shaded.io.grpc.internal.DelayedClientCall$DelayedListener$3.run(DelayedClientCall.java:471)
	at com.alibaba.nacos.shaded.io.grpc.internal.DelayedClientCall$DelayedListener.delayOrExecute(DelayedClientCall.java:435)
	at com.alibaba.nacos.shaded.io.grpc.internal.DelayedClientCall$DelayedListener.onClose(DelayedClientCall.java:468)
	at com.alibaba.nacos.shaded.io.grpc.internal.ClientCallImpl.closeObserver(ClientCallImpl.java:563)
	at com.alibaba.nacos.shaded.io.grpc.internal.ClientCallImpl.access$300(ClientCallImpl.java:70)
	at com.alibaba.nacos.shaded.io.grpc.internal.ClientCallImpl$ClientStreamListenerImpl$1StreamClosed.runInternal(ClientCallImpl.java:744)
	at com.alibaba.nacos.shaded.io.grpc.internal.ClientCallImpl$ClientStreamListenerImpl$1StreamClosed.runInContext(ClientCallImpl.java:723)
	at com.alibaba.nacos.shaded.io.grpc.internal.ContextRunnable.run(ContextRunnable.java:37)
	at com.alibaba.nacos.shaded.io.grpc.internal.SerializingExecutor.run(SerializingExecutor.java:133)
	... 3 common frames omitted
Caused by: com.alibaba.nacos.shaded.io.grpc.netty.shaded.io.netty.channel.AbstractChannel$AnnotatedConnectException: Connection refused: no further information: /127.0.0.1:9848
Caused by: java.net.ConnectException: Connection refused: no further information
	at java.base/sun.nio.ch.Net.pollConnect(Native Method)
	at java.base/sun.nio.ch.Net.pollConnectNow(Net.java:672)
	at java.base/sun.nio.ch.SocketChannelImpl.finishConnect(SocketChannelImpl.java:946)
	at com.alibaba.nacos.shaded.io.grpc.netty.shaded.io.netty.channel.socket.nio.NioSocketChannel.doFinishConnect(NioSocketChannel.java:337)
	at com.alibaba.nacos.shaded.io.grpc.netty.shaded.io.netty.channel.nio.AbstractNioChannel$AbstractNioUnsafe.finishConnect(AbstractNioChannel.java:334)
	at com.alibaba.nacos.shaded.io.grpc.netty.shaded.io.netty.channel.nio.NioEventLoop.processSelectedKey(NioEventLoop.java:710)
	at com.alibaba.nacos.shaded.io.grpc.netty.shaded.io.netty.channel.nio.NioEventLoop.processSelectedKeysOptimized(NioEventLoop.java:658)
	at com.alibaba.nacos.shaded.io.grpc.netty.shaded.io.netty.channel.nio.NioEventLoop.processSelectedKeys(NioEventLoop.java:584)
	at com.alibaba.nacos.shaded.io.grpc.netty.shaded.io.netty.channel.nio.NioEventLoop.run(NioEventLoop.java:496)
	at com.alibaba.nacos.shaded.io.grpc.netty.shaded.io.netty.util.concurrent.SingleThreadEventExecutor$4.run(SingleThreadEventExecutor.java:997)
	at com.alibaba.nacos.shaded.io.grpc.netty.shaded.io.netty.util.internal.ThreadExecutorMap$2.run(ThreadExecutorMap.java:74)
	at com.alibaba.nacos.shaded.io.grpc.netty.shaded.io.netty.util.concurrent.FastThreadLocalRunnable.run(FastThreadLocalRunnable.java:30)
	at java.base/java.lang.Thread.run(Thread.java:842)
2025-11-01 13:16:34.124 [com.alibaba.nacos.client.remote.worker] INFO  com.alibaba.nacos.common.remote.client - [4c09b6e1-8c43-49a7-b755-d0c643023e40_config-0] Fail to connect server, after trying 4 times, last try server is {serverIp = '127.0.0.1', server main port = 8848}, error = unknown
2025-11-01 13:16:34.497 [main] INFO  o.s.d.r.config.RepositoryConfigurationDelegate - Multiple Spring Data modules found, entering strict repository configuration mode
2025-11-01 13:16:34.498 [main] INFO  o.s.d.r.config.RepositoryConfigurationDelegate - Bootstrapping Spring Data Redis repositories in DEFAULT mode.
2025-11-01 13:16:34.515 [main] INFO  o.s.d.r.config.RepositoryConfigurationDelegate - Finished Spring Data repository scanning in 6 ms. Found 0 Redis repository interfaces.
2025-11-01 13:16:34.592 [main] INFO  o.springframework.cloud.context.scope.GenericScope - BeanFactory id=9c7c4e43-cdce-3fe7-b866-d4408e0364e4
2025-11-01 13:16:34.639 [com.alibaba.nacos.client.remote.worker] INFO  c.a.nacos.common.remote.client.grpc.GrpcClient - grpc client connection server:127.0.0.1 ip,serverPort:9848,grpcTslConfig:{"sslProvider":"OPENSSL","enableTls":false,"mutualAuthEnable":false,"trustAll":false}
2025-11-01 13:16:34.641 [com.alibaba.nacos.client.remote.worker] ERROR c.a.nacos.common.remote.client.grpc.GrpcClient - Server check fail, please check server 127.0.0.1 ,port 9848 is available , error ={}
java.util.concurrent.ExecutionException: com.alibaba.nacos.shaded.io.grpc.StatusRuntimeException: UNAVAILABLE: io exception
	at com.alibaba.nacos.shaded.com.google.common.util.concurrent.AbstractFuture.getDoneValue(AbstractFuture.java:566)
	at com.alibaba.nacos.shaded.com.google.common.util.concurrent.AbstractFuture.get(AbstractFuture.java:445)
	at com.alibaba.nacos.common.remote.client.grpc.GrpcClient.serverCheck(GrpcClient.java:218)
	at com.alibaba.nacos.common.remote.client.grpc.GrpcClient.connectToServer(GrpcClient.java:329)
	at com.alibaba.nacos.common.remote.client.RpcClient.reconnect(RpcClient.java:502)
	at com.alibaba.nacos.common.remote.client.RpcClient.lambda$start$2(RpcClient.java:343)
	at java.base/java.util.concurrent.Executors$RunnableAdapter.call(Executors.java:539)
	at java.base/java.util.concurrent.FutureTask.run(FutureTask.java:264)
	at java.base/java.util.concurrent.ScheduledThreadPoolExecutor$ScheduledFutureTask.run(ScheduledThreadPoolExecutor.java:304)
	at java.base/java.util.concurrent.ThreadPoolExecutor.runWorker(ThreadPoolExecutor.java:1136)
	at java.base/java.util.concurrent.ThreadPoolExecutor$Worker.run(ThreadPoolExecutor.java:635)
	at java.base/java.lang.Thread.run(Thread.java:842)
Caused by: com.alibaba.nacos.shaded.io.grpc.StatusRuntimeException: UNAVAILABLE: io exception
	at com.alibaba.nacos.shaded.io.grpc.Status.asRuntimeException(Status.java:539)
	at com.alibaba.nacos.shaded.io.grpc.stub.ClientCalls$UnaryStreamToFuture.onClose(ClientCalls.java:544)
	at com.alibaba.nacos.shaded.io.grpc.internal.DelayedClientCall$DelayedListener$3.run(DelayedClientCall.java:471)
	at com.alibaba.nacos.shaded.io.grpc.internal.DelayedClientCall$DelayedListener.delayOrExecute(DelayedClientCall.java:435)
	at com.alibaba.nacos.shaded.io.grpc.internal.DelayedClientCall$DelayedListener.onClose(DelayedClientCall.java:468)
	at com.alibaba.nacos.shaded.io.grpc.internal.ClientCallImpl.closeObserver(ClientCallImpl.java:563)
	at com.alibaba.nacos.shaded.io.grpc.internal.ClientCallImpl.access$300(ClientCallImpl.java:70)
	at com.alibaba.nacos.shaded.io.grpc.internal.ClientCallImpl$ClientStreamListenerImpl$1StreamClosed.runInternal(ClientCallImpl.java:744)
	at com.alibaba.nacos.shaded.io.grpc.internal.ClientCallImpl$ClientStreamListenerImpl$1StreamClosed.runInContext(ClientCallImpl.java:723)
	at com.alibaba.nacos.shaded.io.grpc.internal.ContextRunnable.run(ContextRunnable.java:37)
	at com.alibaba.nacos.shaded.io.grpc.internal.SerializingExecutor.run(SerializingExecutor.java:133)
	... 3 common frames omitted
Caused by: com.alibaba.nacos.shaded.io.grpc.netty.shaded.io.netty.channel.AbstractChannel$AnnotatedConnectException: Connection refused: no further information: /127.0.0.1:9848
Caused by: java.net.ConnectException: Connection refused: no further information
	at java.base/sun.nio.ch.Net.pollConnect(Native Method)
	at java.base/sun.nio.ch.Net.pollConnectNow(Net.java:672)
	at java.base/sun.nio.ch.SocketChannelImpl.finishConnect(SocketChannelImpl.java:946)
	at com.alibaba.nacos.shaded.io.grpc.netty.shaded.io.netty.channel.socket.nio.NioSocketChannel.doFinishConnect(NioSocketChannel.java:337)
	at com.alibaba.nacos.shaded.io.grpc.netty.shaded.io.netty.channel.nio.AbstractNioChannel$AbstractNioUnsafe.finishConnect(AbstractNioChannel.java:334)
	at com.alibaba.nacos.shaded.io.grpc.netty.shaded.io.netty.channel.nio.NioEventLoop.processSelectedKey(NioEventLoop.java:710)
	at com.alibaba.nacos.shaded.io.grpc.netty.shaded.io.netty.channel.nio.NioEventLoop.processSelectedKeysOptimized(NioEventLoop.java:658)
	at com.alibaba.nacos.shaded.io.grpc.netty.shaded.io.netty.channel.nio.NioEventLoop.processSelectedKeys(NioEventLoop.java:584)
	at com.alibaba.nacos.shaded.io.grpc.netty.shaded.io.netty.channel.nio.NioEventLoop.run(NioEventLoop.java:496)
	at com.alibaba.nacos.shaded.io.grpc.netty.shaded.io.netty.util.concurrent.SingleThreadEventExecutor$4.run(SingleThreadEventExecutor.java:997)
	at com.alibaba.nacos.shaded.io.grpc.netty.shaded.io.netty.util.internal.ThreadExecutorMap$2.run(ThreadExecutorMap.java:74)
	at com.alibaba.nacos.shaded.io.grpc.netty.shaded.io.netty.util.concurrent.FastThreadLocalRunnable.run(FastThreadLocalRunnable.java:30)
	at java.base/java.lang.Thread.run(Thread.java:842)
2025-11-01 13:16:34.641 [com.alibaba.nacos.client.remote.worker] INFO  com.alibaba.nacos.common.remote.client - [4c09b6e1-8c43-49a7-b755-d0c643023e40_config-0] Fail to connect server, after trying 5 times, last try server is {serverIp = '127.0.0.1', server main port = 8848}, error = unknown
2025-11-01 13:16:34.825 [main] INFO  o.s.boot.web.embedded.tomcat.TomcatWebServer - Tomcat initialized with port(s): 8080 (http)
2025-11-01 13:16:34.830 [main] INFO  org.apache.catalina.core.StandardService - Starting service [Tomcat]
2025-11-01 13:16:34.830 [main] INFO  org.apache.catalina.core.StandardEngine - Starting Servlet engine: [Apache Tomcat/10.1.5]
2025-11-01 13:16:34.890 [main] INFO  o.a.c.core.ContainerBase.[Tomcat].[localhost].[/] - Initializing Spring embedded WebApplicationContext
2025-11-01 13:16:34.890 [main] INFO  o.s.b.w.s.c.ServletWebServerApplicationContext - Root WebApplicationContext: initialization completed in 769 ms
2025-11-01 13:16:34.946 [main] INFO  c.a.d.s.b.a.DruidDataSourceAutoConfigure - Init DruidDataSource
2025-11-01 13:16:35.098 [main] INFO  com.alibaba.druid.pool.DruidDataSource - {dataSource-1} inited
2025-11-01 13:16:35.257 [com.alibaba.nacos.client.remote.worker] INFO  c.a.nacos.common.remote.client.grpc.GrpcClient - grpc client connection server:127.0.0.1 ip,serverPort:9848,grpcTslConfig:{"sslProvider":"OPENSSL","enableTls":false,"mutualAuthEnable":false,"trustAll":false}
2025-11-01 13:16:35.259 [com.alibaba.nacos.client.remote.worker] ERROR c.a.nacos.common.remote.client.grpc.GrpcClient - Server check fail, please check server 127.0.0.1 ,port 9848 is available , error ={}
java.util.concurrent.ExecutionException: com.alibaba.nacos.shaded.io.grpc.StatusRuntimeException: UNAVAILABLE: io exception
	at com.alibaba.nacos.shaded.com.google.common.util.concurrent.AbstractFuture.getDoneValue(AbstractFuture.java:566)
	at com.alibaba.nacos.shaded.com.google.common.util.concurrent.AbstractFuture.get(AbstractFuture.java:445)
	at com.alibaba.nacos.common.remote.client.grpc.GrpcClient.serverCheck(GrpcClient.java:218)
	at com.alibaba.nacos.common.remote.client.grpc.GrpcClient.connectToServer(GrpcClient.java:329)
	at com.alibaba.nacos.common.remote.client.RpcClient.reconnect(RpcClient.java:502)
	at com.alibaba.nacos.common.remote.client.RpcClient.lambda$start$2(RpcClient.java:343)
	at java.base/java.util.concurrent.Executors$RunnableAdapter.call(Executors.java:539)
	at java.base/java.util.concurrent.FutureTask.run(FutureTask.java:264)
	at java.base/java.util.concurrent.ScheduledThreadPoolExecutor$ScheduledFutureTask.run(ScheduledThreadPoolExecutor.java:304)
	at java.base/java.util.concurrent.ThreadPoolExecutor.runWorker(ThreadPoolExecutor.java:1136)
	at java.base/java.util.concurrent.ThreadPoolExecutor$Worker.run(ThreadPoolExecutor.java:635)
	at java.base/java.lang.Thread.run(Thread.java:842)
Caused by: com.alibaba.nacos.shaded.io.grpc.StatusRuntimeException: UNAVAILABLE: io exception
	at com.alibaba.nacos.shaded.io.grpc.Status.asRuntimeException(Status.java:539)
	at com.alibaba.nacos.shaded.io.grpc.stub.ClientCalls$UnaryStreamToFuture.onClose(ClientCalls.java:544)
	at com.alibaba.nacos.shaded.io.grpc.internal.DelayedClientCall$DelayedListener$3.run(DelayedClientCall.java:471)
	at com.alibaba.nacos.shaded.io.grpc.internal.DelayedClientCall$DelayedListener.delayOrExecute(DelayedClientCall.java:435)
	at com.alibaba.nacos.shaded.io.grpc.internal.DelayedClientCall$DelayedListener.onClose(DelayedClientCall.java:468)
	at com.alibaba.nacos.shaded.io.grpc.internal.ClientCallImpl.closeObserver(ClientCallImpl.java:563)
	at com.alibaba.nacos.shaded.io.grpc.internal.ClientCallImpl.access$300(ClientCallImpl.java:70)
	at com.alibaba.nacos.shaded.io.grpc.internal.ClientCallImpl$ClientStreamListenerImpl$1StreamClosed.runInternal(ClientCallImpl.java:744)
	at com.alibaba.nacos.shaded.io.grpc.internal.ClientCallImpl$ClientStreamListenerImpl$1StreamClosed.runInContext(ClientCallImpl.java:723)
	at com.alibaba.nacos.shaded.io.grpc.internal.ContextRunnable.run(ContextRunnable.java:37)
	at com.alibaba.nacos.shaded.io.grpc.internal.SerializingExecutor.run(SerializingExecutor.java:133)
	... 3 common frames omitted
Caused by: com.alibaba.nacos.shaded.io.grpc.netty.shaded.io.netty.channel.AbstractChannel$AnnotatedConnectException: Connection refused: no further information: /127.0.0.1:9848
Caused by: java.net.ConnectException: Connection refused: no further information
	at java.base/sun.nio.ch.Net.pollConnect(Native Method)
	at java.base/sun.nio.ch.Net.pollConnectNow(Net.java:672)
	at java.base/sun.nio.ch.SocketChannelImpl.finishConnect(SocketChannelImpl.java:946)
	at com.alibaba.nacos.shaded.io.grpc.netty.shaded.io.netty.channel.socket.nio.NioSocketChannel.doFinishConnect(NioSocketChannel.java:337)
	at com.alibaba.nacos.shaded.io.grpc.netty.shaded.io.netty.channel.nio.AbstractNioChannel$AbstractNioUnsafe.finishConnect(AbstractNioChannel.java:334)
	at com.alibaba.nacos.shaded.io.grpc.netty.shaded.io.netty.channel.nio.NioEventLoop.processSelectedKey(NioEventLoop.java:710)
	at com.alibaba.nacos.shaded.io.grpc.netty.shaded.io.netty.channel.nio.NioEventLoop.processSelectedKeysOptimized(NioEventLoop.java:658)
	at com.alibaba.nacos.shaded.io.grpc.netty.shaded.io.netty.channel.nio.NioEventLoop.processSelectedKeys(NioEventLoop.java:584)
	at com.alibaba.nacos.shaded.io.grpc.netty.shaded.io.netty.channel.nio.NioEventLoop.run(NioEventLoop.java:496)
	at com.alibaba.nacos.shaded.io.grpc.netty.shaded.io.netty.util.concurrent.SingleThreadEventExecutor$4.run(SingleThreadEventExecutor.java:997)
	at com.alibaba.nacos.shaded.io.grpc.netty.shaded.io.netty.util.internal.ThreadExecutorMap$2.run(ThreadExecutorMap.java:74)
	at com.alibaba.nacos.shaded.io.grpc.netty.shaded.io.netty.util.concurrent.FastThreadLocalRunnable.run(FastThreadLocalRunnable.java:30)
	at java.base/java.lang.Thread.run(Thread.java:842)
2025-11-01 13:16:35.260 [com.alibaba.nacos.client.remote.worker] INFO  com.alibaba.nacos.common.remote.client - [4c09b6e1-8c43-49a7-b755-d0c643023e40_config-0] Fail to connect server, after trying 6 times, last try server is {serverIp = '127.0.0.1', server main port = 8848}, error = unknown
2025-11-01 13:16:35.965 [com.alibaba.nacos.client.remote.worker] INFO  c.a.nacos.common.remote.client.grpc.GrpcClient - grpc client connection server:127.0.0.1 ip,serverPort:9848,grpcTslConfig:{"sslProvider":"OPENSSL","enableTls":false,"mutualAuthEnable":false,"trustAll":false}
2025-11-01 13:16:35.967 [com.alibaba.nacos.client.remote.worker] ERROR c.a.nacos.common.remote.client.grpc.GrpcClient - Server check fail, please check server 127.0.0.1 ,port 9848 is available , error ={}
java.util.concurrent.ExecutionException: com.alibaba.nacos.shaded.io.grpc.StatusRuntimeException: UNAVAILABLE: io exception
	at com.alibaba.nacos.shaded.com.google.common.util.concurrent.AbstractFuture.getDoneValue(AbstractFuture.java:566)
	at com.alibaba.nacos.shaded.com.google.common.util.concurrent.AbstractFuture.get(AbstractFuture.java:445)
	at com.alibaba.nacos.common.remote.client.grpc.GrpcClient.serverCheck(GrpcClient.java:218)
	at com.alibaba.nacos.common.remote.client.grpc.GrpcClient.connectToServer(GrpcClient.java:329)
	at com.alibaba.nacos.common.remote.client.RpcClient.reconnect(RpcClient.java:502)
	at com.alibaba.nacos.common.remote.client.RpcClient.lambda$start$2(RpcClient.java:343)
	at java.base/java.util.concurrent.Executors$RunnableAdapter.call(Executors.java:539)
	at java.base/java.util.concurrent.FutureTask.run(FutureTask.java:264)
	at java.base/java.util.concurrent.ScheduledThreadPoolExecutor$ScheduledFutureTask.run(ScheduledThreadPoolExecutor.java:304)
	at java.base/java.util.concurrent.ThreadPoolExecutor.runWorker(ThreadPoolExecutor.java:1136)
	at java.base/java.util.concurrent.ThreadPoolExecutor$Worker.run(ThreadPoolExecutor.java:635)
	at java.base/java.lang.Thread.run(Thread.java:842)
Caused by: com.alibaba.nacos.shaded.io.grpc.StatusRuntimeException: UNAVAILABLE: io exception
	at com.alibaba.nacos.shaded.io.grpc.Status.asRuntimeException(Status.java:539)
	at com.alibaba.nacos.shaded.io.grpc.stub.ClientCalls$UnaryStreamToFuture.onClose(ClientCalls.java:544)
	at com.alibaba.nacos.shaded.io.grpc.internal.DelayedClientCall$DelayedListener$3.run(DelayedClientCall.java:471)
	at com.alibaba.nacos.shaded.io.grpc.internal.DelayedClientCall$DelayedListener.delayOrExecute(DelayedClientCall.java:435)
	at com.alibaba.nacos.shaded.io.grpc.internal.DelayedClientCall$DelayedListener.onClose(DelayedClientCall.java:468)
	at com.alibaba.nacos.shaded.io.grpc.internal.ClientCallImpl.closeObserver(ClientCallImpl.java:563)
	at com.alibaba.nacos.shaded.io.grpc.internal.ClientCallImpl.access$300(ClientCallImpl.java:70)
	at com.alibaba.nacos.shaded.io.grpc.internal.ClientCallImpl$ClientStreamListenerImpl$1StreamClosed.runInternal(ClientCallImpl.java:744)
	at com.alibaba.nacos.shaded.io.grpc.internal.ClientCallImpl$ClientStreamListenerImpl$1StreamClosed.runInContext(ClientCallImpl.java:723)
	at com.alibaba.nacos.shaded.io.grpc.internal.ContextRunnable.run(ContextRunnable.java:37)
	at com.alibaba.nacos.shaded.io.grpc.internal.SerializingExecutor.run(SerializingExecutor.java:133)
	... 3 common frames omitted
Caused by: com.alibaba.nacos.shaded.io.grpc.netty.shaded.io.netty.channel.AbstractChannel$AnnotatedConnectException: Connection refused: no further information: /127.0.0.1:9848
Caused by: java.net.ConnectException: Connection refused: no further information
	at java.base/sun.nio.ch.Net.pollConnect(Native Method)
	at java.base/sun.nio.ch.Net.pollConnectNow(Net.java:672)
	at java.base/sun.nio.ch.SocketChannelImpl.finishConnect(SocketChannelImpl.java:946)
	at com.alibaba.nacos.shaded.io.grpc.netty.shaded.io.netty.channel.socket.nio.NioSocketChannel.doFinishConnect(NioSocketChannel.java:337)
	at com.alibaba.nacos.shaded.io.grpc.netty.shaded.io.netty.channel.nio.AbstractNioChannel$AbstractNioUnsafe.finishConnect(AbstractNioChannel.java:334)
	at com.alibaba.nacos.shaded.io.grpc.netty.shaded.io.netty.channel.nio.NioEventLoop.processSelectedKey(NioEventLoop.java:710)
	at com.alibaba.nacos.shaded.io.grpc.netty.shaded.io.netty.channel.nio.NioEventLoop.processSelectedKeysOptimized(NioEventLoop.java:658)
	at com.alibaba.nacos.shaded.io.grpc.netty.shaded.io.netty.channel.nio.NioEventLoop.processSelectedKeys(NioEventLoop.java:584)
	at com.alibaba.nacos.shaded.io.grpc.netty.shaded.io.netty.channel.nio.NioEventLoop.run(NioEventLoop.java:496)
	at com.alibaba.nacos.shaded.io.grpc.netty.shaded.io.netty.util.concurrent.SingleThreadEventExecutor$4.run(SingleThreadEventExecutor.java:997)
	at com.alibaba.nacos.shaded.io.grpc.netty.shaded.io.netty.util.internal.ThreadExecutorMap$2.run(ThreadExecutorMap.java:74)
	at com.alibaba.nacos.shaded.io.grpc.netty.shaded.io.netty.util.concurrent.FastThreadLocalRunnable.run(FastThreadLocalRunnable.java:30)
	at java.base/java.lang.Thread.run(Thread.java:842)
2025-11-01 13:16:35.968 [com.alibaba.nacos.client.remote.worker] INFO  com.alibaba.nacos.common.remote.client - [4c09b6e1-8c43-49a7-b755-d0c643023e40_config-0] Fail to connect server, after trying 7 times, last try server is {serverIp = '127.0.0.1', server main port = 8848}, error = unknown
2025-11-01 13:16:36.775 [com.alibaba.nacos.client.remote.worker] INFO  c.a.nacos.common.remote.client.grpc.GrpcClient - grpc client connection server:127.0.0.1 ip,serverPort:9848,grpcTslConfig:{"sslProvider":"OPENSSL","enableTls":false,"mutualAuthEnable":false,"trustAll":false}
2025-11-01 13:16:36.777 [com.alibaba.nacos.client.remote.worker] ERROR c.a.nacos.common.remote.client.grpc.GrpcClient - Server check fail, please check server 127.0.0.1 ,port 9848 is available , error ={}
java.util.concurrent.ExecutionException: com.alibaba.nacos.shaded.io.grpc.StatusRuntimeException: UNAVAILABLE: io exception
	at com.alibaba.nacos.shaded.com.google.common.util.concurrent.AbstractFuture.getDoneValue(AbstractFuture.java:566)
	at com.alibaba.nacos.shaded.com.google.common.util.concurrent.AbstractFuture.get(AbstractFuture.java:445)
	at com.alibaba.nacos.common.remote.client.grpc.GrpcClient.serverCheck(GrpcClient.java:218)
	at com.alibaba.nacos.common.remote.client.grpc.GrpcClient.connectToServer(GrpcClient.java:329)
	at com.alibaba.nacos.common.remote.client.RpcClient.reconnect(RpcClient.java:502)
	at com.alibaba.nacos.common.remote.client.RpcClient.lambda$start$2(RpcClient.java:343)
	at java.base/java.util.concurrent.Executors$RunnableAdapter.call(Executors.java:539)
	at java.base/java.util.concurrent.FutureTask.run(FutureTask.java:264)
	at java.base/java.util.concurrent.ScheduledThreadPoolExecutor$ScheduledFutureTask.run(ScheduledThreadPoolExecutor.java:304)
	at java.base/java.util.concurrent.ThreadPoolExecutor.runWorker(ThreadPoolExecutor.java:1136)
	at java.base/java.util.concurrent.ThreadPoolExecutor$Worker.run(ThreadPoolExecutor.java:635)
	at java.base/java.lang.Thread.run(Thread.java:842)
Caused by: com.alibaba.nacos.shaded.io.grpc.StatusRuntimeException: UNAVAILABLE: io exception
	at com.alibaba.nacos.shaded.io.grpc.Status.asRuntimeException(Status.java:539)
	at com.alibaba.nacos.shaded.io.grpc.stub.ClientCalls$UnaryStreamToFuture.onClose(ClientCalls.java:544)
	at com.alibaba.nacos.shaded.io.grpc.internal.DelayedClientCall$DelayedListener$3.run(DelayedClientCall.java:471)
	at com.alibaba.nacos.shaded.io.grpc.internal.DelayedClientCall$DelayedListener.delayOrExecute(DelayedClientCall.java:435)
	at com.alibaba.nacos.shaded.io.grpc.internal.DelayedClientCall$DelayedListener.onClose(DelayedClientCall.java:468)
	at com.alibaba.nacos.shaded.io.grpc.internal.ClientCallImpl.closeObserver(ClientCallImpl.java:563)
	at com.alibaba.nacos.shaded.io.grpc.internal.ClientCallImpl.access$300(ClientCallImpl.java:70)
	at com.alibaba.nacos.shaded.io.grpc.internal.ClientCallImpl$ClientStreamListenerImpl$1StreamClosed.runInternal(ClientCallImpl.java:744)
	at com.alibaba.nacos.shaded.io.grpc.internal.ClientCallImpl$ClientStreamListenerImpl$1StreamClosed.runInContext(ClientCallImpl.java:723)
	at com.alibaba.nacos.shaded.io.grpc.internal.ContextRunnable.run(ContextRunnable.java:37)
	at com.alibaba.nacos.shaded.io.grpc.internal.SerializingExecutor.run(SerializingExecutor.java:133)
	... 3 common frames omitted
Caused by: com.alibaba.nacos.shaded.io.grpc.netty.shaded.io.netty.channel.AbstractChannel$AnnotatedConnectException: Connection refused: no further information: /127.0.0.1:9848
Caused by: java.net.ConnectException: Connection refused: no further information
	at java.base/sun.nio.ch.Net.pollConnect(Native Method)
	at java.base/sun.nio.ch.Net.pollConnectNow(Net.java:672)
	at java.base/sun.nio.ch.SocketChannelImpl.finishConnect(SocketChannelImpl.java:946)
	at com.alibaba.nacos.shaded.io.grpc.netty.shaded.io.netty.channel.socket.nio.NioSocketChannel.doFinishConnect(NioSocketChannel.java:337)
	at com.alibaba.nacos.shaded.io.grpc.netty.shaded.io.netty.channel.nio.AbstractNioChannel$AbstractNioUnsafe.finishConnect(AbstractNioChannel.java:334)
	at com.alibaba.nacos.shaded.io.grpc.netty.shaded.io.netty.channel.nio.NioEventLoop.processSelectedKey(NioEventLoop.java:710)
	at com.alibaba.nacos.shaded.io.grpc.netty.shaded.io.netty.channel.nio.NioEventLoop.processSelectedKeysOptimized(NioEventLoop.java:658)
	at com.alibaba.nacos.shaded.io.grpc.netty.shaded.io.netty.channel.nio.NioEventLoop.processSelectedKeys(NioEventLoop.java:584)
	at com.alibaba.nacos.shaded.io.grpc.netty.shaded.io.netty.channel.nio.NioEventLoop.run(NioEventLoop.java:496)
	at com.alibaba.nacos.shaded.io.grpc.netty.shaded.io.netty.util.concurrent.SingleThreadEventExecutor$4.run(SingleThreadEventExecutor.java:997)
	at com.alibaba.nacos.shaded.io.grpc.netty.shaded.io.netty.util.internal.ThreadExecutorMap$2.run(ThreadExecutorMap.java:74)
	at com.alibaba.nacos.shaded.io.grpc.netty.shaded.io.netty.util.concurrent.FastThreadLocalRunnable.run(FastThreadLocalRunnable.java:30)
	at java.base/java.lang.Thread.run(Thread.java:842)
2025-11-01 13:16:36.778 [com.alibaba.nacos.client.remote.worker] INFO  com.alibaba.nacos.common.remote.client - [4c09b6e1-8c43-49a7-b755-d0c643023e40_config-0] Fail to connect server, after trying 8 times, last try server is {serverIp = '127.0.0.1', server main port = 8848}, error = unknown
2025-11-01 13:16:36.868 [main] INFO  org.springframework.cloud.commons.util.InetUtils - Cannot determine local hostname
2025-11-01 13:16:37.685 [com.alibaba.nacos.client.remote.worker] INFO  c.a.nacos.common.remote.client.grpc.GrpcClient - grpc client connection server:127.0.0.1 ip,serverPort:9848,grpcTslConfig:{"sslProvider":"OPENSSL","enableTls":false,"mutualAuthEnable":false,"trustAll":false}
2025-11-01 13:16:37.688 [com.alibaba.nacos.client.remote.worker] ERROR c.a.nacos.common.remote.client.grpc.GrpcClient - Server check fail, please check server 127.0.0.1 ,port 9848 is available , error ={}
java.util.concurrent.ExecutionException: com.alibaba.nacos.shaded.io.grpc.StatusRuntimeException: UNAVAILABLE: io exception
	at com.alibaba.nacos.shaded.com.google.common.util.concurrent.AbstractFuture.getDoneValue(AbstractFuture.java:566)
	at com.alibaba.nacos.shaded.com.google.common.util.concurrent.AbstractFuture.get(AbstractFuture.java:445)
	at com.alibaba.nacos.common.remote.client.grpc.GrpcClient.serverCheck(GrpcClient.java:218)
	at com.alibaba.nacos.common.remote.client.grpc.GrpcClient.connectToServer(GrpcClient.java:329)
	at com.alibaba.nacos.common.remote.client.RpcClient.reconnect(RpcClient.java:502)
	at com.alibaba.nacos.common.remote.client.RpcClient.lambda$start$2(RpcClient.java:343)
	at java.base/java.util.concurrent.Executors$RunnableAdapter.call(Executors.java:539)
	at java.base/java.util.concurrent.FutureTask.run(FutureTask.java:264)
	at java.base/java.util.concurrent.ScheduledThreadPoolExecutor$ScheduledFutureTask.run(ScheduledThreadPoolExecutor.java:304)
	at java.base/java.util.concurrent.ThreadPoolExecutor.runWorker(ThreadPoolExecutor.java:1136)
	at java.base/java.util.concurrent.ThreadPoolExecutor$Worker.run(ThreadPoolExecutor.java:635)
	at java.base/java.lang.Thread.run(Thread.java:842)
Caused by: com.alibaba.nacos.shaded.io.grpc.StatusRuntimeException: UNAVAILABLE: io exception
	at com.alibaba.nacos.shaded.io.grpc.Status.asRuntimeException(Status.java:539)
	at com.alibaba.nacos.shaded.io.grpc.stub.ClientCalls$UnaryStreamToFuture.onClose(ClientCalls.java:544)
	at com.alibaba.nacos.shaded.io.grpc.internal.DelayedClientCall$DelayedListener$3.run(DelayedClientCall.java:471)
	at com.alibaba.nacos.shaded.io.grpc.internal.DelayedClientCall$DelayedListener.delayOrExecute(DelayedClientCall.java:435)
	at com.alibaba.nacos.shaded.io.grpc.internal.DelayedClientCall$DelayedListener.onClose(DelayedClientCall.java:468)
	at com.alibaba.nacos.shaded.io.grpc.internal.ClientCallImpl.closeObserver(ClientCallImpl.java:563)
	at com.alibaba.nacos.shaded.io.grpc.internal.ClientCallImpl.access$300(ClientCallImpl.java:70)
	at com.alibaba.nacos.shaded.io.grpc.internal.ClientCallImpl$ClientStreamListenerImpl$1StreamClosed.runInternal(ClientCallImpl.java:744)
	at com.alibaba.nacos.shaded.io.grpc.internal.ClientCallImpl$ClientStreamListenerImpl$1StreamClosed.runInContext(ClientCallImpl.java:723)
	at com.alibaba.nacos.shaded.io.grpc.internal.ContextRunnable.run(ContextRunnable.java:37)
	at com.alibaba.nacos.shaded.io.grpc.internal.SerializingExecutor.run(SerializingExecutor.java:133)
	... 3 common frames omitted
Caused by: com.alibaba.nacos.shaded.io.grpc.netty.shaded.io.netty.channel.AbstractChannel$AnnotatedConnectException: Connection refused: no further information: /127.0.0.1:9848
Caused by: java.net.ConnectException: Connection refused: no further information
	at java.base/sun.nio.ch.Net.pollConnect(Native Method)
	at java.base/sun.nio.ch.Net.pollConnectNow(Net.java:672)
	at java.base/sun.nio.ch.SocketChannelImpl.finishConnect(SocketChannelImpl.java:946)
	at com.alibaba.nacos.shaded.io.grpc.netty.shaded.io.netty.channel.socket.nio.NioSocketChannel.doFinishConnect(NioSocketChannel.java:337)
	at com.alibaba.nacos.shaded.io.grpc.netty.shaded.io.netty.channel.nio.AbstractNioChannel$AbstractNioUnsafe.finishConnect(AbstractNioChannel.java:334)
	at com.alibaba.nacos.shaded.io.grpc.netty.shaded.io.netty.channel.nio.NioEventLoop.processSelectedKey(NioEventLoop.java:710)
	at com.alibaba.nacos.shaded.io.grpc.netty.shaded.io.netty.channel.nio.NioEventLoop.processSelectedKeysOptimized(NioEventLoop.java:658)
	at com.alibaba.nacos.shaded.io.grpc.netty.shaded.io.netty.channel.nio.NioEventLoop.processSelectedKeys(NioEventLoop.java:584)
	at com.alibaba.nacos.shaded.io.grpc.netty.shaded.io.netty.channel.nio.NioEventLoop.run(NioEventLoop.java:496)
	at com.alibaba.nacos.shaded.io.grpc.netty.shaded.io.netty.util.concurrent.SingleThreadEventExecutor$4.run(SingleThreadEventExecutor.java:997)
	at com.alibaba.nacos.shaded.io.grpc.netty.shaded.io.netty.util.internal.ThreadExecutorMap$2.run(ThreadExecutorMap.java:74)
	at com.alibaba.nacos.shaded.io.grpc.netty.shaded.io.netty.util.concurrent.FastThreadLocalRunnable.run(FastThreadLocalRunnable.java:30)
	at java.base/java.lang.Thread.run(Thread.java:842)
2025-11-01 13:16:37.688 [com.alibaba.nacos.client.remote.worker] INFO  com.alibaba.nacos.common.remote.client - [4c09b6e1-8c43-49a7-b755-d0c643023e40_config-0] Fail to connect server, after trying 9 times, last try server is {serverIp = '127.0.0.1', server main port = 8848}, error = unknown
2025-11-01 13:16:38.294 [main] INFO  org.springframework.cloud.commons.util.InetUtils - Cannot determine local hostname
2025-11-01 13:16:38.340 [main] WARN  o.s.b.w.s.c.AnnotationConfigServletWebServerApplicationContext - Exception encountered during context initialization - cancelling refresh attempt: org.springframework.context.ApplicationContextException: Failed to start bean 'webServerStartStop'
2025-11-01 13:16:38.349 [main] INFO  com.alibaba.druid.pool.DruidDataSource - {dataSource-1} closing ...
2025-11-01 13:16:38.352 [main] INFO  com.alibaba.druid.pool.DruidDataSource - {dataSource-1} closed
2025-11-01 13:16:38.353 [main] INFO  org.apache.catalina.core.StandardService - Stopping service [Tomcat]
2025-11-01 13:16:38.362 [main] INFO  o.s.b.a.logging.ConditionEvaluationReportLogger - 

Error starting ApplicationContext. To display the condition evaluation report re-run your application with 'debug' enabled.
2025-11-01 13:16:38.372 [main] ERROR o.s.b.diagnostics.LoggingFailureAnalysisReporter - 

***************************
APPLICATION FAILED TO START
***************************

Description:

Web server failed to start. Port 8080 was already in use.

Action:

Identify and stop the process that's listening on port 8080 or configure this application to listen on another port.

2025-11-01 13:16:38.702 [com.alibaba.nacos.client.remote.worker] INFO  c.a.nacos.common.remote.client.grpc.GrpcClient - grpc client connection server:127.0.0.1 ip,serverPort:9848,grpcTslConfig:{"sslProvider":"OPENSSL","enableTls":false,"mutualAuthEnable":false,"trustAll":false}
2025-11-01 13:16:38.725 [com.alibaba.nacos.client.remote.worker] ERROR c.a.nacos.common.remote.client.grpc.GrpcClient - Server check fail, please check server 127.0.0.1 ,port 9848 is available , error ={}
java.util.concurrent.ExecutionException: com.alibaba.nacos.shaded.io.grpc.StatusRuntimeException: UNAVAILABLE: io exception
	at com.alibaba.nacos.shaded.com.google.common.util.concurrent.AbstractFuture.getDoneValue(AbstractFuture.java:566)
	at com.alibaba.nacos.shaded.com.google.common.util.concurrent.AbstractFuture.get(AbstractFuture.java:445)
	at com.alibaba.nacos.common.remote.client.grpc.GrpcClient.serverCheck(GrpcClient.java:218)
	at com.alibaba.nacos.common.remote.client.grpc.GrpcClient.connectToServer(GrpcClient.java:329)
	at com.alibaba.nacos.common.remote.client.RpcClient.reconnect(RpcClient.java:502)
	at com.alibaba.nacos.common.remote.client.RpcClient.lambda$start$2(RpcClient.java:343)
	at java.base/java.util.concurrent.Executors$RunnableAdapter.call(Executors.java:539)
	at java.base/java.util.concurrent.FutureTask.run(FutureTask.java:264)
	at java.base/java.util.concurrent.ScheduledThreadPoolExecutor$ScheduledFutureTask.run(ScheduledThreadPoolExecutor.java:304)
	at java.base/java.util.concurrent.ThreadPoolExecutor.runWorker(ThreadPoolExecutor.java:1136)
	at java.base/java.util.concurrent.ThreadPoolExecutor$Worker.run(ThreadPoolExecutor.java:635)
	at java.base/java.lang.Thread.run(Thread.java:842)
Caused by: com.alibaba.nacos.shaded.io.grpc.StatusRuntimeException: UNAVAILABLE: io exception
	at com.alibaba.nacos.shaded.io.grpc.Status.asRuntimeException(Status.java:539)
	at com.alibaba.nacos.shaded.io.grpc.stub.ClientCalls$UnaryStreamToFuture.onClose(ClientCalls.java:544)
	at com.alibaba.nacos.shaded.io.grpc.internal.DelayedClientCall$DelayedListener$3.run(DelayedClientCall.java:471)
	at com.alibaba.nacos.shaded.io.grpc.internal.DelayedClientCall$DelayedListener.delayOrExecute(DelayedClientCall.java:435)
	at com.alibaba.nacos.shaded.io.grpc.internal.DelayedClientCall$DelayedListener.onClose(DelayedClientCall.java:468)
	at com.alibaba.nacos.shaded.io.grpc.internal.ClientCallImpl.closeObserver(ClientCallImpl.java:563)
	at com.alibaba.nacos.shaded.io.grpc.internal.ClientCallImpl.access$300(ClientCallImpl.java:70)
	at com.alibaba.nacos.shaded.io.grpc.internal.ClientCallImpl$ClientStreamListenerImpl$1StreamClosed.runInternal(ClientCallImpl.java:744)
	at com.alibaba.nacos.shaded.io.grpc.internal.ClientCallImpl$ClientStreamListenerImpl$1StreamClosed.runInContext(ClientCallImpl.java:723)
	at com.alibaba.nacos.shaded.io.grpc.internal.ContextRunnable.run(ContextRunnable.java:37)
	at com.alibaba.nacos.shaded.io.grpc.internal.SerializingExecutor.run(SerializingExecutor.java:133)
	... 3 common frames omitted
Caused by: com.alibaba.nacos.shaded.io.grpc.netty.shaded.io.netty.channel.AbstractChannel$AnnotatedConnectException: Connection refused: no further information: /127.0.0.1:9848
Caused by: java.net.ConnectException: Connection refused: no further information
	at java.base/sun.nio.ch.Net.pollConnect(Native Method)
	at java.base/sun.nio.ch.Net.pollConnectNow(Net.java:672)
	at java.base/sun.nio.ch.SocketChannelImpl.finishConnect(SocketChannelImpl.java:946)
	at com.alibaba.nacos.shaded.io.grpc.netty.shaded.io.netty.channel.socket.nio.NioSocketChannel.doFinishConnect(NioSocketChannel.java:337)
	at com.alibaba.nacos.shaded.io.grpc.netty.shaded.io.netty.channel.nio.AbstractNioChannel$AbstractNioUnsafe.finishConnect(AbstractNioChannel.java:334)
	at com.alibaba.nacos.shaded.io.grpc.netty.shaded.io.netty.channel.nio.NioEventLoop.processSelectedKey(NioEventLoop.java:710)
	at com.alibaba.nacos.shaded.io.grpc.netty.shaded.io.netty.channel.nio.NioEventLoop.processSelectedKeysOptimized(NioEventLoop.java:658)
	at com.alibaba.nacos.shaded.io.grpc.netty.shaded.io.netty.channel.nio.NioEventLoop.processSelectedKeys(NioEventLoop.java:584)
	at com.alibaba.nacos.shaded.io.grpc.netty.shaded.io.netty.channel.nio.NioEventLoop.run(NioEventLoop.java:496)
	at com.alibaba.nacos.shaded.io.grpc.netty.shaded.io.netty.util.concurrent.SingleThreadEventExecutor$4.run(SingleThreadEventExecutor.java:997)
	at com.alibaba.nacos.shaded.io.grpc.netty.shaded.io.netty.util.internal.ThreadExecutorMap$2.run(ThreadExecutorMap.java:74)
	at com.alibaba.nacos.shaded.io.grpc.netty.shaded.io.netty.util.concurrent.FastThreadLocalRunnable.run(FastThreadLocalRunnable.java:30)
	at java.base/java.lang.Thread.run(Thread.java:842)
2025-11-01 13:16:38.725 [com.alibaba.nacos.client.remote.worker] INFO  com.alibaba.nacos.common.remote.client - [4c09b6e1-8c43-49a7-b755-d0c643023e40_config-0] Fail to connect server, after trying 10 times, last try server is {serverIp = '127.0.0.1', server main port = 8848}, error = unknown
2025-11-01 13:16:39.719 [Thread-2] WARN  c.alibaba.nacos.common.http.HttpClientBeanHolder - [HttpClientBeanHolder] Start destroying common HttpClient
2025-11-01 13:16:39.718 [Thread-9] WARN  com.alibaba.nacos.common.notify.NotifyCenter - [NotifyCenter] Start destroying Publisher
2025-11-01 13:18:11.830 [main] WARN  com.alibaba.nacos.client.logging.NacosLogging - Load Logback Configuration of Nacos fail, message: Could not initialize Logback Nacos logging from classpath:nacos-logback.xml
2025-11-01 13:18:11.863 [main] WARN  com.alibaba.nacos.client.logging.NacosLogging - Load Logback Configuration of Nacos fail, message: Could not initialize Logback Nacos logging from classpath:nacos-logback.xml
2025-11-01 13:18:11.995 [main] WARN  com.alibaba.nacos.client.logging.NacosLogging - Load Logback Configuration of Nacos fail, message: Could not initialize Logback Nacos logging from classpath:nacos-logback.xml
2025-11-01 13:18:11.996 [main] INFO  com.alibaba.nacos.client.utils.ParamUtil - [settings] [req-serv] nacos-server port:8848
2025-11-01 13:18:11.996 [main] INFO  com.alibaba.nacos.client.utils.ParamUtil - [settings] [http-client] connect timeout:1000
2025-11-01 13:18:11.997 [main] INFO  com.alibaba.nacos.client.utils.ParamUtil - PER_TASK_CONFIG_SIZE: 3000.0
2025-11-01 13:18:12.006 [main] INFO  c.a.n.p.auth.spi.client.ClientAuthPluginManager - [ClientAuthPluginManager] Load ClientAuthService com.alibaba.nacos.client.auth.impl.NacosClientAuthServiceImpl success.
2025-11-01 13:18:12.006 [main] INFO  c.a.n.p.auth.spi.client.ClientAuthPluginManager - [ClientAuthPluginManager] Load ClientAuthService com.alibaba.nacos.client.auth.ram.RamClientAuthServiceImpl success.
2025-11-01 13:18:12.010 [main] INFO  c.a.n.client.auth.ram.identify.CredentialWatcher - null No credential found
2025-11-01 13:18:13.242 [main] WARN  com.alibaba.nacos.client.logging.NacosLogging - Load Logback Configuration of Nacos fail, message: Could not initialize Logback Nacos logging from classpath:nacos-logback.xml
2025-11-01 13:18:13.250 [main] INFO  c.a.n.client.config.impl.LocalConfigInfoProcessor - LOCAL_SNAPSHOT_PATH:C:\Users\hp\nacos\config
2025-11-01 13:18:13.251 [main] INFO  com.alibaba.nacos.common.remote.client - [RpcClientFactory] create a new rpc client of 9affebf6-f1df-460a-9f91-f4e0d48c4da7_config-0
2025-11-01 13:18:13.258 [main] INFO  com.alibaba.nacos.common.remote.client - [9affebf6-f1df-460a-9f91-f4e0d48c4da7_config-0] Register server push request handler:com.alibaba.nacos.client.config.impl.ClientWorker$ConfigRpcTransportClient$$Lambda$586/0x000002120133aeb0
2025-11-01 13:18:13.259 [main] INFO  com.alibaba.nacos.common.remote.client - [9affebf6-f1df-460a-9f91-f4e0d48c4da7_config-0] Register server push request handler:com.alibaba.nacos.client.config.impl.ClientWorker$ConfigRpcTransportClient$$Lambda$587/0x000002120133b2d0
2025-11-01 13:18:13.259 [main] INFO  com.alibaba.nacos.common.remote.client - [9affebf6-f1df-460a-9f91-f4e0d48c4da7_config-0] Registry connection listener to current client:com.alibaba.nacos.client.config.impl.ClientWorker$ConfigRpcTransportClient$1
2025-11-01 13:18:13.259 [main] INFO  com.alibaba.nacos.common.remote.client - [9affebf6-f1df-460a-9f91-f4e0d48c4da7_config-0] RpcClient init, ServerListFactory = com.alibaba.nacos.client.config.impl.ClientWorker$ConfigRpcTransportClient$2
2025-11-01 13:18:13.263 [main] INFO  com.alibaba.nacos.common.remote.client - [9affebf6-f1df-460a-9f91-f4e0d48c4da7_config-0] Try to connect to server on start up, server: {serverIp = '127.0.0.1', server main port = 8848}
2025-11-01 13:18:13.282 [main] INFO  c.a.nacos.common.remote.client.grpc.GrpcClient - grpc client connection server:127.0.0.1 ip,serverPort:9848,grpcTslConfig:{"sslProvider":"OPENSSL","enableTls":false,"mutualAuthEnable":false,"trustAll":false}
2025-11-01 13:18:13.879 [main] INFO  com.alibaba.nacos.common.remote.client - [9affebf6-f1df-460a-9f91-f4e0d48c4da7_config-0] Success to connect to server [127.0.0.1:8848] on start up, connectionId = 1761974293707_127.0.0.1_2720
2025-11-01 13:18:13.880 [com.alibaba.nacos.client.remote.worker] INFO  com.alibaba.nacos.common.remote.client - [9affebf6-f1df-460a-9f91-f4e0d48c4da7_config-0] Notify connected event to listeners.
2025-11-01 13:18:13.880 [com.alibaba.nacos.client.remote.worker] INFO  com.alibaba.nacos.client.config.impl.ClientWorker - [9affebf6-f1df-460a-9f91-f4e0d48c4da7_config-0] Connected,notify listen context...
2025-11-01 13:18:13.880 [main] INFO  com.alibaba.nacos.common.remote.client - [9affebf6-f1df-460a-9f91-f4e0d48c4da7_config-0] Register server push request handler:com.alibaba.nacos.common.remote.client.RpcClient$ConnectResetRequestHandler
2025-11-01 13:18:13.880 [main] INFO  com.alibaba.nacos.common.remote.client - [9affebf6-f1df-460a-9f91-f4e0d48c4da7_config-0] Register server push request handler:com.alibaba.nacos.common.remote.client.RpcClient$$Lambda$607/0x0000021201448f38
2025-11-01 13:18:13.896 [main] INFO  com.alibaba.nacos.client.config.impl.Limiter - limitTime:5.0
2025-11-01 13:18:13.921 [main] INFO  com.alibaba.nacos.client.config.utils.JvmUtil - isMultiInstance:false
2025-11-01 13:18:13.931 [main] WARN  c.a.cloud.nacos.client.NacosPropertySourceBuilder - Ignore the empty nacos configuration and get it based on dataId[xiaohashu-auth.yaml] & group[DEFAULT_GROUP]
2025-11-01 13:18:13.938 [main] INFO  o.s.c.b.c.PropertySourceBootstrapConfiguration - Located property source: [BootstrapPropertySource {name='bootstrapProperties-xiaohashu-auth-dev.yaml,DEFAULT_GROUP'}, BootstrapPropertySource {name='bootstrapProperties-xiaohashu-auth.yaml,DEFAULT_GROUP'}, BootstrapPropertySource {name='bootstrapProperties-xiaohashu-auth,DEFAULT_GROUP'}]
2025-11-01 13:18:13.956 [main] WARN  com.alibaba.nacos.client.logging.NacosLogging - Load Logback Configuration of Nacos fail, message: Could not initialize Logback Nacos logging from classpath:nacos-logback.xml
2025-11-01 13:18:13.956 [main] INFO  c.q.xiaohashu.auth.XiaohashuAuthApplication - The following 1 profile is active: "dev"
2025-11-01 13:18:14.325 [main] INFO  o.s.d.r.config.RepositoryConfigurationDelegate - Multiple Spring Data modules found, entering strict repository configuration mode
2025-11-01 13:18:14.326 [main] INFO  o.s.d.r.config.RepositoryConfigurationDelegate - Bootstrapping Spring Data Redis repositories in DEFAULT mode.
2025-11-01 13:18:14.340 [main] INFO  o.s.d.r.config.RepositoryConfigurationDelegate - Finished Spring Data repository scanning in 6 ms. Found 0 Redis repository interfaces.
2025-11-01 13:18:14.418 [main] INFO  o.springframework.cloud.context.scope.GenericScope - BeanFactory id=9c7c4e43-cdce-3fe7-b866-d4408e0364e4
2025-11-01 13:18:14.638 [main] INFO  o.s.boot.web.embedded.tomcat.TomcatWebServer - Tomcat initialized with port(s): 8080 (http)
2025-11-01 13:18:14.642 [main] INFO  org.apache.catalina.core.StandardService - Starting service [Tomcat]
2025-11-01 13:18:14.642 [main] INFO  org.apache.catalina.core.StandardEngine - Starting Servlet engine: [Apache Tomcat/10.1.5]
2025-11-01 13:18:14.702 [main] INFO  o.a.c.core.ContainerBase.[Tomcat].[localhost].[/] - Initializing Spring embedded WebApplicationContext
2025-11-01 13:18:14.703 [main] INFO  o.s.b.w.s.c.ServletWebServerApplicationContext - Root WebApplicationContext: initialization completed in 739 ms
2025-11-01 13:18:14.760 [main] INFO  c.a.d.s.b.a.DruidDataSourceAutoConfigure - Init DruidDataSource
2025-11-01 13:18:14.913 [main] INFO  com.alibaba.druid.pool.DruidDataSource - {dataSource-1} inited
2025-11-01 13:18:16.464 [main] INFO  org.springframework.cloud.commons.util.InetUtils - Cannot determine local hostname
2025-11-01 13:18:17.846 [main] INFO  org.springframework.cloud.commons.util.InetUtils - Cannot determine local hostname
2025-11-01 13:18:17.892 [main] INFO  o.s.boot.web.embedded.tomcat.TomcatWebServer - Tomcat started on port(s): 8080 (http) with context path ''
2025-11-01 13:18:17.895 [main] INFO  com.alibaba.nacos.client.naming - initializer namespace from ans.namespace attribute : null
2025-11-01 13:18:17.895 [main] INFO  com.alibaba.nacos.client.naming - initializer namespace from ALIBABA_ALIWARE_NAMESPACE attribute :null
2025-11-01 13:18:17.895 [main] INFO  com.alibaba.nacos.client.naming - initializer namespace from namespace attribute :null
2025-11-01 13:18:17.899 [main] INFO  c.a.n.p.auth.spi.client.ClientAuthPluginManager - [ClientAuthPluginManager] Load ClientAuthService com.alibaba.nacos.client.auth.impl.NacosClientAuthServiceImpl success.
2025-11-01 13:18:17.899 [main] INFO  c.a.n.p.auth.spi.client.ClientAuthPluginManager - [ClientAuthPluginManager] Load ClientAuthService com.alibaba.nacos.client.auth.ram.RamClientAuthServiceImpl success.
2025-11-01 13:18:17.901 [main] INFO  com.alibaba.nacos.common.remote.client - [RpcClientFactory] create a new rpc client of c295c2e2-675d-44d1-8325-3c09a93ba6a9
2025-11-01 13:18:17.902 [main] INFO  com.alibaba.nacos.common.remote.client - [c295c2e2-675d-44d1-8325-3c09a93ba6a9] RpcClient init, ServerListFactory = com.alibaba.nacos.client.naming.core.ServerListManager
2025-11-01 13:18:17.902 [main] INFO  com.alibaba.nacos.common.remote.client - [c295c2e2-675d-44d1-8325-3c09a93ba6a9] Registry connection listener to current client:com.alibaba.nacos.client.naming.remote.gprc.redo.NamingGrpcRedoService
2025-11-01 13:18:17.902 [main] INFO  com.alibaba.nacos.common.remote.client - [c295c2e2-675d-44d1-8325-3c09a93ba6a9] Register server push request handler:com.alibaba.nacos.client.naming.remote.gprc.NamingPushRequestHandler
2025-11-01 13:18:17.903 [main] INFO  com.alibaba.nacos.common.remote.client - [c295c2e2-675d-44d1-8325-3c09a93ba6a9] Try to connect to server on start up, server: {serverIp = '127.0.0.1', server main port = 8848}
2025-11-01 13:18:17.903 [main] INFO  c.a.nacos.common.remote.client.grpc.GrpcClient - grpc client connection server:127.0.0.1 ip,serverPort:9848,grpcTslConfig:{"sslProvider":"OPENSSL","enableTls":false,"mutualAuthEnable":false,"trustAll":false}
2025-11-01 13:18:18.017 [main] INFO  com.alibaba.nacos.common.remote.client - [c295c2e2-675d-44d1-8325-3c09a93ba6a9] Success to connect to server [127.0.0.1:8848] on start up, connectionId = 1761974297906_127.0.0.1_2726
2025-11-01 13:18:18.017 [com.alibaba.nacos.client.remote.worker] INFO  com.alibaba.nacos.common.remote.client - [c295c2e2-675d-44d1-8325-3c09a93ba6a9] Notify connected event to listeners.
2025-11-01 13:18:18.017 [main] INFO  com.alibaba.nacos.common.remote.client - [c295c2e2-675d-44d1-8325-3c09a93ba6a9] Register server push request handler:com.alibaba.nacos.common.remote.client.RpcClient$ConnectResetRequestHandler
2025-11-01 13:18:18.017 [main] INFO  com.alibaba.nacos.common.remote.client - [c295c2e2-675d-44d1-8325-3c09a93ba6a9] Register server push request handler:com.alibaba.nacos.common.remote.client.RpcClient$$Lambda$607/0x0000021201448f38
2025-11-01 13:18:18.017 [com.alibaba.nacos.client.remote.worker] INFO  com.alibaba.nacos.client.naming - Grpc connection connect
2025-11-01 13:18:18.018 [main] INFO  com.alibaba.nacos.client.naming - [REGISTER-SERVICE] xiaohashu registering service xiaohashu-auth with instance Instance{instanceId='null', ip='192.168.134.1', port=8080, weight=1.0, healthy=true, enabled=true, ephemeral=true, clusterName='DEFAULT', serviceName='null', metadata={IPv6=null, preserved.register.source=SPRING_CLOUD}}
2025-11-01 13:18:18.033 [main] INFO  c.a.cloud.nacos.registry.NacosServiceRegistry - nacos registry, DEFAULT_GROUP xiaohashu-auth 192.168.134.1:8080 register finished
2025-11-01 13:18:19.186 [main] INFO  org.springframework.cloud.commons.util.InetUtils - Cannot determine local hostname
2025-11-01 13:18:19.198 [main] INFO  c.q.xiaohashu.auth.XiaohashuAuthApplication - Started XiaohashuAuthApplication in 8.854 seconds (process running for 9.302)
2025-11-01 13:18:19.200 [main] INFO  com.alibaba.nacos.client.config.impl.CacheData - nacos.cache.data.init.snapshot = true 
2025-11-01 13:18:19.200 [main] INFO  com.alibaba.nacos.client.config.impl.ClientWorker - [fixed-xiaohashu-127.0.0.1_8848] [subscribe] xiaohashu-auth.yaml+DEFAULT_GROUP+xiaohashu
2025-11-01 13:18:19.207 [main] INFO  com.alibaba.nacos.client.config.impl.CacheData - [fixed-xiaohashu-127.0.0.1_8848] [add-listener] ok, tenant=xiaohashu, dataId=xiaohashu-auth.yaml, group=DEFAULT_GROUP, cnt=1
2025-11-01 13:18:19.207 [main] INFO  c.a.cloud.nacos.refresh.NacosContextRefresher - [Nacos Config] Listening config: dataId=xiaohashu-auth.yaml, group=DEFAULT_GROUP
2025-11-01 13:18:19.208 [main] INFO  com.alibaba.nacos.client.config.impl.ClientWorker - [fixed-xiaohashu-127.0.0.1_8848] [subscribe] xiaohashu-auth-dev.yaml+DEFAULT_GROUP+xiaohashu
2025-11-01 13:18:19.208 [main] INFO  com.alibaba.nacos.client.config.impl.CacheData - [fixed-xiaohashu-127.0.0.1_8848] [add-listener] ok, tenant=xiaohashu, dataId=xiaohashu-auth-dev.yaml, group=DEFAULT_GROUP, cnt=1
2025-11-01 13:18:19.208 [main] INFO  c.a.cloud.nacos.refresh.NacosContextRefresher - [Nacos Config] Listening config: dataId=xiaohashu-auth-dev.yaml, group=DEFAULT_GROUP
2025-11-01 13:18:19.208 [main] INFO  com.alibaba.nacos.client.config.impl.ClientWorker - [fixed-xiaohashu-127.0.0.1_8848] [subscribe] xiaohashu-auth+DEFAULT_GROUP+xiaohashu
2025-11-01 13:18:19.208 [main] INFO  com.alibaba.nacos.client.config.impl.CacheData - [fixed-xiaohashu-127.0.0.1_8848] [add-listener] ok, tenant=xiaohashu, dataId=xiaohashu-auth, group=DEFAULT_GROUP, cnt=1
2025-11-01 13:18:19.209 [main] INFO  c.a.cloud.nacos.refresh.NacosContextRefresher - [Nacos Config] Listening config: dataId=xiaohashu-auth, group=DEFAULT_GROUP
2025-11-01 14:28:42.281 [main] WARN  com.alibaba.nacos.client.logging.NacosLogging - Load Logback Configuration of Nacos fail, message: Could not initialize Logback Nacos logging from classpath:nacos-logback.xml
2025-11-01 14:28:42.316 [main] WARN  com.alibaba.nacos.client.logging.NacosLogging - Load Logback Configuration of Nacos fail, message: Could not initialize Logback Nacos logging from classpath:nacos-logback.xml
2025-11-01 14:28:42.463 [main] WARN  com.alibaba.nacos.client.logging.NacosLogging - Load Logback Configuration of Nacos fail, message: Could not initialize Logback Nacos logging from classpath:nacos-logback.xml
2025-11-01 14:28:42.464 [main] INFO  com.alibaba.nacos.client.utils.ParamUtil - [settings] [req-serv] nacos-server port:8848
2025-11-01 14:28:42.464 [main] INFO  com.alibaba.nacos.client.utils.ParamUtil - [settings] [http-client] connect timeout:1000
2025-11-01 14:28:42.465 [main] INFO  com.alibaba.nacos.client.utils.ParamUtil - PER_TASK_CONFIG_SIZE: 3000.0
2025-11-01 14:28:42.478 [main] INFO  c.a.n.p.auth.spi.client.ClientAuthPluginManager - [ClientAuthPluginManager] Load ClientAuthService com.alibaba.nacos.client.auth.impl.NacosClientAuthServiceImpl success.
2025-11-01 14:28:42.479 [main] INFO  c.a.n.p.auth.spi.client.ClientAuthPluginManager - [ClientAuthPluginManager] Load ClientAuthService com.alibaba.nacos.client.auth.ram.RamClientAuthServiceImpl success.
2025-11-01 14:28:42.483 [main] INFO  c.a.n.client.auth.ram.identify.CredentialWatcher - null No credential found
2025-11-01 14:28:43.718 [main] WARN  com.alibaba.nacos.client.logging.NacosLogging - Load Logback Configuration of Nacos fail, message: Could not initialize Logback Nacos logging from classpath:nacos-logback.xml
2025-11-01 14:28:43.727 [main] INFO  c.a.n.client.config.impl.LocalConfigInfoProcessor - LOCAL_SNAPSHOT_PATH:C:\Users\hp\nacos\config
2025-11-01 14:28:43.729 [main] INFO  com.alibaba.nacos.common.remote.client - [RpcClientFactory] create a new rpc client of d0a7b5e6-085d-43fa-9dcd-568c6c06d4ba_config-0
2025-11-01 14:28:43.737 [main] INFO  com.alibaba.nacos.common.remote.client - [d0a7b5e6-085d-43fa-9dcd-568c6c06d4ba_config-0] Register server push request handler:com.alibaba.nacos.client.config.impl.ClientWorker$ConfigRpcTransportClient$$Lambda$586/0x000001dfb233b140
2025-11-01 14:28:43.738 [main] INFO  com.alibaba.nacos.common.remote.client - [d0a7b5e6-085d-43fa-9dcd-568c6c06d4ba_config-0] Register server push request handler:com.alibaba.nacos.client.config.impl.ClientWorker$ConfigRpcTransportClient$$Lambda$587/0x000001dfb233b560
2025-11-01 14:28:43.738 [main] INFO  com.alibaba.nacos.common.remote.client - [d0a7b5e6-085d-43fa-9dcd-568c6c06d4ba_config-0] Registry connection listener to current client:com.alibaba.nacos.client.config.impl.ClientWorker$ConfigRpcTransportClient$1
2025-11-01 14:28:43.738 [main] INFO  com.alibaba.nacos.common.remote.client - [d0a7b5e6-085d-43fa-9dcd-568c6c06d4ba_config-0] RpcClient init, ServerListFactory = com.alibaba.nacos.client.config.impl.ClientWorker$ConfigRpcTransportClient$2
2025-11-01 14:28:43.743 [main] INFO  com.alibaba.nacos.common.remote.client - [d0a7b5e6-085d-43fa-9dcd-568c6c06d4ba_config-0] Try to connect to server on start up, server: {serverIp = '127.0.0.1', server main port = 8848}
2025-11-01 14:28:43.761 [main] INFO  c.a.nacos.common.remote.client.grpc.GrpcClient - grpc client connection server:127.0.0.1 ip,serverPort:9848,grpcTslConfig:{"sslProvider":"OPENSSL","enableTls":false,"mutualAuthEnable":false,"trustAll":false}
2025-11-01 14:28:44.436 [main] INFO  com.alibaba.nacos.common.remote.client - [d0a7b5e6-085d-43fa-9dcd-568c6c06d4ba_config-0] Success to connect to server [127.0.0.1:8848] on start up, connectionId = 1761978524276_127.0.0.1_5779
2025-11-01 14:28:44.437 [com.alibaba.nacos.client.remote.worker] INFO  com.alibaba.nacos.common.remote.client - [d0a7b5e6-085d-43fa-9dcd-568c6c06d4ba_config-0] Notify connected event to listeners.
2025-11-01 14:28:44.437 [com.alibaba.nacos.client.remote.worker] INFO  com.alibaba.nacos.client.config.impl.ClientWorker - [d0a7b5e6-085d-43fa-9dcd-568c6c06d4ba_config-0] Connected,notify listen context...
2025-11-01 14:28:44.437 [main] INFO  com.alibaba.nacos.common.remote.client - [d0a7b5e6-085d-43fa-9dcd-568c6c06d4ba_config-0] Register server push request handler:com.alibaba.nacos.common.remote.client.RpcClient$ConnectResetRequestHandler
2025-11-01 14:28:44.437 [main] INFO  com.alibaba.nacos.common.remote.client - [d0a7b5e6-085d-43fa-9dcd-568c6c06d4ba_config-0] Register server push request handler:com.alibaba.nacos.common.remote.client.RpcClient$$Lambda$607/0x000001dfb2448f38
2025-11-01 14:28:44.457 [main] INFO  com.alibaba.nacos.client.config.impl.Limiter - limitTime:5.0
2025-11-01 14:28:44.466 [main] INFO  com.alibaba.nacos.client.config.utils.JvmUtil - isMultiInstance:false
2025-11-01 14:28:44.474 [main] WARN  c.a.cloud.nacos.client.NacosPropertySourceBuilder - Ignore the empty nacos configuration and get it based on dataId[xiaohashu-auth.yaml] & group[DEFAULT_GROUP]
2025-11-01 14:28:44.479 [main] INFO  o.s.c.b.c.PropertySourceBootstrapConfiguration - Located property source: [BootstrapPropertySource {name='bootstrapProperties-xiaohashu-auth-dev.yaml,DEFAULT_GROUP'}, BootstrapPropertySource {name='bootstrapProperties-xiaohashu-auth.yaml,DEFAULT_GROUP'}, BootstrapPropertySource {name='bootstrapProperties-xiaohashu-auth,DEFAULT_GROUP'}]
2025-11-01 14:28:44.495 [main] WARN  com.alibaba.nacos.client.logging.NacosLogging - Load Logback Configuration of Nacos fail, message: Could not initialize Logback Nacos logging from classpath:nacos-logback.xml
2025-11-01 14:28:44.496 [main] INFO  c.q.xiaohashu.auth.XiaohashuAuthApplication - The following 1 profile is active: "dev"
2025-11-01 14:28:44.915 [main] INFO  o.s.d.r.config.RepositoryConfigurationDelegate - Multiple Spring Data modules found, entering strict repository configuration mode
2025-11-01 14:28:44.916 [main] INFO  o.s.d.r.config.RepositoryConfigurationDelegate - Bootstrapping Spring Data Redis repositories in DEFAULT mode.
2025-11-01 14:28:44.932 [main] INFO  o.s.d.r.config.RepositoryConfigurationDelegate - Finished Spring Data repository scanning in 6 ms. Found 0 Redis repository interfaces.
2025-11-01 14:28:45.031 [main] INFO  o.springframework.cloud.context.scope.GenericScope - BeanFactory id=0e9b326c-ed31-32e3-b2a6-62149ced797b
2025-11-01 14:28:45.050 [main] INFO  o.s.c.s.PostProcessorRegistrationDelegate$BeanPostProcessorChecker - Bean 'com.quanxiaoha.xiaohashu.user.api.UserFeignApi' of type [org.springframework.cloud.openfeign.FeignClientFactoryBean] is not eligible for getting processed by all BeanPostProcessors (for example: not eligible for auto-proxying)
2025-11-01 14:28:45.266 [main] INFO  o.s.boot.web.embedded.tomcat.TomcatWebServer - Tomcat initialized with port(s): 8080 (http)
2025-11-01 14:28:45.270 [main] INFO  org.apache.catalina.core.StandardService - Starting service [Tomcat]
2025-11-01 14:28:45.271 [main] INFO  org.apache.catalina.core.StandardEngine - Starting Servlet engine: [Apache Tomcat/10.1.5]
2025-11-01 14:28:45.331 [main] INFO  o.a.c.core.ContainerBase.[Tomcat].[localhost].[/] - Initializing Spring embedded WebApplicationContext
2025-11-01 14:28:45.331 [main] INFO  o.s.b.w.s.c.ServletWebServerApplicationContext - Root WebApplicationContext: initialization completed in 825 ms
2025-11-01 14:28:45.387 [main] INFO  c.a.d.s.b.a.DruidDataSourceAutoConfigure - Init DruidDataSource
2025-11-01 14:28:45.543 [main] INFO  com.alibaba.druid.pool.DruidDataSource - {dataSource-1} inited
2025-11-01 14:28:45.863 [main] INFO  o.s.cloud.openfeign.FeignClientFactoryBean - For 'xiaohashu-user' URL not provided. Will try picking an instance via load-balancing.
2025-11-01 14:28:47.233 [main] INFO  org.springframework.cloud.commons.util.InetUtils - Cannot determine local hostname
2025-11-01 14:28:48.626 [main] INFO  org.springframework.cloud.commons.util.InetUtils - Cannot determine local hostname
2025-11-01 14:28:48.641 [main] WARN  o.s.c.l.c.LoadBalancerCacheAutoConfiguration$LoadBalancerCaffeineWarnLogger - Spring Cloud LoadBalancer is currently working with the default cache. While this cache implementation is useful for development and tests, it's recommended to use Caffeine cache in production.You can switch to using Caffeine cache, by adding it and org.springframework.cache.caffeine.CaffeineCacheManager to the classpath.
2025-11-01 14:28:48.703 [main] INFO  o.s.boot.web.embedded.tomcat.TomcatWebServer - Tomcat started on port(s): 8080 (http) with context path ''
2025-11-01 14:28:48.706 [main] INFO  com.alibaba.nacos.client.naming - initializer namespace from ans.namespace attribute : null
2025-11-01 14:28:48.706 [main] INFO  com.alibaba.nacos.client.naming - initializer namespace from ALIBABA_ALIWARE_NAMESPACE attribute :null
2025-11-01 14:28:48.707 [main] INFO  com.alibaba.nacos.client.naming - initializer namespace from namespace attribute :null
2025-11-01 14:28:48.711 [main] INFO  c.a.n.p.auth.spi.client.ClientAuthPluginManager - [ClientAuthPluginManager] Load ClientAuthService com.alibaba.nacos.client.auth.impl.NacosClientAuthServiceImpl success.
2025-11-01 14:28:48.711 [main] INFO  c.a.n.p.auth.spi.client.ClientAuthPluginManager - [ClientAuthPluginManager] Load ClientAuthService com.alibaba.nacos.client.auth.ram.RamClientAuthServiceImpl success.
2025-11-01 14:28:48.713 [main] INFO  com.alibaba.nacos.common.remote.client - [RpcClientFactory] create a new rpc client of d1dc24b8-e3c5-4314-ab43-b13defcd0b15
2025-11-01 14:28:48.714 [main] INFO  com.alibaba.nacos.common.remote.client - [d1dc24b8-e3c5-4314-ab43-b13defcd0b15] RpcClient init, ServerListFactory = com.alibaba.nacos.client.naming.core.ServerListManager
2025-11-01 14:28:48.714 [main] INFO  com.alibaba.nacos.common.remote.client - [d1dc24b8-e3c5-4314-ab43-b13defcd0b15] Registry connection listener to current client:com.alibaba.nacos.client.naming.remote.gprc.redo.NamingGrpcRedoService
2025-11-01 14:28:48.714 [main] INFO  com.alibaba.nacos.common.remote.client - [d1dc24b8-e3c5-4314-ab43-b13defcd0b15] Register server push request handler:com.alibaba.nacos.client.naming.remote.gprc.NamingPushRequestHandler
2025-11-01 14:28:48.714 [main] INFO  com.alibaba.nacos.common.remote.client - [d1dc24b8-e3c5-4314-ab43-b13defcd0b15] Try to connect to server on start up, server: {serverIp = '127.0.0.1', server main port = 8848}
2025-11-01 14:28:48.714 [main] INFO  c.a.nacos.common.remote.client.grpc.GrpcClient - grpc client connection server:127.0.0.1 ip,serverPort:9848,grpcTslConfig:{"sslProvider":"OPENSSL","enableTls":false,"mutualAuthEnable":false,"trustAll":false}
2025-11-01 14:28:48.830 [main] INFO  com.alibaba.nacos.common.remote.client - [d1dc24b8-e3c5-4314-ab43-b13defcd0b15] Success to connect to server [127.0.0.1:8848] on start up, connectionId = 1761978528718_127.0.0.1_5789
2025-11-01 14:28:48.830 [main] INFO  com.alibaba.nacos.common.remote.client - [d1dc24b8-e3c5-4314-ab43-b13defcd0b15] Register server push request handler:com.alibaba.nacos.common.remote.client.RpcClient$ConnectResetRequestHandler
2025-11-01 14:28:48.830 [main] INFO  com.alibaba.nacos.common.remote.client - [d1dc24b8-e3c5-4314-ab43-b13defcd0b15] Register server push request handler:com.alibaba.nacos.common.remote.client.RpcClient$$Lambda$607/0x000001dfb2448f38
2025-11-01 14:28:48.830 [com.alibaba.nacos.client.remote.worker] INFO  com.alibaba.nacos.common.remote.client - [d1dc24b8-e3c5-4314-ab43-b13defcd0b15] Notify connected event to listeners.
2025-11-01 14:28:48.830 [com.alibaba.nacos.client.remote.worker] INFO  com.alibaba.nacos.client.naming - Grpc connection connect
2025-11-01 14:28:48.830 [main] INFO  com.alibaba.nacos.client.naming - [REGISTER-SERVICE] xiaohashu registering service xiaohashu-auth with instance Instance{instanceId='null', ip='192.168.134.1', port=8080, weight=1.0, healthy=true, enabled=true, ephemeral=true, clusterName='DEFAULT', serviceName='null', metadata={IPv6=null, preserved.register.source=SPRING_CLOUD}}
2025-11-01 14:28:48.840 [main] INFO  c.a.cloud.nacos.registry.NacosServiceRegistry - nacos registry, DEFAULT_GROUP xiaohashu-auth 192.168.134.1:8080 register finished
2025-11-01 14:28:50.009 [main] INFO  org.springframework.cloud.commons.util.InetUtils - Cannot determine local hostname
2025-11-01 14:28:50.022 [main] INFO  c.q.xiaohashu.auth.XiaohashuAuthApplication - Started XiaohashuAuthApplication in 9.261 seconds (process running for 9.821)
2025-11-01 14:28:50.024 [main] INFO  com.alibaba.nacos.client.config.impl.CacheData - nacos.cache.data.init.snapshot = true 
2025-11-01 14:28:50.025 [main] INFO  com.alibaba.nacos.client.config.impl.ClientWorker - [fixed-xiaohashu-127.0.0.1_8848] [subscribe] xiaohashu-auth.yaml+DEFAULT_GROUP+xiaohashu
2025-11-01 14:28:50.028 [main] INFO  com.alibaba.nacos.client.config.impl.CacheData - [fixed-xiaohashu-127.0.0.1_8848] [add-listener] ok, tenant=xiaohashu, dataId=xiaohashu-auth.yaml, group=DEFAULT_GROUP, cnt=1
2025-11-01 14:28:50.028 [main] INFO  c.a.cloud.nacos.refresh.NacosContextRefresher - [Nacos Config] Listening config: dataId=xiaohashu-auth.yaml, group=DEFAULT_GROUP
2025-11-01 14:28:50.029 [main] INFO  com.alibaba.nacos.client.config.impl.ClientWorker - [fixed-xiaohashu-127.0.0.1_8848] [subscribe] xiaohashu-auth-dev.yaml+DEFAULT_GROUP+xiaohashu
2025-11-01 14:28:50.029 [main] INFO  com.alibaba.nacos.client.config.impl.CacheData - [fixed-xiaohashu-127.0.0.1_8848] [add-listener] ok, tenant=xiaohashu, dataId=xiaohashu-auth-dev.yaml, group=DEFAULT_GROUP, cnt=1
2025-11-01 14:28:50.029 [main] INFO  c.a.cloud.nacos.refresh.NacosContextRefresher - [Nacos Config] Listening config: dataId=xiaohashu-auth-dev.yaml, group=DEFAULT_GROUP
2025-11-01 14:28:50.029 [main] INFO  com.alibaba.nacos.client.config.impl.ClientWorker - [fixed-xiaohashu-127.0.0.1_8848] [subscribe] xiaohashu-auth+DEFAULT_GROUP+xiaohashu
2025-11-01 14:28:50.029 [main] INFO  com.alibaba.nacos.client.config.impl.CacheData - [fixed-xiaohashu-127.0.0.1_8848] [add-listener] ok, tenant=xiaohashu, dataId=xiaohashu-auth, group=DEFAULT_GROUP, cnt=1
2025-11-01 14:28:50.029 [main] INFO  c.a.cloud.nacos.refresh.NacosContextRefresher - [Nacos Config] Listening config: dataId=xiaohashu-auth, group=DEFAULT_GROUP
2025-11-01 14:34:15.650 [main] WARN  com.alibaba.nacos.client.logging.NacosLogging - Load Logback Configuration of Nacos fail, message: Could not initialize Logback Nacos logging from classpath:nacos-logback.xml
2025-11-01 14:34:15.684 [main] WARN  com.alibaba.nacos.client.logging.NacosLogging - Load Logback Configuration of Nacos fail, message: Could not initialize Logback Nacos logging from classpath:nacos-logback.xml
2025-11-01 14:34:15.825 [main] WARN  com.alibaba.nacos.client.logging.NacosLogging - Load Logback Configuration of Nacos fail, message: Could not initialize Logback Nacos logging from classpath:nacos-logback.xml
2025-11-01 14:34:15.825 [main] INFO  com.alibaba.nacos.client.utils.ParamUtil - [settings] [req-serv] nacos-server port:8848
2025-11-01 14:34:15.825 [main] INFO  com.alibaba.nacos.client.utils.ParamUtil - [settings] [http-client] connect timeout:1000
2025-11-01 14:34:15.825 [main] INFO  com.alibaba.nacos.client.utils.ParamUtil - PER_TASK_CONFIG_SIZE: 3000.0
2025-11-01 14:34:15.836 [main] INFO  c.a.n.p.auth.spi.client.ClientAuthPluginManager - [ClientAuthPluginManager] Load ClientAuthService com.alibaba.nacos.client.auth.impl.NacosClientAuthServiceImpl success.
2025-11-01 14:34:15.836 [main] INFO  c.a.n.p.auth.spi.client.ClientAuthPluginManager - [ClientAuthPluginManager] Load ClientAuthService com.alibaba.nacos.client.auth.ram.RamClientAuthServiceImpl success.
2025-11-01 14:34:15.840 [main] INFO  c.a.n.client.auth.ram.identify.CredentialWatcher - null No credential found
2025-11-01 14:34:17.067 [main] WARN  com.alibaba.nacos.client.logging.NacosLogging - Load Logback Configuration of Nacos fail, message: Could not initialize Logback Nacos logging from classpath:nacos-logback.xml
2025-11-01 14:34:17.074 [main] INFO  c.a.n.client.config.impl.LocalConfigInfoProcessor - LOCAL_SNAPSHOT_PATH:C:\Users\hp\nacos\config
2025-11-01 14:34:17.075 [main] INFO  com.alibaba.nacos.common.remote.client - [RpcClientFactory] create a new rpc client of 3d974b36-ddfe-4fd2-b4c3-4ed786f07be4_config-0
2025-11-01 14:34:17.083 [main] INFO  com.alibaba.nacos.common.remote.client - [3d974b36-ddfe-4fd2-b4c3-4ed786f07be4_config-0] Register server push request handler:com.alibaba.nacos.client.config.impl.ClientWorker$ConfigRpcTransportClient$$Lambda$586/0x000002953333ab10
2025-11-01 14:34:17.083 [main] INFO  com.alibaba.nacos.common.remote.client - [3d974b36-ddfe-4fd2-b4c3-4ed786f07be4_config-0] Register server push request handler:com.alibaba.nacos.client.config.impl.ClientWorker$ConfigRpcTransportClient$$Lambda$587/0x000002953333af30
2025-11-01 14:34:17.083 [main] INFO  com.alibaba.nacos.common.remote.client - [3d974b36-ddfe-4fd2-b4c3-4ed786f07be4_config-0] Registry connection listener to current client:com.alibaba.nacos.client.config.impl.ClientWorker$ConfigRpcTransportClient$1
2025-11-01 14:34:17.084 [main] INFO  com.alibaba.nacos.common.remote.client - [3d974b36-ddfe-4fd2-b4c3-4ed786f07be4_config-0] RpcClient init, ServerListFactory = com.alibaba.nacos.client.config.impl.ClientWorker$ConfigRpcTransportClient$2
2025-11-01 14:34:17.088 [main] INFO  com.alibaba.nacos.common.remote.client - [3d974b36-ddfe-4fd2-b4c3-4ed786f07be4_config-0] Try to connect to server on start up, server: {serverIp = '127.0.0.1', server main port = 8848}
2025-11-01 14:34:17.108 [main] INFO  c.a.nacos.common.remote.client.grpc.GrpcClient - grpc client connection server:127.0.0.1 ip,serverPort:9848,grpcTslConfig:{"sslProvider":"OPENSSL","enableTls":false,"mutualAuthEnable":false,"trustAll":false}
2025-11-01 14:34:17.691 [main] INFO  com.alibaba.nacos.common.remote.client - [3d974b36-ddfe-4fd2-b4c3-4ed786f07be4_config-0] Success to connect to server [127.0.0.1:8848] on start up, connectionId = 1761978857535_127.0.0.1_6123
2025-11-01 14:34:17.692 [com.alibaba.nacos.client.remote.worker] INFO  com.alibaba.nacos.common.remote.client - [3d974b36-ddfe-4fd2-b4c3-4ed786f07be4_config-0] Notify connected event to listeners.
2025-11-01 14:34:17.692 [com.alibaba.nacos.client.remote.worker] INFO  com.alibaba.nacos.client.config.impl.ClientWorker - [3d974b36-ddfe-4fd2-b4c3-4ed786f07be4_config-0] Connected,notify listen context...
2025-11-01 14:34:17.692 [main] INFO  com.alibaba.nacos.common.remote.client - [3d974b36-ddfe-4fd2-b4c3-4ed786f07be4_config-0] Register server push request handler:com.alibaba.nacos.common.remote.client.RpcClient$ConnectResetRequestHandler
2025-11-01 14:34:17.692 [main] INFO  com.alibaba.nacos.common.remote.client - [3d974b36-ddfe-4fd2-b4c3-4ed786f07be4_config-0] Register server push request handler:com.alibaba.nacos.common.remote.client.RpcClient$$Lambda$607/0x0000029533448668
2025-11-01 14:34:17.707 [main] INFO  com.alibaba.nacos.client.config.impl.Limiter - limitTime:5.0
2025-11-01 14:34:17.716 [main] INFO  com.alibaba.nacos.client.config.utils.JvmUtil - isMultiInstance:false
2025-11-01 14:34:17.724 [main] WARN  c.a.cloud.nacos.client.NacosPropertySourceBuilder - Ignore the empty nacos configuration and get it based on dataId[xiaohashu-auth.yaml] & group[DEFAULT_GROUP]
2025-11-01 14:34:17.731 [main] INFO  o.s.c.b.c.PropertySourceBootstrapConfiguration - Located property source: [BootstrapPropertySource {name='bootstrapProperties-xiaohashu-auth-dev.yaml,DEFAULT_GROUP'}, BootstrapPropertySource {name='bootstrapProperties-xiaohashu-auth.yaml,DEFAULT_GROUP'}, BootstrapPropertySource {name='bootstrapProperties-xiaohashu-auth,DEFAULT_GROUP'}]
2025-11-01 14:34:17.750 [main] WARN  com.alibaba.nacos.client.logging.NacosLogging - Load Logback Configuration of Nacos fail, message: Could not initialize Logback Nacos logging from classpath:nacos-logback.xml
2025-11-01 14:34:17.750 [main] INFO  c.q.xiaohashu.auth.XiaohashuAuthApplication - The following 1 profile is active: "dev"
2025-11-01 14:34:18.155 [main] INFO  o.s.d.r.config.RepositoryConfigurationDelegate - Multiple Spring Data modules found, entering strict repository configuration mode
2025-11-01 14:34:18.157 [main] INFO  o.s.d.r.config.RepositoryConfigurationDelegate - Bootstrapping Spring Data Redis repositories in DEFAULT mode.
2025-11-01 14:34:18.170 [main] INFO  o.s.d.r.config.RepositoryConfigurationDelegate - Finished Spring Data repository scanning in 6 ms. Found 0 Redis repository interfaces.
2025-11-01 14:34:18.270 [main] INFO  o.springframework.cloud.context.scope.GenericScope - BeanFactory id=0e9b326c-ed31-32e3-b2a6-62149ced797b
2025-11-01 14:34:18.290 [main] INFO  o.s.c.s.PostProcessorRegistrationDelegate$BeanPostProcessorChecker - Bean 'com.quanxiaoha.xiaohashu.user.api.UserFeignApi' of type [org.springframework.cloud.openfeign.FeignClientFactoryBean] is not eligible for getting processed by all BeanPostProcessors (for example: not eligible for auto-proxying)
2025-11-01 14:34:18.504 [main] INFO  o.s.boot.web.embedded.tomcat.TomcatWebServer - Tomcat initialized with port(s): 8080 (http)
2025-11-01 14:34:18.509 [main] INFO  org.apache.catalina.core.StandardService - Starting service [Tomcat]
2025-11-01 14:34:18.509 [main] INFO  org.apache.catalina.core.StandardEngine - Starting Servlet engine: [Apache Tomcat/10.1.5]
2025-11-01 14:34:18.572 [main] INFO  o.a.c.core.ContainerBase.[Tomcat].[localhost].[/] - Initializing Spring embedded WebApplicationContext
2025-11-01 14:34:18.572 [main] INFO  o.s.b.w.s.c.ServletWebServerApplicationContext - Root WebApplicationContext: initialization completed in 811 ms
2025-11-01 14:34:18.632 [main] INFO  c.a.d.s.b.a.DruidDataSourceAutoConfigure - Init DruidDataSource
2025-11-01 14:34:18.779 [main] INFO  com.alibaba.druid.pool.DruidDataSource - {dataSource-1} inited
2025-11-01 14:34:19.110 [main] INFO  o.s.cloud.openfeign.FeignClientFactoryBean - For 'xiaohashu-user' URL not provided. Will try picking an instance via load-balancing.
2025-11-01 14:34:20.495 [main] INFO  org.springframework.cloud.commons.util.InetUtils - Cannot determine local hostname
2025-11-01 14:34:21.889 [main] INFO  org.springframework.cloud.commons.util.InetUtils - Cannot determine local hostname
2025-11-01 14:34:21.901 [main] WARN  o.s.c.l.c.LoadBalancerCacheAutoConfiguration$LoadBalancerCaffeineWarnLogger - Spring Cloud LoadBalancer is currently working with the default cache. While this cache implementation is useful for development and tests, it's recommended to use Caffeine cache in production.You can switch to using Caffeine cache, by adding it and org.springframework.cache.caffeine.CaffeineCacheManager to the classpath.
2025-11-01 14:34:21.950 [main] INFO  o.s.boot.web.embedded.tomcat.TomcatWebServer - Tomcat started on port(s): 8080 (http) with context path ''
2025-11-01 14:34:21.952 [main] INFO  com.alibaba.nacos.client.naming - initializer namespace from ans.namespace attribute : null
2025-11-01 14:34:21.952 [main] INFO  com.alibaba.nacos.client.naming - initializer namespace from ALIBABA_ALIWARE_NAMESPACE attribute :null
2025-11-01 14:34:21.952 [main] INFO  com.alibaba.nacos.client.naming - initializer namespace from namespace attribute :null
2025-11-01 14:34:21.956 [main] INFO  c.a.n.p.auth.spi.client.ClientAuthPluginManager - [ClientAuthPluginManager] Load ClientAuthService com.alibaba.nacos.client.auth.impl.NacosClientAuthServiceImpl success.
2025-11-01 14:34:21.956 [main] INFO  c.a.n.p.auth.spi.client.ClientAuthPluginManager - [ClientAuthPluginManager] Load ClientAuthService com.alibaba.nacos.client.auth.ram.RamClientAuthServiceImpl success.
2025-11-01 14:34:21.958 [main] INFO  com.alibaba.nacos.common.remote.client - [RpcClientFactory] create a new rpc client of 3add7a5b-5f62-41b4-93ca-9f667712ba96
2025-11-01 14:34:21.959 [main] INFO  com.alibaba.nacos.common.remote.client - [3add7a5b-5f62-41b4-93ca-9f667712ba96] RpcClient init, ServerListFactory = com.alibaba.nacos.client.naming.core.ServerListManager
2025-11-01 14:34:21.959 [main] INFO  com.alibaba.nacos.common.remote.client - [3add7a5b-5f62-41b4-93ca-9f667712ba96] Registry connection listener to current client:com.alibaba.nacos.client.naming.remote.gprc.redo.NamingGrpcRedoService
2025-11-01 14:34:21.959 [main] INFO  com.alibaba.nacos.common.remote.client - [3add7a5b-5f62-41b4-93ca-9f667712ba96] Register server push request handler:com.alibaba.nacos.client.naming.remote.gprc.NamingPushRequestHandler
2025-11-01 14:34:21.960 [main] INFO  com.alibaba.nacos.common.remote.client - [3add7a5b-5f62-41b4-93ca-9f667712ba96] Try to connect to server on start up, server: {serverIp = '127.0.0.1', server main port = 8848}
2025-11-01 14:34:21.960 [main] INFO  c.a.nacos.common.remote.client.grpc.GrpcClient - grpc client connection server:127.0.0.1 ip,serverPort:9848,grpcTslConfig:{"sslProvider":"OPENSSL","enableTls":false,"mutualAuthEnable":false,"trustAll":false}
2025-11-01 14:34:22.076 [main] INFO  com.alibaba.nacos.common.remote.client - [3add7a5b-5f62-41b4-93ca-9f667712ba96] Success to connect to server [127.0.0.1:8848] on start up, connectionId = 1761978861963_127.0.0.1_6171
2025-11-01 14:34:22.077 [com.alibaba.nacos.client.remote.worker] INFO  com.alibaba.nacos.common.remote.client - [3add7a5b-5f62-41b4-93ca-9f667712ba96] Notify connected event to listeners.
2025-11-01 14:34:22.078 [com.alibaba.nacos.client.remote.worker] INFO  com.alibaba.nacos.client.naming - Grpc connection connect
2025-11-01 14:34:22.076 [main] INFO  com.alibaba.nacos.common.remote.client - [3add7a5b-5f62-41b4-93ca-9f667712ba96] Register server push request handler:com.alibaba.nacos.common.remote.client.RpcClient$ConnectResetRequestHandler
2025-11-01 14:34:22.078 [main] INFO  com.alibaba.nacos.common.remote.client - [3add7a5b-5f62-41b4-93ca-9f667712ba96] Register server push request handler:com.alibaba.nacos.common.remote.client.RpcClient$$Lambda$607/0x0000029533448668
2025-11-01 14:34:22.080 [main] INFO  com.alibaba.nacos.client.naming - [REGISTER-SERVICE] xiaohashu registering service xiaohashu-auth with instance Instance{instanceId='null', ip='192.168.134.1', port=8080, weight=1.0, healthy=true, enabled=true, ephemeral=true, clusterName='DEFAULT', serviceName='null', metadata={IPv6=null, preserved.register.source=SPRING_CLOUD}}
2025-11-01 14:34:22.088 [main] INFO  c.a.cloud.nacos.registry.NacosServiceRegistry - nacos registry, DEFAULT_GROUP xiaohashu-auth 192.168.134.1:8080 register finished
2025-11-01 14:34:23.243 [main] INFO  org.springframework.cloud.commons.util.InetUtils - Cannot determine local hostname
2025-11-01 14:34:23.260 [main] INFO  c.q.xiaohashu.auth.XiaohashuAuthApplication - Started XiaohashuAuthApplication in 9.112 seconds (process running for 9.658)
2025-11-01 14:34:23.263 [main] INFO  com.alibaba.nacos.client.config.impl.CacheData - nacos.cache.data.init.snapshot = true 
2025-11-01 14:34:23.263 [main] INFO  com.alibaba.nacos.client.config.impl.ClientWorker - [fixed-xiaohashu-127.0.0.1_8848] [subscribe] xiaohashu-auth.yaml+DEFAULT_GROUP+xiaohashu
2025-11-01 14:34:23.266 [main] INFO  com.alibaba.nacos.client.config.impl.CacheData - [fixed-xiaohashu-127.0.0.1_8848] [add-listener] ok, tenant=xiaohashu, dataId=xiaohashu-auth.yaml, group=DEFAULT_GROUP, cnt=1
2025-11-01 14:34:23.266 [main] INFO  c.a.cloud.nacos.refresh.NacosContextRefresher - [Nacos Config] Listening config: dataId=xiaohashu-auth.yaml, group=DEFAULT_GROUP
2025-11-01 14:34:23.267 [main] INFO  com.alibaba.nacos.client.config.impl.ClientWorker - [fixed-xiaohashu-127.0.0.1_8848] [subscribe] xiaohashu-auth-dev.yaml+DEFAULT_GROUP+xiaohashu
2025-11-01 14:34:23.267 [main] INFO  com.alibaba.nacos.client.config.impl.CacheData - [fixed-xiaohashu-127.0.0.1_8848] [add-listener] ok, tenant=xiaohashu, dataId=xiaohashu-auth-dev.yaml, group=DEFAULT_GROUP, cnt=1
2025-11-01 14:34:23.267 [main] INFO  c.a.cloud.nacos.refresh.NacosContextRefresher - [Nacos Config] Listening config: dataId=xiaohashu-auth-dev.yaml, group=DEFAULT_GROUP
2025-11-01 14:34:23.268 [main] INFO  com.alibaba.nacos.client.config.impl.ClientWorker - [fixed-xiaohashu-127.0.0.1_8848] [subscribe] xiaohashu-auth+DEFAULT_GROUP+xiaohashu
2025-11-01 14:34:23.268 [main] INFO  com.alibaba.nacos.client.config.impl.CacheData - [fixed-xiaohashu-127.0.0.1_8848] [add-listener] ok, tenant=xiaohashu, dataId=xiaohashu-auth, group=DEFAULT_GROUP, cnt=1
2025-11-01 14:34:23.268 [main] INFO  c.a.cloud.nacos.refresh.NacosContextRefresher - [Nacos Config] Listening config: dataId=xiaohashu-auth, group=DEFAULT_GROUP
2025-11-01 14:40:22.716 [http-nio-8080-exec-1] INFO  o.a.c.core.ContainerBase.[Tomcat].[localhost].[/] - Initializing Spring DispatcherServlet 'dispatcherServlet'
2025-11-01 14:40:22.717 [http-nio-8080-exec-1] INFO  org.springframework.web.servlet.DispatcherServlet - Initializing Servlet 'dispatcherServlet'
2025-11-01 14:40:22.718 [http-nio-8080-exec-1] INFO  org.springframework.web.servlet.DispatcherServlet - Completed initialization in 1 ms
2025-11-01 14:40:22.725 [http-nio-8080-exec-1] INFO  c.q.x.auth.filter.HeaderUserId2ContextFilter - ## HeaderUserId2ContextFilter, 用户 ID: null
2025-11-01 14:40:22.807 [http-nio-8080-exec-1] INFO  c.q.f.b.operationlog.aspect.ApiOperationLogAspect - ====== 请求开始: [发送短信验证码], 入参: {"phone":"13345966871"}, 请求类: VerificationCodeController, 请求方法: send =================================== 
2025-11-01 14:40:23.328 [http-nio-8080-exec-1] INFO  c.q.x.a.service.impl.VerificationCodeServiceImpl - ==> 手机号: 13345966871, 已发送验证码：【111235】
2025-11-01 14:40:23.334 [http-nio-8080-exec-1] INFO  c.q.f.b.operationlog.aspect.ApiOperationLogAspect - ====== 请求结束: [发送短信验证码], 耗时: 527ms, 出参: {"success":true,"message":null,"errorCode":null,"data":null} =================================== 
2025-11-01 14:41:49.680 [http-nio-8080-exec-9] INFO  c.q.x.auth.filter.HeaderUserId2ContextFilter - ## HeaderUserId2ContextFilter, 用户 ID: null
2025-11-01 14:41:49.686 [http-nio-8080-exec-9] INFO  c.q.f.b.operationlog.aspect.ApiOperationLogAspect - ====== 请求开始: [用户登录/注册], 入参: {"phone":"13345966871","code":"111235","password":null,"type":1}, 请求类: UserController, 请求方法: loginAndRegister =================================== 
2025-11-01 14:41:49.780 [http-nio-8080-exec-9] INFO  c.q.xiaohashu.auth.service.impl.UserServiceImpl - ==> 用户是否注册, phone: 13345966871, userDO: null
2025-11-01 14:41:49.817 [http-nio-8080-exec-9] INFO  com.alibaba.nacos.client.naming - [SUBSCRIBE-SERVICE] service:xiaohashu-user, group:DEFAULT_GROUP, clusters: 
2025-11-01 14:41:49.825 [http-nio-8080-exec-9] INFO  com.alibaba.nacos.client.naming - init new ips(1) service: DEFAULT_GROUP@@xiaohashu-user -> [{"ip":"192.168.134.1","port":8082,"weight":1.0,"healthy":true,"enabled":true,"ephemeral":true,"clusterName":"DEFAULT","serviceName":"DEFAULT_GROUP@@xiaohashu-user","metadata":{"preserved.register.source":"SPRING_CLOUD"},"instanceHeartBeatInterval":5000,"instanceHeartBeatTimeOut":15000,"ipDeleteTimeout":30000}]
2025-11-01 14:41:49.826 [http-nio-8080-exec-9] INFO  com.alibaba.nacos.client.naming - current ips:(1) service: DEFAULT_GROUP@@xiaohashu-user -> [{"ip":"192.168.134.1","port":8082,"weight":1.0,"healthy":true,"enabled":true,"ephemeral":true,"clusterName":"DEFAULT","serviceName":"DEFAULT_GROUP@@xiaohashu-user","metadata":{"preserved.register.source":"SPRING_CLOUD"},"instanceHeartBeatInterval":5000,"instanceHeartBeatTimeOut":15000,"ipDeleteTimeout":30000}]
2025-11-01 14:41:50.085 [http-nio-8080-exec-9] WARN  c.q.x.auth.exception.GlobalExceptionHandler - /login request fail, errorCode: AUTH-20005, errorMessage: 登录失败
2025-11-01 14:41:50.425 [nacos-grpc-client-executor-127.0.0.1-100] INFO  com.alibaba.nacos.common.remote.client - [3add7a5b-5f62-41b4-93ca-9f667712ba96] Receive server push request, request = NotifySubscriberRequest, requestId = 2
2025-11-01 14:41:50.426 [nacos-grpc-client-executor-127.0.0.1-100] INFO  com.alibaba.nacos.common.remote.client - [3add7a5b-5f62-41b4-93ca-9f667712ba96] Ack server push request, request = NotifySubscriberRequest, requestId = 2
2025-11-01 14:49:14.357 [http-nio-8080-exec-5] INFO  c.q.x.auth.filter.HeaderUserId2ContextFilter - ## HeaderUserId2ContextFilter, 用户 ID: 5
2025-11-01 14:49:14.357 [http-nio-8080-exec-5] INFO  c.q.x.auth.filter.HeaderUserId2ContextFilter - ===== 设置 userId 到 ThreadLocal 中， 用户 ID: 5
2025-11-01 14:49:14.361 [http-nio-8080-exec-5] INFO  c.q.f.b.operationlog.aspect.ApiOperationLogAspect - ====== 请求开始: [用户登录/注册], 入参: {"phone":"13345966871","code":"111235","password":null,"type":1}, 请求类: UserController, 请求方法: loginAndRegister =================================== 
2025-11-01 14:49:14.364 [http-nio-8080-exec-5] WARN  c.q.x.auth.exception.GlobalExceptionHandler - /login request fail, errorCode: AUTH-20001, errorMessage: 验证码错误
2025-11-01 14:49:14.364 [http-nio-8080-exec-5] INFO  c.q.x.auth.filter.HeaderUserId2ContextFilter - ===== 删除 ThreadLocal， userId: 5
2025-11-01 14:49:20.979 [http-nio-8080-exec-6] INFO  c.q.x.auth.filter.HeaderUserId2ContextFilter - ## HeaderUserId2ContextFilter, 用户 ID: null
2025-11-01 14:49:20.981 [http-nio-8080-exec-6] INFO  c.q.f.b.operationlog.aspect.ApiOperationLogAspect - ====== 请求开始: [发送短信验证码], 入参: {"phone":"13345966871"}, 请求类: VerificationCodeController, 请求方法: send =================================== 
2025-11-01 14:49:20.982 [http-nio-8080-exec-6] INFO  c.q.x.a.service.impl.VerificationCodeServiceImpl - ==> 手机号: 13345966871, 已发送验证码：【003343】
2025-11-01 14:49:20.983 [http-nio-8080-exec-6] INFO  c.q.f.b.operationlog.aspect.ApiOperationLogAspect - ====== 请求结束: [发送短信验证码], 耗时: 2ms, 出参: {"success":true,"message":null,"errorCode":null,"data":null} =================================== 
2025-11-01 14:49:58.564 [http-nio-8080-exec-7] INFO  c.q.x.auth.filter.HeaderUserId2ContextFilter - ## HeaderUserId2ContextFilter, 用户 ID: 5
2025-11-01 14:49:58.565 [http-nio-8080-exec-7] INFO  c.q.x.auth.filter.HeaderUserId2ContextFilter - ===== 设置 userId 到 ThreadLocal 中， 用户 ID: 5
2025-11-01 14:49:58.565 [http-nio-8080-exec-7] INFO  c.q.f.b.operationlog.aspect.ApiOperationLogAspect - ====== 请求开始: [发送短信验证码], 入参: {"phone":"13345966871"}, 请求类: VerificationCodeController, 请求方法: send =================================== 
2025-11-01 14:49:58.567 [http-nio-8080-exec-7] WARN  c.q.x.auth.exception.GlobalExceptionHandler - /verification/code/send request fail, errorCode: AUTH-20000, errorMessage: 请求太频繁，请3分钟后再试
2025-11-01 14:49:58.567 [http-nio-8080-exec-7] INFO  c.q.x.auth.filter.HeaderUserId2ContextFilter - ===== 删除 ThreadLocal， userId: 5
2025-11-01 14:51:35.942 [http-nio-8080-exec-10] INFO  c.q.x.auth.filter.HeaderUserId2ContextFilter - ## HeaderUserId2ContextFilter, 用户 ID: 5
2025-11-01 14:51:35.942 [http-nio-8080-exec-10] INFO  c.q.x.auth.filter.HeaderUserId2ContextFilter - ===== 设置 userId 到 ThreadLocal 中， 用户 ID: 5
2025-11-01 14:51:35.943 [http-nio-8080-exec-10] INFO  c.q.f.b.operationlog.aspect.ApiOperationLogAspect - ====== 请求开始: [发送短信验证码], 入参: {"phone":"13345966871"}, 请求类: VerificationCodeController, 请求方法: send =================================== 
2025-11-01 14:51:35.945 [http-nio-8080-exec-10] WARN  c.q.x.auth.exception.GlobalExceptionHandler - /verification/code/send request fail, errorCode: AUTH-20000, errorMessage: 请求太频繁，请3分钟后再试
2025-11-01 14:51:35.946 [http-nio-8080-exec-10] INFO  c.q.x.auth.filter.HeaderUserId2ContextFilter - ===== 删除 ThreadLocal， userId: 5
2025-11-01 14:51:54.939 [http-nio-8080-exec-4] INFO  c.q.x.auth.filter.HeaderUserId2ContextFilter - ## HeaderUserId2ContextFilter, 用户 ID: null
2025-11-01 14:51:54.940 [http-nio-8080-exec-4] INFO  c.q.f.b.operationlog.aspect.ApiOperationLogAspect - ====== 请求开始: [用户登录/注册], 入参: {"phone":"13345966871","code":"111235","password":null,"type":1}, 请求类: UserController, 请求方法: loginAndRegister =================================== 
2025-11-01 14:51:54.943 [http-nio-8080-exec-4] WARN  c.q.x.auth.exception.GlobalExceptionHandler - /login request fail, errorCode: AUTH-20001, errorMessage: 验证码错误
2025-11-01 14:52:00.658 [http-nio-8080-exec-1] INFO  c.q.x.auth.filter.HeaderUserId2ContextFilter - ## HeaderUserId2ContextFilter, 用户 ID: null
2025-11-01 14:52:00.659 [http-nio-8080-exec-1] INFO  c.q.f.b.operationlog.aspect.ApiOperationLogAspect - ====== 请求开始: [发送短信验证码], 入参: {"phone":"13345966871"}, 请求类: VerificationCodeController, 请求方法: send =================================== 
2025-11-01 14:52:00.661 [http-nio-8080-exec-1] WARN  c.q.x.auth.exception.GlobalExceptionHandler - /verification/code/send request fail, errorCode: AUTH-20000, errorMessage: 请求太频繁，请3分钟后再试
2025-11-01 14:52:24.951 [http-nio-8080-exec-2] INFO  c.q.x.auth.filter.HeaderUserId2ContextFilter - ## HeaderUserId2ContextFilter, 用户 ID: 5
2025-11-01 14:52:24.951 [http-nio-8080-exec-2] INFO  c.q.x.auth.filter.HeaderUserId2ContextFilter - ===== 设置 userId 到 ThreadLocal 中， 用户 ID: 5
2025-11-01 14:52:24.952 [http-nio-8080-exec-2] INFO  c.q.f.b.operationlog.aspect.ApiOperationLogAspect - ====== 请求开始: [用户登录/注册], 入参: {"phone":"13345966871","code":"003343","password":null,"type":1}, 请求类: UserController, 请求方法: loginAndRegister =================================== 
2025-11-01 14:52:24.953 [http-nio-8080-exec-2] WARN  c.q.x.auth.exception.GlobalExceptionHandler - /login request fail, errorCode: AUTH-20001, errorMessage: 验证码错误
2025-11-01 14:52:24.954 [http-nio-8080-exec-2] INFO  c.q.x.auth.filter.HeaderUserId2ContextFilter - ===== 删除 ThreadLocal， userId: 5
2025-11-01 14:52:32.313 [http-nio-8080-exec-9] INFO  c.q.x.auth.filter.HeaderUserId2ContextFilter - ## HeaderUserId2ContextFilter, 用户 ID: null
2025-11-01 14:52:32.313 [http-nio-8080-exec-9] INFO  c.q.f.b.operationlog.aspect.ApiOperationLogAspect - ====== 请求开始: [发送短信验证码], 入参: {"phone":"13345966871"}, 请求类: VerificationCodeController, 请求方法: send =================================== 
2025-11-01 14:52:32.316 [http-nio-8080-exec-9] INFO  c.q.x.a.service.impl.VerificationCodeServiceImpl - ==> 手机号: 13345966871, 已发送验证码：【289390】
2025-11-01 14:52:32.318 [http-nio-8080-exec-9] INFO  c.q.f.b.operationlog.aspect.ApiOperationLogAspect - ====== 请求结束: [发送短信验证码], 耗时: 5ms, 出参: {"success":true,"message":null,"errorCode":null,"data":null} =================================== 
2025-11-01 14:52:48.371 [http-nio-8080-exec-3] INFO  c.q.x.auth.filter.HeaderUserId2ContextFilter - ## HeaderUserId2ContextFilter, 用户 ID: null
2025-11-01 14:52:48.372 [http-nio-8080-exec-3] INFO  c.q.f.b.operationlog.aspect.ApiOperationLogAspect - ====== 请求开始: [用户登录/注册], 入参: {"phone":"13345966871","code":"289390","password":null,"type":1}, 请求类: UserController, 请求方法: loginAndRegister =================================== 
2025-11-01 14:52:48.377 [http-nio-8080-exec-3] INFO  c.q.xiaohashu.auth.service.impl.UserServiceImpl - ==> 用户是否注册, phone: 13345966871, userDO: null
2025-11-01 14:52:48.402 [http-nio-8080-exec-3] WARN  c.q.x.auth.exception.GlobalExceptionHandler - /login request fail, errorCode: AUTH-20005, errorMessage: 登录失败
2025-11-01 14:55:37.939 [nacos-grpc-client-executor-127.0.0.1-276] INFO  com.alibaba.nacos.common.remote.client - [3add7a5b-5f62-41b4-93ca-9f667712ba96] Receive server push request, request = NotifySubscriberRequest, requestId = 3
2025-11-01 14:55:37.940 [nacos-grpc-client-executor-127.0.0.1-276] INFO  com.alibaba.nacos.client.naming - removed ips(1) service: DEFAULT_GROUP@@xiaohashu-user -> [{"ip":"192.168.134.1","port":8082,"weight":1.0,"healthy":true,"enabled":true,"ephemeral":true,"clusterName":"DEFAULT","serviceName":"DEFAULT_GROUP@@xiaohashu-user","metadata":{"preserved.register.source":"SPRING_CLOUD"},"instanceHeartBeatInterval":5000,"instanceHeartBeatTimeOut":15000,"ipDeleteTimeout":30000}]
2025-11-01 14:55:37.940 [nacos-grpc-client-executor-127.0.0.1-276] INFO  com.alibaba.nacos.client.naming - current ips:(0) service: DEFAULT_GROUP@@xiaohashu-user -> []
2025-11-01 14:55:37.941 [nacos-grpc-client-executor-127.0.0.1-276] INFO  com.alibaba.nacos.common.remote.client - [3add7a5b-5f62-41b4-93ca-9f667712ba96] Ack server push request, request = NotifySubscriberRequest, requestId = 3
2025-11-01 14:55:48.261 [nacos-grpc-client-executor-127.0.0.1-278] INFO  com.alibaba.nacos.common.remote.client - [3add7a5b-5f62-41b4-93ca-9f667712ba96] Receive server push request, request = NotifySubscriberRequest, requestId = 4
2025-11-01 14:55:48.262 [nacos-grpc-client-executor-127.0.0.1-278] INFO  com.alibaba.nacos.client.naming - new ips(1) service: DEFAULT_GROUP@@xiaohashu-user -> [{"ip":"192.168.134.1","port":8082,"weight":1.0,"healthy":true,"enabled":true,"ephemeral":true,"clusterName":"DEFAULT","serviceName":"DEFAULT_GROUP@@xiaohashu-user","metadata":{"preserved.register.source":"SPRING_CLOUD"},"instanceHeartBeatInterval":5000,"instanceHeartBeatTimeOut":15000,"ipDeleteTimeout":30000}]
2025-11-01 14:55:48.262 [nacos-grpc-client-executor-127.0.0.1-278] INFO  com.alibaba.nacos.client.naming - current ips:(1) service: DEFAULT_GROUP@@xiaohashu-user -> [{"ip":"192.168.134.1","port":8082,"weight":1.0,"healthy":true,"enabled":true,"ephemeral":true,"clusterName":"DEFAULT","serviceName":"DEFAULT_GROUP@@xiaohashu-user","metadata":{"preserved.register.source":"SPRING_CLOUD"},"instanceHeartBeatInterval":5000,"instanceHeartBeatTimeOut":15000,"ipDeleteTimeout":30000}]
2025-11-01 14:55:48.263 [nacos-grpc-client-executor-127.0.0.1-278] INFO  com.alibaba.nacos.common.remote.client - [3add7a5b-5f62-41b4-93ca-9f667712ba96] Ack server push request, request = NotifySubscriberRequest, requestId = 4
2025-11-01 14:56:03.087 [http-nio-8080-exec-6] INFO  c.q.x.auth.filter.HeaderUserId2ContextFilter - ## HeaderUserId2ContextFilter, 用户 ID: null
2025-11-01 14:56:03.088 [http-nio-8080-exec-6] INFO  c.q.f.b.operationlog.aspect.ApiOperationLogAspect - ====== 请求开始: [发送短信验证码], 入参: {"phone":"13345966871"}, 请求类: VerificationCodeController, 请求方法: send =================================== 
2025-11-01 14:56:03.090 [http-nio-8080-exec-6] INFO  c.q.x.a.service.impl.VerificationCodeServiceImpl - ==> 手机号: 13345966871, 已发送验证码：【955957】
2025-11-01 14:56:03.090 [http-nio-8080-exec-6] INFO  c.q.f.b.operationlog.aspect.ApiOperationLogAspect - ====== 请求结束: [发送短信验证码], 耗时: 2ms, 出参: {"success":true,"message":null,"errorCode":null,"data":null} =================================== 
2025-11-01 14:56:33.462 [http-nio-8080-exec-7] INFO  c.q.x.auth.filter.HeaderUserId2ContextFilter - ## HeaderUserId2ContextFilter, 用户 ID: null
2025-11-01 14:56:33.463 [http-nio-8080-exec-7] INFO  c.q.f.b.operationlog.aspect.ApiOperationLogAspect - ====== 请求开始: [用户登录/注册], 入参: {"phone":"13345966871","code":"955957","password":null,"type":1}, 请求类: UserController, 请求方法: loginAndRegister =================================== 
2025-11-01 14:56:33.466 [http-nio-8080-exec-7] INFO  c.q.xiaohashu.auth.service.impl.UserServiceImpl - ==> 用户是否注册, phone: 13345966871, userDO: null
2025-11-01 14:56:33.723 [http-nio-8080-exec-7] WARN  c.q.x.auth.exception.GlobalExceptionHandler - /login request fail, errorCode: AUTH-20005, errorMessage: 登录失败
2025-11-01 15:11:40.074 [main] WARN  com.alibaba.nacos.client.logging.NacosLogging - Load Logback Configuration of Nacos fail, message: Could not initialize Logback Nacos logging from classpath:nacos-logback.xml
2025-11-01 15:11:40.110 [main] WARN  com.alibaba.nacos.client.logging.NacosLogging - Load Logback Configuration of Nacos fail, message: Could not initialize Logback Nacos logging from classpath:nacos-logback.xml
2025-11-01 15:11:40.257 [main] WARN  com.alibaba.nacos.client.logging.NacosLogging - Load Logback Configuration of Nacos fail, message: Could not initialize Logback Nacos logging from classpath:nacos-logback.xml
2025-11-01 15:11:40.258 [main] INFO  com.alibaba.nacos.client.utils.ParamUtil - [settings] [req-serv] nacos-server port:8848
2025-11-01 15:11:40.258 [main] INFO  com.alibaba.nacos.client.utils.ParamUtil - [settings] [http-client] connect timeout:1000
2025-11-01 15:11:40.259 [main] INFO  com.alibaba.nacos.client.utils.ParamUtil - PER_TASK_CONFIG_SIZE: 3000.0
2025-11-01 15:11:40.269 [main] INFO  c.a.n.p.auth.spi.client.ClientAuthPluginManager - [ClientAuthPluginManager] Load ClientAuthService com.alibaba.nacos.client.auth.impl.NacosClientAuthServiceImpl success.
2025-11-01 15:11:40.269 [main] INFO  c.a.n.p.auth.spi.client.ClientAuthPluginManager - [ClientAuthPluginManager] Load ClientAuthService com.alibaba.nacos.client.auth.ram.RamClientAuthServiceImpl success.
2025-11-01 15:11:40.273 [main] INFO  c.a.n.client.auth.ram.identify.CredentialWatcher - null No credential found
2025-11-01 15:11:41.521 [main] WARN  com.alibaba.nacos.client.logging.NacosLogging - Load Logback Configuration of Nacos fail, message: Could not initialize Logback Nacos logging from classpath:nacos-logback.xml
2025-11-01 15:11:41.528 [main] INFO  c.a.n.client.config.impl.LocalConfigInfoProcessor - LOCAL_SNAPSHOT_PATH:C:\Users\hp\nacos\config
2025-11-01 15:11:41.530 [main] INFO  com.alibaba.nacos.common.remote.client - [RpcClientFactory] create a new rpc client of a1a216b4-5a33-42d2-9711-e7729d151952_config-0
2025-11-01 15:11:41.538 [main] INFO  com.alibaba.nacos.common.remote.client - [a1a216b4-5a33-42d2-9711-e7729d151952_config-0] Register server push request handler:com.alibaba.nacos.client.config.impl.ClientWorker$ConfigRpcTransportClient$$Lambda$586/0x000002128133aeb0
2025-11-01 15:11:41.538 [main] INFO  com.alibaba.nacos.common.remote.client - [a1a216b4-5a33-42d2-9711-e7729d151952_config-0] Register server push request handler:com.alibaba.nacos.client.config.impl.ClientWorker$ConfigRpcTransportClient$$Lambda$587/0x000002128133b2d0
2025-11-01 15:11:41.539 [main] INFO  com.alibaba.nacos.common.remote.client - [a1a216b4-5a33-42d2-9711-e7729d151952_config-0] Registry connection listener to current client:com.alibaba.nacos.client.config.impl.ClientWorker$ConfigRpcTransportClient$1
2025-11-01 15:11:41.539 [main] INFO  com.alibaba.nacos.common.remote.client - [a1a216b4-5a33-42d2-9711-e7729d151952_config-0] RpcClient init, ServerListFactory = com.alibaba.nacos.client.config.impl.ClientWorker$ConfigRpcTransportClient$2
2025-11-01 15:11:41.543 [main] INFO  com.alibaba.nacos.common.remote.client - [a1a216b4-5a33-42d2-9711-e7729d151952_config-0] Try to connect to server on start up, server: {serverIp = '127.0.0.1', server main port = 8848}
2025-11-01 15:11:41.564 [main] INFO  c.a.nacos.common.remote.client.grpc.GrpcClient - grpc client connection server:127.0.0.1 ip,serverPort:9848,grpcTslConfig:{"sslProvider":"OPENSSL","enableTls":false,"mutualAuthEnable":false,"trustAll":false}
2025-11-01 15:11:42.159 [main] INFO  com.alibaba.nacos.common.remote.client - [a1a216b4-5a33-42d2-9711-e7729d151952_config-0] Success to connect to server [127.0.0.1:8848] on start up, connectionId = 1761981102010_127.0.0.1_7894
2025-11-01 15:11:42.160 [com.alibaba.nacos.client.remote.worker] INFO  com.alibaba.nacos.common.remote.client - [a1a216b4-5a33-42d2-9711-e7729d151952_config-0] Notify connected event to listeners.
2025-11-01 15:11:42.160 [com.alibaba.nacos.client.remote.worker] INFO  com.alibaba.nacos.client.config.impl.ClientWorker - [a1a216b4-5a33-42d2-9711-e7729d151952_config-0] Connected,notify listen context...
2025-11-01 15:11:42.160 [main] INFO  com.alibaba.nacos.common.remote.client - [a1a216b4-5a33-42d2-9711-e7729d151952_config-0] Register server push request handler:com.alibaba.nacos.common.remote.client.RpcClient$ConnectResetRequestHandler
2025-11-01 15:11:42.160 [main] INFO  com.alibaba.nacos.common.remote.client - [a1a216b4-5a33-42d2-9711-e7729d151952_config-0] Register server push request handler:com.alibaba.nacos.common.remote.client.RpcClient$$Lambda$607/0x0000021281448f38
2025-11-01 15:11:42.175 [main] INFO  com.alibaba.nacos.client.config.impl.Limiter - limitTime:5.0
2025-11-01 15:11:42.184 [main] INFO  com.alibaba.nacos.client.config.utils.JvmUtil - isMultiInstance:false
2025-11-01 15:11:42.192 [main] WARN  c.a.cloud.nacos.client.NacosPropertySourceBuilder - Ignore the empty nacos configuration and get it based on dataId[xiaohashu-auth.yaml] & group[DEFAULT_GROUP]
2025-11-01 15:11:42.198 [main] INFO  o.s.c.b.c.PropertySourceBootstrapConfiguration - Located property source: [BootstrapPropertySource {name='bootstrapProperties-xiaohashu-auth-dev.yaml,DEFAULT_GROUP'}, BootstrapPropertySource {name='bootstrapProperties-xiaohashu-auth.yaml,DEFAULT_GROUP'}, BootstrapPropertySource {name='bootstrapProperties-xiaohashu-auth,DEFAULT_GROUP'}]
2025-11-01 15:11:42.216 [main] WARN  com.alibaba.nacos.client.logging.NacosLogging - Load Logback Configuration of Nacos fail, message: Could not initialize Logback Nacos logging from classpath:nacos-logback.xml
2025-11-01 15:11:42.216 [main] INFO  c.q.xiaohashu.auth.XiaohashuAuthApplication - The following 1 profile is active: "dev"
2025-11-01 15:11:42.625 [main] INFO  o.s.d.r.config.RepositoryConfigurationDelegate - Multiple Spring Data modules found, entering strict repository configuration mode
2025-11-01 15:11:42.627 [main] INFO  o.s.d.r.config.RepositoryConfigurationDelegate - Bootstrapping Spring Data Redis repositories in DEFAULT mode.
2025-11-01 15:11:42.640 [main] INFO  o.s.d.r.config.RepositoryConfigurationDelegate - Finished Spring Data repository scanning in 5 ms. Found 0 Redis repository interfaces.
2025-11-01 15:11:42.740 [main] INFO  o.springframework.cloud.context.scope.GenericScope - BeanFactory id=0e9b326c-ed31-32e3-b2a6-62149ced797b
2025-11-01 15:11:42.760 [main] INFO  o.s.c.s.PostProcessorRegistrationDelegate$BeanPostProcessorChecker - Bean 'com.quanxiaoha.xiaohashu.user.api.UserFeignApi' of type [org.springframework.cloud.openfeign.FeignClientFactoryBean] is not eligible for getting processed by all BeanPostProcessors (for example: not eligible for auto-proxying)
2025-11-01 15:11:42.989 [main] INFO  o.s.boot.web.embedded.tomcat.TomcatWebServer - Tomcat initialized with port(s): 8080 (http)
2025-11-01 15:11:42.994 [main] INFO  org.apache.catalina.core.StandardService - Starting service [Tomcat]
2025-11-01 15:11:42.994 [main] INFO  org.apache.catalina.core.StandardEngine - Starting Servlet engine: [Apache Tomcat/10.1.5]
2025-11-01 15:11:43.060 [main] INFO  o.a.c.core.ContainerBase.[Tomcat].[localhost].[/] - Initializing Spring embedded WebApplicationContext
2025-11-01 15:11:43.060 [main] INFO  o.s.b.w.s.c.ServletWebServerApplicationContext - Root WebApplicationContext: initialization completed in 833 ms
2025-11-01 15:11:43.120 [main] INFO  c.a.d.s.b.a.DruidDataSourceAutoConfigure - Init DruidDataSource
2025-11-01 15:11:43.276 [main] INFO  com.alibaba.druid.pool.DruidDataSource - {dataSource-1} inited
2025-11-01 15:11:43.586 [main] INFO  o.s.cloud.openfeign.FeignClientFactoryBean - For 'xiaohashu-user' URL not provided. Will try picking an instance via load-balancing.
2025-11-01 15:11:44.967 [main] INFO  org.springframework.cloud.commons.util.InetUtils - Cannot determine local hostname
2025-11-01 15:11:46.389 [main] INFO  org.springframework.cloud.commons.util.InetUtils - Cannot determine local hostname
2025-11-01 15:11:46.405 [main] WARN  o.s.c.l.c.LoadBalancerCacheAutoConfiguration$LoadBalancerCaffeineWarnLogger - Spring Cloud LoadBalancer is currently working with the default cache. While this cache implementation is useful for development and tests, it's recommended to use Caffeine cache in production.You can switch to using Caffeine cache, by adding it and org.springframework.cache.caffeine.CaffeineCacheManager to the classpath.
2025-11-01 15:11:46.465 [main] INFO  o.s.boot.web.embedded.tomcat.TomcatWebServer - Tomcat started on port(s): 8080 (http) with context path ''
2025-11-01 15:11:46.467 [main] INFO  com.alibaba.nacos.client.naming - initializer namespace from ans.namespace attribute : null
2025-11-01 15:11:46.467 [main] INFO  com.alibaba.nacos.client.naming - initializer namespace from ALIBABA_ALIWARE_NAMESPACE attribute :null
2025-11-01 15:11:46.467 [main] INFO  com.alibaba.nacos.client.naming - initializer namespace from namespace attribute :null
2025-11-01 15:11:46.472 [main] INFO  c.a.n.p.auth.spi.client.ClientAuthPluginManager - [ClientAuthPluginManager] Load ClientAuthService com.alibaba.nacos.client.auth.impl.NacosClientAuthServiceImpl success.
2025-11-01 15:11:46.472 [main] INFO  c.a.n.p.auth.spi.client.ClientAuthPluginManager - [ClientAuthPluginManager] Load ClientAuthService com.alibaba.nacos.client.auth.ram.RamClientAuthServiceImpl success.
2025-11-01 15:11:46.474 [main] INFO  com.alibaba.nacos.common.remote.client - [RpcClientFactory] create a new rpc client of 84047f81-517f-40ed-8b46-73f783a554b8
2025-11-01 15:11:46.475 [main] INFO  com.alibaba.nacos.common.remote.client - [84047f81-517f-40ed-8b46-73f783a554b8] RpcClient init, ServerListFactory = com.alibaba.nacos.client.naming.core.ServerListManager
2025-11-01 15:11:46.475 [main] INFO  com.alibaba.nacos.common.remote.client - [84047f81-517f-40ed-8b46-73f783a554b8] Registry connection listener to current client:com.alibaba.nacos.client.naming.remote.gprc.redo.NamingGrpcRedoService
2025-11-01 15:11:46.475 [main] INFO  com.alibaba.nacos.common.remote.client - [84047f81-517f-40ed-8b46-73f783a554b8] Register server push request handler:com.alibaba.nacos.client.naming.remote.gprc.NamingPushRequestHandler
2025-11-01 15:11:46.475 [main] INFO  com.alibaba.nacos.common.remote.client - [84047f81-517f-40ed-8b46-73f783a554b8] Try to connect to server on start up, server: {serverIp = '127.0.0.1', server main port = 8848}
2025-11-01 15:11:46.475 [main] INFO  c.a.nacos.common.remote.client.grpc.GrpcClient - grpc client connection server:127.0.0.1 ip,serverPort:9848,grpcTslConfig:{"sslProvider":"OPENSSL","enableTls":false,"mutualAuthEnable":false,"trustAll":false}
2025-11-01 15:11:46.590 [main] INFO  com.alibaba.nacos.common.remote.client - [84047f81-517f-40ed-8b46-73f783a554b8] Success to connect to server [127.0.0.1:8848] on start up, connectionId = 1761981106478_127.0.0.1_7900
2025-11-01 15:11:46.590 [main] INFO  com.alibaba.nacos.common.remote.client - [84047f81-517f-40ed-8b46-73f783a554b8] Register server push request handler:com.alibaba.nacos.common.remote.client.RpcClient$ConnectResetRequestHandler
2025-11-01 15:11:46.590 [com.alibaba.nacos.client.remote.worker] INFO  com.alibaba.nacos.common.remote.client - [84047f81-517f-40ed-8b46-73f783a554b8] Notify connected event to listeners.
2025-11-01 15:11:46.590 [com.alibaba.nacos.client.remote.worker] INFO  com.alibaba.nacos.client.naming - Grpc connection connect
2025-11-01 15:11:46.590 [main] INFO  com.alibaba.nacos.common.remote.client - [84047f81-517f-40ed-8b46-73f783a554b8] Register server push request handler:com.alibaba.nacos.common.remote.client.RpcClient$$Lambda$607/0x0000021281448f38
2025-11-01 15:11:46.591 [main] INFO  com.alibaba.nacos.client.naming - [REGISTER-SERVICE] xiaohashu registering service xiaohashu-auth with instance Instance{instanceId='null', ip='192.168.134.1', port=8080, weight=1.0, healthy=true, enabled=true, ephemeral=true, clusterName='DEFAULT', serviceName='null', metadata={IPv6=null, preserved.register.source=SPRING_CLOUD}}
2025-11-01 15:11:46.602 [main] INFO  c.a.cloud.nacos.registry.NacosServiceRegistry - nacos registry, DEFAULT_GROUP xiaohashu-auth 192.168.134.1:8080 register finished
2025-11-01 15:11:47.763 [main] INFO  org.springframework.cloud.commons.util.InetUtils - Cannot determine local hostname
2025-11-01 15:11:47.776 [main] INFO  c.q.xiaohashu.auth.XiaohashuAuthApplication - Started XiaohashuAuthApplication in 9.298 seconds (process running for 9.81)
2025-11-01 15:11:47.778 [main] INFO  com.alibaba.nacos.client.config.impl.CacheData - nacos.cache.data.init.snapshot = true 
2025-11-01 15:11:47.779 [main] INFO  com.alibaba.nacos.client.config.impl.ClientWorker - [fixed-xiaohashu-127.0.0.1_8848] [subscribe] xiaohashu-auth.yaml+DEFAULT_GROUP+xiaohashu
2025-11-01 15:11:47.782 [main] INFO  com.alibaba.nacos.client.config.impl.CacheData - [fixed-xiaohashu-127.0.0.1_8848] [add-listener] ok, tenant=xiaohashu, dataId=xiaohashu-auth.yaml, group=DEFAULT_GROUP, cnt=1
2025-11-01 15:11:47.782 [main] INFO  c.a.cloud.nacos.refresh.NacosContextRefresher - [Nacos Config] Listening config: dataId=xiaohashu-auth.yaml, group=DEFAULT_GROUP
2025-11-01 15:11:47.783 [main] INFO  com.alibaba.nacos.client.config.impl.ClientWorker - [fixed-xiaohashu-127.0.0.1_8848] [subscribe] xiaohashu-auth-dev.yaml+DEFAULT_GROUP+xiaohashu
2025-11-01 15:11:47.783 [main] INFO  com.alibaba.nacos.client.config.impl.CacheData - [fixed-xiaohashu-127.0.0.1_8848] [add-listener] ok, tenant=xiaohashu, dataId=xiaohashu-auth-dev.yaml, group=DEFAULT_GROUP, cnt=1
2025-11-01 15:11:47.783 [main] INFO  c.a.cloud.nacos.refresh.NacosContextRefresher - [Nacos Config] Listening config: dataId=xiaohashu-auth-dev.yaml, group=DEFAULT_GROUP
2025-11-01 15:11:47.783 [main] INFO  com.alibaba.nacos.client.config.impl.ClientWorker - [fixed-xiaohashu-127.0.0.1_8848] [subscribe] xiaohashu-auth+DEFAULT_GROUP+xiaohashu
2025-11-01 15:11:47.784 [main] INFO  com.alibaba.nacos.client.config.impl.CacheData - [fixed-xiaohashu-127.0.0.1_8848] [add-listener] ok, tenant=xiaohashu, dataId=xiaohashu-auth, group=DEFAULT_GROUP, cnt=1
2025-11-01 15:11:47.784 [main] INFO  c.a.cloud.nacos.refresh.NacosContextRefresher - [Nacos Config] Listening config: dataId=xiaohashu-auth, group=DEFAULT_GROUP
2025-11-01 15:11:54.300 [http-nio-8080-exec-1] INFO  o.a.c.core.ContainerBase.[Tomcat].[localhost].[/] - Initializing Spring DispatcherServlet 'dispatcherServlet'
2025-11-01 15:11:54.300 [http-nio-8080-exec-1] INFO  org.springframework.web.servlet.DispatcherServlet - Initializing Servlet 'dispatcherServlet'
2025-11-01 15:11:54.301 [http-nio-8080-exec-1] INFO  org.springframework.web.servlet.DispatcherServlet - Completed initialization in 1 ms
2025-11-01 15:11:54.304 [http-nio-8080-exec-1] INFO  c.q.x.auth.filter.HeaderUserId2ContextFilter - ## HeaderUserId2ContextFilter, 用户 ID: null
2025-11-01 15:11:54.359 [http-nio-8080-exec-1] INFO  c.q.f.b.operationlog.aspect.ApiOperationLogAspect - ====== 请求开始: [发送短信验证码], 入参: {"phone":"13345966871"}, 请求类: VerificationCodeController, 请求方法: send =================================== 
2025-11-01 15:11:54.641 [http-nio-8080-exec-1] INFO  c.q.x.a.service.impl.VerificationCodeServiceImpl - ==> 手机号: 13345966871, 已发送验证码：【608517】
2025-11-01 15:11:54.645 [http-nio-8080-exec-1] INFO  c.q.f.b.operationlog.aspect.ApiOperationLogAspect - ====== 请求结束: [发送短信验证码], 耗时: 287ms, 出参: {"success":true,"message":null,"errorCode":null,"data":null} =================================== 
2025-11-01 15:12:09.158 [http-nio-8080-exec-2] INFO  c.q.x.auth.filter.HeaderUserId2ContextFilter - ## HeaderUserId2ContextFilter, 用户 ID: null
2025-11-01 15:12:09.164 [http-nio-8080-exec-2] INFO  c.q.f.b.operationlog.aspect.ApiOperationLogAspect - ====== 请求开始: [用户登录/注册], 入参: {"phone":"13345966871","code":"608517","password":null,"type":1}, 请求类: UserController, 请求方法: loginAndRegister =================================== 
2025-11-01 15:12:09.246 [http-nio-8080-exec-2] INFO  c.q.xiaohashu.auth.service.impl.UserServiceImpl - ==> 用户是否注册, phone: 13345966871, userDO: null
2025-11-01 15:12:09.289 [http-nio-8080-exec-2] INFO  com.alibaba.nacos.client.naming - [SUBSCRIBE-SERVICE] service:xiaohashu-user, group:DEFAULT_GROUP, clusters: 
2025-11-01 15:12:09.299 [http-nio-8080-exec-2] INFO  com.alibaba.nacos.client.naming - init new ips(1) service: DEFAULT_GROUP@@xiaohashu-user -> [{"ip":"192.168.134.1","port":8082,"weight":1.0,"healthy":true,"enabled":true,"ephemeral":true,"clusterName":"DEFAULT","serviceName":"DEFAULT_GROUP@@xiaohashu-user","metadata":{"preserved.register.source":"SPRING_CLOUD"},"ipDeleteTimeout":30000,"instanceHeartBeatTimeOut":15000,"instanceHeartBeatInterval":5000}]
2025-11-01 15:12:09.300 [http-nio-8080-exec-2] INFO  com.alibaba.nacos.client.naming - current ips:(1) service: DEFAULT_GROUP@@xiaohashu-user -> [{"ip":"192.168.134.1","port":8082,"weight":1.0,"healthy":true,"enabled":true,"ephemeral":true,"clusterName":"DEFAULT","serviceName":"DEFAULT_GROUP@@xiaohashu-user","metadata":{"preserved.register.source":"SPRING_CLOUD"},"ipDeleteTimeout":30000,"instanceHeartBeatTimeOut":15000,"instanceHeartBeatInterval":5000}]
2025-11-01 15:12:09.515 [http-nio-8080-exec-2] INFO  c.q.f.b.operationlog.aspect.ApiOperationLogAspect - ====== 请求结束: [用户登录/注册], 耗时: 352ms, 出参: {"success":true,"message":null,"errorCode":null,"data":"4KGCibwEQjIhTBGDPjLzI0cZI4Xra7Zz8V4HLyhwPAOylo8xX1k25Xm5e3IJ2Q554TCKZnPL7wGNhMUQTAFa35bQksQyte8CMewMdqnwfUWy9WDbHlof16G21gP8fdY7"} =================================== 
2025-11-01 15:12:09.899 [nacos-grpc-client-executor-127.0.0.1-12] INFO  com.alibaba.nacos.common.remote.client - [84047f81-517f-40ed-8b46-73f783a554b8] Receive server push request, request = NotifySubscriberRequest, requestId = 6
2025-11-01 15:12:09.899 [nacos-grpc-client-executor-127.0.0.1-12] INFO  com.alibaba.nacos.common.remote.client - [84047f81-517f-40ed-8b46-73f783a554b8] Ack server push request, request = NotifySubscriberRequest, requestId = 6
2025-11-01 16:20:06.655 [main] WARN  com.alibaba.nacos.client.logging.NacosLogging - Load Logback Configuration of Nacos fail, message: Could not initialize Logback Nacos logging from classpath:nacos-logback.xml
2025-11-01 16:20:06.696 [main] WARN  com.alibaba.nacos.client.logging.NacosLogging - Load Logback Configuration of Nacos fail, message: Could not initialize Logback Nacos logging from classpath:nacos-logback.xml
2025-11-01 16:20:06.866 [main] WARN  com.alibaba.nacos.client.logging.NacosLogging - Load Logback Configuration of Nacos fail, message: Could not initialize Logback Nacos logging from classpath:nacos-logback.xml
2025-11-01 16:20:06.867 [main] INFO  com.alibaba.nacos.client.utils.ParamUtil - [settings] [req-serv] nacos-server port:8848
2025-11-01 16:20:06.868 [main] INFO  com.alibaba.nacos.client.utils.ParamUtil - [settings] [http-client] connect timeout:1000
2025-11-01 16:20:06.868 [main] INFO  com.alibaba.nacos.client.utils.ParamUtil - PER_TASK_CONFIG_SIZE: 3000.0
2025-11-01 16:20:06.881 [main] INFO  c.a.n.p.auth.spi.client.ClientAuthPluginManager - [ClientAuthPluginManager] Load ClientAuthService com.alibaba.nacos.client.auth.impl.NacosClientAuthServiceImpl success.
2025-11-01 16:20:06.881 [main] INFO  c.a.n.p.auth.spi.client.ClientAuthPluginManager - [ClientAuthPluginManager] Load ClientAuthService com.alibaba.nacos.client.auth.ram.RamClientAuthServiceImpl success.
2025-11-01 16:20:06.882 [main] INFO  c.a.n.client.auth.ram.identify.CredentialWatcher - null No credential found
2025-11-01 16:20:07.119 [main] WARN  com.alibaba.nacos.client.logging.NacosLogging - Load Logback Configuration of Nacos fail, message: Could not initialize Logback Nacos logging from classpath:nacos-logback.xml
2025-11-01 16:20:07.128 [main] INFO  c.a.n.client.config.impl.LocalConfigInfoProcessor - LOCAL_SNAPSHOT_PATH:C:\Users\hp\nacos\config
2025-11-01 16:20:07.131 [main] INFO  com.alibaba.nacos.common.remote.client - [RpcClientFactory] create a new rpc client of d0328ba6-3db0-4aff-ab10-b8813eb54367_config-0
2025-11-01 16:20:07.139 [main] INFO  com.alibaba.nacos.common.remote.client - [d0328ba6-3db0-4aff-ab10-b8813eb54367_config-0] Register server push request handler:com.alibaba.nacos.client.config.impl.ClientWorker$ConfigRpcTransportClient$$Lambda$586/0x0000020801323338
2025-11-01 16:20:07.140 [main] INFO  com.alibaba.nacos.common.remote.client - [d0328ba6-3db0-4aff-ab10-b8813eb54367_config-0] Register server push request handler:com.alibaba.nacos.client.config.impl.ClientWorker$ConfigRpcTransportClient$$Lambda$587/0x0000020801323758
2025-11-01 16:20:07.140 [main] INFO  com.alibaba.nacos.common.remote.client - [d0328ba6-3db0-4aff-ab10-b8813eb54367_config-0] Registry connection listener to current client:com.alibaba.nacos.client.config.impl.ClientWorker$ConfigRpcTransportClient$1
2025-11-01 16:20:07.140 [main] INFO  com.alibaba.nacos.common.remote.client - [d0328ba6-3db0-4aff-ab10-b8813eb54367_config-0] RpcClient init, ServerListFactory = com.alibaba.nacos.client.config.impl.ClientWorker$ConfigRpcTransportClient$2
2025-11-01 16:20:07.145 [main] INFO  com.alibaba.nacos.common.remote.client - [d0328ba6-3db0-4aff-ab10-b8813eb54367_config-0] Try to connect to server on start up, server: {serverIp = '127.0.0.1', server main port = 8848}
2025-11-01 16:20:07.169 [main] INFO  c.a.nacos.common.remote.client.grpc.GrpcClient - grpc client connection server:127.0.0.1 ip,serverPort:9848,grpcTslConfig:{"sslProvider":"OPENSSL","enableTls":false,"mutualAuthEnable":false,"trustAll":false}
2025-11-01 16:20:07.859 [main] INFO  com.alibaba.nacos.common.remote.client - [d0328ba6-3db0-4aff-ab10-b8813eb54367_config-0] Success to connect to server [127.0.0.1:8848] on start up, connectionId = 1761985207693_127.0.0.1_9193
2025-11-01 16:20:07.860 [com.alibaba.nacos.client.remote.worker] INFO  com.alibaba.nacos.common.remote.client - [d0328ba6-3db0-4aff-ab10-b8813eb54367_config-0] Notify connected event to listeners.
2025-11-01 16:20:07.860 [com.alibaba.nacos.client.remote.worker] INFO  com.alibaba.nacos.client.config.impl.ClientWorker - [d0328ba6-3db0-4aff-ab10-b8813eb54367_config-0] Connected,notify listen context...
2025-11-01 16:20:07.860 [main] INFO  com.alibaba.nacos.common.remote.client - [d0328ba6-3db0-4aff-ab10-b8813eb54367_config-0] Register server push request handler:com.alibaba.nacos.common.remote.client.RpcClient$ConnectResetRequestHandler
2025-11-01 16:20:07.860 [main] INFO  com.alibaba.nacos.common.remote.client - [d0328ba6-3db0-4aff-ab10-b8813eb54367_config-0] Register server push request handler:com.alibaba.nacos.common.remote.client.RpcClient$$Lambda$607/0x0000020801430668
2025-11-01 16:20:07.885 [main] INFO  com.alibaba.nacos.client.config.impl.Limiter - limitTime:5.0
2025-11-01 16:20:07.893 [main] INFO  com.alibaba.nacos.client.config.utils.JvmUtil - isMultiInstance:false
2025-11-01 16:20:07.901 [main] WARN  c.a.cloud.nacos.client.NacosPropertySourceBuilder - Ignore the empty nacos configuration and get it based on dataId[xiaohashu-auth.yaml] & group[DEFAULT_GROUP]
2025-11-01 16:20:07.905 [main] INFO  o.s.c.b.c.PropertySourceBootstrapConfiguration - Located property source: [BootstrapPropertySource {name='bootstrapProperties-xiaohashu-auth-dev.yaml,DEFAULT_GROUP'}, BootstrapPropertySource {name='bootstrapProperties-xiaohashu-auth.yaml,DEFAULT_GROUP'}, BootstrapPropertySource {name='bootstrapProperties-xiaohashu-auth,DEFAULT_GROUP'}]
2025-11-01 16:20:07.923 [main] WARN  com.alibaba.nacos.client.logging.NacosLogging - Load Logback Configuration of Nacos fail, message: Could not initialize Logback Nacos logging from classpath:nacos-logback.xml
2025-11-01 16:20:07.923 [main] INFO  c.q.xiaohashu.auth.XiaohashuAuthApplication - The following 1 profile is active: "dev"
2025-11-01 16:20:08.356 [main] INFO  o.s.d.r.config.RepositoryConfigurationDelegate - Multiple Spring Data modules found, entering strict repository configuration mode
2025-11-01 16:20:08.357 [main] INFO  o.s.d.r.config.RepositoryConfigurationDelegate - Bootstrapping Spring Data Redis repositories in DEFAULT mode.
2025-11-01 16:20:08.372 [main] INFO  o.s.d.r.config.RepositoryConfigurationDelegate - Finished Spring Data repository scanning in 6 ms. Found 0 Redis repository interfaces.
2025-11-01 16:20:08.469 [main] INFO  o.springframework.cloud.context.scope.GenericScope - BeanFactory id=0e9b326c-ed31-32e3-b2a6-62149ced797b
2025-11-01 16:20:08.488 [main] INFO  o.s.c.s.PostProcessorRegistrationDelegate$BeanPostProcessorChecker - Bean 'com.quanxiaoha.xiaohashu.user.api.UserFeignApi' of type [org.springframework.cloud.openfeign.FeignClientFactoryBean] is not eligible for getting processed by all BeanPostProcessors (for example: not eligible for auto-proxying)
2025-11-01 16:20:08.711 [main] INFO  o.s.boot.web.embedded.tomcat.TomcatWebServer - Tomcat initialized with port(s): 8080 (http)
2025-11-01 16:20:08.718 [main] INFO  org.apache.catalina.core.StandardService - Starting service [Tomcat]
2025-11-01 16:20:08.718 [main] INFO  org.apache.catalina.core.StandardEngine - Starting Servlet engine: [Apache Tomcat/10.1.5]
2025-11-01 16:20:08.787 [main] INFO  o.a.c.core.ContainerBase.[Tomcat].[localhost].[/] - Initializing Spring embedded WebApplicationContext
2025-11-01 16:20:08.787 [main] INFO  o.s.b.w.s.c.ServletWebServerApplicationContext - Root WebApplicationContext: initialization completed in 854 ms
2025-11-01 16:20:08.848 [main] INFO  c.a.d.s.b.a.DruidDataSourceAutoConfigure - Init DruidDataSource
2025-11-01 16:20:09.017 [main] INFO  com.alibaba.druid.pool.DruidDataSource - {dataSource-1} inited
2025-11-01 16:20:09.339 [main] INFO  o.s.cloud.openfeign.FeignClientFactoryBean - For 'xiaohashu-user' URL not provided. Will try picking an instance via load-balancing.
2025-11-01 16:20:10.161 [main] WARN  o.s.c.l.c.LoadBalancerCacheAutoConfiguration$LoadBalancerCaffeineWarnLogger - Spring Cloud LoadBalancer is currently working with the default cache. While this cache implementation is useful for development and tests, it's recommended to use Caffeine cache in production.You can switch to using Caffeine cache, by adding it and org.springframework.cache.caffeine.CaffeineCacheManager to the classpath.
2025-11-01 16:20:10.239 [main] INFO  o.s.boot.web.embedded.tomcat.TomcatWebServer - Tomcat started on port(s): 8080 (http) with context path ''
2025-11-01 16:20:10.242 [main] INFO  com.alibaba.nacos.client.naming - initializer namespace from ans.namespace attribute : null
2025-11-01 16:20:10.243 [main] INFO  com.alibaba.nacos.client.naming - initializer namespace from ALIBABA_ALIWARE_NAMESPACE attribute :null
2025-11-01 16:20:10.243 [main] INFO  com.alibaba.nacos.client.naming - initializer namespace from namespace attribute :null
2025-11-01 16:20:10.250 [main] INFO  c.a.n.p.auth.spi.client.ClientAuthPluginManager - [ClientAuthPluginManager] Load ClientAuthService com.alibaba.nacos.client.auth.impl.NacosClientAuthServiceImpl success.
2025-11-01 16:20:10.251 [main] INFO  c.a.n.p.auth.spi.client.ClientAuthPluginManager - [ClientAuthPluginManager] Load ClientAuthService com.alibaba.nacos.client.auth.ram.RamClientAuthServiceImpl success.
2025-11-01 16:20:10.254 [main] INFO  com.alibaba.nacos.common.remote.client - [RpcClientFactory] create a new rpc client of c85491dc-b8c7-406c-8694-4c841395b5ed
2025-11-01 16:20:10.255 [main] INFO  com.alibaba.nacos.common.remote.client - [c85491dc-b8c7-406c-8694-4c841395b5ed] RpcClient init, ServerListFactory = com.alibaba.nacos.client.naming.core.ServerListManager
2025-11-01 16:20:10.256 [main] INFO  com.alibaba.nacos.common.remote.client - [c85491dc-b8c7-406c-8694-4c841395b5ed] Registry connection listener to current client:com.alibaba.nacos.client.naming.remote.gprc.redo.NamingGrpcRedoService
2025-11-01 16:20:10.256 [main] INFO  com.alibaba.nacos.common.remote.client - [c85491dc-b8c7-406c-8694-4c841395b5ed] Register server push request handler:com.alibaba.nacos.client.naming.remote.gprc.NamingPushRequestHandler
2025-11-01 16:20:10.257 [main] INFO  com.alibaba.nacos.common.remote.client - [c85491dc-b8c7-406c-8694-4c841395b5ed] Try to connect to server on start up, server: {serverIp = '127.0.0.1', server main port = 8848}
2025-11-01 16:20:10.257 [main] INFO  c.a.nacos.common.remote.client.grpc.GrpcClient - grpc client connection server:127.0.0.1 ip,serverPort:9848,grpcTslConfig:{"sslProvider":"OPENSSL","enableTls":false,"mutualAuthEnable":false,"trustAll":false}
2025-11-01 16:20:10.369 [main] INFO  com.alibaba.nacos.common.remote.client - [c85491dc-b8c7-406c-8694-4c841395b5ed] Success to connect to server [127.0.0.1:8848] on start up, connectionId = 1761985210262_127.0.0.1_9201
2025-11-01 16:20:10.370 [com.alibaba.nacos.client.remote.worker] INFO  com.alibaba.nacos.common.remote.client - [c85491dc-b8c7-406c-8694-4c841395b5ed] Notify connected event to listeners.
2025-11-01 16:20:10.370 [com.alibaba.nacos.client.remote.worker] INFO  com.alibaba.nacos.client.naming - Grpc connection connect
2025-11-01 16:20:10.370 [main] INFO  com.alibaba.nacos.common.remote.client - [c85491dc-b8c7-406c-8694-4c841395b5ed] Register server push request handler:com.alibaba.nacos.common.remote.client.RpcClient$ConnectResetRequestHandler
2025-11-01 16:20:10.370 [main] INFO  com.alibaba.nacos.common.remote.client - [c85491dc-b8c7-406c-8694-4c841395b5ed] Register server push request handler:com.alibaba.nacos.common.remote.client.RpcClient$$Lambda$607/0x0000020801430668
2025-11-01 16:20:10.371 [main] INFO  com.alibaba.nacos.client.naming - [REGISTER-SERVICE] xiaohashu registering service xiaohashu-auth with instance Instance{instanceId='null', ip='192.168.134.1', port=8080, weight=1.0, healthy=true, enabled=true, ephemeral=true, clusterName='DEFAULT', serviceName='null', metadata={IPv6=null, preserved.register.source=SPRING_CLOUD}}
2025-11-01 16:20:10.385 [main] INFO  c.a.cloud.nacos.registry.NacosServiceRegistry - nacos registry, DEFAULT_GROUP xiaohashu-auth 192.168.134.1:8080 register finished
2025-11-01 16:20:10.554 [main] INFO  c.q.xiaohashu.auth.XiaohashuAuthApplication - Started XiaohashuAuthApplication in 4.479 seconds (process running for 4.972)
2025-11-01 16:20:10.557 [main] INFO  com.alibaba.nacos.client.config.impl.CacheData - nacos.cache.data.init.snapshot = true 
2025-11-01 16:20:10.557 [main] INFO  com.alibaba.nacos.client.config.impl.ClientWorker - [fixed-xiaohashu-127.0.0.1_8848] [subscribe] xiaohashu-auth.yaml+DEFAULT_GROUP+xiaohashu
2025-11-01 16:20:10.561 [main] INFO  com.alibaba.nacos.client.config.impl.CacheData - [fixed-xiaohashu-127.0.0.1_8848] [add-listener] ok, tenant=xiaohashu, dataId=xiaohashu-auth.yaml, group=DEFAULT_GROUP, cnt=1
2025-11-01 16:20:10.562 [main] INFO  c.a.cloud.nacos.refresh.NacosContextRefresher - [Nacos Config] Listening config: dataId=xiaohashu-auth.yaml, group=DEFAULT_GROUP
2025-11-01 16:20:10.562 [main] INFO  com.alibaba.nacos.client.config.impl.ClientWorker - [fixed-xiaohashu-127.0.0.1_8848] [subscribe] xiaohashu-auth-dev.yaml+DEFAULT_GROUP+xiaohashu
2025-11-01 16:20:10.562 [main] INFO  com.alibaba.nacos.client.config.impl.CacheData - [fixed-xiaohashu-127.0.0.1_8848] [add-listener] ok, tenant=xiaohashu, dataId=xiaohashu-auth-dev.yaml, group=DEFAULT_GROUP, cnt=1
2025-11-01 16:20:10.562 [main] INFO  c.a.cloud.nacos.refresh.NacosContextRefresher - [Nacos Config] Listening config: dataId=xiaohashu-auth-dev.yaml, group=DEFAULT_GROUP
2025-11-01 16:20:10.563 [main] INFO  com.alibaba.nacos.client.config.impl.ClientWorker - [fixed-xiaohashu-127.0.0.1_8848] [subscribe] xiaohashu-auth+DEFAULT_GROUP+xiaohashu
2025-11-01 16:20:10.563 [main] INFO  com.alibaba.nacos.client.config.impl.CacheData - [fixed-xiaohashu-127.0.0.1_8848] [add-listener] ok, tenant=xiaohashu, dataId=xiaohashu-auth, group=DEFAULT_GROUP, cnt=1
2025-11-01 16:20:10.563 [main] INFO  c.a.cloud.nacos.refresh.NacosContextRefresher - [Nacos Config] Listening config: dataId=xiaohashu-auth, group=DEFAULT_GROUP
2025-11-01 16:23:29.767 [http-nio-8080-exec-1] INFO  o.a.c.core.ContainerBase.[Tomcat].[localhost].[/] - Initializing Spring DispatcherServlet 'dispatcherServlet'
2025-11-01 16:23:29.767 [http-nio-8080-exec-1] INFO  org.springframework.web.servlet.DispatcherServlet - Initializing Servlet 'dispatcherServlet'
2025-11-01 16:23:29.768 [http-nio-8080-exec-1] INFO  org.springframework.web.servlet.DispatcherServlet - Completed initialization in 1 ms
2025-11-01 16:23:29.772 [http-nio-8080-exec-1] INFO  c.q.x.auth.filter.HeaderUserId2ContextFilter - ## HeaderUserId2ContextFilter, 用户 ID: null
2025-11-01 16:23:29.825 [http-nio-8080-exec-1] INFO  c.q.f.b.operationlog.aspect.ApiOperationLogAspect - ====== 请求开始: [发送短信验证码], 入参: {"phone":"13345966871"}, 请求类: VerificationCodeController, 请求方法: send =================================== 
2025-11-01 16:23:30.109 [http-nio-8080-exec-1] INFO  c.q.x.a.service.impl.VerificationCodeServiceImpl - ==> 手机号: 13345966871, 已发送验证码：【812476】
2025-11-01 16:23:30.113 [http-nio-8080-exec-1] INFO  c.q.f.b.operationlog.aspect.ApiOperationLogAspect - ====== 请求结束: [发送短信验证码], 耗时: 288ms, 出参: {"success":true,"message":null,"errorCode":null,"data":null} =================================== 
2025-11-01 16:24:00.044 [http-nio-8080-exec-2] INFO  c.q.x.auth.filter.HeaderUserId2ContextFilter - ## HeaderUserId2ContextFilter, 用户 ID: null
2025-11-01 16:24:00.050 [http-nio-8080-exec-2] INFO  c.q.f.b.operationlog.aspect.ApiOperationLogAspect - ====== 请求开始: [用户登录/注册], 入参: {"phone":"13345966871","code":"812476","password":null,"type":1}, 请求类: UserController, 请求方法: loginAndRegister =================================== 
2025-11-01 16:24:00.314 [http-nio-8080-exec-2] INFO  com.alibaba.nacos.client.naming - [SUBSCRIBE-SERVICE] service:xiaohashu-user, group:DEFAULT_GROUP, clusters: 
2025-11-01 16:24:00.323 [http-nio-8080-exec-2] INFO  com.alibaba.nacos.client.naming - init new ips(1) service: DEFAULT_GROUP@@xiaohashu-user -> [{"ip":"192.168.134.1","port":8082,"weight":1.0,"healthy":true,"enabled":true,"ephemeral":true,"clusterName":"DEFAULT","serviceName":"DEFAULT_GROUP@@xiaohashu-user","metadata":{"preserved.register.source":"SPRING_CLOUD"},"ipDeleteTimeout":30000,"instanceHeartBeatInterval":5000,"instanceHeartBeatTimeOut":15000}]
2025-11-01 16:24:00.323 [http-nio-8080-exec-2] INFO  com.alibaba.nacos.client.naming - current ips:(1) service: DEFAULT_GROUP@@xiaohashu-user -> [{"ip":"192.168.134.1","port":8082,"weight":1.0,"healthy":true,"enabled":true,"ephemeral":true,"clusterName":"DEFAULT","serviceName":"DEFAULT_GROUP@@xiaohashu-user","metadata":{"preserved.register.source":"SPRING_CLOUD"},"ipDeleteTimeout":30000,"instanceHeartBeatInterval":5000,"instanceHeartBeatTimeOut":15000}]
2025-11-01 16:24:00.537 [http-nio-8080-exec-2] INFO  c.q.f.b.operationlog.aspect.ApiOperationLogAspect - ====== 请求结束: [用户登录/注册], 耗时: 487ms, 出参: {"success":true,"message":null,"errorCode":null,"data":"4KGCibwEQjIhTBGDPjLzI0cZI4Xra7Zz8V4HLyhwPAOylo8xX1k25Xm5e3IJ2Q554TCKZnPL7wGNhMUQTAFa35bQksQyte8CMewMdqnwfUWy9WDbHlof16G21gP8fdY7"} =================================== 
2025-11-01 16:24:00.890 [nacos-grpc-client-executor-127.0.0.1-58] INFO  com.alibaba.nacos.common.remote.client - [c85491dc-b8c7-406c-8694-4c841395b5ed] Receive server push request, request = NotifySubscriberRequest, requestId = 9
2025-11-01 16:24:00.890 [nacos-grpc-client-executor-127.0.0.1-58] INFO  com.alibaba.nacos.common.remote.client - [c85491dc-b8c7-406c-8694-4c841395b5ed] Ack server push request, request = NotifySubscriberRequest, requestId = 9
2025-11-01 16:44:15.811 [main] WARN  com.alibaba.nacos.client.logging.NacosLogging - Load Logback Configuration of Nacos fail, message: Could not initialize Logback Nacos logging from classpath:nacos-logback.xml
2025-11-01 16:44:15.845 [main] WARN  com.alibaba.nacos.client.logging.NacosLogging - Load Logback Configuration of Nacos fail, message: Could not initialize Logback Nacos logging from classpath:nacos-logback.xml
2025-11-01 16:44:15.999 [main] WARN  com.alibaba.nacos.client.logging.NacosLogging - Load Logback Configuration of Nacos fail, message: Could not initialize Logback Nacos logging from classpath:nacos-logback.xml
2025-11-01 16:44:16.000 [main] INFO  com.alibaba.nacos.client.utils.ParamUtil - [settings] [req-serv] nacos-server port:8848
2025-11-01 16:44:16.000 [main] INFO  com.alibaba.nacos.client.utils.ParamUtil - [settings] [http-client] connect timeout:1000
2025-11-01 16:44:16.001 [main] INFO  com.alibaba.nacos.client.utils.ParamUtil - PER_TASK_CONFIG_SIZE: 3000.0
2025-11-01 16:44:16.011 [main] INFO  c.a.n.p.auth.spi.client.ClientAuthPluginManager - [ClientAuthPluginManager] Load ClientAuthService com.alibaba.nacos.client.auth.impl.NacosClientAuthServiceImpl success.
2025-11-01 16:44:16.011 [main] INFO  c.a.n.p.auth.spi.client.ClientAuthPluginManager - [ClientAuthPluginManager] Load ClientAuthService com.alibaba.nacos.client.auth.ram.RamClientAuthServiceImpl success.
2025-11-01 16:44:16.016 [main] INFO  c.a.n.client.auth.ram.identify.CredentialWatcher - null No credential found
2025-11-01 16:44:17.265 [main] WARN  com.alibaba.nacos.client.logging.NacosLogging - Load Logback Configuration of Nacos fail, message: Could not initialize Logback Nacos logging from classpath:nacos-logback.xml
2025-11-01 16:44:17.273 [main] INFO  c.a.n.client.config.impl.LocalConfigInfoProcessor - LOCAL_SNAPSHOT_PATH:C:\Users\hp\nacos\config
2025-11-01 16:44:17.274 [main] INFO  com.alibaba.nacos.common.remote.client - [RpcClientFactory] create a new rpc client of 4ea33d0e-ff66-45d1-83fe-c3e5a5c25cca_config-0
2025-11-01 16:44:17.282 [main] INFO  com.alibaba.nacos.common.remote.client - [4ea33d0e-ff66-45d1-83fe-c3e5a5c25cca_config-0] Register server push request handler:com.alibaba.nacos.client.config.impl.ClientWorker$ConfigRpcTransportClient$$Lambda$586/0x000001f83833b140
2025-11-01 16:44:17.282 [main] INFO  com.alibaba.nacos.common.remote.client - [4ea33d0e-ff66-45d1-83fe-c3e5a5c25cca_config-0] Register server push request handler:com.alibaba.nacos.client.config.impl.ClientWorker$ConfigRpcTransportClient$$Lambda$587/0x000001f83833b560
2025-11-01 16:44:17.283 [main] INFO  com.alibaba.nacos.common.remote.client - [4ea33d0e-ff66-45d1-83fe-c3e5a5c25cca_config-0] Registry connection listener to current client:com.alibaba.nacos.client.config.impl.ClientWorker$ConfigRpcTransportClient$1
2025-11-01 16:44:17.283 [main] INFO  com.alibaba.nacos.common.remote.client - [4ea33d0e-ff66-45d1-83fe-c3e5a5c25cca_config-0] RpcClient init, ServerListFactory = com.alibaba.nacos.client.config.impl.ClientWorker$ConfigRpcTransportClient$2
2025-11-01 16:44:17.287 [main] INFO  com.alibaba.nacos.common.remote.client - [4ea33d0e-ff66-45d1-83fe-c3e5a5c25cca_config-0] Try to connect to server on start up, server: {serverIp = '127.0.0.1', server main port = 8848}
2025-11-01 16:44:17.306 [main] INFO  c.a.nacos.common.remote.client.grpc.GrpcClient - grpc client connection server:127.0.0.1 ip,serverPort:9848,grpcTslConfig:{"sslProvider":"OPENSSL","enableTls":false,"mutualAuthEnable":false,"trustAll":false}
2025-11-01 16:44:18.089 [main] INFO  com.alibaba.nacos.common.remote.client - [4ea33d0e-ff66-45d1-83fe-c3e5a5c25cca_config-0] Success to connect to server [127.0.0.1:8848] on start up, connectionId = 1761986657924_127.0.0.1_9950
2025-11-01 16:44:18.090 [com.alibaba.nacos.client.remote.worker] INFO  com.alibaba.nacos.common.remote.client - [4ea33d0e-ff66-45d1-83fe-c3e5a5c25cca_config-0] Notify connected event to listeners.
2025-11-01 16:44:18.090 [com.alibaba.nacos.client.remote.worker] INFO  com.alibaba.nacos.client.config.impl.ClientWorker - [4ea33d0e-ff66-45d1-83fe-c3e5a5c25cca_config-0] Connected,notify listen context...
2025-11-01 16:44:18.090 [main] INFO  com.alibaba.nacos.common.remote.client - [4ea33d0e-ff66-45d1-83fe-c3e5a5c25cca_config-0] Register server push request handler:com.alibaba.nacos.common.remote.client.RpcClient$ConnectResetRequestHandler
2025-11-01 16:44:18.090 [main] INFO  com.alibaba.nacos.common.remote.client - [4ea33d0e-ff66-45d1-83fe-c3e5a5c25cca_config-0] Register server push request handler:com.alibaba.nacos.common.remote.client.RpcClient$$Lambda$607/0x000001f838448f38
2025-11-01 16:44:18.121 [main] INFO  com.alibaba.nacos.client.config.impl.Limiter - limitTime:5.0
2025-11-01 16:44:18.130 [main] INFO  com.alibaba.nacos.client.config.utils.JvmUtil - isMultiInstance:false
2025-11-01 16:44:18.140 [main] WARN  c.a.cloud.nacos.client.NacosPropertySourceBuilder - Ignore the empty nacos configuration and get it based on dataId[xiaohashu-auth.yaml] & group[DEFAULT_GROUP]
2025-11-01 16:44:18.146 [main] INFO  o.s.c.b.c.PropertySourceBootstrapConfiguration - Located property source: [BootstrapPropertySource {name='bootstrapProperties-xiaohashu-auth-dev.yaml,DEFAULT_GROUP'}, BootstrapPropertySource {name='bootstrapProperties-xiaohashu-auth.yaml,DEFAULT_GROUP'}, BootstrapPropertySource {name='bootstrapProperties-xiaohashu-auth,DEFAULT_GROUP'}]
2025-11-01 16:44:18.166 [main] WARN  com.alibaba.nacos.client.logging.NacosLogging - Load Logback Configuration of Nacos fail, message: Could not initialize Logback Nacos logging from classpath:nacos-logback.xml
2025-11-01 16:44:18.167 [main] INFO  c.q.xiaohashu.auth.XiaohashuAuthApplication - The following 1 profile is active: "dev"
2025-11-01 16:44:18.702 [main] INFO  o.s.d.r.config.RepositoryConfigurationDelegate - Multiple Spring Data modules found, entering strict repository configuration mode
2025-11-01 16:44:18.704 [main] INFO  o.s.d.r.config.RepositoryConfigurationDelegate - Bootstrapping Spring Data Redis repositories in DEFAULT mode.
2025-11-01 16:44:18.724 [main] INFO  o.s.d.r.config.RepositoryConfigurationDelegate - Finished Spring Data repository scanning in 8 ms. Found 0 Redis repository interfaces.
2025-11-01 16:44:18.869 [main] INFO  o.springframework.cloud.context.scope.GenericScope - BeanFactory id=0e9b326c-ed31-32e3-b2a6-62149ced797b
2025-11-01 16:44:18.899 [main] INFO  o.s.c.s.PostProcessorRegistrationDelegate$BeanPostProcessorChecker - Bean 'com.quanxiaoha.xiaohashu.user.api.UserFeignApi' of type [org.springframework.cloud.openfeign.FeignClientFactoryBean] is not eligible for getting processed by all BeanPostProcessors (for example: not eligible for auto-proxying)
2025-11-01 16:44:19.202 [main] INFO  o.s.boot.web.embedded.tomcat.TomcatWebServer - Tomcat initialized with port(s): 8080 (http)
2025-11-01 16:44:19.209 [main] INFO  org.apache.catalina.core.StandardService - Starting service [Tomcat]
2025-11-01 16:44:19.209 [main] INFO  org.apache.catalina.core.StandardEngine - Starting Servlet engine: [Apache Tomcat/10.1.5]
2025-11-01 16:44:19.312 [main] INFO  o.a.c.core.ContainerBase.[Tomcat].[localhost].[/] - Initializing Spring embedded WebApplicationContext
2025-11-01 16:44:19.312 [main] INFO  o.s.b.w.s.c.ServletWebServerApplicationContext - Root WebApplicationContext: initialization completed in 1133 ms
2025-11-01 16:44:19.410 [main] INFO  c.a.d.s.b.a.DruidDataSourceAutoConfigure - Init DruidDataSource
2025-11-01 16:44:19.623 [main] INFO  com.alibaba.druid.pool.DruidDataSource - {dataSource-1} inited
2025-11-01 16:44:20.036 [main] INFO  o.s.cloud.openfeign.FeignClientFactoryBean - For 'xiaohashu-user' URL not provided. Will try picking an instance via load-balancing.
2025-11-01 16:44:21.591 [main] INFO  org.springframework.cloud.commons.util.InetUtils - Cannot determine local hostname
2025-11-01 16:44:23.218 [main] INFO  org.springframework.cloud.commons.util.InetUtils - Cannot determine local hostname
2025-11-01 16:44:23.234 [main] WARN  o.s.c.l.c.LoadBalancerCacheAutoConfiguration$LoadBalancerCaffeineWarnLogger - Spring Cloud LoadBalancer is currently working with the default cache. While this cache implementation is useful for development and tests, it's recommended to use Caffeine cache in production.You can switch to using Caffeine cache, by adding it and org.springframework.cache.caffeine.CaffeineCacheManager to the classpath.
2025-11-01 16:44:23.299 [main] INFO  o.s.boot.web.embedded.tomcat.TomcatWebServer - Tomcat started on port(s): 8080 (http) with context path ''
2025-11-01 16:44:23.302 [main] INFO  com.alibaba.nacos.client.naming - initializer namespace from ans.namespace attribute : null
2025-11-01 16:44:23.302 [main] INFO  com.alibaba.nacos.client.naming - initializer namespace from ALIBABA_ALIWARE_NAMESPACE attribute :null
2025-11-01 16:44:23.302 [main] INFO  com.alibaba.nacos.client.naming - initializer namespace from namespace attribute :null
2025-11-01 16:44:23.306 [main] INFO  c.a.n.p.auth.spi.client.ClientAuthPluginManager - [ClientAuthPluginManager] Load ClientAuthService com.alibaba.nacos.client.auth.impl.NacosClientAuthServiceImpl success.
2025-11-01 16:44:23.306 [main] INFO  c.a.n.p.auth.spi.client.ClientAuthPluginManager - [ClientAuthPluginManager] Load ClientAuthService com.alibaba.nacos.client.auth.ram.RamClientAuthServiceImpl success.
2025-11-01 16:44:23.309 [main] INFO  com.alibaba.nacos.common.remote.client - [RpcClientFactory] create a new rpc client of cd0a14fc-2847-4c09-b956-9a75c506a600
2025-11-01 16:44:23.310 [main] INFO  com.alibaba.nacos.common.remote.client - [cd0a14fc-2847-4c09-b956-9a75c506a600] RpcClient init, ServerListFactory = com.alibaba.nacos.client.naming.core.ServerListManager
2025-11-01 16:44:23.310 [main] INFO  com.alibaba.nacos.common.remote.client - [cd0a14fc-2847-4c09-b956-9a75c506a600] Registry connection listener to current client:com.alibaba.nacos.client.naming.remote.gprc.redo.NamingGrpcRedoService
2025-11-01 16:44:23.311 [main] INFO  com.alibaba.nacos.common.remote.client - [cd0a14fc-2847-4c09-b956-9a75c506a600] Register server push request handler:com.alibaba.nacos.client.naming.remote.gprc.NamingPushRequestHandler
2025-11-01 16:44:23.311 [main] INFO  com.alibaba.nacos.common.remote.client - [cd0a14fc-2847-4c09-b956-9a75c506a600] Try to connect to server on start up, server: {serverIp = '127.0.0.1', server main port = 8848}
2025-11-01 16:44:23.312 [main] INFO  c.a.nacos.common.remote.client.grpc.GrpcClient - grpc client connection server:127.0.0.1 ip,serverPort:9848,grpcTslConfig:{"sslProvider":"OPENSSL","enableTls":false,"mutualAuthEnable":false,"trustAll":false}
2025-11-01 16:44:23.438 [main] INFO  com.alibaba.nacos.common.remote.client - [cd0a14fc-2847-4c09-b956-9a75c506a600] Success to connect to server [127.0.0.1:8848] on start up, connectionId = 1761986663318_127.0.0.1_9961
2025-11-01 16:44:23.438 [com.alibaba.nacos.client.remote.worker] INFO  com.alibaba.nacos.common.remote.client - [cd0a14fc-2847-4c09-b956-9a75c506a600] Notify connected event to listeners.
2025-11-01 16:44:23.438 [main] INFO  com.alibaba.nacos.common.remote.client - [cd0a14fc-2847-4c09-b956-9a75c506a600] Register server push request handler:com.alibaba.nacos.common.remote.client.RpcClient$ConnectResetRequestHandler
2025-11-01 16:44:23.438 [com.alibaba.nacos.client.remote.worker] INFO  com.alibaba.nacos.client.naming - Grpc connection connect
2025-11-01 16:44:23.438 [main] INFO  com.alibaba.nacos.common.remote.client - [cd0a14fc-2847-4c09-b956-9a75c506a600] Register server push request handler:com.alibaba.nacos.common.remote.client.RpcClient$$Lambda$607/0x000001f838448f38
2025-11-01 16:44:23.439 [main] INFO  com.alibaba.nacos.client.naming - [REGISTER-SERVICE] xiaohashu registering service xiaohashu-auth with instance Instance{instanceId='null', ip='192.168.134.1', port=8080, weight=1.0, healthy=true, enabled=true, ephemeral=true, clusterName='DEFAULT', serviceName='null', metadata={IPv6=null, preserved.register.source=SPRING_CLOUD}}
2025-11-01 16:44:23.447 [main] INFO  c.a.cloud.nacos.registry.NacosServiceRegistry - nacos registry, DEFAULT_GROUP xiaohashu-auth 192.168.134.1:8080 register finished
2025-11-01 16:44:24.619 [main] INFO  org.springframework.cloud.commons.util.InetUtils - Cannot determine local hostname
2025-11-01 16:44:24.635 [main] INFO  c.q.xiaohashu.auth.XiaohashuAuthApplication - Started XiaohashuAuthApplication in 10.35 seconds (process running for 10.967)
2025-11-01 16:44:24.637 [main] INFO  com.alibaba.nacos.client.config.impl.CacheData - nacos.cache.data.init.snapshot = true 
2025-11-01 16:44:24.637 [main] INFO  com.alibaba.nacos.client.config.impl.ClientWorker - [fixed-xiaohashu-127.0.0.1_8848] [subscribe] xiaohashu-auth.yaml+DEFAULT_GROUP+xiaohashu
2025-11-01 16:44:24.641 [main] INFO  com.alibaba.nacos.client.config.impl.CacheData - [fixed-xiaohashu-127.0.0.1_8848] [add-listener] ok, tenant=xiaohashu, dataId=xiaohashu-auth.yaml, group=DEFAULT_GROUP, cnt=1
2025-11-01 16:44:24.641 [main] INFO  c.a.cloud.nacos.refresh.NacosContextRefresher - [Nacos Config] Listening config: dataId=xiaohashu-auth.yaml, group=DEFAULT_GROUP
2025-11-01 16:44:24.643 [main] INFO  com.alibaba.nacos.client.config.impl.ClientWorker - [fixed-xiaohashu-127.0.0.1_8848] [subscribe] xiaohashu-auth-dev.yaml+DEFAULT_GROUP+xiaohashu
2025-11-01 16:44:24.643 [main] INFO  com.alibaba.nacos.client.config.impl.CacheData - [fixed-xiaohashu-127.0.0.1_8848] [add-listener] ok, tenant=xiaohashu, dataId=xiaohashu-auth-dev.yaml, group=DEFAULT_GROUP, cnt=1
2025-11-01 16:44:24.643 [main] INFO  c.a.cloud.nacos.refresh.NacosContextRefresher - [Nacos Config] Listening config: dataId=xiaohashu-auth-dev.yaml, group=DEFAULT_GROUP
2025-11-01 16:44:24.643 [main] INFO  com.alibaba.nacos.client.config.impl.ClientWorker - [fixed-xiaohashu-127.0.0.1_8848] [subscribe] xiaohashu-auth+DEFAULT_GROUP+xiaohashu
2025-11-01 16:44:24.643 [main] INFO  com.alibaba.nacos.client.config.impl.CacheData - [fixed-xiaohashu-127.0.0.1_8848] [add-listener] ok, tenant=xiaohashu, dataId=xiaohashu-auth, group=DEFAULT_GROUP, cnt=1
2025-11-01 16:44:24.643 [main] INFO  c.a.cloud.nacos.refresh.NacosContextRefresher - [Nacos Config] Listening config: dataId=xiaohashu-auth, group=DEFAULT_GROUP
2025-11-01 16:49:01.607 [http-nio-8080-exec-1] INFO  o.a.c.core.ContainerBase.[Tomcat].[localhost].[/] - Initializing Spring DispatcherServlet 'dispatcherServlet'
2025-11-01 16:49:01.608 [http-nio-8080-exec-1] INFO  org.springframework.web.servlet.DispatcherServlet - Initializing Servlet 'dispatcherServlet'
2025-11-01 16:49:01.608 [http-nio-8080-exec-1] INFO  org.springframework.web.servlet.DispatcherServlet - Completed initialization in 0 ms
2025-11-01 16:49:01.612 [http-nio-8080-exec-1] INFO  c.q.x.auth.filter.HeaderUserId2ContextFilter - ## HeaderUserId2ContextFilter, 用户 ID: 10
2025-11-01 16:49:01.612 [http-nio-8080-exec-1] INFO  c.q.x.auth.filter.HeaderUserId2ContextFilter - ===== 设置 userId 到 ThreadLocal 中， 用户 ID: 10
2025-11-01 16:49:01.623 [http-nio-8080-exec-1] ERROR c.q.x.auth.exception.GlobalExceptionHandler - /password/update request error, 
org.springframework.web.HttpRequestMethodNotSupportedException: Request method 'GET' is not supported
	at org.springframework.web.servlet.mvc.method.RequestMappingInfoHandlerMapping.handleNoMatch(RequestMappingInfoHandlerMapping.java:265)
	at org.springframework.web.servlet.handler.AbstractHandlerMethodMapping.lookupHandlerMethod(AbstractHandlerMethodMapping.java:441)
	at org.springframework.web.servlet.handler.AbstractHandlerMethodMapping.getHandlerInternal(AbstractHandlerMethodMapping.java:382)
	at org.springframework.web.servlet.mvc.method.RequestMappingInfoHandlerMapping.getHandlerInternal(RequestMappingInfoHandlerMapping.java:126)
	at org.springframework.web.servlet.mvc.method.RequestMappingInfoHandlerMapping.getHandlerInternal(RequestMappingInfoHandlerMapping.java:68)
	at org.springframework.web.servlet.handler.AbstractHandlerMapping.getHandler(AbstractHandlerMapping.java:504)
	at org.springframework.web.servlet.DispatcherServlet.getHandler(DispatcherServlet.java:1274)
	at org.springframework.web.servlet.DispatcherServlet.doDispatch(DispatcherServlet.java:1056)
	at org.springframework.web.servlet.DispatcherServlet.doService(DispatcherServlet.java:973)
	at org.springframework.web.servlet.FrameworkServlet.processRequest(FrameworkServlet.java:1011)
	at org.springframework.web.servlet.FrameworkServlet.doGet(FrameworkServlet.java:903)
	at jakarta.servlet.http.HttpServlet.service(HttpServlet.java:527)
	at org.springframework.web.servlet.FrameworkServlet.service(FrameworkServlet.java:885)
	at jakarta.servlet.http.HttpServlet.service(HttpServlet.java:614)
	at org.apache.catalina.core.ApplicationFilterChain.internalDoFilter(ApplicationFilterChain.java:223)
	at org.apache.catalina.core.ApplicationFilterChain.doFilter(ApplicationFilterChain.java:158)
	at org.apache.tomcat.websocket.server.WsFilter.doFilter(WsFilter.java:53)
	at org.apache.catalina.core.ApplicationFilterChain.internalDoFilter(ApplicationFilterChain.java:185)
	at org.apache.catalina.core.ApplicationFilterChain.doFilter(ApplicationFilterChain.java:158)
	at com.quanxiaoha.xiaohashu.auth.filter.HeaderUserId2ContextFilter.doFilterInternal(HeaderUserId2ContextFilter.java:46)
	at org.springframework.web.filter.OncePerRequestFilter.doFilter(OncePerRequestFilter.java:116)
	at org.apache.catalina.core.ApplicationFilterChain.internalDoFilter(ApplicationFilterChain.java:185)
	at org.apache.catalina.core.ApplicationFilterChain.doFilter(ApplicationFilterChain.java:158)
	at com.alibaba.druid.support.jakarta.WebStatFilter.doFilter(WebStatFilter.java:113)
	at org.apache.catalina.core.ApplicationFilterChain.internalDoFilter(ApplicationFilterChain.java:185)
	at org.apache.catalina.core.ApplicationFilterChain.doFilter(ApplicationFilterChain.java:158)
	at org.springframework.web.filter.RequestContextFilter.doFilterInternal(RequestContextFilter.java:100)
	at org.springframework.web.filter.OncePerRequestFilter.doFilter(OncePerRequestFilter.java:116)
	at org.apache.catalina.core.ApplicationFilterChain.internalDoFilter(ApplicationFilterChain.java:185)
	at org.apache.catalina.core.ApplicationFilterChain.doFilter(ApplicationFilterChain.java:158)
	at cn.dev33.satoken.filter.SaPathCheckFilterForJakartaServlet.doFilter(SaPathCheckFilterForJakartaServlet.java:55)
	at org.apache.catalina.core.ApplicationFilterChain.internalDoFilter(ApplicationFilterChain.java:185)
	at org.apache.catalina.core.ApplicationFilterChain.doFilter(ApplicationFilterChain.java:158)
	at org.springframework.web.filter.FormContentFilter.doFilterInternal(FormContentFilter.java:93)
	at org.springframework.web.filter.OncePerRequestFilter.doFilter(OncePerRequestFilter.java:116)
	at org.apache.catalina.core.ApplicationFilterChain.internalDoFilter(ApplicationFilterChain.java:185)
	at org.apache.catalina.core.ApplicationFilterChain.doFilter(ApplicationFilterChain.java:158)
	at org.springframework.web.filter.CharacterEncodingFilter.doFilterInternal(CharacterEncodingFilter.java:201)
	at org.springframework.web.filter.OncePerRequestFilter.doFilter(OncePerRequestFilter.java:116)
	at org.apache.catalina.core.ApplicationFilterChain.internalDoFilter(ApplicationFilterChain.java:185)
	at org.apache.catalina.core.ApplicationFilterChain.doFilter(ApplicationFilterChain.java:158)
	at org.apache.catalina.core.StandardWrapperValve.invoke(StandardWrapperValve.java:177)
	at org.apache.catalina.core.StandardContextValve.invoke(StandardContextValve.java:97)
	at org.apache.catalina.authenticator.AuthenticatorBase.invoke(AuthenticatorBase.java:542)
	at org.apache.catalina.core.StandardHostValve.invoke(StandardHostValve.java:119)
	at org.apache.catalina.valves.ErrorReportValve.invoke(ErrorReportValve.java:92)
	at org.apache.catalina.core.StandardEngineValve.invoke(StandardEngineValve.java:78)
	at org.apache.catalina.connector.CoyoteAdapter.service(CoyoteAdapter.java:357)
	at org.apache.coyote.http11.Http11Processor.service(Http11Processor.java:400)
	at org.apache.coyote.AbstractProcessorLight.process(AbstractProcessorLight.java:65)
	at org.apache.coyote.AbstractProtocol$ConnectionHandler.process(AbstractProtocol.java:859)
	at org.apache.tomcat.util.net.NioEndpoint$SocketProcessor.doRun(NioEndpoint.java:1734)
	at org.apache.tomcat.util.net.SocketProcessorBase.run(SocketProcessorBase.java:52)
	at org.apache.tomcat.util.threads.ThreadPoolExecutor.runWorker(ThreadPoolExecutor.java:1191)
	at org.apache.tomcat.util.threads.ThreadPoolExecutor$Worker.run(ThreadPoolExecutor.java:659)
	at org.apache.tomcat.util.threads.TaskThread$WrappingRunnable.run(TaskThread.java:61)
	at java.base/java.lang.Thread.run(Thread.java:842)
2025-11-01 16:49:01.642 [http-nio-8080-exec-1] INFO  c.q.x.auth.filter.HeaderUserId2ContextFilter - ===== 删除 ThreadLocal， userId: 10
2025-11-01 16:49:09.687 [http-nio-8080-exec-3] INFO  c.q.x.auth.filter.HeaderUserId2ContextFilter - ## HeaderUserId2ContextFilter, 用户 ID: 10
2025-11-01 16:49:09.687 [http-nio-8080-exec-3] INFO  c.q.x.auth.filter.HeaderUserId2ContextFilter - ===== 设置 userId 到 ThreadLocal 中， 用户 ID: 10
2025-11-01 16:49:09.731 [http-nio-8080-exec-3] INFO  c.q.f.b.operationlog.aspect.ApiOperationLogAspect - ====== 请求开始: [修改密码], 入参: {"newPassword":"123456"}, 请求类: UserController, 请求方法: updatePassword =================================== 
2025-11-01 16:49:09.894 [http-nio-8080-exec-3] INFO  c.q.f.b.operationlog.aspect.ApiOperationLogAspect - ====== 请求结束: [修改密码], 耗时: 164ms, 出参: {"success":true,"message":null,"errorCode":null,"data":null} =================================== 
2025-11-01 16:49:09.896 [http-nio-8080-exec-3] INFO  c.q.x.auth.filter.HeaderUserId2ContextFilter - ===== 删除 ThreadLocal， userId: 10
2025-11-01 16:50:28.508 [http-nio-8080-exec-4] INFO  c.q.x.auth.filter.HeaderUserId2ContextFilter - ## HeaderUserId2ContextFilter, 用户 ID: null
2025-11-01 16:50:28.515 [http-nio-8080-exec-4] INFO  c.q.f.b.operationlog.aspect.ApiOperationLogAspect - ====== 请求开始: [用户登录/注册], 入参: {"phone":"13345966871","code":null,"password":"123456","type":2}, 请求类: UserController, 请求方法: loginAndRegister =================================== 
2025-11-01 16:50:28.560 [http-nio-8080-exec-4] INFO  com.alibaba.nacos.client.naming - [SUBSCRIBE-SERVICE] service:xiaohashu-user, group:DEFAULT_GROUP, clusters: 
2025-11-01 16:50:28.569 [http-nio-8080-exec-4] INFO  com.alibaba.nacos.client.naming - init new ips(1) service: DEFAULT_GROUP@@xiaohashu-user -> [{"ip":"192.168.134.1","port":8082,"weight":1.0,"healthy":true,"enabled":true,"ephemeral":true,"clusterName":"DEFAULT","serviceName":"DEFAULT_GROUP@@xiaohashu-user","metadata":{"preserved.register.source":"SPRING_CLOUD"},"instanceHeartBeatTimeOut":15000,"instanceHeartBeatInterval":5000,"ipDeleteTimeout":30000}]
2025-11-01 16:50:28.571 [http-nio-8080-exec-4] INFO  com.alibaba.nacos.client.naming - current ips:(1) service: DEFAULT_GROUP@@xiaohashu-user -> [{"ip":"192.168.134.1","port":8082,"weight":1.0,"healthy":true,"enabled":true,"ephemeral":true,"clusterName":"DEFAULT","serviceName":"DEFAULT_GROUP@@xiaohashu-user","metadata":{"preserved.register.source":"SPRING_CLOUD"},"instanceHeartBeatTimeOut":15000,"instanceHeartBeatInterval":5000,"ipDeleteTimeout":30000}]
2025-11-01 16:50:29.075 [nacos-grpc-client-executor-127.0.0.1-86] INFO  com.alibaba.nacos.common.remote.client - [cd0a14fc-2847-4c09-b956-9a75c506a600] Receive server push request, request = NotifySubscriberRequest, requestId = 12
2025-11-01 16:50:29.076 [nacos-grpc-client-executor-127.0.0.1-86] INFO  com.alibaba.nacos.common.remote.client - [cd0a14fc-2847-4c09-b956-9a75c506a600] Ack server push request, request = NotifySubscriberRequest, requestId = 12
2025-11-01 16:50:29.207 [http-nio-8080-exec-4] INFO  c.q.f.b.operationlog.aspect.ApiOperationLogAspect - ====== 请求结束: [用户登录/注册], 耗时: 693ms, 出参: {"success":true,"message":null,"errorCode":null,"data":"4KGCibwEQjIhTBGDPjLzI0cZI4Xra7Zz8V4HLyhwPAOylo8xX1k25Xm5e3IJ2Q554TCKZnPL7wGNhMUQTAFa35bQksQyte8CMewMdqnwfUWy9WDbHlof16G21gP8fdY7"} =================================== 
2025-11-01 17:10:20.119 [main] WARN  com.alibaba.nacos.client.logging.NacosLogging - Load Logback Configuration of Nacos fail, message: Could not initialize Logback Nacos logging from classpath:nacos-logback.xml
2025-11-01 17:10:20.158 [main] WARN  com.alibaba.nacos.client.logging.NacosLogging - Load Logback Configuration of Nacos fail, message: Could not initialize Logback Nacos logging from classpath:nacos-logback.xml
2025-11-01 17:10:20.347 [main] WARN  com.alibaba.nacos.client.logging.NacosLogging - Load Logback Configuration of Nacos fail, message: Could not initialize Logback Nacos logging from classpath:nacos-logback.xml
2025-11-01 17:10:20.349 [main] INFO  com.alibaba.nacos.client.utils.ParamUtil - [settings] [req-serv] nacos-server port:8848
2025-11-01 17:10:20.349 [main] INFO  com.alibaba.nacos.client.utils.ParamUtil - [settings] [http-client] connect timeout:1000
2025-11-01 17:10:20.350 [main] INFO  com.alibaba.nacos.client.utils.ParamUtil - PER_TASK_CONFIG_SIZE: 3000.0
2025-11-01 17:10:20.363 [main] INFO  c.a.n.p.auth.spi.client.ClientAuthPluginManager - [ClientAuthPluginManager] Load ClientAuthService com.alibaba.nacos.client.auth.impl.NacosClientAuthServiceImpl success.
2025-11-01 17:10:20.363 [main] INFO  c.a.n.p.auth.spi.client.ClientAuthPluginManager - [ClientAuthPluginManager] Load ClientAuthService com.alibaba.nacos.client.auth.ram.RamClientAuthServiceImpl success.
2025-11-01 17:10:20.368 [main] INFO  c.a.n.client.auth.ram.identify.CredentialWatcher - null No credential found
2025-11-01 17:10:21.646 [main] WARN  com.alibaba.nacos.client.logging.NacosLogging - Load Logback Configuration of Nacos fail, message: Could not initialize Logback Nacos logging from classpath:nacos-logback.xml
2025-11-01 17:10:21.654 [main] INFO  c.a.n.client.config.impl.LocalConfigInfoProcessor - LOCAL_SNAPSHOT_PATH:C:\Users\hp\nacos\config
2025-11-01 17:10:21.656 [main] INFO  com.alibaba.nacos.common.remote.client - [RpcClientFactory] create a new rpc client of 744e02af-224e-4176-b355-2456085299e9_config-0
2025-11-01 17:10:21.664 [main] INFO  com.alibaba.nacos.common.remote.client - [744e02af-224e-4176-b355-2456085299e9_config-0] Register server push request handler:com.alibaba.nacos.client.config.impl.ClientWorker$ConfigRpcTransportClient$$Lambda$586/0x000002089733baf8
2025-11-01 17:10:21.664 [main] INFO  com.alibaba.nacos.common.remote.client - [744e02af-224e-4176-b355-2456085299e9_config-0] Register server push request handler:com.alibaba.nacos.client.config.impl.ClientWorker$ConfigRpcTransportClient$$Lambda$587/0x000002089733bf18
2025-11-01 17:10:21.664 [main] INFO  com.alibaba.nacos.common.remote.client - [744e02af-224e-4176-b355-2456085299e9_config-0] Registry connection listener to current client:com.alibaba.nacos.client.config.impl.ClientWorker$ConfigRpcTransportClient$1
2025-11-01 17:10:21.665 [main] INFO  com.alibaba.nacos.common.remote.client - [744e02af-224e-4176-b355-2456085299e9_config-0] RpcClient init, ServerListFactory = com.alibaba.nacos.client.config.impl.ClientWorker$ConfigRpcTransportClient$2
2025-11-01 17:10:21.669 [main] INFO  com.alibaba.nacos.common.remote.client - [744e02af-224e-4176-b355-2456085299e9_config-0] Try to connect to server on start up, server: {serverIp = '127.0.0.1', server main port = 8848}
2025-11-01 17:10:21.690 [main] INFO  c.a.nacos.common.remote.client.grpc.GrpcClient - grpc client connection server:127.0.0.1 ip,serverPort:9848,grpcTslConfig:{"sslProvider":"OPENSSL","enableTls":false,"mutualAuthEnable":false,"trustAll":false}
2025-11-01 17:10:22.312 [main] INFO  com.alibaba.nacos.common.remote.client - [744e02af-224e-4176-b355-2456085299e9_config-0] Success to connect to server [127.0.0.1:8848] on start up, connectionId = 1761988222156_127.0.0.1_10578
2025-11-01 17:10:22.312 [com.alibaba.nacos.client.remote.worker] INFO  com.alibaba.nacos.common.remote.client - [744e02af-224e-4176-b355-2456085299e9_config-0] Notify connected event to listeners.
2025-11-01 17:10:22.313 [com.alibaba.nacos.client.remote.worker] INFO  com.alibaba.nacos.client.config.impl.ClientWorker - [744e02af-224e-4176-b355-2456085299e9_config-0] Connected,notify listen context...
2025-11-01 17:10:22.313 [main] INFO  com.alibaba.nacos.common.remote.client - [744e02af-224e-4176-b355-2456085299e9_config-0] Register server push request handler:com.alibaba.nacos.common.remote.client.RpcClient$ConnectResetRequestHandler
2025-11-01 17:10:22.313 [main] INFO  com.alibaba.nacos.common.remote.client - [744e02af-224e-4176-b355-2456085299e9_config-0] Register server push request handler:com.alibaba.nacos.common.remote.client.RpcClient$$Lambda$607/0x0000020897448f38
2025-11-01 17:10:22.329 [main] INFO  com.alibaba.nacos.client.config.impl.Limiter - limitTime:5.0
2025-11-01 17:10:22.336 [main] INFO  com.alibaba.nacos.client.config.utils.JvmUtil - isMultiInstance:false
2025-11-01 17:10:22.344 [main] WARN  c.a.cloud.nacos.client.NacosPropertySourceBuilder - Ignore the empty nacos configuration and get it based on dataId[xiaohashu-auth.yaml] & group[DEFAULT_GROUP]
2025-11-01 17:10:22.349 [main] INFO  o.s.c.b.c.PropertySourceBootstrapConfiguration - Located property source: [BootstrapPropertySource {name='bootstrapProperties-xiaohashu-auth-dev.yaml,DEFAULT_GROUP'}, BootstrapPropertySource {name='bootstrapProperties-xiaohashu-auth.yaml,DEFAULT_GROUP'}, BootstrapPropertySource {name='bootstrapProperties-xiaohashu-auth,DEFAULT_GROUP'}]
2025-11-01 17:10:22.368 [main] WARN  com.alibaba.nacos.client.logging.NacosLogging - Load Logback Configuration of Nacos fail, message: Could not initialize Logback Nacos logging from classpath:nacos-logback.xml
2025-11-01 17:10:22.368 [main] INFO  c.q.xiaohashu.auth.XiaohashuAuthApplication - The following 1 profile is active: "dev"
2025-11-01 17:10:22.764 [main] INFO  o.s.d.r.config.RepositoryConfigurationDelegate - Multiple Spring Data modules found, entering strict repository configuration mode
2025-11-01 17:10:22.765 [main] INFO  o.s.d.r.config.RepositoryConfigurationDelegate - Bootstrapping Spring Data Redis repositories in DEFAULT mode.
2025-11-01 17:10:22.778 [main] INFO  o.s.d.r.config.RepositoryConfigurationDelegate - Finished Spring Data repository scanning in 5 ms. Found 0 Redis repository interfaces.
2025-11-01 17:10:22.861 [main] INFO  o.springframework.cloud.context.scope.GenericScope - BeanFactory id=4b54d012-f580-339f-8b90-c1e2499634c9
2025-11-01 17:10:22.871 [main] INFO  o.s.c.s.PostProcessorRegistrationDelegate$BeanPostProcessorChecker - Bean 'com.quanxiaoha.xiaohashu.user.api.UserFeignApi' of type [org.springframework.cloud.openfeign.FeignClientFactoryBean] is not eligible for getting processed by all BeanPostProcessors (for example: not eligible for auto-proxying)
2025-11-01 17:10:23.100 [main] INFO  o.s.boot.web.embedded.tomcat.TomcatWebServer - Tomcat initialized with port(s): 8080 (http)
2025-11-01 17:10:23.105 [main] INFO  org.apache.catalina.core.StandardService - Starting service [Tomcat]
2025-11-01 17:10:23.106 [main] INFO  org.apache.catalina.core.StandardEngine - Starting Servlet engine: [Apache Tomcat/10.1.5]
2025-11-01 17:10:23.176 [main] INFO  o.a.c.core.ContainerBase.[Tomcat].[localhost].[/] - Initializing Spring embedded WebApplicationContext
2025-11-01 17:10:23.176 [main] INFO  o.s.b.w.s.c.ServletWebServerApplicationContext - Root WebApplicationContext: initialization completed in 798 ms
2025-11-01 17:10:23.325 [main] WARN  o.s.b.w.s.c.AnnotationConfigServletWebServerApplicationContext - Exception encountered during context initialization - cancelling refresh attempt: org.springframework.beans.factory.BeanCreationException: Error creating bean with name 'authController': Injection of resource dependencies failed
2025-11-01 17:10:23.334 [main] INFO  org.apache.catalina.core.StandardService - Stopping service [Tomcat]
2025-11-01 17:10:23.343 [main] INFO  o.s.b.a.logging.ConditionEvaluationReportLogger - 

Error starting ApplicationContext. To display the condition evaluation report re-run your application with 'debug' enabled.
2025-11-01 17:10:23.361 [main] ERROR o.s.b.diagnostics.LoggingFailureAnalysisReporter - 

***************************
APPLICATION FAILED TO START
***************************

Description:

A component required a bean of type 'org.springframework.transaction.support.TransactionTemplate' that could not be found.


Action:

Consider defining a bean of type 'org.springframework.transaction.support.TransactionTemplate' in your configuration.

2025-11-01 17:10:24.235 [Thread-2] WARN  c.alibaba.nacos.common.http.HttpClientBeanHolder - [HttpClientBeanHolder] Start destroying common HttpClient
2025-11-01 17:10:24.235 [Thread-9] WARN  com.alibaba.nacos.common.notify.NotifyCenter - [NotifyCenter] Start destroying Publisher
2025-11-01 17:10:24.235 [Thread-9] WARN  com.alibaba.nacos.common.notify.NotifyCenter - [NotifyCenter] Destruction of the end
2025-11-01 17:10:58.702 [main] WARN  com.alibaba.nacos.client.logging.NacosLogging - Load Logback Configuration of Nacos fail, message: Could not initialize Logback Nacos logging from classpath:nacos-logback.xml
2025-11-01 17:10:58.735 [main] WARN  com.alibaba.nacos.client.logging.NacosLogging - Load Logback Configuration of Nacos fail, message: Could not initialize Logback Nacos logging from classpath:nacos-logback.xml
2025-11-01 17:10:58.873 [main] WARN  com.alibaba.nacos.client.logging.NacosLogging - Load Logback Configuration of Nacos fail, message: Could not initialize Logback Nacos logging from classpath:nacos-logback.xml
2025-11-01 17:10:58.874 [main] INFO  com.alibaba.nacos.client.utils.ParamUtil - [settings] [req-serv] nacos-server port:8848
2025-11-01 17:10:58.874 [main] INFO  com.alibaba.nacos.client.utils.ParamUtil - [settings] [http-client] connect timeout:1000
2025-11-01 17:10:58.875 [main] INFO  com.alibaba.nacos.client.utils.ParamUtil - PER_TASK_CONFIG_SIZE: 3000.0
2025-11-01 17:10:58.884 [main] INFO  c.a.n.p.auth.spi.client.ClientAuthPluginManager - [ClientAuthPluginManager] Load ClientAuthService com.alibaba.nacos.client.auth.impl.NacosClientAuthServiceImpl success.
2025-11-01 17:10:58.885 [main] INFO  c.a.n.p.auth.spi.client.ClientAuthPluginManager - [ClientAuthPluginManager] Load ClientAuthService com.alibaba.nacos.client.auth.ram.RamClientAuthServiceImpl success.
2025-11-01 17:10:58.889 [main] INFO  c.a.n.client.auth.ram.identify.CredentialWatcher - null No credential found
2025-11-01 17:11:00.112 [main] WARN  com.alibaba.nacos.client.logging.NacosLogging - Load Logback Configuration of Nacos fail, message: Could not initialize Logback Nacos logging from classpath:nacos-logback.xml
2025-11-01 17:11:00.119 [main] INFO  c.a.n.client.config.impl.LocalConfigInfoProcessor - LOCAL_SNAPSHOT_PATH:C:\Users\hp\nacos\config
2025-11-01 17:11:00.121 [main] INFO  com.alibaba.nacos.common.remote.client - [RpcClientFactory] create a new rpc client of 949c7d67-ffba-4ac9-91ff-9a1cbebc6af2_config-0
2025-11-01 17:11:00.128 [main] INFO  com.alibaba.nacos.common.remote.client - [949c7d67-ffba-4ac9-91ff-9a1cbebc6af2_config-0] Register server push request handler:com.alibaba.nacos.client.config.impl.ClientWorker$ConfigRpcTransportClient$$Lambda$586/0x000002e20133ab10
2025-11-01 17:11:00.128 [main] INFO  com.alibaba.nacos.common.remote.client - [949c7d67-ffba-4ac9-91ff-9a1cbebc6af2_config-0] Register server push request handler:com.alibaba.nacos.client.config.impl.ClientWorker$ConfigRpcTransportClient$$Lambda$587/0x000002e20133af30
2025-11-01 17:11:00.129 [main] INFO  com.alibaba.nacos.common.remote.client - [949c7d67-ffba-4ac9-91ff-9a1cbebc6af2_config-0] Registry connection listener to current client:com.alibaba.nacos.client.config.impl.ClientWorker$ConfigRpcTransportClient$1
2025-11-01 17:11:00.129 [main] INFO  com.alibaba.nacos.common.remote.client - [949c7d67-ffba-4ac9-91ff-9a1cbebc6af2_config-0] RpcClient init, ServerListFactory = com.alibaba.nacos.client.config.impl.ClientWorker$ConfigRpcTransportClient$2
2025-11-01 17:11:00.133 [main] INFO  com.alibaba.nacos.common.remote.client - [949c7d67-ffba-4ac9-91ff-9a1cbebc6af2_config-0] Try to connect to server on start up, server: {serverIp = '127.0.0.1', server main port = 8848}
2025-11-01 17:11:00.153 [main] INFO  c.a.nacos.common.remote.client.grpc.GrpcClient - grpc client connection server:127.0.0.1 ip,serverPort:9848,grpcTslConfig:{"sslProvider":"OPENSSL","enableTls":false,"mutualAuthEnable":false,"trustAll":false}
2025-11-01 17:11:00.735 [main] INFO  com.alibaba.nacos.common.remote.client - [949c7d67-ffba-4ac9-91ff-9a1cbebc6af2_config-0] Success to connect to server [127.0.0.1:8848] on start up, connectionId = 1761988260589_127.0.0.1_10604
2025-11-01 17:11:00.735 [com.alibaba.nacos.client.remote.worker] INFO  com.alibaba.nacos.common.remote.client - [949c7d67-ffba-4ac9-91ff-9a1cbebc6af2_config-0] Notify connected event to listeners.
2025-11-01 17:11:00.735 [com.alibaba.nacos.client.remote.worker] INFO  com.alibaba.nacos.client.config.impl.ClientWorker - [949c7d67-ffba-4ac9-91ff-9a1cbebc6af2_config-0] Connected,notify listen context...
2025-11-01 17:11:00.735 [main] INFO  com.alibaba.nacos.common.remote.client - [949c7d67-ffba-4ac9-91ff-9a1cbebc6af2_config-0] Register server push request handler:com.alibaba.nacos.common.remote.client.RpcClient$ConnectResetRequestHandler
2025-11-01 17:11:00.736 [main] INFO  com.alibaba.nacos.common.remote.client - [949c7d67-ffba-4ac9-91ff-9a1cbebc6af2_config-0] Register server push request handler:com.alibaba.nacos.common.remote.client.RpcClient$$Lambda$607/0x000002e201448668
2025-11-01 17:11:00.750 [main] INFO  com.alibaba.nacos.client.config.impl.Limiter - limitTime:5.0
2025-11-01 17:11:00.760 [main] INFO  com.alibaba.nacos.client.config.utils.JvmUtil - isMultiInstance:false
2025-11-01 17:11:00.771 [main] WARN  c.a.cloud.nacos.client.NacosPropertySourceBuilder - Ignore the empty nacos configuration and get it based on dataId[xiaohashu-auth.yaml] & group[DEFAULT_GROUP]
2025-11-01 17:11:00.776 [main] INFO  o.s.c.b.c.PropertySourceBootstrapConfiguration - Located property source: [BootstrapPropertySource {name='bootstrapProperties-xiaohashu-auth-dev.yaml,DEFAULT_GROUP'}, BootstrapPropertySource {name='bootstrapProperties-xiaohashu-auth.yaml,DEFAULT_GROUP'}, BootstrapPropertySource {name='bootstrapProperties-xiaohashu-auth,DEFAULT_GROUP'}]
2025-11-01 17:11:00.792 [main] WARN  com.alibaba.nacos.client.logging.NacosLogging - Load Logback Configuration of Nacos fail, message: Could not initialize Logback Nacos logging from classpath:nacos-logback.xml
2025-11-01 17:11:00.793 [main] INFO  c.q.xiaohashu.auth.XiaohashuAuthApplication - The following 1 profile is active: "dev"
2025-11-01 17:11:01.132 [main] INFO  o.s.d.r.config.RepositoryConfigurationDelegate - Multiple Spring Data modules found, entering strict repository configuration mode
2025-11-01 17:11:01.133 [main] INFO  o.s.d.r.config.RepositoryConfigurationDelegate - Bootstrapping Spring Data Redis repositories in DEFAULT mode.
2025-11-01 17:11:01.147 [main] INFO  o.s.d.r.config.RepositoryConfigurationDelegate - Finished Spring Data repository scanning in 6 ms. Found 0 Redis repository interfaces.
2025-11-01 17:11:01.230 [main] INFO  o.springframework.cloud.context.scope.GenericScope - BeanFactory id=4b54d012-f580-339f-8b90-c1e2499634c9
2025-11-01 17:11:01.239 [main] INFO  o.s.c.s.PostProcessorRegistrationDelegate$BeanPostProcessorChecker - Bean 'com.quanxiaoha.xiaohashu.user.api.UserFeignApi' of type [org.springframework.cloud.openfeign.FeignClientFactoryBean] is not eligible for getting processed by all BeanPostProcessors (for example: not eligible for auto-proxying)
2025-11-01 17:11:01.437 [main] INFO  o.s.boot.web.embedded.tomcat.TomcatWebServer - Tomcat initialized with port(s): 8080 (http)
2025-11-01 17:11:01.442 [main] INFO  org.apache.catalina.core.StandardService - Starting service [Tomcat]
2025-11-01 17:11:01.442 [main] INFO  org.apache.catalina.core.StandardEngine - Starting Servlet engine: [Apache Tomcat/10.1.5]
2025-11-01 17:11:01.501 [main] INFO  o.a.c.core.ContainerBase.[Tomcat].[localhost].[/] - Initializing Spring embedded WebApplicationContext
2025-11-01 17:11:01.502 [main] INFO  o.s.b.w.s.c.ServletWebServerApplicationContext - Root WebApplicationContext: initialization completed in 701 ms
2025-11-01 17:11:01.640 [main] WARN  o.s.b.w.s.c.AnnotationConfigServletWebServerApplicationContext - Exception encountered during context initialization - cancelling refresh attempt: org.springframework.beans.factory.BeanCreationException: Error creating bean with name 'authController': Injection of resource dependencies failed
2025-11-01 17:11:01.647 [main] INFO  org.apache.catalina.core.StandardService - Stopping service [Tomcat]
2025-11-01 17:11:01.656 [main] INFO  o.s.b.a.logging.ConditionEvaluationReportLogger - 

Error starting ApplicationContext. To display the condition evaluation report re-run your application with 'debug' enabled.
2025-11-01 17:11:01.674 [main] ERROR o.s.b.diagnostics.LoggingFailureAnalysisReporter - 

***************************
APPLICATION FAILED TO START
***************************

Description:

A component required a bean of type 'org.springframework.transaction.support.TransactionTemplate' that could not be found.


Action:

Consider defining a bean of type 'org.springframework.transaction.support.TransactionTemplate' in your configuration.

2025-11-01 17:11:02.561 [Thread-9] WARN  com.alibaba.nacos.common.notify.NotifyCenter - [NotifyCenter] Start destroying Publisher
2025-11-01 17:11:02.561 [Thread-2] WARN  c.alibaba.nacos.common.http.HttpClientBeanHolder - [HttpClientBeanHolder] Start destroying common HttpClient
2025-11-01 17:11:02.561 [Thread-9] WARN  com.alibaba.nacos.common.notify.NotifyCenter - [NotifyCenter] Destruction of the end
2025-11-01 17:11:02.562 [Thread-2] WARN  c.alibaba.nacos.common.http.HttpClientBeanHolder - [HttpClientBeanHolder] Destruction of the end
2025-11-01 17:11:59.411 [main] WARN  com.alibaba.nacos.client.logging.NacosLogging - Load Logback Configuration of Nacos fail, message: Could not initialize Logback Nacos logging from classpath:nacos-logback.xml
2025-11-01 17:11:59.445 [main] WARN  com.alibaba.nacos.client.logging.NacosLogging - Load Logback Configuration of Nacos fail, message: Could not initialize Logback Nacos logging from classpath:nacos-logback.xml
2025-11-01 17:11:59.597 [main] WARN  com.alibaba.nacos.client.logging.NacosLogging - Load Logback Configuration of Nacos fail, message: Could not initialize Logback Nacos logging from classpath:nacos-logback.xml
2025-11-01 17:11:59.598 [main] INFO  com.alibaba.nacos.client.utils.ParamUtil - [settings] [req-serv] nacos-server port:8848
2025-11-01 17:11:59.598 [main] INFO  com.alibaba.nacos.client.utils.ParamUtil - [settings] [http-client] connect timeout:1000
2025-11-01 17:11:59.598 [main] INFO  com.alibaba.nacos.client.utils.ParamUtil - PER_TASK_CONFIG_SIZE: 3000.0
2025-11-01 17:11:59.609 [main] INFO  c.a.n.p.auth.spi.client.ClientAuthPluginManager - [ClientAuthPluginManager] Load ClientAuthService com.alibaba.nacos.client.auth.impl.NacosClientAuthServiceImpl success.
2025-11-01 17:11:59.609 [main] INFO  c.a.n.p.auth.spi.client.ClientAuthPluginManager - [ClientAuthPluginManager] Load ClientAuthService com.alibaba.nacos.client.auth.ram.RamClientAuthServiceImpl success.
2025-11-01 17:11:59.613 [main] INFO  c.a.n.client.auth.ram.identify.CredentialWatcher - null No credential found
2025-11-01 17:12:00.839 [main] WARN  com.alibaba.nacos.client.logging.NacosLogging - Load Logback Configuration of Nacos fail, message: Could not initialize Logback Nacos logging from classpath:nacos-logback.xml
2025-11-01 17:12:00.846 [main] INFO  c.a.n.client.config.impl.LocalConfigInfoProcessor - LOCAL_SNAPSHOT_PATH:C:\Users\hp\nacos\config
2025-11-01 17:12:00.848 [main] INFO  com.alibaba.nacos.common.remote.client - [RpcClientFactory] create a new rpc client of 53b73d58-8309-4468-a9e1-9a12a641cd4b_config-0
2025-11-01 17:12:00.855 [main] INFO  com.alibaba.nacos.common.remote.client - [53b73d58-8309-4468-a9e1-9a12a641cd4b_config-0] Register server push request handler:com.alibaba.nacos.client.config.impl.ClientWorker$ConfigRpcTransportClient$$Lambda$586/0x000001892233ab10
2025-11-01 17:12:00.856 [main] INFO  com.alibaba.nacos.common.remote.client - [53b73d58-8309-4468-a9e1-9a12a641cd4b_config-0] Register server push request handler:com.alibaba.nacos.client.config.impl.ClientWorker$ConfigRpcTransportClient$$Lambda$587/0x000001892233af30
2025-11-01 17:12:00.856 [main] INFO  com.alibaba.nacos.common.remote.client - [53b73d58-8309-4468-a9e1-9a12a641cd4b_config-0] Registry connection listener to current client:com.alibaba.nacos.client.config.impl.ClientWorker$ConfigRpcTransportClient$1
2025-11-01 17:12:00.856 [main] INFO  com.alibaba.nacos.common.remote.client - [53b73d58-8309-4468-a9e1-9a12a641cd4b_config-0] RpcClient init, ServerListFactory = com.alibaba.nacos.client.config.impl.ClientWorker$ConfigRpcTransportClient$2
2025-11-01 17:12:00.861 [main] INFO  com.alibaba.nacos.common.remote.client - [53b73d58-8309-4468-a9e1-9a12a641cd4b_config-0] Try to connect to server on start up, server: {serverIp = '127.0.0.1', server main port = 8848}
2025-11-01 17:12:00.880 [main] INFO  c.a.nacos.common.remote.client.grpc.GrpcClient - grpc client connection server:127.0.0.1 ip,serverPort:9848,grpcTslConfig:{"sslProvider":"OPENSSL","enableTls":false,"mutualAuthEnable":false,"trustAll":false}
2025-11-01 17:12:01.461 [main] INFO  com.alibaba.nacos.common.remote.client - [53b73d58-8309-4468-a9e1-9a12a641cd4b_config-0] Success to connect to server [127.0.0.1:8848] on start up, connectionId = 1761988321313_127.0.0.1_10631
2025-11-01 17:12:01.461 [com.alibaba.nacos.client.remote.worker] INFO  com.alibaba.nacos.common.remote.client - [53b73d58-8309-4468-a9e1-9a12a641cd4b_config-0] Notify connected event to listeners.
2025-11-01 17:12:01.461 [com.alibaba.nacos.client.remote.worker] INFO  com.alibaba.nacos.client.config.impl.ClientWorker - [53b73d58-8309-4468-a9e1-9a12a641cd4b_config-0] Connected,notify listen context...
2025-11-01 17:12:01.461 [main] INFO  com.alibaba.nacos.common.remote.client - [53b73d58-8309-4468-a9e1-9a12a641cd4b_config-0] Register server push request handler:com.alibaba.nacos.common.remote.client.RpcClient$ConnectResetRequestHandler
2025-11-01 17:12:01.462 [main] INFO  com.alibaba.nacos.common.remote.client - [53b73d58-8309-4468-a9e1-9a12a641cd4b_config-0] Register server push request handler:com.alibaba.nacos.common.remote.client.RpcClient$$Lambda$607/0x0000018922448668
2025-11-01 17:12:01.477 [main] INFO  com.alibaba.nacos.client.config.impl.Limiter - limitTime:5.0
2025-11-01 17:12:01.485 [main] INFO  com.alibaba.nacos.client.config.utils.JvmUtil - isMultiInstance:false
2025-11-01 17:12:01.493 [main] WARN  c.a.cloud.nacos.client.NacosPropertySourceBuilder - Ignore the empty nacos configuration and get it based on dataId[xiaohashu-auth.yaml] & group[DEFAULT_GROUP]
2025-11-01 17:12:01.498 [main] INFO  o.s.c.b.c.PropertySourceBootstrapConfiguration - Located property source: [BootstrapPropertySource {name='bootstrapProperties-xiaohashu-auth-dev.yaml,DEFAULT_GROUP'}, BootstrapPropertySource {name='bootstrapProperties-xiaohashu-auth.yaml,DEFAULT_GROUP'}, BootstrapPropertySource {name='bootstrapProperties-xiaohashu-auth,DEFAULT_GROUP'}]
2025-11-01 17:12:01.516 [main] WARN  com.alibaba.nacos.client.logging.NacosLogging - Load Logback Configuration of Nacos fail, message: Could not initialize Logback Nacos logging from classpath:nacos-logback.xml
2025-11-01 17:12:01.516 [main] INFO  c.q.xiaohashu.auth.XiaohashuAuthApplication - The following 1 profile is active: "dev"
2025-11-01 17:12:01.879 [main] INFO  o.s.d.r.config.RepositoryConfigurationDelegate - Multiple Spring Data modules found, entering strict repository configuration mode
2025-11-01 17:12:01.880 [main] INFO  o.s.d.r.config.RepositoryConfigurationDelegate - Bootstrapping Spring Data Redis repositories in DEFAULT mode.
2025-11-01 17:12:01.892 [main] INFO  o.s.d.r.config.RepositoryConfigurationDelegate - Finished Spring Data repository scanning in 5 ms. Found 0 Redis repository interfaces.
2025-11-01 17:12:01.976 [main] INFO  o.springframework.cloud.context.scope.GenericScope - BeanFactory id=4b54d012-f580-339f-8b90-c1e2499634c9
2025-11-01 17:12:01.985 [main] INFO  o.s.c.s.PostProcessorRegistrationDelegate$BeanPostProcessorChecker - Bean 'com.quanxiaoha.xiaohashu.user.api.UserFeignApi' of type [org.springframework.cloud.openfeign.FeignClientFactoryBean] is not eligible for getting processed by all BeanPostProcessors (for example: not eligible for auto-proxying)
2025-11-01 17:12:02.182 [main] INFO  o.s.boot.web.embedded.tomcat.TomcatWebServer - Tomcat initialized with port(s): 8080 (http)
2025-11-01 17:12:02.187 [main] INFO  org.apache.catalina.core.StandardService - Starting service [Tomcat]
2025-11-01 17:12:02.187 [main] INFO  org.apache.catalina.core.StandardEngine - Starting Servlet engine: [Apache Tomcat/10.1.5]
2025-11-01 17:12:02.255 [main] INFO  o.a.c.core.ContainerBase.[Tomcat].[localhost].[/] - Initializing Spring embedded WebApplicationContext
2025-11-01 17:12:02.255 [main] INFO  o.s.b.w.s.c.ServletWebServerApplicationContext - Root WebApplicationContext: initialization completed in 730 ms
2025-11-01 17:12:02.454 [main] INFO  o.s.cloud.openfeign.FeignClientFactoryBean - For 'xiaohashu-user' URL not provided. Will try picking an instance via load-balancing.
2025-11-01 17:12:03.827 [main] INFO  org.springframework.cloud.commons.util.InetUtils - Cannot determine local hostname
2025-11-01 17:12:05.226 [main] INFO  org.springframework.cloud.commons.util.InetUtils - Cannot determine local hostname
2025-11-01 17:12:05.240 [main] WARN  o.s.c.l.c.LoadBalancerCacheAutoConfiguration$LoadBalancerCaffeineWarnLogger - Spring Cloud LoadBalancer is currently working with the default cache. While this cache implementation is useful for development and tests, it's recommended to use Caffeine cache in production.You can switch to using Caffeine cache, by adding it and org.springframework.cache.caffeine.CaffeineCacheManager to the classpath.
2025-11-01 17:12:05.275 [main] INFO  o.s.boot.web.embedded.tomcat.TomcatWebServer - Tomcat started on port(s): 8080 (http) with context path ''
2025-11-01 17:12:05.278 [main] INFO  com.alibaba.nacos.client.naming - initializer namespace from ans.namespace attribute : null
2025-11-01 17:12:05.278 [main] INFO  com.alibaba.nacos.client.naming - initializer namespace from ALIBABA_ALIWARE_NAMESPACE attribute :null
2025-11-01 17:12:05.278 [main] INFO  com.alibaba.nacos.client.naming - initializer namespace from namespace attribute :null
2025-11-01 17:12:05.282 [main] INFO  c.a.n.p.auth.spi.client.ClientAuthPluginManager - [ClientAuthPluginManager] Load ClientAuthService com.alibaba.nacos.client.auth.impl.NacosClientAuthServiceImpl success.
2025-11-01 17:12:05.282 [main] INFO  c.a.n.p.auth.spi.client.ClientAuthPluginManager - [ClientAuthPluginManager] Load ClientAuthService com.alibaba.nacos.client.auth.ram.RamClientAuthServiceImpl success.
2025-11-01 17:12:05.284 [main] INFO  com.alibaba.nacos.common.remote.client - [RpcClientFactory] create a new rpc client of 1da87f0b-cafe-4d6e-853b-18618856343d
2025-11-01 17:12:05.285 [main] INFO  com.alibaba.nacos.common.remote.client - [1da87f0b-cafe-4d6e-853b-18618856343d] RpcClient init, ServerListFactory = com.alibaba.nacos.client.naming.core.ServerListManager
2025-11-01 17:12:05.285 [main] INFO  com.alibaba.nacos.common.remote.client - [1da87f0b-cafe-4d6e-853b-18618856343d] Registry connection listener to current client:com.alibaba.nacos.client.naming.remote.gprc.redo.NamingGrpcRedoService
2025-11-01 17:12:05.285 [main] INFO  com.alibaba.nacos.common.remote.client - [1da87f0b-cafe-4d6e-853b-18618856343d] Register server push request handler:com.alibaba.nacos.client.naming.remote.gprc.NamingPushRequestHandler
2025-11-01 17:12:05.286 [main] INFO  com.alibaba.nacos.common.remote.client - [1da87f0b-cafe-4d6e-853b-18618856343d] Try to connect to server on start up, server: {serverIp = '127.0.0.1', server main port = 8848}
2025-11-01 17:12:05.286 [main] INFO  c.a.nacos.common.remote.client.grpc.GrpcClient - grpc client connection server:127.0.0.1 ip,serverPort:9848,grpcTslConfig:{"sslProvider":"OPENSSL","enableTls":false,"mutualAuthEnable":false,"trustAll":false}
2025-11-01 17:12:05.399 [main] INFO  com.alibaba.nacos.common.remote.client - [1da87f0b-cafe-4d6e-853b-18618856343d] Success to connect to server [127.0.0.1:8848] on start up, connectionId = 1761988325289_127.0.0.1_10635
2025-11-01 17:12:05.399 [main] INFO  com.alibaba.nacos.common.remote.client - [1da87f0b-cafe-4d6e-853b-18618856343d] Register server push request handler:com.alibaba.nacos.common.remote.client.RpcClient$ConnectResetRequestHandler
2025-11-01 17:12:05.399 [com.alibaba.nacos.client.remote.worker] INFO  com.alibaba.nacos.common.remote.client - [1da87f0b-cafe-4d6e-853b-18618856343d] Notify connected event to listeners.
2025-11-01 17:12:05.399 [main] INFO  com.alibaba.nacos.common.remote.client - [1da87f0b-cafe-4d6e-853b-18618856343d] Register server push request handler:com.alibaba.nacos.common.remote.client.RpcClient$$Lambda$607/0x0000018922448668
2025-11-01 17:12:05.399 [com.alibaba.nacos.client.remote.worker] INFO  com.alibaba.nacos.client.naming - Grpc connection connect
2025-11-01 17:12:05.400 [main] INFO  com.alibaba.nacos.client.naming - [REGISTER-SERVICE] xiaohashu registering service xiaohashu-auth with instance Instance{instanceId='null', ip='192.168.134.1', port=8080, weight=1.0, healthy=true, enabled=true, ephemeral=true, clusterName='DEFAULT', serviceName='null', metadata={IPv6=null, preserved.register.source=SPRING_CLOUD}}
2025-11-01 17:12:05.409 [main] INFO  c.a.cloud.nacos.registry.NacosServiceRegistry - nacos registry, DEFAULT_GROUP xiaohashu-auth 192.168.134.1:8080 register finished
2025-11-01 17:12:06.573 [main] INFO  org.springframework.cloud.commons.util.InetUtils - Cannot determine local hostname
2025-11-01 17:12:06.585 [main] INFO  c.q.xiaohashu.auth.XiaohashuAuthApplication - Started XiaohashuAuthApplication in 8.703 seconds (process running for 9.177)
2025-11-01 17:12:06.587 [main] INFO  com.alibaba.nacos.client.config.impl.CacheData - nacos.cache.data.init.snapshot = true 
2025-11-01 17:12:06.587 [main] INFO  com.alibaba.nacos.client.config.impl.ClientWorker - [fixed-xiaohashu-127.0.0.1_8848] [subscribe] xiaohashu-auth.yaml+DEFAULT_GROUP+xiaohashu
2025-11-01 17:12:06.590 [main] INFO  com.alibaba.nacos.client.config.impl.CacheData - [fixed-xiaohashu-127.0.0.1_8848] [add-listener] ok, tenant=xiaohashu, dataId=xiaohashu-auth.yaml, group=DEFAULT_GROUP, cnt=1
2025-11-01 17:12:06.591 [main] INFO  c.a.cloud.nacos.refresh.NacosContextRefresher - [Nacos Config] Listening config: dataId=xiaohashu-auth.yaml, group=DEFAULT_GROUP
2025-11-01 17:12:06.591 [main] INFO  com.alibaba.nacos.client.config.impl.ClientWorker - [fixed-xiaohashu-127.0.0.1_8848] [subscribe] xiaohashu-auth-dev.yaml+DEFAULT_GROUP+xiaohashu
2025-11-01 17:12:06.591 [main] INFO  com.alibaba.nacos.client.config.impl.CacheData - [fixed-xiaohashu-127.0.0.1_8848] [add-listener] ok, tenant=xiaohashu, dataId=xiaohashu-auth-dev.yaml, group=DEFAULT_GROUP, cnt=1
2025-11-01 17:12:06.591 [main] INFO  c.a.cloud.nacos.refresh.NacosContextRefresher - [Nacos Config] Listening config: dataId=xiaohashu-auth-dev.yaml, group=DEFAULT_GROUP
2025-11-01 17:12:06.592 [main] INFO  com.alibaba.nacos.client.config.impl.ClientWorker - [fixed-xiaohashu-127.0.0.1_8848] [subscribe] xiaohashu-auth+DEFAULT_GROUP+xiaohashu
2025-11-01 17:12:06.592 [main] INFO  com.alibaba.nacos.client.config.impl.CacheData - [fixed-xiaohashu-127.0.0.1_8848] [add-listener] ok, tenant=xiaohashu, dataId=xiaohashu-auth, group=DEFAULT_GROUP, cnt=1
2025-11-01 17:12:06.592 [main] INFO  c.a.cloud.nacos.refresh.NacosContextRefresher - [Nacos Config] Listening config: dataId=xiaohashu-auth, group=DEFAULT_GROUP
2025-11-01 17:13:22.411 [http-nio-8080-exec-4] INFO  o.a.c.core.ContainerBase.[Tomcat].[localhost].[/] - Initializing Spring DispatcherServlet 'dispatcherServlet'
2025-11-01 17:13:22.412 [http-nio-8080-exec-4] INFO  org.springframework.web.servlet.DispatcherServlet - Initializing Servlet 'dispatcherServlet'
2025-11-01 17:13:22.412 [http-nio-8080-exec-4] INFO  org.springframework.web.servlet.DispatcherServlet - Completed initialization in 0 ms
2025-11-01 17:13:22.415 [http-nio-8080-exec-4] INFO  c.q.x.auth.filter.HeaderUserId2ContextFilter - ## HeaderUserId2ContextFilter, 用户 ID: 10
2025-11-01 17:13:22.415 [http-nio-8080-exec-4] INFO  c.q.x.auth.filter.HeaderUserId2ContextFilter - ===== 设置 userId 到 ThreadLocal 中， 用户 ID: 10
2025-11-01 17:13:22.463 [http-nio-8080-exec-4] INFO  c.q.f.b.operationlog.aspect.ApiOperationLogAspect - ====== 请求开始: [修改密码], 入参: {"newPassword":"123456"}, 请求类: AuthController, 请求方法: updatePassword =================================== 
2025-11-01 17:13:22.569 [http-nio-8080-exec-4] INFO  com.alibaba.nacos.client.naming - [SUBSCRIBE-SERVICE] service:xiaohashu-user, group:DEFAULT_GROUP, clusters: 
2025-11-01 17:13:22.579 [http-nio-8080-exec-4] INFO  com.alibaba.nacos.client.naming - init new ips(1) service: DEFAULT_GROUP@@xiaohashu-user -> [{"ip":"192.168.134.1","port":8082,"weight":1.0,"healthy":true,"enabled":true,"ephemeral":true,"clusterName":"DEFAULT","serviceName":"DEFAULT_GROUP@@xiaohashu-user","metadata":{"preserved.register.source":"SPRING_CLOUD"},"ipDeleteTimeout":30000,"instanceHeartBeatTimeOut":15000,"instanceHeartBeatInterval":5000}]
2025-11-01 17:13:22.580 [http-nio-8080-exec-4] INFO  com.alibaba.nacos.client.naming - current ips:(1) service: DEFAULT_GROUP@@xiaohashu-user -> [{"ip":"192.168.134.1","port":8082,"weight":1.0,"healthy":true,"enabled":true,"ephemeral":true,"clusterName":"DEFAULT","serviceName":"DEFAULT_GROUP@@xiaohashu-user","metadata":{"preserved.register.source":"SPRING_CLOUD"},"ipDeleteTimeout":30000,"instanceHeartBeatTimeOut":15000,"instanceHeartBeatInterval":5000}]
2025-11-01 17:13:22.613 [http-nio-8080-exec-4] ERROR c.q.x.auth.exception.GlobalExceptionHandler - /password/update request error, 
feign.FeignException$NotFound: [404] during [POST] to [http://xiaohashu-user/user/password/update] [UserFeignApi#updatePassword(UpdateUserPasswordReqDTO)]: [{"timestamp":"2025-11-01T09:13:22.605+00:00","status":404,"error":"Not Found","path":"/user/password/update"}]
	at feign.FeignException.clientErrorStatus(FeignException.java:228)
	at feign.FeignException.errorStatus(FeignException.java:203)
	at feign.FeignException.errorStatus(FeignException.java:194)
	at feign.FeignException.errorStatus(FeignException.java:171)
	at feign.codec.ErrorDecoder$Default.decode(ErrorDecoder.java:92)
	at feign.ResponseHandler.decodeError(ResponseHandler.java:136)
	at feign.ResponseHandler.handleResponse(ResponseHandler.java:70)
	at feign.SynchronousMethodHandler.executeAndDecode(SynchronousMethodHandler.java:116)
	at feign.SynchronousMethodHandler.invoke(SynchronousMethodHandler.java:72)
	at feign.ReflectiveFeign$FeignInvocationHandler.invoke(ReflectiveFeign.java:98)
	at jdk.proxy2/jdk.proxy2.$Proxy95.updatePassword(Unknown Source)
	at com.quanxiaoha.xiaohashu.auth.rpc.UserRpcService.updatePassword(UserRpcService.java:69)
	at com.quanxiaoha.xiaohashu.auth.service.impl.AuthServiceImpl.updatePassword(AuthServiceImpl.java:150)
	at com.quanxiaoha.xiaohashu.auth.controller.AuthController.updatePassword(AuthController.java:39)
	at java.base/jdk.internal.reflect.NativeMethodAccessorImpl.invoke0(Native Method)
	at java.base/jdk.internal.reflect.NativeMethodAccessorImpl.invoke(NativeMethodAccessorImpl.java:77)
	at java.base/jdk.internal.reflect.DelegatingMethodAccessorImpl.invoke(DelegatingMethodAccessorImpl.java:43)
	at java.base/java.lang.reflect.Method.invoke(Method.java:568)
	at org.springframework.aop.support.AopUtils.invokeJoinpointUsingReflection(AopUtils.java:343)
	at org.springframework.aop.framework.ReflectiveMethodInvocation.invokeJoinpoint(ReflectiveMethodInvocation.java:196)
	at org.springframework.aop.framework.ReflectiveMethodInvocation.proceed(ReflectiveMethodInvocation.java:163)
	at org.springframework.aop.framework.CglibAopProxy$CglibMethodInvocation.proceed(CglibAopProxy.java:752)
	at org.springframework.aop.aspectj.MethodInvocationProceedingJoinPoint.proceed(MethodInvocationProceedingJoinPoint.java:89)
	at com.quanxiaoha.framework.biz.operationlog.aspect.ApiOperationLogAspect.doAround(ApiOperationLogAspect.java:53)
	at java.base/jdk.internal.reflect.NativeMethodAccessorImpl.invoke0(Native Method)
	at java.base/jdk.internal.reflect.NativeMethodAccessorImpl.invoke(NativeMethodAccessorImpl.java:77)
	at java.base/jdk.internal.reflect.DelegatingMethodAccessorImpl.invoke(DelegatingMethodAccessorImpl.java:43)
	at java.base/java.lang.reflect.Method.invoke(Method.java:568)
	at org.springframework.aop.aspectj.AbstractAspectJAdvice.invokeAdviceMethodWithGivenArgs(AbstractAspectJAdvice.java:633)
	at org.springframework.aop.aspectj.AbstractAspectJAdvice.invokeAdviceMethod(AbstractAspectJAdvice.java:623)
	at org.springframework.aop.aspectj.AspectJAroundAdvice.invoke(AspectJAroundAdvice.java:71)
	at org.springframework.aop.framework.ReflectiveMethodInvocation.proceed(ReflectiveMethodInvocation.java:173)
	at org.springframework.aop.framework.CglibAopProxy$CglibMethodInvocation.proceed(CglibAopProxy.java:752)
	at org.springframework.aop.interceptor.ExposeInvocationInterceptor.invoke(ExposeInvocationInterceptor.java:97)
	at org.springframework.aop.framework.ReflectiveMethodInvocation.proceed(ReflectiveMethodInvocation.java:184)
	at org.springframework.aop.framework.CglibAopProxy$CglibMethodInvocation.proceed(CglibAopProxy.java:752)
	at org.springframework.aop.framework.CglibAopProxy$DynamicAdvisedInterceptor.intercept(CglibAopProxy.java:703)
	at com.quanxiaoha.xiaohashu.auth.controller.AuthController$$SpringCGLIB$$0.updatePassword(<generated>)
	at java.base/jdk.internal.reflect.NativeMethodAccessorImpl.invoke0(Native Method)
	at java.base/jdk.internal.reflect.NativeMethodAccessorImpl.invoke(NativeMethodAccessorImpl.java:77)
	at java.base/jdk.internal.reflect.DelegatingMethodAccessorImpl.invoke(DelegatingMethodAccessorImpl.java:43)
	at java.base/java.lang.reflect.Method.invoke(Method.java:568)
	at org.springframework.web.method.support.InvocableHandlerMethod.doInvoke(InvocableHandlerMethod.java:207)
	at org.springframework.web.method.support.InvocableHandlerMethod.invokeForRequest(InvocableHandlerMethod.java:152)
	at org.springframework.web.servlet.mvc.method.annotation.ServletInvocableHandlerMethod.invokeAndHandle(ServletInvocableHandlerMethod.java:117)
	at org.springframework.web.servlet.mvc.method.annotation.RequestMappingHandlerAdapter.invokeHandlerMethod(RequestMappingHandlerAdapter.java:884)
	at org.springframework.web.servlet.mvc.method.annotation.RequestMappingHandlerAdapter.handleInternal(RequestMappingHandlerAdapter.java:797)
	at org.springframework.web.servlet.mvc.method.AbstractHandlerMethodAdapter.handle(AbstractHandlerMethodAdapter.java:87)
	at org.springframework.web.servlet.DispatcherServlet.doDispatch(DispatcherServlet.java:1080)
	at org.springframework.web.servlet.DispatcherServlet.doService(DispatcherServlet.java:973)
	at org.springframework.web.servlet.FrameworkServlet.processRequest(FrameworkServlet.java:1011)
	at org.springframework.web.servlet.FrameworkServlet.doPost(FrameworkServlet.java:914)
	at jakarta.servlet.http.HttpServlet.service(HttpServlet.java:547)
	at org.springframework.web.servlet.FrameworkServlet.service(FrameworkServlet.java:885)
	at jakarta.servlet.http.HttpServlet.service(HttpServlet.java:614)
	at org.apache.catalina.core.ApplicationFilterChain.internalDoFilter(ApplicationFilterChain.java:223)
	at org.apache.catalina.core.ApplicationFilterChain.doFilter(ApplicationFilterChain.java:158)
	at org.apache.tomcat.websocket.server.WsFilter.doFilter(WsFilter.java:53)
	at org.apache.catalina.core.ApplicationFilterChain.internalDoFilter(ApplicationFilterChain.java:185)
	at org.apache.catalina.core.ApplicationFilterChain.doFilter(ApplicationFilterChain.java:158)
	at com.quanxiaoha.xiaohashu.auth.filter.HeaderUserId2ContextFilter.doFilterInternal(HeaderUserId2ContextFilter.java:46)
	at org.springframework.web.filter.OncePerRequestFilter.doFilter(OncePerRequestFilter.java:116)
	at org.apache.catalina.core.ApplicationFilterChain.internalDoFilter(ApplicationFilterChain.java:185)
	at org.apache.catalina.core.ApplicationFilterChain.doFilter(ApplicationFilterChain.java:158)
	at org.springframework.web.filter.RequestContextFilter.doFilterInternal(RequestContextFilter.java:100)
	at org.springframework.web.filter.OncePerRequestFilter.doFilter(OncePerRequestFilter.java:116)
	at org.apache.catalina.core.ApplicationFilterChain.internalDoFilter(ApplicationFilterChain.java:185)
	at org.apache.catalina.core.ApplicationFilterChain.doFilter(ApplicationFilterChain.java:158)
	at cn.dev33.satoken.filter.SaPathCheckFilterForJakartaServlet.doFilter(SaPathCheckFilterForJakartaServlet.java:55)
	at org.apache.catalina.core.ApplicationFilterChain.internalDoFilter(ApplicationFilterChain.java:185)
	at org.apache.catalina.core.ApplicationFilterChain.doFilter(ApplicationFilterChain.java:158)
	at org.springframework.web.filter.FormContentFilter.doFilterInternal(FormContentFilter.java:93)
	at org.springframework.web.filter.OncePerRequestFilter.doFilter(OncePerRequestFilter.java:116)
	at org.apache.catalina.core.ApplicationFilterChain.internalDoFilter(ApplicationFilterChain.java:185)
	at org.apache.catalina.core.ApplicationFilterChain.doFilter(ApplicationFilterChain.java:158)
	at org.springframework.web.filter.CharacterEncodingFilter.doFilterInternal(CharacterEncodingFilter.java:201)
	at org.springframework.web.filter.OncePerRequestFilter.doFilter(OncePerRequestFilter.java:116)
	at org.apache.catalina.core.ApplicationFilterChain.internalDoFilter(ApplicationFilterChain.java:185)
	at org.apache.catalina.core.ApplicationFilterChain.doFilter(ApplicationFilterChain.java:158)
	at org.apache.catalina.core.StandardWrapperValve.invoke(StandardWrapperValve.java:177)
	at org.apache.catalina.core.StandardContextValve.invoke(StandardContextValve.java:97)
	at org.apache.catalina.authenticator.AuthenticatorBase.invoke(AuthenticatorBase.java:542)
	at org.apache.catalina.core.StandardHostValve.invoke(StandardHostValve.java:119)
	at org.apache.catalina.valves.ErrorReportValve.invoke(ErrorReportValve.java:92)
	at org.apache.catalina.core.StandardEngineValve.invoke(StandardEngineValve.java:78)
	at org.apache.catalina.connector.CoyoteAdapter.service(CoyoteAdapter.java:357)
	at org.apache.coyote.http11.Http11Processor.service(Http11Processor.java:400)
	at org.apache.coyote.AbstractProcessorLight.process(AbstractProcessorLight.java:65)
	at org.apache.coyote.AbstractProtocol$ConnectionHandler.process(AbstractProtocol.java:859)
	at org.apache.tomcat.util.net.NioEndpoint$SocketProcessor.doRun(NioEndpoint.java:1734)
	at org.apache.tomcat.util.net.SocketProcessorBase.run(SocketProcessorBase.java:52)
	at org.apache.tomcat.util.threads.ThreadPoolExecutor.runWorker(ThreadPoolExecutor.java:1191)
	at org.apache.tomcat.util.threads.ThreadPoolExecutor$Worker.run(ThreadPoolExecutor.java:659)
	at org.apache.tomcat.util.threads.TaskThread$WrappingRunnable.run(TaskThread.java:61)
	at java.base/java.lang.Thread.run(Thread.java:842)
2025-11-01 17:13:22.621 [http-nio-8080-exec-4] INFO  c.q.x.auth.filter.HeaderUserId2ContextFilter - ===== 删除 ThreadLocal， userId: 10
2025-11-01 17:13:23.103 [nacos-grpc-client-executor-127.0.0.1-26] INFO  com.alibaba.nacos.common.remote.client - [1da87f0b-cafe-4d6e-853b-18618856343d] Receive server push request, request = NotifySubscriberRequest, requestId = 15
2025-11-01 17:13:23.103 [nacos-grpc-client-executor-127.0.0.1-26] INFO  com.alibaba.nacos.common.remote.client - [1da87f0b-cafe-4d6e-853b-18618856343d] Ack server push request, request = NotifySubscriberRequest, requestId = 15
2025-11-01 17:15:30.842 [http-nio-8080-exec-3] INFO  c.q.x.auth.filter.HeaderUserId2ContextFilter - ## HeaderUserId2ContextFilter, 用户 ID: 10
2025-11-01 17:15:30.842 [http-nio-8080-exec-3] INFO  c.q.x.auth.filter.HeaderUserId2ContextFilter - ===== 设置 userId 到 ThreadLocal 中， 用户 ID: 10
2025-11-01 17:15:30.844 [http-nio-8080-exec-3] INFO  c.q.f.b.operationlog.aspect.ApiOperationLogAspect - ====== 请求开始: [修改密码], 入参: {"newPassword":"123456"}, 请求类: AuthController, 请求方法: updatePassword =================================== 
2025-11-01 17:15:30.910 [http-nio-8080-exec-3] ERROR c.q.x.auth.exception.GlobalExceptionHandler - /password/update request error, 
feign.FeignException$NotFound: [404] during [POST] to [http://xiaohashu-user/user/password/update] [UserFeignApi#updatePassword(UpdateUserPasswordReqDTO)]: [{"timestamp":"2025-11-01T09:15:30.908+00:00","status":404,"error":"Not Found","path":"/user/password/update"}]
	at feign.FeignException.clientErrorStatus(FeignException.java:228)
	at feign.FeignException.errorStatus(FeignException.java:203)
	at feign.FeignException.errorStatus(FeignException.java:194)
	at feign.FeignException.errorStatus(FeignException.java:171)
	at feign.codec.ErrorDecoder$Default.decode(ErrorDecoder.java:92)
	at feign.ResponseHandler.decodeError(ResponseHandler.java:136)
	at feign.ResponseHandler.handleResponse(ResponseHandler.java:70)
	at feign.SynchronousMethodHandler.executeAndDecode(SynchronousMethodHandler.java:116)
	at feign.SynchronousMethodHandler.invoke(SynchronousMethodHandler.java:72)
	at feign.ReflectiveFeign$FeignInvocationHandler.invoke(ReflectiveFeign.java:98)
	at jdk.proxy2/jdk.proxy2.$Proxy95.updatePassword(Unknown Source)
	at com.quanxiaoha.xiaohashu.auth.rpc.UserRpcService.updatePassword(UserRpcService.java:69)
	at com.quanxiaoha.xiaohashu.auth.service.impl.AuthServiceImpl.updatePassword(AuthServiceImpl.java:150)
	at com.quanxiaoha.xiaohashu.auth.controller.AuthController.updatePassword(AuthController.java:39)
	at java.base/jdk.internal.reflect.NativeMethodAccessorImpl.invoke0(Native Method)
	at java.base/jdk.internal.reflect.NativeMethodAccessorImpl.invoke(NativeMethodAccessorImpl.java:77)
	at java.base/jdk.internal.reflect.DelegatingMethodAccessorImpl.invoke(DelegatingMethodAccessorImpl.java:43)
	at java.base/java.lang.reflect.Method.invoke(Method.java:568)
	at org.springframework.aop.support.AopUtils.invokeJoinpointUsingReflection(AopUtils.java:343)
	at org.springframework.aop.framework.ReflectiveMethodInvocation.invokeJoinpoint(ReflectiveMethodInvocation.java:196)
	at org.springframework.aop.framework.ReflectiveMethodInvocation.proceed(ReflectiveMethodInvocation.java:163)
	at org.springframework.aop.framework.CglibAopProxy$CglibMethodInvocation.proceed(CglibAopProxy.java:752)
	at org.springframework.aop.aspectj.MethodInvocationProceedingJoinPoint.proceed(MethodInvocationProceedingJoinPoint.java:89)
	at com.quanxiaoha.framework.biz.operationlog.aspect.ApiOperationLogAspect.doAround(ApiOperationLogAspect.java:53)
	at java.base/jdk.internal.reflect.NativeMethodAccessorImpl.invoke0(Native Method)
	at java.base/jdk.internal.reflect.NativeMethodAccessorImpl.invoke(NativeMethodAccessorImpl.java:77)
	at java.base/jdk.internal.reflect.DelegatingMethodAccessorImpl.invoke(DelegatingMethodAccessorImpl.java:43)
	at java.base/java.lang.reflect.Method.invoke(Method.java:568)
	at org.springframework.aop.aspectj.AbstractAspectJAdvice.invokeAdviceMethodWithGivenArgs(AbstractAspectJAdvice.java:633)
	at org.springframework.aop.aspectj.AbstractAspectJAdvice.invokeAdviceMethod(AbstractAspectJAdvice.java:623)
	at org.springframework.aop.aspectj.AspectJAroundAdvice.invoke(AspectJAroundAdvice.java:71)
	at org.springframework.aop.framework.ReflectiveMethodInvocation.proceed(ReflectiveMethodInvocation.java:173)
	at org.springframework.aop.framework.CglibAopProxy$CglibMethodInvocation.proceed(CglibAopProxy.java:752)
	at org.springframework.aop.interceptor.ExposeInvocationInterceptor.invoke(ExposeInvocationInterceptor.java:97)
	at org.springframework.aop.framework.ReflectiveMethodInvocation.proceed(ReflectiveMethodInvocation.java:184)
	at org.springframework.aop.framework.CglibAopProxy$CglibMethodInvocation.proceed(CglibAopProxy.java:752)
	at org.springframework.aop.framework.CglibAopProxy$DynamicAdvisedInterceptor.intercept(CglibAopProxy.java:703)
	at com.quanxiaoha.xiaohashu.auth.controller.AuthController$$SpringCGLIB$$0.updatePassword(<generated>)
	at java.base/jdk.internal.reflect.NativeMethodAccessorImpl.invoke0(Native Method)
	at java.base/jdk.internal.reflect.NativeMethodAccessorImpl.invoke(NativeMethodAccessorImpl.java:77)
	at java.base/jdk.internal.reflect.DelegatingMethodAccessorImpl.invoke(DelegatingMethodAccessorImpl.java:43)
	at java.base/java.lang.reflect.Method.invoke(Method.java:568)
	at org.springframework.web.method.support.InvocableHandlerMethod.doInvoke(InvocableHandlerMethod.java:207)
	at org.springframework.web.method.support.InvocableHandlerMethod.invokeForRequest(InvocableHandlerMethod.java:152)
	at org.springframework.web.servlet.mvc.method.annotation.ServletInvocableHandlerMethod.invokeAndHandle(ServletInvocableHandlerMethod.java:117)
	at org.springframework.web.servlet.mvc.method.annotation.RequestMappingHandlerAdapter.invokeHandlerMethod(RequestMappingHandlerAdapter.java:884)
	at org.springframework.web.servlet.mvc.method.annotation.RequestMappingHandlerAdapter.handleInternal(RequestMappingHandlerAdapter.java:797)
	at org.springframework.web.servlet.mvc.method.AbstractHandlerMethodAdapter.handle(AbstractHandlerMethodAdapter.java:87)
	at org.springframework.web.servlet.DispatcherServlet.doDispatch(DispatcherServlet.java:1080)
	at org.springframework.web.servlet.DispatcherServlet.doService(DispatcherServlet.java:973)
	at org.springframework.web.servlet.FrameworkServlet.processRequest(FrameworkServlet.java:1011)
	at org.springframework.web.servlet.FrameworkServlet.doPost(FrameworkServlet.java:914)
	at jakarta.servlet.http.HttpServlet.service(HttpServlet.java:547)
	at org.springframework.web.servlet.FrameworkServlet.service(FrameworkServlet.java:885)
	at jakarta.servlet.http.HttpServlet.service(HttpServlet.java:614)
	at org.apache.catalina.core.ApplicationFilterChain.internalDoFilter(ApplicationFilterChain.java:223)
	at org.apache.catalina.core.ApplicationFilterChain.doFilter(ApplicationFilterChain.java:158)
	at org.apache.tomcat.websocket.server.WsFilter.doFilter(WsFilter.java:53)
	at org.apache.catalina.core.ApplicationFilterChain.internalDoFilter(ApplicationFilterChain.java:185)
	at org.apache.catalina.core.ApplicationFilterChain.doFilter(ApplicationFilterChain.java:158)
	at com.quanxiaoha.xiaohashu.auth.filter.HeaderUserId2ContextFilter.doFilterInternal(HeaderUserId2ContextFilter.java:46)
	at org.springframework.web.filter.OncePerRequestFilter.doFilter(OncePerRequestFilter.java:116)
	at org.apache.catalina.core.ApplicationFilterChain.internalDoFilter(ApplicationFilterChain.java:185)
	at org.apache.catalina.core.ApplicationFilterChain.doFilter(ApplicationFilterChain.java:158)
	at org.springframework.web.filter.RequestContextFilter.doFilterInternal(RequestContextFilter.java:100)
	at org.springframework.web.filter.OncePerRequestFilter.doFilter(OncePerRequestFilter.java:116)
	at org.apache.catalina.core.ApplicationFilterChain.internalDoFilter(ApplicationFilterChain.java:185)
	at org.apache.catalina.core.ApplicationFilterChain.doFilter(ApplicationFilterChain.java:158)
	at cn.dev33.satoken.filter.SaPathCheckFilterForJakartaServlet.doFilter(SaPathCheckFilterForJakartaServlet.java:55)
	at org.apache.catalina.core.ApplicationFilterChain.internalDoFilter(ApplicationFilterChain.java:185)
	at org.apache.catalina.core.ApplicationFilterChain.doFilter(ApplicationFilterChain.java:158)
	at org.springframework.web.filter.FormContentFilter.doFilterInternal(FormContentFilter.java:93)
	at org.springframework.web.filter.OncePerRequestFilter.doFilter(OncePerRequestFilter.java:116)
	at org.apache.catalina.core.ApplicationFilterChain.internalDoFilter(ApplicationFilterChain.java:185)
	at org.apache.catalina.core.ApplicationFilterChain.doFilter(ApplicationFilterChain.java:158)
	at org.springframework.web.filter.CharacterEncodingFilter.doFilterInternal(CharacterEncodingFilter.java:201)
	at org.springframework.web.filter.OncePerRequestFilter.doFilter(OncePerRequestFilter.java:116)
	at org.apache.catalina.core.ApplicationFilterChain.internalDoFilter(ApplicationFilterChain.java:185)
	at org.apache.catalina.core.ApplicationFilterChain.doFilter(ApplicationFilterChain.java:158)
	at org.apache.catalina.core.StandardWrapperValve.invoke(StandardWrapperValve.java:177)
	at org.apache.catalina.core.StandardContextValve.invoke(StandardContextValve.java:97)
	at org.apache.catalina.authenticator.AuthenticatorBase.invoke(AuthenticatorBase.java:542)
	at org.apache.catalina.core.StandardHostValve.invoke(StandardHostValve.java:119)
	at org.apache.catalina.valves.ErrorReportValve.invoke(ErrorReportValve.java:92)
	at org.apache.catalina.core.StandardEngineValve.invoke(StandardEngineValve.java:78)
	at org.apache.catalina.connector.CoyoteAdapter.service(CoyoteAdapter.java:357)
	at org.apache.coyote.http11.Http11Processor.service(Http11Processor.java:400)
	at org.apache.coyote.AbstractProcessorLight.process(AbstractProcessorLight.java:65)
	at org.apache.coyote.AbstractProtocol$ConnectionHandler.process(AbstractProtocol.java:859)
	at org.apache.tomcat.util.net.NioEndpoint$SocketProcessor.doRun(NioEndpoint.java:1734)
	at org.apache.tomcat.util.net.SocketProcessorBase.run(SocketProcessorBase.java:52)
	at org.apache.tomcat.util.threads.ThreadPoolExecutor.runWorker(ThreadPoolExecutor.java:1191)
	at org.apache.tomcat.util.threads.ThreadPoolExecutor$Worker.run(ThreadPoolExecutor.java:659)
	at org.apache.tomcat.util.threads.TaskThread$WrappingRunnable.run(TaskThread.java:61)
	at java.base/java.lang.Thread.run(Thread.java:842)
2025-11-01 17:15:30.911 [http-nio-8080-exec-3] INFO  c.q.x.auth.filter.HeaderUserId2ContextFilter - ===== 删除 ThreadLocal， userId: 10
2025-11-01 17:16:44.266 [http-nio-8080-exec-5] INFO  c.q.x.auth.filter.HeaderUserId2ContextFilter - ## HeaderUserId2ContextFilter, 用户 ID: 10
2025-11-01 17:16:44.266 [http-nio-8080-exec-5] INFO  c.q.x.auth.filter.HeaderUserId2ContextFilter - ===== 设置 userId 到 ThreadLocal 中， 用户 ID: 10
2025-11-01 17:16:44.267 [http-nio-8080-exec-5] INFO  c.q.f.b.operationlog.aspect.ApiOperationLogAspect - ====== 请求开始: [修改密码], 入参: {"newPassword":"123456"}, 请求类: AuthController, 请求方法: updatePassword =================================== 
2025-11-01 17:16:44.331 [http-nio-8080-exec-5] ERROR c.q.x.auth.exception.GlobalExceptionHandler - /password/update request error, 
feign.FeignException$NotFound: [404] during [POST] to [http://xiaohashu-user/user/password/update] [UserFeignApi#updatePassword(UpdateUserPasswordReqDTO)]: [{"timestamp":"2025-11-01T09:16:44.330+00:00","status":404,"error":"Not Found","path":"/user/password/update"}]
	at feign.FeignException.clientErrorStatus(FeignException.java:228)
	at feign.FeignException.errorStatus(FeignException.java:203)
	at feign.FeignException.errorStatus(FeignException.java:194)
	at feign.FeignException.errorStatus(FeignException.java:171)
	at feign.codec.ErrorDecoder$Default.decode(ErrorDecoder.java:92)
	at feign.ResponseHandler.decodeError(ResponseHandler.java:136)
	at feign.ResponseHandler.handleResponse(ResponseHandler.java:70)
	at feign.SynchronousMethodHandler.executeAndDecode(SynchronousMethodHandler.java:116)
	at feign.SynchronousMethodHandler.invoke(SynchronousMethodHandler.java:72)
	at feign.ReflectiveFeign$FeignInvocationHandler.invoke(ReflectiveFeign.java:98)
	at jdk.proxy2/jdk.proxy2.$Proxy95.updatePassword(Unknown Source)
	at com.quanxiaoha.xiaohashu.auth.rpc.UserRpcService.updatePassword(UserRpcService.java:69)
	at com.quanxiaoha.xiaohashu.auth.service.impl.AuthServiceImpl.updatePassword(AuthServiceImpl.java:150)
	at com.quanxiaoha.xiaohashu.auth.controller.AuthController.updatePassword(AuthController.java:39)
	at java.base/jdk.internal.reflect.NativeMethodAccessorImpl.invoke0(Native Method)
	at java.base/jdk.internal.reflect.NativeMethodAccessorImpl.invoke(NativeMethodAccessorImpl.java:77)
	at java.base/jdk.internal.reflect.DelegatingMethodAccessorImpl.invoke(DelegatingMethodAccessorImpl.java:43)
	at java.base/java.lang.reflect.Method.invoke(Method.java:568)
	at org.springframework.aop.support.AopUtils.invokeJoinpointUsingReflection(AopUtils.java:343)
	at org.springframework.aop.framework.ReflectiveMethodInvocation.invokeJoinpoint(ReflectiveMethodInvocation.java:196)
	at org.springframework.aop.framework.ReflectiveMethodInvocation.proceed(ReflectiveMethodInvocation.java:163)
	at org.springframework.aop.framework.CglibAopProxy$CglibMethodInvocation.proceed(CglibAopProxy.java:752)
	at org.springframework.aop.aspectj.MethodInvocationProceedingJoinPoint.proceed(MethodInvocationProceedingJoinPoint.java:89)
	at com.quanxiaoha.framework.biz.operationlog.aspect.ApiOperationLogAspect.doAround(ApiOperationLogAspect.java:53)
	at java.base/jdk.internal.reflect.NativeMethodAccessorImpl.invoke0(Native Method)
	at java.base/jdk.internal.reflect.NativeMethodAccessorImpl.invoke(NativeMethodAccessorImpl.java:77)
	at java.base/jdk.internal.reflect.DelegatingMethodAccessorImpl.invoke(DelegatingMethodAccessorImpl.java:43)
	at java.base/java.lang.reflect.Method.invoke(Method.java:568)
	at org.springframework.aop.aspectj.AbstractAspectJAdvice.invokeAdviceMethodWithGivenArgs(AbstractAspectJAdvice.java:633)
	at org.springframework.aop.aspectj.AbstractAspectJAdvice.invokeAdviceMethod(AbstractAspectJAdvice.java:623)
	at org.springframework.aop.aspectj.AspectJAroundAdvice.invoke(AspectJAroundAdvice.java:71)
	at org.springframework.aop.framework.ReflectiveMethodInvocation.proceed(ReflectiveMethodInvocation.java:173)
	at org.springframework.aop.framework.CglibAopProxy$CglibMethodInvocation.proceed(CglibAopProxy.java:752)
	at org.springframework.aop.interceptor.ExposeInvocationInterceptor.invoke(ExposeInvocationInterceptor.java:97)
	at org.springframework.aop.framework.ReflectiveMethodInvocation.proceed(ReflectiveMethodInvocation.java:184)
	at org.springframework.aop.framework.CglibAopProxy$CglibMethodInvocation.proceed(CglibAopProxy.java:752)
	at org.springframework.aop.framework.CglibAopProxy$DynamicAdvisedInterceptor.intercept(CglibAopProxy.java:703)
	at com.quanxiaoha.xiaohashu.auth.controller.AuthController$$SpringCGLIB$$0.updatePassword(<generated>)
	at java.base/jdk.internal.reflect.NativeMethodAccessorImpl.invoke0(Native Method)
	at java.base/jdk.internal.reflect.NativeMethodAccessorImpl.invoke(NativeMethodAccessorImpl.java:77)
	at java.base/jdk.internal.reflect.DelegatingMethodAccessorImpl.invoke(DelegatingMethodAccessorImpl.java:43)
	at java.base/java.lang.reflect.Method.invoke(Method.java:568)
	at org.springframework.web.method.support.InvocableHandlerMethod.doInvoke(InvocableHandlerMethod.java:207)
	at org.springframework.web.method.support.InvocableHandlerMethod.invokeForRequest(InvocableHandlerMethod.java:152)
	at org.springframework.web.servlet.mvc.method.annotation.ServletInvocableHandlerMethod.invokeAndHandle(ServletInvocableHandlerMethod.java:117)
	at org.springframework.web.servlet.mvc.method.annotation.RequestMappingHandlerAdapter.invokeHandlerMethod(RequestMappingHandlerAdapter.java:884)
	at org.springframework.web.servlet.mvc.method.annotation.RequestMappingHandlerAdapter.handleInternal(RequestMappingHandlerAdapter.java:797)
	at org.springframework.web.servlet.mvc.method.AbstractHandlerMethodAdapter.handle(AbstractHandlerMethodAdapter.java:87)
	at org.springframework.web.servlet.DispatcherServlet.doDispatch(DispatcherServlet.java:1080)
	at org.springframework.web.servlet.DispatcherServlet.doService(DispatcherServlet.java:973)
	at org.springframework.web.servlet.FrameworkServlet.processRequest(FrameworkServlet.java:1011)
	at org.springframework.web.servlet.FrameworkServlet.doPost(FrameworkServlet.java:914)
	at jakarta.servlet.http.HttpServlet.service(HttpServlet.java:547)
	at org.springframework.web.servlet.FrameworkServlet.service(FrameworkServlet.java:885)
	at jakarta.servlet.http.HttpServlet.service(HttpServlet.java:614)
	at org.apache.catalina.core.ApplicationFilterChain.internalDoFilter(ApplicationFilterChain.java:223)
	at org.apache.catalina.core.ApplicationFilterChain.doFilter(ApplicationFilterChain.java:158)
	at org.apache.tomcat.websocket.server.WsFilter.doFilter(WsFilter.java:53)
	at org.apache.catalina.core.ApplicationFilterChain.internalDoFilter(ApplicationFilterChain.java:185)
	at org.apache.catalina.core.ApplicationFilterChain.doFilter(ApplicationFilterChain.java:158)
	at com.quanxiaoha.xiaohashu.auth.filter.HeaderUserId2ContextFilter.doFilterInternal(HeaderUserId2ContextFilter.java:46)
	at org.springframework.web.filter.OncePerRequestFilter.doFilter(OncePerRequestFilter.java:116)
	at org.apache.catalina.core.ApplicationFilterChain.internalDoFilter(ApplicationFilterChain.java:185)
	at org.apache.catalina.core.ApplicationFilterChain.doFilter(ApplicationFilterChain.java:158)
	at org.springframework.web.filter.RequestContextFilter.doFilterInternal(RequestContextFilter.java:100)
	at org.springframework.web.filter.OncePerRequestFilter.doFilter(OncePerRequestFilter.java:116)
	at org.apache.catalina.core.ApplicationFilterChain.internalDoFilter(ApplicationFilterChain.java:185)
	at org.apache.catalina.core.ApplicationFilterChain.doFilter(ApplicationFilterChain.java:158)
	at cn.dev33.satoken.filter.SaPathCheckFilterForJakartaServlet.doFilter(SaPathCheckFilterForJakartaServlet.java:55)
	at org.apache.catalina.core.ApplicationFilterChain.internalDoFilter(ApplicationFilterChain.java:185)
	at org.apache.catalina.core.ApplicationFilterChain.doFilter(ApplicationFilterChain.java:158)
	at org.springframework.web.filter.FormContentFilter.doFilterInternal(FormContentFilter.java:93)
	at org.springframework.web.filter.OncePerRequestFilter.doFilter(OncePerRequestFilter.java:116)
	at org.apache.catalina.core.ApplicationFilterChain.internalDoFilter(ApplicationFilterChain.java:185)
	at org.apache.catalina.core.ApplicationFilterChain.doFilter(ApplicationFilterChain.java:158)
	at org.springframework.web.filter.CharacterEncodingFilter.doFilterInternal(CharacterEncodingFilter.java:201)
	at org.springframework.web.filter.OncePerRequestFilter.doFilter(OncePerRequestFilter.java:116)
	at org.apache.catalina.core.ApplicationFilterChain.internalDoFilter(ApplicationFilterChain.java:185)
	at org.apache.catalina.core.ApplicationFilterChain.doFilter(ApplicationFilterChain.java:158)
	at org.apache.catalina.core.StandardWrapperValve.invoke(StandardWrapperValve.java:177)
	at org.apache.catalina.core.StandardContextValve.invoke(StandardContextValve.java:97)
	at org.apache.catalina.authenticator.AuthenticatorBase.invoke(AuthenticatorBase.java:542)
	at org.apache.catalina.core.StandardHostValve.invoke(StandardHostValve.java:119)
	at org.apache.catalina.valves.ErrorReportValve.invoke(ErrorReportValve.java:92)
	at org.apache.catalina.core.StandardEngineValve.invoke(StandardEngineValve.java:78)
	at org.apache.catalina.connector.CoyoteAdapter.service(CoyoteAdapter.java:357)
	at org.apache.coyote.http11.Http11Processor.service(Http11Processor.java:400)
	at org.apache.coyote.AbstractProcessorLight.process(AbstractProcessorLight.java:65)
	at org.apache.coyote.AbstractProtocol$ConnectionHandler.process(AbstractProtocol.java:859)
	at org.apache.tomcat.util.net.NioEndpoint$SocketProcessor.doRun(NioEndpoint.java:1734)
	at org.apache.tomcat.util.net.SocketProcessorBase.run(SocketProcessorBase.java:52)
	at org.apache.tomcat.util.threads.ThreadPoolExecutor.runWorker(ThreadPoolExecutor.java:1191)
	at org.apache.tomcat.util.threads.ThreadPoolExecutor$Worker.run(ThreadPoolExecutor.java:659)
	at org.apache.tomcat.util.threads.TaskThread$WrappingRunnable.run(TaskThread.java:61)
	at java.base/java.lang.Thread.run(Thread.java:842)
2025-11-01 17:16:44.332 [http-nio-8080-exec-5] INFO  c.q.x.auth.filter.HeaderUserId2ContextFilter - ===== 删除 ThreadLocal， userId: 10
2025-11-01 17:22:52.087 [http-nio-8080-exec-7] INFO  c.q.x.auth.filter.HeaderUserId2ContextFilter - ## HeaderUserId2ContextFilter, 用户 ID: null
2025-11-01 17:22:52.098 [http-nio-8080-exec-7] INFO  c.q.f.b.operationlog.aspect.ApiOperationLogAspect - ====== 请求开始: [发送短信验证码], 入参: {"phone":"13345966871"}, 请求类: VerificationCodeController, 请求方法: send =================================== 
2025-11-01 17:22:52.601 [http-nio-8080-exec-7] INFO  c.q.x.a.service.impl.VerificationCodeServiceImpl - ==> 手机号: 13345966871, 已发送验证码：【582168】
2025-11-01 17:22:52.606 [http-nio-8080-exec-7] INFO  c.q.f.b.operationlog.aspect.ApiOperationLogAspect - ====== 请求结束: [发送短信验证码], 耗时: 508ms, 出参: {"success":true,"message":null,"errorCode":null,"data":null} =================================== 
2025-11-01 17:23:40.213 [http-nio-8080-exec-8] INFO  c.q.x.auth.filter.HeaderUserId2ContextFilter - ## HeaderUserId2ContextFilter, 用户 ID: null
2025-11-01 17:23:40.218 [http-nio-8080-exec-8] INFO  c.q.f.b.operationlog.aspect.ApiOperationLogAspect - ====== 请求开始: [用户登录/注册], 入参: {"phone":"13345966871","code":"582168","password":null,"type":1}, 请求类: AuthController, 请求方法: loginAndRegister =================================== 
2025-11-01 17:23:40.300 [http-nio-8080-exec-8] INFO  c.q.f.b.operationlog.aspect.ApiOperationLogAspect - ====== 请求结束: [用户登录/注册], 耗时: 83ms, 出参: {"success":true,"message":null,"errorCode":null,"data":"4KGCibwEQjIhTBGDPjLzI0cZI4Xra7Zz8V4HLyhwPAOylo8xX1k25Xm5e3IJ2Q554TCKZnPL7wGNhMUQTAFa35bQksQyte8CMewMdqnwfUWy9WDbHlof16G21gP8fdY7"} =================================== 
2025-11-01 17:23:58.980 [nacos-grpc-client-executor-127.0.0.1-164] INFO  com.alibaba.nacos.common.remote.client - [1da87f0b-cafe-4d6e-853b-18618856343d] Receive server push request, request = NotifySubscriberRequest, requestId = 18
2025-11-01 17:23:58.983 [nacos-grpc-client-executor-127.0.0.1-164] INFO  com.alibaba.nacos.client.naming - removed ips(1) service: DEFAULT_GROUP@@xiaohashu-user -> [{"ip":"192.168.134.1","port":8082,"weight":1.0,"healthy":true,"enabled":true,"ephemeral":true,"clusterName":"DEFAULT","serviceName":"DEFAULT_GROUP@@xiaohashu-user","metadata":{"preserved.register.source":"SPRING_CLOUD"},"ipDeleteTimeout":30000,"instanceHeartBeatTimeOut":15000,"instanceHeartBeatInterval":5000}]
2025-11-01 17:23:58.984 [nacos-grpc-client-executor-127.0.0.1-164] INFO  com.alibaba.nacos.client.naming - current ips:(0) service: DEFAULT_GROUP@@xiaohashu-user -> []
2025-11-01 17:23:58.991 [nacos-grpc-client-executor-127.0.0.1-164] INFO  com.alibaba.nacos.common.remote.client - [1da87f0b-cafe-4d6e-853b-18618856343d] Ack server push request, request = NotifySubscriberRequest, requestId = 18
2025-11-01 17:24:09.115 [nacos-grpc-client-executor-127.0.0.1-166] INFO  com.alibaba.nacos.common.remote.client - [1da87f0b-cafe-4d6e-853b-18618856343d] Receive server push request, request = NotifySubscriberRequest, requestId = 20
2025-11-01 17:24:09.116 [nacos-grpc-client-executor-127.0.0.1-166] INFO  com.alibaba.nacos.client.naming - new ips(1) service: DEFAULT_GROUP@@xiaohashu-user -> [{"ip":"192.168.134.1","port":8082,"weight":1.0,"healthy":true,"enabled":true,"ephemeral":true,"clusterName":"DEFAULT","serviceName":"DEFAULT_GROUP@@xiaohashu-user","metadata":{"preserved.register.source":"SPRING_CLOUD"},"ipDeleteTimeout":30000,"instanceHeartBeatTimeOut":15000,"instanceHeartBeatInterval":5000}]
2025-11-01 17:24:09.116 [nacos-grpc-client-executor-127.0.0.1-166] INFO  com.alibaba.nacos.client.naming - current ips:(1) service: DEFAULT_GROUP@@xiaohashu-user -> [{"ip":"192.168.134.1","port":8082,"weight":1.0,"healthy":true,"enabled":true,"ephemeral":true,"clusterName":"DEFAULT","serviceName":"DEFAULT_GROUP@@xiaohashu-user","metadata":{"preserved.register.source":"SPRING_CLOUD"},"ipDeleteTimeout":30000,"instanceHeartBeatTimeOut":15000,"instanceHeartBeatInterval":5000}]
2025-11-01 17:24:09.117 [nacos-grpc-client-executor-127.0.0.1-166] INFO  com.alibaba.nacos.common.remote.client - [1da87f0b-cafe-4d6e-853b-18618856343d] Ack server push request, request = NotifySubscriberRequest, requestId = 20
2025-11-01 17:24:16.555 [http-nio-8080-exec-9] INFO  c.q.x.auth.filter.HeaderUserId2ContextFilter - ## HeaderUserId2ContextFilter, 用户 ID: null
2025-11-01 17:24:16.555 [http-nio-8080-exec-9] INFO  c.q.f.b.operationlog.aspect.ApiOperationLogAspect - ====== 请求开始: [修改密码], 入参: {"newPassword":"123456"}, 请求类: AuthController, 请求方法: updatePassword =================================== 
2025-11-01 17:24:16.690 [http-nio-8080-exec-9] ERROR c.q.x.auth.exception.GlobalExceptionHandler - /password/update request error, 
feign.FeignException$NotFound: [404] during [POST] to [http://xiaohashu-user/user/password/update] [UserFeignApi#updatePassword(UpdateUserPasswordReqDTO)]: [{"timestamp":"2025-11-01T09:24:16.677+00:00","status":404,"error":"Not Found","path":"/user/password/update"}]
	at feign.FeignException.clientErrorStatus(FeignException.java:228)
	at feign.FeignException.errorStatus(FeignException.java:203)
	at feign.FeignException.errorStatus(FeignException.java:194)
	at feign.FeignException.errorStatus(FeignException.java:171)
	at feign.codec.ErrorDecoder$Default.decode(ErrorDecoder.java:92)
	at feign.ResponseHandler.decodeError(ResponseHandler.java:136)
	at feign.ResponseHandler.handleResponse(ResponseHandler.java:70)
	at feign.SynchronousMethodHandler.executeAndDecode(SynchronousMethodHandler.java:116)
	at feign.SynchronousMethodHandler.invoke(SynchronousMethodHandler.java:72)
	at feign.ReflectiveFeign$FeignInvocationHandler.invoke(ReflectiveFeign.java:98)
	at jdk.proxy2/jdk.proxy2.$Proxy95.updatePassword(Unknown Source)
	at com.quanxiaoha.xiaohashu.auth.rpc.UserRpcService.updatePassword(UserRpcService.java:69)
	at com.quanxiaoha.xiaohashu.auth.service.impl.AuthServiceImpl.updatePassword(AuthServiceImpl.java:150)
	at com.quanxiaoha.xiaohashu.auth.controller.AuthController.updatePassword(AuthController.java:39)
	at java.base/jdk.internal.reflect.NativeMethodAccessorImpl.invoke0(Native Method)
	at java.base/jdk.internal.reflect.NativeMethodAccessorImpl.invoke(NativeMethodAccessorImpl.java:77)
	at java.base/jdk.internal.reflect.DelegatingMethodAccessorImpl.invoke(DelegatingMethodAccessorImpl.java:43)
	at java.base/java.lang.reflect.Method.invoke(Method.java:568)
	at org.springframework.aop.support.AopUtils.invokeJoinpointUsingReflection(AopUtils.java:343)
	at org.springframework.aop.framework.ReflectiveMethodInvocation.invokeJoinpoint(ReflectiveMethodInvocation.java:196)
	at org.springframework.aop.framework.ReflectiveMethodInvocation.proceed(ReflectiveMethodInvocation.java:163)
	at org.springframework.aop.framework.CglibAopProxy$CglibMethodInvocation.proceed(CglibAopProxy.java:752)
	at org.springframework.aop.aspectj.MethodInvocationProceedingJoinPoint.proceed(MethodInvocationProceedingJoinPoint.java:89)
	at com.quanxiaoha.framework.biz.operationlog.aspect.ApiOperationLogAspect.doAround(ApiOperationLogAspect.java:53)
	at java.base/jdk.internal.reflect.NativeMethodAccessorImpl.invoke0(Native Method)
	at java.base/jdk.internal.reflect.NativeMethodAccessorImpl.invoke(NativeMethodAccessorImpl.java:77)
	at java.base/jdk.internal.reflect.DelegatingMethodAccessorImpl.invoke(DelegatingMethodAccessorImpl.java:43)
	at java.base/java.lang.reflect.Method.invoke(Method.java:568)
	at org.springframework.aop.aspectj.AbstractAspectJAdvice.invokeAdviceMethodWithGivenArgs(AbstractAspectJAdvice.java:633)
	at org.springframework.aop.aspectj.AbstractAspectJAdvice.invokeAdviceMethod(AbstractAspectJAdvice.java:623)
	at org.springframework.aop.aspectj.AspectJAroundAdvice.invoke(AspectJAroundAdvice.java:71)
	at org.springframework.aop.framework.ReflectiveMethodInvocation.proceed(ReflectiveMethodInvocation.java:173)
	at org.springframework.aop.framework.CglibAopProxy$CglibMethodInvocation.proceed(CglibAopProxy.java:752)
	at org.springframework.aop.interceptor.ExposeInvocationInterceptor.invoke(ExposeInvocationInterceptor.java:97)
	at org.springframework.aop.framework.ReflectiveMethodInvocation.proceed(ReflectiveMethodInvocation.java:184)
	at org.springframework.aop.framework.CglibAopProxy$CglibMethodInvocation.proceed(CglibAopProxy.java:752)
	at org.springframework.aop.framework.CglibAopProxy$DynamicAdvisedInterceptor.intercept(CglibAopProxy.java:703)
	at com.quanxiaoha.xiaohashu.auth.controller.AuthController$$SpringCGLIB$$0.updatePassword(<generated>)
	at java.base/jdk.internal.reflect.NativeMethodAccessorImpl.invoke0(Native Method)
	at java.base/jdk.internal.reflect.NativeMethodAccessorImpl.invoke(NativeMethodAccessorImpl.java:77)
	at java.base/jdk.internal.reflect.DelegatingMethodAccessorImpl.invoke(DelegatingMethodAccessorImpl.java:43)
	at java.base/java.lang.reflect.Method.invoke(Method.java:568)
	at org.springframework.web.method.support.InvocableHandlerMethod.doInvoke(InvocableHandlerMethod.java:207)
	at org.springframework.web.method.support.InvocableHandlerMethod.invokeForRequest(InvocableHandlerMethod.java:152)
	at org.springframework.web.servlet.mvc.method.annotation.ServletInvocableHandlerMethod.invokeAndHandle(ServletInvocableHandlerMethod.java:117)
	at org.springframework.web.servlet.mvc.method.annotation.RequestMappingHandlerAdapter.invokeHandlerMethod(RequestMappingHandlerAdapter.java:884)
	at org.springframework.web.servlet.mvc.method.annotation.RequestMappingHandlerAdapter.handleInternal(RequestMappingHandlerAdapter.java:797)
	at org.springframework.web.servlet.mvc.method.AbstractHandlerMethodAdapter.handle(AbstractHandlerMethodAdapter.java:87)
	at org.springframework.web.servlet.DispatcherServlet.doDispatch(DispatcherServlet.java:1080)
	at org.springframework.web.servlet.DispatcherServlet.doService(DispatcherServlet.java:973)
	at org.springframework.web.servlet.FrameworkServlet.processRequest(FrameworkServlet.java:1011)
	at org.springframework.web.servlet.FrameworkServlet.doPost(FrameworkServlet.java:914)
	at jakarta.servlet.http.HttpServlet.service(HttpServlet.java:547)
	at org.springframework.web.servlet.FrameworkServlet.service(FrameworkServlet.java:885)
	at jakarta.servlet.http.HttpServlet.service(HttpServlet.java:614)
	at org.apache.catalina.core.ApplicationFilterChain.internalDoFilter(ApplicationFilterChain.java:223)
	at org.apache.catalina.core.ApplicationFilterChain.doFilter(ApplicationFilterChain.java:158)
	at org.apache.tomcat.websocket.server.WsFilter.doFilter(WsFilter.java:53)
	at org.apache.catalina.core.ApplicationFilterChain.internalDoFilter(ApplicationFilterChain.java:185)
	at org.apache.catalina.core.ApplicationFilterChain.doFilter(ApplicationFilterChain.java:158)
	at com.quanxiaoha.xiaohashu.auth.filter.HeaderUserId2ContextFilter.doFilterInternal(HeaderUserId2ContextFilter.java:37)
	at org.springframework.web.filter.OncePerRequestFilter.doFilter(OncePerRequestFilter.java:116)
	at org.apache.catalina.core.ApplicationFilterChain.internalDoFilter(ApplicationFilterChain.java:185)
	at org.apache.catalina.core.ApplicationFilterChain.doFilter(ApplicationFilterChain.java:158)
	at org.springframework.web.filter.RequestContextFilter.doFilterInternal(RequestContextFilter.java:100)
	at org.springframework.web.filter.OncePerRequestFilter.doFilter(OncePerRequestFilter.java:116)
	at org.apache.catalina.core.ApplicationFilterChain.internalDoFilter(ApplicationFilterChain.java:185)
	at org.apache.catalina.core.ApplicationFilterChain.doFilter(ApplicationFilterChain.java:158)
	at cn.dev33.satoken.filter.SaPathCheckFilterForJakartaServlet.doFilter(SaPathCheckFilterForJakartaServlet.java:55)
	at org.apache.catalina.core.ApplicationFilterChain.internalDoFilter(ApplicationFilterChain.java:185)
	at org.apache.catalina.core.ApplicationFilterChain.doFilter(ApplicationFilterChain.java:158)
	at org.springframework.web.filter.FormContentFilter.doFilterInternal(FormContentFilter.java:93)
	at org.springframework.web.filter.OncePerRequestFilter.doFilter(OncePerRequestFilter.java:116)
	at org.apache.catalina.core.ApplicationFilterChain.internalDoFilter(ApplicationFilterChain.java:185)
	at org.apache.catalina.core.ApplicationFilterChain.doFilter(ApplicationFilterChain.java:158)
	at org.springframework.web.filter.CharacterEncodingFilter.doFilterInternal(CharacterEncodingFilter.java:201)
	at org.springframework.web.filter.OncePerRequestFilter.doFilter(OncePerRequestFilter.java:116)
	at org.apache.catalina.core.ApplicationFilterChain.internalDoFilter(ApplicationFilterChain.java:185)
	at org.apache.catalina.core.ApplicationFilterChain.doFilter(ApplicationFilterChain.java:158)
	at org.apache.catalina.core.StandardWrapperValve.invoke(StandardWrapperValve.java:177)
	at org.apache.catalina.core.StandardContextValve.invoke(StandardContextValve.java:97)
	at org.apache.catalina.authenticator.AuthenticatorBase.invoke(AuthenticatorBase.java:542)
	at org.apache.catalina.core.StandardHostValve.invoke(StandardHostValve.java:119)
	at org.apache.catalina.valves.ErrorReportValve.invoke(ErrorReportValve.java:92)
	at org.apache.catalina.core.StandardEngineValve.invoke(StandardEngineValve.java:78)
	at org.apache.catalina.connector.CoyoteAdapter.service(CoyoteAdapter.java:357)
	at org.apache.coyote.http11.Http11Processor.service(Http11Processor.java:400)
	at org.apache.coyote.AbstractProcessorLight.process(AbstractProcessorLight.java:65)
	at org.apache.coyote.AbstractProtocol$ConnectionHandler.process(AbstractProtocol.java:859)
	at org.apache.tomcat.util.net.NioEndpoint$SocketProcessor.doRun(NioEndpoint.java:1734)
	at org.apache.tomcat.util.net.SocketProcessorBase.run(SocketProcessorBase.java:52)
	at org.apache.tomcat.util.threads.ThreadPoolExecutor.runWorker(ThreadPoolExecutor.java:1191)
	at org.apache.tomcat.util.threads.ThreadPoolExecutor$Worker.run(ThreadPoolExecutor.java:659)
	at org.apache.tomcat.util.threads.TaskThread$WrappingRunnable.run(TaskThread.java:61)
	at java.base/java.lang.Thread.run(Thread.java:842)
2025-11-01 17:24:47.447 [http-nio-8080-exec-10] INFO  c.q.x.auth.filter.HeaderUserId2ContextFilter - ## HeaderUserId2ContextFilter, 用户 ID: 10
2025-11-01 17:24:47.447 [http-nio-8080-exec-10] INFO  c.q.x.auth.filter.HeaderUserId2ContextFilter - ===== 设置 userId 到 ThreadLocal 中， 用户 ID: 10
2025-11-01 17:24:47.448 [http-nio-8080-exec-10] INFO  c.q.f.b.operationlog.aspect.ApiOperationLogAspect - ====== 请求开始: [修改密码], 入参: {"newPassword":"123456"}, 请求类: AuthController, 请求方法: updatePassword =================================== 
2025-11-01 17:24:47.534 [http-nio-8080-exec-10] ERROR c.q.x.auth.exception.GlobalExceptionHandler - /password/update request error, 
feign.FeignException$NotFound: [404] during [POST] to [http://xiaohashu-user/user/password/update] [UserFeignApi#updatePassword(UpdateUserPasswordReqDTO)]: [{"timestamp":"2025-11-01T09:24:47.533+00:00","status":404,"error":"Not Found","path":"/user/password/update"}]
	at feign.FeignException.clientErrorStatus(FeignException.java:228)
	at feign.FeignException.errorStatus(FeignException.java:203)
	at feign.FeignException.errorStatus(FeignException.java:194)
	at feign.FeignException.errorStatus(FeignException.java:171)
	at feign.codec.ErrorDecoder$Default.decode(ErrorDecoder.java:92)
	at feign.ResponseHandler.decodeError(ResponseHandler.java:136)
	at feign.ResponseHandler.handleResponse(ResponseHandler.java:70)
	at feign.SynchronousMethodHandler.executeAndDecode(SynchronousMethodHandler.java:116)
	at feign.SynchronousMethodHandler.invoke(SynchronousMethodHandler.java:72)
	at feign.ReflectiveFeign$FeignInvocationHandler.invoke(ReflectiveFeign.java:98)
	at jdk.proxy2/jdk.proxy2.$Proxy95.updatePassword(Unknown Source)
	at com.quanxiaoha.xiaohashu.auth.rpc.UserRpcService.updatePassword(UserRpcService.java:69)
	at com.quanxiaoha.xiaohashu.auth.service.impl.AuthServiceImpl.updatePassword(AuthServiceImpl.java:150)
	at com.quanxiaoha.xiaohashu.auth.controller.AuthController.updatePassword(AuthController.java:39)
	at java.base/jdk.internal.reflect.NativeMethodAccessorImpl.invoke0(Native Method)
	at java.base/jdk.internal.reflect.NativeMethodAccessorImpl.invoke(NativeMethodAccessorImpl.java:77)
	at java.base/jdk.internal.reflect.DelegatingMethodAccessorImpl.invoke(DelegatingMethodAccessorImpl.java:43)
	at java.base/java.lang.reflect.Method.invoke(Method.java:568)
	at org.springframework.aop.support.AopUtils.invokeJoinpointUsingReflection(AopUtils.java:343)
	at org.springframework.aop.framework.ReflectiveMethodInvocation.invokeJoinpoint(ReflectiveMethodInvocation.java:196)
	at org.springframework.aop.framework.ReflectiveMethodInvocation.proceed(ReflectiveMethodInvocation.java:163)
	at org.springframework.aop.framework.CglibAopProxy$CglibMethodInvocation.proceed(CglibAopProxy.java:752)
	at org.springframework.aop.aspectj.MethodInvocationProceedingJoinPoint.proceed(MethodInvocationProceedingJoinPoint.java:89)
	at com.quanxiaoha.framework.biz.operationlog.aspect.ApiOperationLogAspect.doAround(ApiOperationLogAspect.java:53)
	at java.base/jdk.internal.reflect.NativeMethodAccessorImpl.invoke0(Native Method)
	at java.base/jdk.internal.reflect.NativeMethodAccessorImpl.invoke(NativeMethodAccessorImpl.java:77)
	at java.base/jdk.internal.reflect.DelegatingMethodAccessorImpl.invoke(DelegatingMethodAccessorImpl.java:43)
	at java.base/java.lang.reflect.Method.invoke(Method.java:568)
	at org.springframework.aop.aspectj.AbstractAspectJAdvice.invokeAdviceMethodWithGivenArgs(AbstractAspectJAdvice.java:633)
	at org.springframework.aop.aspectj.AbstractAspectJAdvice.invokeAdviceMethod(AbstractAspectJAdvice.java:623)
	at org.springframework.aop.aspectj.AspectJAroundAdvice.invoke(AspectJAroundAdvice.java:71)
	at org.springframework.aop.framework.ReflectiveMethodInvocation.proceed(ReflectiveMethodInvocation.java:173)
	at org.springframework.aop.framework.CglibAopProxy$CglibMethodInvocation.proceed(CglibAopProxy.java:752)
	at org.springframework.aop.interceptor.ExposeInvocationInterceptor.invoke(ExposeInvocationInterceptor.java:97)
	at org.springframework.aop.framework.ReflectiveMethodInvocation.proceed(ReflectiveMethodInvocation.java:184)
	at org.springframework.aop.framework.CglibAopProxy$CglibMethodInvocation.proceed(CglibAopProxy.java:752)
	at org.springframework.aop.framework.CglibAopProxy$DynamicAdvisedInterceptor.intercept(CglibAopProxy.java:703)
	at com.quanxiaoha.xiaohashu.auth.controller.AuthController$$SpringCGLIB$$0.updatePassword(<generated>)
	at java.base/jdk.internal.reflect.NativeMethodAccessorImpl.invoke0(Native Method)
	at java.base/jdk.internal.reflect.NativeMethodAccessorImpl.invoke(NativeMethodAccessorImpl.java:77)
	at java.base/jdk.internal.reflect.DelegatingMethodAccessorImpl.invoke(DelegatingMethodAccessorImpl.java:43)
	at java.base/java.lang.reflect.Method.invoke(Method.java:568)
	at org.springframework.web.method.support.InvocableHandlerMethod.doInvoke(InvocableHandlerMethod.java:207)
	at org.springframework.web.method.support.InvocableHandlerMethod.invokeForRequest(InvocableHandlerMethod.java:152)
	at org.springframework.web.servlet.mvc.method.annotation.ServletInvocableHandlerMethod.invokeAndHandle(ServletInvocableHandlerMethod.java:117)
	at org.springframework.web.servlet.mvc.method.annotation.RequestMappingHandlerAdapter.invokeHandlerMethod(RequestMappingHandlerAdapter.java:884)
	at org.springframework.web.servlet.mvc.method.annotation.RequestMappingHandlerAdapter.handleInternal(RequestMappingHandlerAdapter.java:797)
	at org.springframework.web.servlet.mvc.method.AbstractHandlerMethodAdapter.handle(AbstractHandlerMethodAdapter.java:87)
	at org.springframework.web.servlet.DispatcherServlet.doDispatch(DispatcherServlet.java:1080)
	at org.springframework.web.servlet.DispatcherServlet.doService(DispatcherServlet.java:973)
	at org.springframework.web.servlet.FrameworkServlet.processRequest(FrameworkServlet.java:1011)
	at org.springframework.web.servlet.FrameworkServlet.doPost(FrameworkServlet.java:914)
	at jakarta.servlet.http.HttpServlet.service(HttpServlet.java:547)
	at org.springframework.web.servlet.FrameworkServlet.service(FrameworkServlet.java:885)
	at jakarta.servlet.http.HttpServlet.service(HttpServlet.java:614)
	at org.apache.catalina.core.ApplicationFilterChain.internalDoFilter(ApplicationFilterChain.java:223)
	at org.apache.catalina.core.ApplicationFilterChain.doFilter(ApplicationFilterChain.java:158)
	at org.apache.tomcat.websocket.server.WsFilter.doFilter(WsFilter.java:53)
	at org.apache.catalina.core.ApplicationFilterChain.internalDoFilter(ApplicationFilterChain.java:185)
	at org.apache.catalina.core.ApplicationFilterChain.doFilter(ApplicationFilterChain.java:158)
	at com.quanxiaoha.xiaohashu.auth.filter.HeaderUserId2ContextFilter.doFilterInternal(HeaderUserId2ContextFilter.java:46)
	at org.springframework.web.filter.OncePerRequestFilter.doFilter(OncePerRequestFilter.java:116)
	at org.apache.catalina.core.ApplicationFilterChain.internalDoFilter(ApplicationFilterChain.java:185)
	at org.apache.catalina.core.ApplicationFilterChain.doFilter(ApplicationFilterChain.java:158)
	at org.springframework.web.filter.RequestContextFilter.doFilterInternal(RequestContextFilter.java:100)
	at org.springframework.web.filter.OncePerRequestFilter.doFilter(OncePerRequestFilter.java:116)
	at org.apache.catalina.core.ApplicationFilterChain.internalDoFilter(ApplicationFilterChain.java:185)
	at org.apache.catalina.core.ApplicationFilterChain.doFilter(ApplicationFilterChain.java:158)
	at cn.dev33.satoken.filter.SaPathCheckFilterForJakartaServlet.doFilter(SaPathCheckFilterForJakartaServlet.java:55)
	at org.apache.catalina.core.ApplicationFilterChain.internalDoFilter(ApplicationFilterChain.java:185)
	at org.apache.catalina.core.ApplicationFilterChain.doFilter(ApplicationFilterChain.java:158)
	at org.springframework.web.filter.FormContentFilter.doFilterInternal(FormContentFilter.java:93)
	at org.springframework.web.filter.OncePerRequestFilter.doFilter(OncePerRequestFilter.java:116)
	at org.apache.catalina.core.ApplicationFilterChain.internalDoFilter(ApplicationFilterChain.java:185)
	at org.apache.catalina.core.ApplicationFilterChain.doFilter(ApplicationFilterChain.java:158)
	at org.springframework.web.filter.CharacterEncodingFilter.doFilterInternal(CharacterEncodingFilter.java:201)
	at org.springframework.web.filter.OncePerRequestFilter.doFilter(OncePerRequestFilter.java:116)
	at org.apache.catalina.core.ApplicationFilterChain.internalDoFilter(ApplicationFilterChain.java:185)
	at org.apache.catalina.core.ApplicationFilterChain.doFilter(ApplicationFilterChain.java:158)
	at org.apache.catalina.core.StandardWrapperValve.invoke(StandardWrapperValve.java:177)
	at org.apache.catalina.core.StandardContextValve.invoke(StandardContextValve.java:97)
	at org.apache.catalina.authenticator.AuthenticatorBase.invoke(AuthenticatorBase.java:542)
	at org.apache.catalina.core.StandardHostValve.invoke(StandardHostValve.java:119)
	at org.apache.catalina.valves.ErrorReportValve.invoke(ErrorReportValve.java:92)
	at org.apache.catalina.core.StandardEngineValve.invoke(StandardEngineValve.java:78)
	at org.apache.catalina.connector.CoyoteAdapter.service(CoyoteAdapter.java:357)
	at org.apache.coyote.http11.Http11Processor.service(Http11Processor.java:400)
	at org.apache.coyote.AbstractProcessorLight.process(AbstractProcessorLight.java:65)
	at org.apache.coyote.AbstractProtocol$ConnectionHandler.process(AbstractProtocol.java:859)
	at org.apache.tomcat.util.net.NioEndpoint$SocketProcessor.doRun(NioEndpoint.java:1734)
	at org.apache.tomcat.util.net.SocketProcessorBase.run(SocketProcessorBase.java:52)
	at org.apache.tomcat.util.threads.ThreadPoolExecutor.runWorker(ThreadPoolExecutor.java:1191)
	at org.apache.tomcat.util.threads.ThreadPoolExecutor$Worker.run(ThreadPoolExecutor.java:659)
	at org.apache.tomcat.util.threads.TaskThread$WrappingRunnable.run(TaskThread.java:61)
	at java.base/java.lang.Thread.run(Thread.java:842)
2025-11-01 17:24:47.535 [http-nio-8080-exec-10] INFO  c.q.x.auth.filter.HeaderUserId2ContextFilter - ===== 删除 ThreadLocal， userId: 10
2025-11-01 17:25:25.130 [main] WARN  com.alibaba.nacos.client.logging.NacosLogging - Load Logback Configuration of Nacos fail, message: Could not initialize Logback Nacos logging from classpath:nacos-logback.xml
2025-11-01 17:25:25.164 [main] WARN  com.alibaba.nacos.client.logging.NacosLogging - Load Logback Configuration of Nacos fail, message: Could not initialize Logback Nacos logging from classpath:nacos-logback.xml
2025-11-01 17:25:25.308 [main] WARN  com.alibaba.nacos.client.logging.NacosLogging - Load Logback Configuration of Nacos fail, message: Could not initialize Logback Nacos logging from classpath:nacos-logback.xml
2025-11-01 17:25:25.309 [main] INFO  com.alibaba.nacos.client.utils.ParamUtil - [settings] [req-serv] nacos-server port:8848
2025-11-01 17:25:25.309 [main] INFO  com.alibaba.nacos.client.utils.ParamUtil - [settings] [http-client] connect timeout:1000
2025-11-01 17:25:25.309 [main] INFO  com.alibaba.nacos.client.utils.ParamUtil - PER_TASK_CONFIG_SIZE: 3000.0
2025-11-01 17:25:25.319 [main] INFO  c.a.n.p.auth.spi.client.ClientAuthPluginManager - [ClientAuthPluginManager] Load ClientAuthService com.alibaba.nacos.client.auth.impl.NacosClientAuthServiceImpl success.
2025-11-01 17:25:25.319 [main] INFO  c.a.n.p.auth.spi.client.ClientAuthPluginManager - [ClientAuthPluginManager] Load ClientAuthService com.alibaba.nacos.client.auth.ram.RamClientAuthServiceImpl success.
2025-11-01 17:25:25.324 [main] INFO  c.a.n.client.auth.ram.identify.CredentialWatcher - null No credential found
2025-11-01 17:25:26.566 [main] WARN  com.alibaba.nacos.client.logging.NacosLogging - Load Logback Configuration of Nacos fail, message: Could not initialize Logback Nacos logging from classpath:nacos-logback.xml
2025-11-01 17:25:26.574 [main] INFO  c.a.n.client.config.impl.LocalConfigInfoProcessor - LOCAL_SNAPSHOT_PATH:C:\Users\hp\nacos\config
2025-11-01 17:25:26.577 [main] INFO  com.alibaba.nacos.common.remote.client - [RpcClientFactory] create a new rpc client of 6e35b8be-fba2-4367-b492-d23b7d9435fe_config-0
2025-11-01 17:25:26.586 [main] INFO  com.alibaba.nacos.common.remote.client - [6e35b8be-fba2-4367-b492-d23b7d9435fe_config-0] Register server push request handler:com.alibaba.nacos.client.config.impl.ClientWorker$ConfigRpcTransportClient$$Lambda$586/0x0000027d3c33a5f0
2025-11-01 17:25:26.586 [main] INFO  com.alibaba.nacos.common.remote.client - [6e35b8be-fba2-4367-b492-d23b7d9435fe_config-0] Register server push request handler:com.alibaba.nacos.client.config.impl.ClientWorker$ConfigRpcTransportClient$$Lambda$587/0x0000027d3c33aa10
2025-11-01 17:25:26.587 [main] INFO  com.alibaba.nacos.common.remote.client - [6e35b8be-fba2-4367-b492-d23b7d9435fe_config-0] Registry connection listener to current client:com.alibaba.nacos.client.config.impl.ClientWorker$ConfigRpcTransportClient$1
2025-11-01 17:25:26.587 [main] INFO  com.alibaba.nacos.common.remote.client - [6e35b8be-fba2-4367-b492-d23b7d9435fe_config-0] RpcClient init, ServerListFactory = com.alibaba.nacos.client.config.impl.ClientWorker$ConfigRpcTransportClient$2
2025-11-01 17:25:26.591 [main] INFO  com.alibaba.nacos.common.remote.client - [6e35b8be-fba2-4367-b492-d23b7d9435fe_config-0] Try to connect to server on start up, server: {serverIp = '127.0.0.1', server main port = 8848}
2025-11-01 17:25:26.612 [main] INFO  c.a.nacos.common.remote.client.grpc.GrpcClient - grpc client connection server:127.0.0.1 ip,serverPort:9848,grpcTslConfig:{"sslProvider":"OPENSSL","enableTls":false,"mutualAuthEnable":false,"trustAll":false}
2025-11-01 17:25:27.242 [main] INFO  com.alibaba.nacos.common.remote.client - [6e35b8be-fba2-4367-b492-d23b7d9435fe_config-0] Success to connect to server [127.0.0.1:8848] on start up, connectionId = 1761989127089_127.0.0.1_11168
2025-11-01 17:25:27.242 [com.alibaba.nacos.client.remote.worker] INFO  com.alibaba.nacos.common.remote.client - [6e35b8be-fba2-4367-b492-d23b7d9435fe_config-0] Notify connected event to listeners.
2025-11-01 17:25:27.242 [com.alibaba.nacos.client.remote.worker] INFO  com.alibaba.nacos.client.config.impl.ClientWorker - [6e35b8be-fba2-4367-b492-d23b7d9435fe_config-0] Connected,notify listen context...
2025-11-01 17:25:27.243 [main] INFO  com.alibaba.nacos.common.remote.client - [6e35b8be-fba2-4367-b492-d23b7d9435fe_config-0] Register server push request handler:com.alibaba.nacos.common.remote.client.RpcClient$ConnectResetRequestHandler
2025-11-01 17:25:27.243 [main] INFO  com.alibaba.nacos.common.remote.client - [6e35b8be-fba2-4367-b492-d23b7d9435fe_config-0] Register server push request handler:com.alibaba.nacos.common.remote.client.RpcClient$$Lambda$607/0x0000027d3c448440
2025-11-01 17:25:27.257 [main] INFO  com.alibaba.nacos.client.config.impl.Limiter - limitTime:5.0
2025-11-01 17:25:27.266 [main] INFO  com.alibaba.nacos.client.config.utils.JvmUtil - isMultiInstance:false
2025-11-01 17:25:27.274 [main] WARN  c.a.cloud.nacos.client.NacosPropertySourceBuilder - Ignore the empty nacos configuration and get it based on dataId[xiaohashu-auth.yaml] & group[DEFAULT_GROUP]
2025-11-01 17:25:27.281 [main] INFO  o.s.c.b.c.PropertySourceBootstrapConfiguration - Located property source: [BootstrapPropertySource {name='bootstrapProperties-xiaohashu-auth-dev.yaml,DEFAULT_GROUP'}, BootstrapPropertySource {name='bootstrapProperties-xiaohashu-auth.yaml,DEFAULT_GROUP'}, BootstrapPropertySource {name='bootstrapProperties-xiaohashu-auth,DEFAULT_GROUP'}]
2025-11-01 17:25:27.301 [main] WARN  com.alibaba.nacos.client.logging.NacosLogging - Load Logback Configuration of Nacos fail, message: Could not initialize Logback Nacos logging from classpath:nacos-logback.xml
2025-11-01 17:25:27.302 [main] INFO  c.q.xiaohashu.auth.XiaohashuAuthApplication - The following 1 profile is active: "dev"
2025-11-01 17:25:27.676 [main] INFO  o.s.d.r.config.RepositoryConfigurationDelegate - Multiple Spring Data modules found, entering strict repository configuration mode
2025-11-01 17:25:27.678 [main] INFO  o.s.d.r.config.RepositoryConfigurationDelegate - Bootstrapping Spring Data Redis repositories in DEFAULT mode.
2025-11-01 17:25:27.690 [main] INFO  o.s.d.r.config.RepositoryConfigurationDelegate - Finished Spring Data repository scanning in 5 ms. Found 0 Redis repository interfaces.
2025-11-01 17:25:27.771 [main] INFO  o.springframework.cloud.context.scope.GenericScope - BeanFactory id=4b54d012-f580-339f-8b90-c1e2499634c9
2025-11-01 17:25:27.783 [main] INFO  o.s.c.s.PostProcessorRegistrationDelegate$BeanPostProcessorChecker - Bean 'com.quanxiaoha.xiaohashu.user.api.UserFeignApi' of type [org.springframework.cloud.openfeign.FeignClientFactoryBean] is not eligible for getting processed by all BeanPostProcessors (for example: not eligible for auto-proxying)
2025-11-01 17:25:27.989 [main] INFO  o.s.boot.web.embedded.tomcat.TomcatWebServer - Tomcat initialized with port(s): 8080 (http)
2025-11-01 17:25:27.994 [main] INFO  org.apache.catalina.core.StandardService - Starting service [Tomcat]
2025-11-01 17:25:27.994 [main] INFO  org.apache.catalina.core.StandardEngine - Starting Servlet engine: [Apache Tomcat/10.1.5]
2025-11-01 17:25:28.057 [main] INFO  o.a.c.core.ContainerBase.[Tomcat].[localhost].[/] - Initializing Spring embedded WebApplicationContext
2025-11-01 17:25:28.057 [main] INFO  o.s.b.w.s.c.ServletWebServerApplicationContext - Root WebApplicationContext: initialization completed in 741 ms
2025-11-01 17:25:28.271 [main] INFO  o.s.cloud.openfeign.FeignClientFactoryBean - For 'xiaohashu-user' URL not provided. Will try picking an instance via load-balancing.
2025-11-01 17:25:29.636 [main] INFO  org.springframework.cloud.commons.util.InetUtils - Cannot determine local hostname
2025-11-01 17:25:31.034 [main] INFO  org.springframework.cloud.commons.util.InetUtils - Cannot determine local hostname
2025-11-01 17:25:31.048 [main] WARN  o.s.c.l.c.LoadBalancerCacheAutoConfiguration$LoadBalancerCaffeineWarnLogger - Spring Cloud LoadBalancer is currently working with the default cache. While this cache implementation is useful for development and tests, it's recommended to use Caffeine cache in production.You can switch to using Caffeine cache, by adding it and org.springframework.cache.caffeine.CaffeineCacheManager to the classpath.
2025-11-01 17:25:31.084 [main] INFO  o.s.boot.web.embedded.tomcat.TomcatWebServer - Tomcat started on port(s): 8080 (http) with context path ''
2025-11-01 17:25:31.086 [main] INFO  com.alibaba.nacos.client.naming - initializer namespace from ans.namespace attribute : null
2025-11-01 17:25:31.086 [main] INFO  com.alibaba.nacos.client.naming - initializer namespace from ALIBABA_ALIWARE_NAMESPACE attribute :null
2025-11-01 17:25:31.086 [main] INFO  com.alibaba.nacos.client.naming - initializer namespace from namespace attribute :null
2025-11-01 17:25:31.090 [main] INFO  c.a.n.p.auth.spi.client.ClientAuthPluginManager - [ClientAuthPluginManager] Load ClientAuthService com.alibaba.nacos.client.auth.impl.NacosClientAuthServiceImpl success.
2025-11-01 17:25:31.090 [main] INFO  c.a.n.p.auth.spi.client.ClientAuthPluginManager - [ClientAuthPluginManager] Load ClientAuthService com.alibaba.nacos.client.auth.ram.RamClientAuthServiceImpl success.
2025-11-01 17:25:31.092 [main] INFO  com.alibaba.nacos.common.remote.client - [RpcClientFactory] create a new rpc client of d919935e-d742-4961-aacf-c1c4967e2c3d
2025-11-01 17:25:31.093 [main] INFO  com.alibaba.nacos.common.remote.client - [d919935e-d742-4961-aacf-c1c4967e2c3d] RpcClient init, ServerListFactory = com.alibaba.nacos.client.naming.core.ServerListManager
2025-11-01 17:25:31.093 [main] INFO  com.alibaba.nacos.common.remote.client - [d919935e-d742-4961-aacf-c1c4967e2c3d] Registry connection listener to current client:com.alibaba.nacos.client.naming.remote.gprc.redo.NamingGrpcRedoService
2025-11-01 17:25:31.093 [main] INFO  com.alibaba.nacos.common.remote.client - [d919935e-d742-4961-aacf-c1c4967e2c3d] Register server push request handler:com.alibaba.nacos.client.naming.remote.gprc.NamingPushRequestHandler
2025-11-01 17:25:31.094 [main] INFO  com.alibaba.nacos.common.remote.client - [d919935e-d742-4961-aacf-c1c4967e2c3d] Try to connect to server on start up, server: {serverIp = '127.0.0.1', server main port = 8848}
2025-11-01 17:25:31.094 [main] INFO  c.a.nacos.common.remote.client.grpc.GrpcClient - grpc client connection server:127.0.0.1 ip,serverPort:9848,grpcTslConfig:{"sslProvider":"OPENSSL","enableTls":false,"mutualAuthEnable":false,"trustAll":false}
2025-11-01 17:25:31.206 [main] INFO  com.alibaba.nacos.common.remote.client - [d919935e-d742-4961-aacf-c1c4967e2c3d] Success to connect to server [127.0.0.1:8848] on start up, connectionId = 1761989131097_127.0.0.1_11170
2025-11-01 17:25:31.206 [com.alibaba.nacos.client.remote.worker] INFO  com.alibaba.nacos.common.remote.client - [d919935e-d742-4961-aacf-c1c4967e2c3d] Notify connected event to listeners.
2025-11-01 17:25:31.206 [com.alibaba.nacos.client.remote.worker] INFO  com.alibaba.nacos.client.naming - Grpc connection connect
2025-11-01 17:25:31.206 [main] INFO  com.alibaba.nacos.common.remote.client - [d919935e-d742-4961-aacf-c1c4967e2c3d] Register server push request handler:com.alibaba.nacos.common.remote.client.RpcClient$ConnectResetRequestHandler
2025-11-01 17:25:31.206 [main] INFO  com.alibaba.nacos.common.remote.client - [d919935e-d742-4961-aacf-c1c4967e2c3d] Register server push request handler:com.alibaba.nacos.common.remote.client.RpcClient$$Lambda$607/0x0000027d3c448440
2025-11-01 17:25:31.206 [main] INFO  com.alibaba.nacos.client.naming - [REGISTER-SERVICE] xiaohashu registering service xiaohashu-auth with instance Instance{instanceId='null', ip='192.168.134.1', port=8080, weight=1.0, healthy=true, enabled=true, ephemeral=true, clusterName='DEFAULT', serviceName='null', metadata={IPv6=null, preserved.register.source=SPRING_CLOUD}}
2025-11-01 17:25:31.221 [main] INFO  c.a.cloud.nacos.registry.NacosServiceRegistry - nacos registry, DEFAULT_GROUP xiaohashu-auth 192.168.134.1:8080 register finished
2025-11-01 17:25:32.393 [main] INFO  org.springframework.cloud.commons.util.InetUtils - Cannot determine local hostname
2025-11-01 17:25:32.403 [main] INFO  c.q.xiaohashu.auth.XiaohashuAuthApplication - Started XiaohashuAuthApplication in 8.79 seconds (process running for 9.239)
2025-11-01 17:25:32.405 [main] INFO  com.alibaba.nacos.client.config.impl.CacheData - nacos.cache.data.init.snapshot = true 
2025-11-01 17:25:32.406 [main] INFO  com.alibaba.nacos.client.config.impl.ClientWorker - [fixed-xiaohashu-127.0.0.1_8848] [subscribe] xiaohashu-auth.yaml+DEFAULT_GROUP+xiaohashu
2025-11-01 17:25:32.409 [main] INFO  com.alibaba.nacos.client.config.impl.CacheData - [fixed-xiaohashu-127.0.0.1_8848] [add-listener] ok, tenant=xiaohashu, dataId=xiaohashu-auth.yaml, group=DEFAULT_GROUP, cnt=1
2025-11-01 17:25:32.409 [main] INFO  c.a.cloud.nacos.refresh.NacosContextRefresher - [Nacos Config] Listening config: dataId=xiaohashu-auth.yaml, group=DEFAULT_GROUP
2025-11-01 17:25:32.410 [main] INFO  com.alibaba.nacos.client.config.impl.ClientWorker - [fixed-xiaohashu-127.0.0.1_8848] [subscribe] xiaohashu-auth-dev.yaml+DEFAULT_GROUP+xiaohashu
2025-11-01 17:25:32.410 [main] INFO  com.alibaba.nacos.client.config.impl.CacheData - [fixed-xiaohashu-127.0.0.1_8848] [add-listener] ok, tenant=xiaohashu, dataId=xiaohashu-auth-dev.yaml, group=DEFAULT_GROUP, cnt=1
2025-11-01 17:25:32.410 [main] INFO  c.a.cloud.nacos.refresh.NacosContextRefresher - [Nacos Config] Listening config: dataId=xiaohashu-auth-dev.yaml, group=DEFAULT_GROUP
2025-11-01 17:25:32.410 [main] INFO  com.alibaba.nacos.client.config.impl.ClientWorker - [fixed-xiaohashu-127.0.0.1_8848] [subscribe] xiaohashu-auth+DEFAULT_GROUP+xiaohashu
2025-11-01 17:25:32.410 [main] INFO  com.alibaba.nacos.client.config.impl.CacheData - [fixed-xiaohashu-127.0.0.1_8848] [add-listener] ok, tenant=xiaohashu, dataId=xiaohashu-auth, group=DEFAULT_GROUP, cnt=1
2025-11-01 17:25:32.410 [main] INFO  c.a.cloud.nacos.refresh.NacosContextRefresher - [Nacos Config] Listening config: dataId=xiaohashu-auth, group=DEFAULT_GROUP
2025-11-01 17:26:31.174 [http-nio-8080-exec-1] INFO  o.a.c.core.ContainerBase.[Tomcat].[localhost].[/] - Initializing Spring DispatcherServlet 'dispatcherServlet'
2025-11-01 17:26:31.174 [http-nio-8080-exec-1] INFO  org.springframework.web.servlet.DispatcherServlet - Initializing Servlet 'dispatcherServlet'
2025-11-01 17:26:31.175 [http-nio-8080-exec-1] INFO  org.springframework.web.servlet.DispatcherServlet - Completed initialization in 1 ms
2025-11-01 17:26:31.177 [http-nio-8080-exec-1] INFO  c.q.x.auth.filter.HeaderUserId2ContextFilter - ## HeaderUserId2ContextFilter, 用户 ID: 10
2025-11-01 17:26:31.177 [http-nio-8080-exec-1] INFO  c.q.x.auth.filter.HeaderUserId2ContextFilter - ===== 设置 userId 到 ThreadLocal 中， 用户 ID: 10
2025-11-01 17:26:31.227 [http-nio-8080-exec-1] INFO  c.q.f.b.operationlog.aspect.ApiOperationLogAspect - ====== 请求开始: [修改密码], 入参: {"newPassword":"123456"}, 请求类: AuthController, 请求方法: updatePassword =================================== 
2025-11-01 17:26:31.327 [http-nio-8080-exec-1] INFO  com.alibaba.nacos.client.naming - [SUBSCRIBE-SERVICE] service:xiaohashu-user, group:DEFAULT_GROUP, clusters: 
2025-11-01 17:26:31.335 [http-nio-8080-exec-1] INFO  com.alibaba.nacos.client.naming - init new ips(1) service: DEFAULT_GROUP@@xiaohashu-user -> [{"ip":"192.168.134.1","port":8082,"weight":1.0,"healthy":true,"enabled":true,"ephemeral":true,"clusterName":"DEFAULT","serviceName":"DEFAULT_GROUP@@xiaohashu-user","metadata":{"preserved.register.source":"SPRING_CLOUD"},"ipDeleteTimeout":30000,"instanceHeartBeatInterval":5000,"instanceHeartBeatTimeOut":15000}]
2025-11-01 17:26:31.336 [http-nio-8080-exec-1] INFO  com.alibaba.nacos.client.naming - current ips:(1) service: DEFAULT_GROUP@@xiaohashu-user -> [{"ip":"192.168.134.1","port":8082,"weight":1.0,"healthy":true,"enabled":true,"ephemeral":true,"clusterName":"DEFAULT","serviceName":"DEFAULT_GROUP@@xiaohashu-user","metadata":{"preserved.register.source":"SPRING_CLOUD"},"ipDeleteTimeout":30000,"instanceHeartBeatInterval":5000,"instanceHeartBeatTimeOut":15000}]
2025-11-01 17:26:31.357 [http-nio-8080-exec-1] ERROR c.q.x.auth.exception.GlobalExceptionHandler - /password/update request error, 
feign.FeignException$NotFound: [404] during [POST] to [http://xiaohashu-user/user/password/update] [UserFeignApi#updatePassword(UpdateUserPasswordReqDTO)]: [{"timestamp":"2025-11-01T09:26:31.352+00:00","status":404,"error":"Not Found","path":"/user/password/update"}]
	at feign.FeignException.clientErrorStatus(FeignException.java:228)
	at feign.FeignException.errorStatus(FeignException.java:203)
	at feign.FeignException.errorStatus(FeignException.java:194)
	at feign.FeignException.errorStatus(FeignException.java:171)
	at feign.codec.ErrorDecoder$Default.decode(ErrorDecoder.java:92)
	at feign.ResponseHandler.decodeError(ResponseHandler.java:136)
	at feign.ResponseHandler.handleResponse(ResponseHandler.java:70)
	at feign.SynchronousMethodHandler.executeAndDecode(SynchronousMethodHandler.java:116)
	at feign.SynchronousMethodHandler.invoke(SynchronousMethodHandler.java:72)
	at feign.ReflectiveFeign$FeignInvocationHandler.invoke(ReflectiveFeign.java:98)
	at jdk.proxy2/jdk.proxy2.$Proxy95.updatePassword(Unknown Source)
	at com.quanxiaoha.xiaohashu.auth.rpc.UserRpcService.updatePassword(UserRpcService.java:69)
	at com.quanxiaoha.xiaohashu.auth.service.impl.AuthServiceImpl.updatePassword(AuthServiceImpl.java:150)
	at com.quanxiaoha.xiaohashu.auth.controller.AuthController.updatePassword(AuthController.java:39)
	at java.base/jdk.internal.reflect.NativeMethodAccessorImpl.invoke0(Native Method)
	at java.base/jdk.internal.reflect.NativeMethodAccessorImpl.invoke(NativeMethodAccessorImpl.java:77)
	at java.base/jdk.internal.reflect.DelegatingMethodAccessorImpl.invoke(DelegatingMethodAccessorImpl.java:43)
	at java.base/java.lang.reflect.Method.invoke(Method.java:568)
	at org.springframework.aop.support.AopUtils.invokeJoinpointUsingReflection(AopUtils.java:343)
	at org.springframework.aop.framework.ReflectiveMethodInvocation.invokeJoinpoint(ReflectiveMethodInvocation.java:196)
	at org.springframework.aop.framework.ReflectiveMethodInvocation.proceed(ReflectiveMethodInvocation.java:163)
	at org.springframework.aop.framework.CglibAopProxy$CglibMethodInvocation.proceed(CglibAopProxy.java:752)
	at org.springframework.aop.aspectj.MethodInvocationProceedingJoinPoint.proceed(MethodInvocationProceedingJoinPoint.java:89)
	at com.quanxiaoha.framework.biz.operationlog.aspect.ApiOperationLogAspect.doAround(ApiOperationLogAspect.java:53)
	at java.base/jdk.internal.reflect.NativeMethodAccessorImpl.invoke0(Native Method)
	at java.base/jdk.internal.reflect.NativeMethodAccessorImpl.invoke(NativeMethodAccessorImpl.java:77)
	at java.base/jdk.internal.reflect.DelegatingMethodAccessorImpl.invoke(DelegatingMethodAccessorImpl.java:43)
	at java.base/java.lang.reflect.Method.invoke(Method.java:568)
	at org.springframework.aop.aspectj.AbstractAspectJAdvice.invokeAdviceMethodWithGivenArgs(AbstractAspectJAdvice.java:633)
	at org.springframework.aop.aspectj.AbstractAspectJAdvice.invokeAdviceMethod(AbstractAspectJAdvice.java:623)
	at org.springframework.aop.aspectj.AspectJAroundAdvice.invoke(AspectJAroundAdvice.java:71)
	at org.springframework.aop.framework.ReflectiveMethodInvocation.proceed(ReflectiveMethodInvocation.java:173)
	at org.springframework.aop.framework.CglibAopProxy$CglibMethodInvocation.proceed(CglibAopProxy.java:752)
	at org.springframework.aop.interceptor.ExposeInvocationInterceptor.invoke(ExposeInvocationInterceptor.java:97)
	at org.springframework.aop.framework.ReflectiveMethodInvocation.proceed(ReflectiveMethodInvocation.java:184)
	at org.springframework.aop.framework.CglibAopProxy$CglibMethodInvocation.proceed(CglibAopProxy.java:752)
	at org.springframework.aop.framework.CglibAopProxy$DynamicAdvisedInterceptor.intercept(CglibAopProxy.java:703)
	at com.quanxiaoha.xiaohashu.auth.controller.AuthController$$SpringCGLIB$$0.updatePassword(<generated>)
	at java.base/jdk.internal.reflect.NativeMethodAccessorImpl.invoke0(Native Method)
	at java.base/jdk.internal.reflect.NativeMethodAccessorImpl.invoke(NativeMethodAccessorImpl.java:77)
	at java.base/jdk.internal.reflect.DelegatingMethodAccessorImpl.invoke(DelegatingMethodAccessorImpl.java:43)
	at java.base/java.lang.reflect.Method.invoke(Method.java:568)
	at org.springframework.web.method.support.InvocableHandlerMethod.doInvoke(InvocableHandlerMethod.java:207)
	at org.springframework.web.method.support.InvocableHandlerMethod.invokeForRequest(InvocableHandlerMethod.java:152)
	at org.springframework.web.servlet.mvc.method.annotation.ServletInvocableHandlerMethod.invokeAndHandle(ServletInvocableHandlerMethod.java:117)
	at org.springframework.web.servlet.mvc.method.annotation.RequestMappingHandlerAdapter.invokeHandlerMethod(RequestMappingHandlerAdapter.java:884)
	at org.springframework.web.servlet.mvc.method.annotation.RequestMappingHandlerAdapter.handleInternal(RequestMappingHandlerAdapter.java:797)
	at org.springframework.web.servlet.mvc.method.AbstractHandlerMethodAdapter.handle(AbstractHandlerMethodAdapter.java:87)
	at org.springframework.web.servlet.DispatcherServlet.doDispatch(DispatcherServlet.java:1080)
	at org.springframework.web.servlet.DispatcherServlet.doService(DispatcherServlet.java:973)
	at org.springframework.web.servlet.FrameworkServlet.processRequest(FrameworkServlet.java:1011)
	at org.springframework.web.servlet.FrameworkServlet.doPost(FrameworkServlet.java:914)
	at jakarta.servlet.http.HttpServlet.service(HttpServlet.java:547)
	at org.springframework.web.servlet.FrameworkServlet.service(FrameworkServlet.java:885)
	at jakarta.servlet.http.HttpServlet.service(HttpServlet.java:614)
	at org.apache.catalina.core.ApplicationFilterChain.internalDoFilter(ApplicationFilterChain.java:223)
	at org.apache.catalina.core.ApplicationFilterChain.doFilter(ApplicationFilterChain.java:158)
	at org.apache.tomcat.websocket.server.WsFilter.doFilter(WsFilter.java:53)
	at org.apache.catalina.core.ApplicationFilterChain.internalDoFilter(ApplicationFilterChain.java:185)
	at org.apache.catalina.core.ApplicationFilterChain.doFilter(ApplicationFilterChain.java:158)
	at com.quanxiaoha.xiaohashu.auth.filter.HeaderUserId2ContextFilter.doFilterInternal(HeaderUserId2ContextFilter.java:46)
	at org.springframework.web.filter.OncePerRequestFilter.doFilter(OncePerRequestFilter.java:116)
	at org.apache.catalina.core.ApplicationFilterChain.internalDoFilter(ApplicationFilterChain.java:185)
	at org.apache.catalina.core.ApplicationFilterChain.doFilter(ApplicationFilterChain.java:158)
	at org.springframework.web.filter.RequestContextFilter.doFilterInternal(RequestContextFilter.java:100)
	at org.springframework.web.filter.OncePerRequestFilter.doFilter(OncePerRequestFilter.java:116)
	at org.apache.catalina.core.ApplicationFilterChain.internalDoFilter(ApplicationFilterChain.java:185)
	at org.apache.catalina.core.ApplicationFilterChain.doFilter(ApplicationFilterChain.java:158)
	at cn.dev33.satoken.filter.SaPathCheckFilterForJakartaServlet.doFilter(SaPathCheckFilterForJakartaServlet.java:55)
	at org.apache.catalina.core.ApplicationFilterChain.internalDoFilter(ApplicationFilterChain.java:185)
	at org.apache.catalina.core.ApplicationFilterChain.doFilter(ApplicationFilterChain.java:158)
	at org.springframework.web.filter.FormContentFilter.doFilterInternal(FormContentFilter.java:93)
	at org.springframework.web.filter.OncePerRequestFilter.doFilter(OncePerRequestFilter.java:116)
	at org.apache.catalina.core.ApplicationFilterChain.internalDoFilter(ApplicationFilterChain.java:185)
	at org.apache.catalina.core.ApplicationFilterChain.doFilter(ApplicationFilterChain.java:158)
	at org.springframework.web.filter.CharacterEncodingFilter.doFilterInternal(CharacterEncodingFilter.java:201)
	at org.springframework.web.filter.OncePerRequestFilter.doFilter(OncePerRequestFilter.java:116)
	at org.apache.catalina.core.ApplicationFilterChain.internalDoFilter(ApplicationFilterChain.java:185)
	at org.apache.catalina.core.ApplicationFilterChain.doFilter(ApplicationFilterChain.java:158)
	at org.apache.catalina.core.StandardWrapperValve.invoke(StandardWrapperValve.java:177)
	at org.apache.catalina.core.StandardContextValve.invoke(StandardContextValve.java:97)
	at org.apache.catalina.authenticator.AuthenticatorBase.invoke(AuthenticatorBase.java:542)
	at org.apache.catalina.core.StandardHostValve.invoke(StandardHostValve.java:119)
	at org.apache.catalina.valves.ErrorReportValve.invoke(ErrorReportValve.java:92)
	at org.apache.catalina.core.StandardEngineValve.invoke(StandardEngineValve.java:78)
	at org.apache.catalina.connector.CoyoteAdapter.service(CoyoteAdapter.java:357)
	at org.apache.coyote.http11.Http11Processor.service(Http11Processor.java:400)
	at org.apache.coyote.AbstractProcessorLight.process(AbstractProcessorLight.java:65)
	at org.apache.coyote.AbstractProtocol$ConnectionHandler.process(AbstractProtocol.java:859)
	at org.apache.tomcat.util.net.NioEndpoint$SocketProcessor.doRun(NioEndpoint.java:1734)
	at org.apache.tomcat.util.net.SocketProcessorBase.run(SocketProcessorBase.java:52)
	at org.apache.tomcat.util.threads.ThreadPoolExecutor.runWorker(ThreadPoolExecutor.java:1191)
	at org.apache.tomcat.util.threads.ThreadPoolExecutor$Worker.run(ThreadPoolExecutor.java:659)
	at org.apache.tomcat.util.threads.TaskThread$WrappingRunnable.run(TaskThread.java:61)
	at java.base/java.lang.Thread.run(Thread.java:842)
2025-11-01 17:26:31.365 [http-nio-8080-exec-1] INFO  c.q.x.auth.filter.HeaderUserId2ContextFilter - ===== 删除 ThreadLocal， userId: 10
2025-11-01 17:26:31.905 [nacos-grpc-client-executor-127.0.0.1-19] INFO  com.alibaba.nacos.common.remote.client - [d919935e-d742-4961-aacf-c1c4967e2c3d] Receive server push request, request = NotifySubscriberRequest, requestId = 23
2025-11-01 17:26:31.906 [nacos-grpc-client-executor-127.0.0.1-19] INFO  com.alibaba.nacos.common.remote.client - [d919935e-d742-4961-aacf-c1c4967e2c3d] Ack server push request, request = NotifySubscriberRequest, requestId = 23
2025-11-01 17:34:33.893 [main] WARN  com.alibaba.nacos.client.logging.NacosLogging - Load Logback Configuration of Nacos fail, message: Could not initialize Logback Nacos logging from classpath:nacos-logback.xml
2025-11-01 17:34:33.938 [main] WARN  com.alibaba.nacos.client.logging.NacosLogging - Load Logback Configuration of Nacos fail, message: Could not initialize Logback Nacos logging from classpath:nacos-logback.xml
2025-11-01 17:34:34.131 [main] WARN  com.alibaba.nacos.client.logging.NacosLogging - Load Logback Configuration of Nacos fail, message: Could not initialize Logback Nacos logging from classpath:nacos-logback.xml
2025-11-01 17:34:34.135 [main] INFO  com.alibaba.nacos.client.utils.ParamUtil - [settings] [req-serv] nacos-server port:8848
2025-11-01 17:34:34.135 [main] INFO  com.alibaba.nacos.client.utils.ParamUtil - [settings] [http-client] connect timeout:1000
2025-11-01 17:34:34.136 [main] INFO  com.alibaba.nacos.client.utils.ParamUtil - PER_TASK_CONFIG_SIZE: 3000.0
2025-11-01 17:34:34.151 [main] INFO  c.a.n.p.auth.spi.client.ClientAuthPluginManager - [ClientAuthPluginManager] Load ClientAuthService com.alibaba.nacos.client.auth.impl.NacosClientAuthServiceImpl success.
2025-11-01 17:34:34.152 [main] INFO  c.a.n.p.auth.spi.client.ClientAuthPluginManager - [ClientAuthPluginManager] Load ClientAuthService com.alibaba.nacos.client.auth.ram.RamClientAuthServiceImpl success.
2025-11-01 17:34:34.153 [main] INFO  c.a.n.client.auth.ram.identify.CredentialWatcher - null No credential found
2025-11-01 17:34:35.387 [main] WARN  com.alibaba.nacos.client.logging.NacosLogging - Load Logback Configuration of Nacos fail, message: Could not initialize Logback Nacos logging from classpath:nacos-logback.xml
2025-11-01 17:34:35.396 [main] INFO  c.a.n.client.config.impl.LocalConfigInfoProcessor - LOCAL_SNAPSHOT_PATH:C:\Users\hp\nacos\config
2025-11-01 17:34:35.398 [main] INFO  com.alibaba.nacos.common.remote.client - [RpcClientFactory] create a new rpc client of 9a9758e7-4423-4ba0-b85e-204a3612d385_config-0
2025-11-01 17:34:35.407 [main] INFO  com.alibaba.nacos.common.remote.client - [9a9758e7-4423-4ba0-b85e-204a3612d385_config-0] Register server push request handler:com.alibaba.nacos.client.config.impl.ClientWorker$ConfigRpcTransportClient$$Lambda$586/0x0000025e1733db70
2025-11-01 17:34:35.407 [main] INFO  com.alibaba.nacos.common.remote.client - [9a9758e7-4423-4ba0-b85e-204a3612d385_config-0] Register server push request handler:com.alibaba.nacos.client.config.impl.ClientWorker$ConfigRpcTransportClient$$Lambda$587/0x0000025e1733df90
2025-11-01 17:34:35.408 [main] INFO  com.alibaba.nacos.common.remote.client - [9a9758e7-4423-4ba0-b85e-204a3612d385_config-0] Registry connection listener to current client:com.alibaba.nacos.client.config.impl.ClientWorker$ConfigRpcTransportClient$1
2025-11-01 17:34:35.408 [main] INFO  com.alibaba.nacos.common.remote.client - [9a9758e7-4423-4ba0-b85e-204a3612d385_config-0] RpcClient init, ServerListFactory = com.alibaba.nacos.client.config.impl.ClientWorker$ConfigRpcTransportClient$2
2025-11-01 17:34:35.413 [main] INFO  com.alibaba.nacos.common.remote.client - [9a9758e7-4423-4ba0-b85e-204a3612d385_config-0] Try to connect to server on start up, server: {serverIp = '127.0.0.1', server main port = 8848}
2025-11-01 17:34:35.436 [main] INFO  c.a.nacos.common.remote.client.grpc.GrpcClient - grpc client connection server:127.0.0.1 ip,serverPort:9848,grpcTslConfig:{"sslProvider":"OPENSSL","enableTls":false,"mutualAuthEnable":false,"trustAll":false}
2025-11-01 17:34:36.104 [main] INFO  com.alibaba.nacos.common.remote.client - [9a9758e7-4423-4ba0-b85e-204a3612d385_config-0] Success to connect to server [127.0.0.1:8848] on start up, connectionId = 1761989675932_127.0.0.1_11570
2025-11-01 17:34:36.105 [com.alibaba.nacos.client.remote.worker] INFO  com.alibaba.nacos.common.remote.client - [9a9758e7-4423-4ba0-b85e-204a3612d385_config-0] Notify connected event to listeners.
2025-11-01 17:34:36.105 [com.alibaba.nacos.client.remote.worker] INFO  com.alibaba.nacos.client.config.impl.ClientWorker - [9a9758e7-4423-4ba0-b85e-204a3612d385_config-0] Connected,notify listen context...
2025-11-01 17:34:36.105 [main] INFO  com.alibaba.nacos.common.remote.client - [9a9758e7-4423-4ba0-b85e-204a3612d385_config-0] Register server push request handler:com.alibaba.nacos.common.remote.client.RpcClient$ConnectResetRequestHandler
2025-11-01 17:34:36.105 [main] INFO  com.alibaba.nacos.common.remote.client - [9a9758e7-4423-4ba0-b85e-204a3612d385_config-0] Register server push request handler:com.alibaba.nacos.common.remote.client.RpcClient$$Lambda$607/0x0000025e1744c6e8
2025-11-01 17:34:36.126 [main] INFO  com.alibaba.nacos.client.config.impl.Limiter - limitTime:5.0
2025-11-01 17:34:36.134 [main] INFO  com.alibaba.nacos.client.config.utils.JvmUtil - isMultiInstance:false
2025-11-01 17:34:36.143 [main] WARN  c.a.cloud.nacos.client.NacosPropertySourceBuilder - Ignore the empty nacos configuration and get it based on dataId[xiaohashu-auth.yaml] & group[DEFAULT_GROUP]
2025-11-01 17:34:36.147 [main] INFO  o.s.c.b.c.PropertySourceBootstrapConfiguration - Located property source: [BootstrapPropertySource {name='bootstrapProperties-xiaohashu-auth-dev.yaml,DEFAULT_GROUP'}, BootstrapPropertySource {name='bootstrapProperties-xiaohashu-auth.yaml,DEFAULT_GROUP'}, BootstrapPropertySource {name='bootstrapProperties-xiaohashu-auth,DEFAULT_GROUP'}]
2025-11-01 17:34:36.166 [main] WARN  com.alibaba.nacos.client.logging.NacosLogging - Load Logback Configuration of Nacos fail, message: Could not initialize Logback Nacos logging from classpath:nacos-logback.xml
2025-11-01 17:34:36.167 [main] INFO  c.q.xiaohashu.auth.XiaohashuAuthApplication - The following 1 profile is active: "dev"
2025-11-01 17:34:36.567 [main] INFO  o.s.d.r.config.RepositoryConfigurationDelegate - Multiple Spring Data modules found, entering strict repository configuration mode
2025-11-01 17:34:36.569 [main] INFO  o.s.d.r.config.RepositoryConfigurationDelegate - Bootstrapping Spring Data Redis repositories in DEFAULT mode.
2025-11-01 17:34:36.583 [main] INFO  o.s.d.r.config.RepositoryConfigurationDelegate - Finished Spring Data repository scanning in 6 ms. Found 0 Redis repository interfaces.
2025-11-01 17:34:36.678 [main] INFO  o.springframework.cloud.context.scope.GenericScope - BeanFactory id=4b54d012-f580-339f-8b90-c1e2499634c9
2025-11-01 17:34:36.688 [main] INFO  o.s.c.s.PostProcessorRegistrationDelegate$BeanPostProcessorChecker - Bean 'com.quanxiaoha.xiaohashu.user.api.UserFeignApi' of type [org.springframework.cloud.openfeign.FeignClientFactoryBean] is not eligible for getting processed by all BeanPostProcessors (for example: not eligible for auto-proxying)
2025-11-01 17:34:36.929 [main] INFO  o.s.boot.web.embedded.tomcat.TomcatWebServer - Tomcat initialized with port(s): 8080 (http)
2025-11-01 17:34:36.934 [main] INFO  org.apache.catalina.core.StandardService - Starting service [Tomcat]
2025-11-01 17:34:36.935 [main] INFO  org.apache.catalina.core.StandardEngine - Starting Servlet engine: [Apache Tomcat/10.1.5]
2025-11-01 17:34:37.003 [main] INFO  o.a.c.core.ContainerBase.[Tomcat].[localhost].[/] - Initializing Spring embedded WebApplicationContext
2025-11-01 17:34:37.004 [main] INFO  o.s.b.w.s.c.ServletWebServerApplicationContext - Root WebApplicationContext: initialization completed in 828 ms
2025-11-01 17:34:37.267 [main] INFO  o.s.cloud.openfeign.FeignClientFactoryBean - For 'xiaohashu-user' URL not provided. Will try picking an instance via load-balancing.
2025-11-01 17:35:21.112 [main] INFO  org.springframework.cloud.commons.util.InetUtils - Cannot determine local hostname
2025-11-01 17:35:43.109 [main] INFO  org.springframework.cloud.commons.util.InetUtils - Cannot determine local hostname
2025-11-01 17:35:46.833 [main] WARN  o.s.c.l.c.LoadBalancerCacheAutoConfiguration$LoadBalancerCaffeineWarnLogger - Spring Cloud LoadBalancer is currently working with the default cache. While this cache implementation is useful for development and tests, it's recommended to use Caffeine cache in production.You can switch to using Caffeine cache, by adding it and org.springframework.cache.caffeine.CaffeineCacheManager to the classpath.
2025-11-01 17:35:58.982 [main] INFO  o.s.boot.web.embedded.tomcat.TomcatWebServer - Tomcat started on port(s): 8080 (http) with context path ''
2025-11-01 17:35:59.489 [main] INFO  com.alibaba.nacos.client.naming - initializer namespace from ans.namespace attribute : null
2025-11-01 17:35:59.509 [main] INFO  com.alibaba.nacos.client.naming - initializer namespace from ALIBABA_ALIWARE_NAMESPACE attribute :null
2025-11-01 17:35:59.538 [main] INFO  com.alibaba.nacos.client.naming - initializer namespace from namespace attribute :null
2025-11-01 17:35:59.813 [main] INFO  c.a.n.p.auth.spi.client.ClientAuthPluginManager - [ClientAuthPluginManager] Load ClientAuthService com.alibaba.nacos.client.auth.impl.NacosClientAuthServiceImpl success.
2025-11-01 17:35:59.819 [main] INFO  c.a.n.p.auth.spi.client.ClientAuthPluginManager - [ClientAuthPluginManager] Load ClientAuthService com.alibaba.nacos.client.auth.ram.RamClientAuthServiceImpl success.
2025-11-01 17:36:00.004 [main] INFO  com.alibaba.nacos.common.remote.client - [RpcClientFactory] create a new rpc client of 6e9a04a3-c23b-4d42-8422-ada284709623
2025-11-01 17:36:00.152 [main] INFO  com.alibaba.nacos.common.remote.client - [6e9a04a3-c23b-4d42-8422-ada284709623] RpcClient init, ServerListFactory = com.alibaba.nacos.client.naming.core.ServerListManager
2025-11-01 17:36:00.159 [main] INFO  com.alibaba.nacos.common.remote.client - [6e9a04a3-c23b-4d42-8422-ada284709623] Registry connection listener to current client:com.alibaba.nacos.client.naming.remote.gprc.redo.NamingGrpcRedoService
2025-11-01 17:36:00.190 [main] INFO  com.alibaba.nacos.common.remote.client - [6e9a04a3-c23b-4d42-8422-ada284709623] Register server push request handler:com.alibaba.nacos.client.naming.remote.gprc.NamingPushRequestHandler
2025-11-01 17:36:00.211 [main] INFO  com.alibaba.nacos.common.remote.client - [6e9a04a3-c23b-4d42-8422-ada284709623] Try to connect to server on start up, server: {serverIp = '127.0.0.1', server main port = 8848}
2025-11-01 17:36:00.224 [main] INFO  c.a.nacos.common.remote.client.grpc.GrpcClient - grpc client connection server:127.0.0.1 ip,serverPort:9848,grpcTslConfig:{"sslProvider":"OPENSSL","enableTls":false,"mutualAuthEnable":false,"trustAll":false}
2025-11-01 17:36:00.877 [main] INFO  com.alibaba.nacos.common.remote.client - [6e9a04a3-c23b-4d42-8422-ada284709623] Success to connect to server [127.0.0.1:8848] on start up, connectionId = 1761989760462_127.0.0.1_11610
2025-11-01 17:36:00.883 [com.alibaba.nacos.client.remote.worker] INFO  com.alibaba.nacos.common.remote.client - [6e9a04a3-c23b-4d42-8422-ada284709623] Notify connected event to listeners.
2025-11-01 17:36:00.884 [main] INFO  com.alibaba.nacos.common.remote.client - [6e9a04a3-c23b-4d42-8422-ada284709623] Register server push request handler:com.alibaba.nacos.common.remote.client.RpcClient$ConnectResetRequestHandler
2025-11-01 17:36:00.915 [com.alibaba.nacos.client.remote.worker] INFO  com.alibaba.nacos.client.naming - Grpc connection connect
2025-11-01 17:36:00.917 [main] INFO  com.alibaba.nacos.common.remote.client - [6e9a04a3-c23b-4d42-8422-ada284709623] Register server push request handler:com.alibaba.nacos.common.remote.client.RpcClient$$Lambda$607/0x0000025e1744c6e8
2025-11-01 17:36:00.998 [main] INFO  com.alibaba.nacos.client.naming - [REGISTER-SERVICE] xiaohashu registering service xiaohashu-auth with instance Instance{instanceId='null', ip='192.168.134.1', port=8080, weight=1.0, healthy=true, enabled=true, ephemeral=true, clusterName='DEFAULT', serviceName='null', metadata={IPv6=null, preserved.register.source=SPRING_CLOUD}}
2025-11-01 17:36:01.448 [main] INFO  c.a.cloud.nacos.registry.NacosServiceRegistry - nacos registry, DEFAULT_GROUP xiaohashu-auth 192.168.134.1:8080 register finished
2025-11-01 17:36:02.674 [main] INFO  org.springframework.cloud.commons.util.InetUtils - Cannot determine local hostname
2025-11-01 17:36:05.657 [main] INFO  c.q.xiaohashu.auth.XiaohashuAuthApplication - Started XiaohashuAuthApplication in 93.338 seconds (process running for 94.068)
2025-11-01 17:36:05.883 [main] INFO  com.alibaba.nacos.client.config.impl.CacheData - nacos.cache.data.init.snapshot = true 
2025-11-01 17:36:05.901 [main] INFO  com.alibaba.nacos.client.config.impl.ClientWorker - [fixed-xiaohashu-127.0.0.1_8848] [subscribe] xiaohashu-auth.yaml+DEFAULT_GROUP+xiaohashu
2025-11-01 17:36:08.375 [main] INFO  com.alibaba.nacos.client.config.impl.CacheData - [fixed-xiaohashu-127.0.0.1_8848] [add-listener] ok, tenant=xiaohashu, dataId=xiaohashu-auth.yaml, group=DEFAULT_GROUP, cnt=1
2025-11-01 17:36:08.403 [main] INFO  c.a.cloud.nacos.refresh.NacosContextRefresher - [Nacos Config] Listening config: dataId=xiaohashu-auth.yaml, group=DEFAULT_GROUP
2025-11-01 17:36:08.535 [main] INFO  com.alibaba.nacos.client.config.impl.ClientWorker - [fixed-xiaohashu-127.0.0.1_8848] [subscribe] xiaohashu-auth-dev.yaml+DEFAULT_GROUP+xiaohashu
2025-11-01 17:36:08.564 [main] INFO  com.alibaba.nacos.client.config.impl.CacheData - [fixed-xiaohashu-127.0.0.1_8848] [add-listener] ok, tenant=xiaohashu, dataId=xiaohashu-auth-dev.yaml, group=DEFAULT_GROUP, cnt=1
2025-11-01 17:36:08.597 [main] INFO  c.a.cloud.nacos.refresh.NacosContextRefresher - [Nacos Config] Listening config: dataId=xiaohashu-auth-dev.yaml, group=DEFAULT_GROUP
2025-11-01 17:36:08.696 [main] INFO  com.alibaba.nacos.client.config.impl.ClientWorker - [fixed-xiaohashu-127.0.0.1_8848] [subscribe] xiaohashu-auth+DEFAULT_GROUP+xiaohashu
2025-11-01 17:36:08.724 [main] INFO  com.alibaba.nacos.client.config.impl.CacheData - [fixed-xiaohashu-127.0.0.1_8848] [add-listener] ok, tenant=xiaohashu, dataId=xiaohashu-auth, group=DEFAULT_GROUP, cnt=1
2025-11-01 17:36:08.759 [main] INFO  c.a.cloud.nacos.refresh.NacosContextRefresher - [Nacos Config] Listening config: dataId=xiaohashu-auth, group=DEFAULT_GROUP
2025-11-01 17:36:20.456 [http-nio-8080-exec-2] INFO  o.a.c.core.ContainerBase.[Tomcat].[localhost].[/] - Initializing Spring DispatcherServlet 'dispatcherServlet'
2025-11-01 17:36:20.565 [http-nio-8080-exec-2] INFO  org.springframework.web.servlet.DispatcherServlet - Initializing Servlet 'dispatcherServlet'
2025-11-01 17:36:21.027 [http-nio-8080-exec-2] INFO  org.springframework.web.servlet.DispatcherServlet - Completed initialization in 426 ms
2025-11-01 17:36:31.244 [http-nio-8080-exec-2] INFO  c.q.x.auth.filter.HeaderUserId2ContextFilter - ## HeaderUserId2ContextFilter, 用户 ID: null
2025-11-01 17:37:03.788 [http-nio-8080-exec-2] INFO  c.q.f.b.operationlog.aspect.ApiOperationLogAspect - ====== 请求开始: [修改密码], 入参: {"newPassword":"123456"}, 请求类: AuthController, 请求方法: updatePassword =================================== 
2025-11-01 17:37:36.630 [http-nio-8080-exec-2] INFO  com.alibaba.nacos.client.naming - [SUBSCRIBE-SERVICE] service:xiaohashu-user, group:DEFAULT_GROUP, clusters: 
2025-11-01 17:37:37.499 [com.alibaba.nacos.client.naming.grpc.redo.0] INFO  com.alibaba.nacos.client.naming - Redo subscriber operation REGISTER for DEFAULT_GROUP@@xiaohashu-user#
2025-11-01 17:37:37.774 [http-nio-8080-exec-2] INFO  com.alibaba.nacos.client.naming - init new ips(1) service: DEFAULT_GROUP@@xiaohashu-user -> [{"ip":"192.168.134.1","port":8082,"weight":1.0,"healthy":true,"enabled":true,"ephemeral":true,"clusterName":"DEFAULT","serviceName":"DEFAULT_GROUP@@xiaohashu-user","metadata":{"preserved.register.source":"SPRING_CLOUD"},"instanceHeartBeatInterval":5000,"instanceHeartBeatTimeOut":15000,"ipDeleteTimeout":30000}]
2025-11-01 17:37:38.070 [http-nio-8080-exec-2] INFO  com.alibaba.nacos.client.naming - current ips:(1) service: DEFAULT_GROUP@@xiaohashu-user -> [{"ip":"192.168.134.1","port":8082,"weight":1.0,"healthy":true,"enabled":true,"ephemeral":true,"clusterName":"DEFAULT","serviceName":"DEFAULT_GROUP@@xiaohashu-user","metadata":{"preserved.register.source":"SPRING_CLOUD"},"instanceHeartBeatInterval":5000,"instanceHeartBeatTimeOut":15000,"ipDeleteTimeout":30000}]
2025-11-01 17:37:39.149 [nacos-grpc-client-executor-127.0.0.1-38] INFO  com.alibaba.nacos.common.remote.client - [6e9a04a3-c23b-4d42-8422-ada284709623] Receive server push request, request = NotifySubscriberRequest, requestId = 26
2025-11-01 17:37:39.211 [nacos-grpc-client-executor-127.0.0.1-38] INFO  com.alibaba.nacos.common.remote.client - [6e9a04a3-c23b-4d42-8422-ada284709623] Ack server push request, request = NotifySubscriberRequest, requestId = 26
2025-11-01 17:37:40.114 [http-nio-8080-exec-2] ERROR c.q.x.auth.exception.GlobalExceptionHandler - /password/update request error, 
feign.FeignException$NotFound: [404] during [POST] to [http://xiaohashu-user/user/password/update] [UserFeignApi#updatePassword(UpdateUserPasswordReqDTO)]: [{"timestamp":"2025-11-01T09:37:39.867+00:00","status":404,"error":"Not Found","path":"/user/password/update"}]
	at feign.FeignException.clientErrorStatus(FeignException.java:228)
	at feign.FeignException.errorStatus(FeignException.java:203)
	at feign.FeignException.errorStatus(FeignException.java:194)
	at feign.FeignException.errorStatus(FeignException.java:171)
	at feign.codec.ErrorDecoder$Default.decode(ErrorDecoder.java:92)
	at feign.ResponseHandler.decodeError(ResponseHandler.java:136)
	at feign.ResponseHandler.handleResponse(ResponseHandler.java:70)
	at feign.SynchronousMethodHandler.executeAndDecode(SynchronousMethodHandler.java:116)
	at feign.SynchronousMethodHandler.invoke(SynchronousMethodHandler.java:72)
	at feign.ReflectiveFeign$FeignInvocationHandler.invoke(ReflectiveFeign.java:98)
	at jdk.proxy2/jdk.proxy2.$Proxy95.updatePassword(Unknown Source)
	at com.quanxiaoha.xiaohashu.auth.rpc.UserRpcService.updatePassword(UserRpcService.java:69)
	at com.quanxiaoha.xiaohashu.auth.service.impl.AuthServiceImpl.updatePassword(AuthServiceImpl.java:150)
	at com.quanxiaoha.xiaohashu.auth.controller.AuthController.updatePassword(AuthController.java:39)
	at java.base/jdk.internal.reflect.NativeMethodAccessorImpl.invoke0(Native Method)
	at java.base/jdk.internal.reflect.NativeMethodAccessorImpl.invoke(NativeMethodAccessorImpl.java:77)
	at java.base/jdk.internal.reflect.DelegatingMethodAccessorImpl.invoke(DelegatingMethodAccessorImpl.java:43)
	at java.base/java.lang.reflect.Method.invoke(Method.java:568)
	at org.springframework.aop.support.AopUtils.invokeJoinpointUsingReflection(AopUtils.java:343)
	at org.springframework.aop.framework.ReflectiveMethodInvocation.invokeJoinpoint(ReflectiveMethodInvocation.java:196)
	at org.springframework.aop.framework.ReflectiveMethodInvocation.proceed(ReflectiveMethodInvocation.java:163)
	at org.springframework.aop.framework.CglibAopProxy$CglibMethodInvocation.proceed(CglibAopProxy.java:752)
	at org.springframework.aop.aspectj.MethodInvocationProceedingJoinPoint.proceed(MethodInvocationProceedingJoinPoint.java:89)
	at com.quanxiaoha.framework.biz.operationlog.aspect.ApiOperationLogAspect.doAround(ApiOperationLogAspect.java:53)
	at java.base/jdk.internal.reflect.NativeMethodAccessorImpl.invoke0(Native Method)
	at java.base/jdk.internal.reflect.NativeMethodAccessorImpl.invoke(NativeMethodAccessorImpl.java:77)
	at java.base/jdk.internal.reflect.DelegatingMethodAccessorImpl.invoke(DelegatingMethodAccessorImpl.java:43)
	at java.base/java.lang.reflect.Method.invoke(Method.java:568)
	at org.springframework.aop.aspectj.AbstractAspectJAdvice.invokeAdviceMethodWithGivenArgs(AbstractAspectJAdvice.java:633)
	at org.springframework.aop.aspectj.AbstractAspectJAdvice.invokeAdviceMethod(AbstractAspectJAdvice.java:623)
	at org.springframework.aop.aspectj.AspectJAroundAdvice.invoke(AspectJAroundAdvice.java:71)
	at org.springframework.aop.framework.ReflectiveMethodInvocation.proceed(ReflectiveMethodInvocation.java:173)
	at org.springframework.aop.framework.CglibAopProxy$CglibMethodInvocation.proceed(CglibAopProxy.java:752)
	at org.springframework.aop.interceptor.ExposeInvocationInterceptor.invoke(ExposeInvocationInterceptor.java:97)
	at org.springframework.aop.framework.ReflectiveMethodInvocation.proceed(ReflectiveMethodInvocation.java:184)
	at org.springframework.aop.framework.CglibAopProxy$CglibMethodInvocation.proceed(CglibAopProxy.java:752)
	at org.springframework.aop.framework.CglibAopProxy$DynamicAdvisedInterceptor.intercept(CglibAopProxy.java:703)
	at com.quanxiaoha.xiaohashu.auth.controller.AuthController$$SpringCGLIB$$0.updatePassword(<generated>)
	at java.base/jdk.internal.reflect.NativeMethodAccessorImpl.invoke0(Native Method)
	at java.base/jdk.internal.reflect.NativeMethodAccessorImpl.invoke(NativeMethodAccessorImpl.java:77)
	at java.base/jdk.internal.reflect.DelegatingMethodAccessorImpl.invoke(DelegatingMethodAccessorImpl.java:43)
	at java.base/java.lang.reflect.Method.invoke(Method.java:568)
	at org.springframework.web.method.support.InvocableHandlerMethod.doInvoke(InvocableHandlerMethod.java:207)
	at org.springframework.web.method.support.InvocableHandlerMethod.invokeForRequest(InvocableHandlerMethod.java:152)
	at org.springframework.web.servlet.mvc.method.annotation.ServletInvocableHandlerMethod.invokeAndHandle(ServletInvocableHandlerMethod.java:117)
	at org.springframework.web.servlet.mvc.method.annotation.RequestMappingHandlerAdapter.invokeHandlerMethod(RequestMappingHandlerAdapter.java:884)
	at org.springframework.web.servlet.mvc.method.annotation.RequestMappingHandlerAdapter.handleInternal(RequestMappingHandlerAdapter.java:797)
	at org.springframework.web.servlet.mvc.method.AbstractHandlerMethodAdapter.handle(AbstractHandlerMethodAdapter.java:87)
	at org.springframework.web.servlet.DispatcherServlet.doDispatch(DispatcherServlet.java:1080)
	at org.springframework.web.servlet.DispatcherServlet.doService(DispatcherServlet.java:973)
	at org.springframework.web.servlet.FrameworkServlet.processRequest(FrameworkServlet.java:1011)
	at org.springframework.web.servlet.FrameworkServlet.doPost(FrameworkServlet.java:914)
	at jakarta.servlet.http.HttpServlet.service(HttpServlet.java:547)
	at org.springframework.web.servlet.FrameworkServlet.service(FrameworkServlet.java:885)
	at jakarta.servlet.http.HttpServlet.service(HttpServlet.java:614)
	at org.apache.catalina.core.ApplicationFilterChain.internalDoFilter(ApplicationFilterChain.java:223)
	at org.apache.catalina.core.ApplicationFilterChain.doFilter(ApplicationFilterChain.java:158)
	at org.apache.tomcat.websocket.server.WsFilter.doFilter(WsFilter.java:53)
	at org.apache.catalina.core.ApplicationFilterChain.internalDoFilter(ApplicationFilterChain.java:185)
	at org.apache.catalina.core.ApplicationFilterChain.doFilter(ApplicationFilterChain.java:158)
	at com.quanxiaoha.xiaohashu.auth.filter.HeaderUserId2ContextFilter.doFilterInternal(HeaderUserId2ContextFilter.java:37)
	at org.springframework.web.filter.OncePerRequestFilter.doFilter(OncePerRequestFilter.java:116)
	at org.apache.catalina.core.ApplicationFilterChain.internalDoFilter(ApplicationFilterChain.java:185)
	at org.apache.catalina.core.ApplicationFilterChain.doFilter(ApplicationFilterChain.java:158)
	at org.springframework.web.filter.RequestContextFilter.doFilterInternal(RequestContextFilter.java:100)
	at org.springframework.web.filter.OncePerRequestFilter.doFilter(OncePerRequestFilter.java:116)
	at org.apache.catalina.core.ApplicationFilterChain.internalDoFilter(ApplicationFilterChain.java:185)
	at org.apache.catalina.core.ApplicationFilterChain.doFilter(ApplicationFilterChain.java:158)
	at cn.dev33.satoken.filter.SaPathCheckFilterForJakartaServlet.doFilter(SaPathCheckFilterForJakartaServlet.java:55)
	at org.apache.catalina.core.ApplicationFilterChain.internalDoFilter(ApplicationFilterChain.java:185)
	at org.apache.catalina.core.ApplicationFilterChain.doFilter(ApplicationFilterChain.java:158)
	at org.springframework.web.filter.FormContentFilter.doFilterInternal(FormContentFilter.java:93)
	at org.springframework.web.filter.OncePerRequestFilter.doFilter(OncePerRequestFilter.java:116)
	at org.apache.catalina.core.ApplicationFilterChain.internalDoFilter(ApplicationFilterChain.java:185)
	at org.apache.catalina.core.ApplicationFilterChain.doFilter(ApplicationFilterChain.java:158)
	at org.springframework.web.filter.CharacterEncodingFilter.doFilterInternal(CharacterEncodingFilter.java:201)
	at org.springframework.web.filter.OncePerRequestFilter.doFilter(OncePerRequestFilter.java:116)
	at org.apache.catalina.core.ApplicationFilterChain.internalDoFilter(ApplicationFilterChain.java:185)
	at org.apache.catalina.core.ApplicationFilterChain.doFilter(ApplicationFilterChain.java:158)
	at org.apache.catalina.core.StandardWrapperValve.invoke(StandardWrapperValve.java:177)
	at org.apache.catalina.core.StandardContextValve.invoke(StandardContextValve.java:97)
	at org.apache.catalina.authenticator.AuthenticatorBase.invoke(AuthenticatorBase.java:542)
	at org.apache.catalina.core.StandardHostValve.invoke(StandardHostValve.java:119)
	at org.apache.catalina.valves.ErrorReportValve.invoke(ErrorReportValve.java:92)
	at org.apache.catalina.core.StandardEngineValve.invoke(StandardEngineValve.java:78)
	at org.apache.catalina.connector.CoyoteAdapter.service(CoyoteAdapter.java:357)
	at org.apache.coyote.http11.Http11Processor.service(Http11Processor.java:400)
	at org.apache.coyote.AbstractProcessorLight.process(AbstractProcessorLight.java:65)
	at org.apache.coyote.AbstractProtocol$ConnectionHandler.process(AbstractProtocol.java:859)
	at org.apache.tomcat.util.net.NioEndpoint$SocketProcessor.doRun(NioEndpoint.java:1734)
	at org.apache.tomcat.util.net.SocketProcessorBase.run(SocketProcessorBase.java:52)
	at org.apache.tomcat.util.threads.ThreadPoolExecutor.runWorker(ThreadPoolExecutor.java:1191)
	at org.apache.tomcat.util.threads.ThreadPoolExecutor$Worker.run(ThreadPoolExecutor.java:659)
	at org.apache.tomcat.util.threads.TaskThread$WrappingRunnable.run(TaskThread.java:61)
	at java.base/java.lang.Thread.run(Thread.java:842)
2025-11-01 17:39:30.340 [Thread-2] WARN  c.alibaba.nacos.common.http.HttpClientBeanHolder - [HttpClientBeanHolder] Start destroying common HttpClient
2025-11-01 17:39:30.340 [Thread-9] WARN  com.alibaba.nacos.common.notify.NotifyCenter - [NotifyCenter] Start destroying Publisher
2025-11-01 17:39:30.340 [Thread-9] WARN  com.alibaba.nacos.common.notify.NotifyCenter - [NotifyCenter] Destruction of the end
2025-11-01 17:39:30.341 [Thread-2] WARN  c.alibaba.nacos.common.http.HttpClientBeanHolder - [HttpClientBeanHolder] Destruction of the end
2025-11-01 17:39:30.381 [SpringApplicationShutdownHook] INFO  c.a.cloud.nacos.registry.NacosServiceRegistry - De-registering from Nacos Server now...
2025-11-01 17:39:30.381 [SpringApplicationShutdownHook] INFO  com.alibaba.nacos.client.naming - [DEREGISTER-SERVICE] xiaohashu deregistering service xiaohashu-auth with instance: Instance{instanceId='null', ip='192.168.134.1', port=8080, weight=1.0, healthy=true, enabled=true, ephemeral=true, clusterName='DEFAULT', serviceName='null', metadata={}}
2025-11-01 17:39:30.385 [SpringApplicationShutdownHook] INFO  c.a.cloud.nacos.registry.NacosServiceRegistry - De-registration finished.
2025-11-01 17:39:30.385 [SpringApplicationShutdownHook] INFO  com.alibaba.nacos.client.naming - com.alibaba.nacos.client.naming.cache.ServiceInfoHolder do shutdown begin
2025-11-01 17:39:30.385 [SpringApplicationShutdownHook] INFO  com.alibaba.nacos.client.naming - com.alibaba.nacos.client.naming.backups.FailoverReactor do shutdown begin
2025-11-01 17:39:30.385 [SpringApplicationShutdownHook] INFO  com.alibaba.nacos.client.naming - com.alibaba.nacos.client.naming.backups.FailoverReactor do shutdown stop
2025-11-01 17:39:30.385 [SpringApplicationShutdownHook] INFO  com.alibaba.nacos.client.naming - com.alibaba.nacos.client.naming.cache.ServiceInfoHolder do shutdown stop
2025-11-01 17:39:30.385 [SpringApplicationShutdownHook] INFO  com.alibaba.nacos.client.naming - com.alibaba.nacos.client.naming.remote.NamingClientProxyDelegate do shutdown begin
2025-11-01 17:39:30.385 [SpringApplicationShutdownHook] INFO  com.alibaba.nacos.client.naming - com.alibaba.nacos.client.naming.core.ServiceInfoUpdateService do shutdown begin
2025-11-01 17:39:30.385 [SpringApplicationShutdownHook] INFO  com.alibaba.nacos.client.naming - com.alibaba.nacos.client.naming.core.ServiceInfoUpdateService do shutdown stop
2025-11-01 17:39:30.385 [SpringApplicationShutdownHook] INFO  com.alibaba.nacos.client.naming - com.alibaba.nacos.client.naming.core.ServerListManager do shutdown begin
2025-11-01 17:39:30.385 [SpringApplicationShutdownHook] WARN  com.alibaba.nacos.client.naming - [NamingHttpClientManager] Start destroying NacosRestTemplate
2025-11-01 17:39:30.385 [SpringApplicationShutdownHook] WARN  com.alibaba.nacos.client.naming - [NamingHttpClientManager] Destruction of the end
2025-11-01 17:39:30.385 [SpringApplicationShutdownHook] INFO  com.alibaba.nacos.client.naming - com.alibaba.nacos.client.naming.core.ServerListManager do shutdown stop
2025-11-01 17:39:30.386 [SpringApplicationShutdownHook] INFO  com.alibaba.nacos.client.naming - com.alibaba.nacos.client.naming.remote.http.NamingHttpClientProxy do shutdown begin
2025-11-01 17:39:30.386 [SpringApplicationShutdownHook] WARN  com.alibaba.nacos.client.naming - [NamingHttpClientManager] Start destroying NacosRestTemplate
2025-11-01 17:39:30.386 [SpringApplicationShutdownHook] WARN  com.alibaba.nacos.client.naming - [NamingHttpClientManager] Destruction of the end
2025-11-01 17:39:30.386 [SpringApplicationShutdownHook] INFO  com.alibaba.nacos.client.naming - com.alibaba.nacos.client.naming.remote.http.NamingHttpClientProxy do shutdown stop
2025-11-01 17:39:30.386 [SpringApplicationShutdownHook] INFO  com.alibaba.nacos.common.remote.client - Shutdown rpc client, set status to shutdown
2025-11-01 17:39:30.386 [SpringApplicationShutdownHook] INFO  com.alibaba.nacos.common.remote.client - Shutdown client event executor java.util.concurrent.ScheduledThreadPoolExecutor@769b5dd7[Running, pool size = 2, active threads = 2, queued tasks = 0, completed tasks = 0]
2025-11-01 17:39:30.386 [SpringApplicationShutdownHook] INFO  com.alibaba.nacos.common.remote.client - Close current connection 1761989760462_127.0.0.1_11610
2025-11-01 17:39:30.387 [nacos-grpc-client-executor-127.0.0.1-94] INFO  c.a.nacos.common.remote.client.grpc.GrpcClient - [1761989760462_127.0.0.1_11610]Ignore complete event,isRunning:false,isAbandon=false
2025-11-01 17:39:30.393 [SpringApplicationShutdownHook] INFO  c.a.nacos.common.remote.client.grpc.GrpcClient - Shutdown grpc executor java.util.concurrent.ThreadPoolExecutor@1fdf94d1[Running, pool size = 7, active threads = 0, queued tasks = 0, completed tasks = 95]
2025-11-01 17:39:30.393 [SpringApplicationShutdownHook] INFO  com.alibaba.nacos.client.naming - Shutdown grpc redo service executor java.util.concurrent.ScheduledThreadPoolExecutor@381d1cef[Running, pool size = 1, active threads = 0, queued tasks = 1, completed tasks = 51]
2025-11-01 17:39:30.393 [SpringApplicationShutdownHook] INFO  c.a.n.client.auth.ram.identify.CredentialWatcher - [null] CredentialWatcher is stopped
2025-11-01 17:39:30.394 [SpringApplicationShutdownHook] INFO  c.a.n.client.auth.ram.identify.CredentialService - [null] CredentialService is freed
2025-11-01 17:39:30.394 [SpringApplicationShutdownHook] INFO  com.alibaba.nacos.client.naming - com.alibaba.nacos.client.naming.remote.NamingClientProxyDelegate do shutdown stop
2025-11-01 17:39:34.054 [main] WARN  com.alibaba.nacos.client.logging.NacosLogging - Load Logback Configuration of Nacos fail, message: Could not initialize Logback Nacos logging from classpath:nacos-logback.xml
2025-11-01 17:39:34.094 [main] WARN  com.alibaba.nacos.client.logging.NacosLogging - Load Logback Configuration of Nacos fail, message: Could not initialize Logback Nacos logging from classpath:nacos-logback.xml
2025-11-01 17:39:34.260 [main] WARN  com.alibaba.nacos.client.logging.NacosLogging - Load Logback Configuration of Nacos fail, message: Could not initialize Logback Nacos logging from classpath:nacos-logback.xml
2025-11-01 17:39:34.261 [main] INFO  com.alibaba.nacos.client.utils.ParamUtil - [settings] [req-serv] nacos-server port:8848
2025-11-01 17:39:34.262 [main] INFO  com.alibaba.nacos.client.utils.ParamUtil - [settings] [http-client] connect timeout:1000
2025-11-01 17:39:34.262 [main] INFO  com.alibaba.nacos.client.utils.ParamUtil - PER_TASK_CONFIG_SIZE: 3000.0
2025-11-01 17:39:34.273 [main] INFO  c.a.n.p.auth.spi.client.ClientAuthPluginManager - [ClientAuthPluginManager] Load ClientAuthService com.alibaba.nacos.client.auth.impl.NacosClientAuthServiceImpl success.
2025-11-01 17:39:34.273 [main] INFO  c.a.n.p.auth.spi.client.ClientAuthPluginManager - [ClientAuthPluginManager] Load ClientAuthService com.alibaba.nacos.client.auth.ram.RamClientAuthServiceImpl success.
2025-11-01 17:39:34.277 [main] INFO  c.a.n.client.auth.ram.identify.CredentialWatcher - null No credential found
2025-11-01 17:39:35.503 [main] WARN  com.alibaba.nacos.client.logging.NacosLogging - Load Logback Configuration of Nacos fail, message: Could not initialize Logback Nacos logging from classpath:nacos-logback.xml
2025-11-01 17:39:35.511 [main] INFO  c.a.n.client.config.impl.LocalConfigInfoProcessor - LOCAL_SNAPSHOT_PATH:C:\Users\hp\nacos\config
2025-11-01 17:39:35.513 [main] INFO  com.alibaba.nacos.common.remote.client - [RpcClientFactory] create a new rpc client of e4609c73-42c0-4847-85e6-4161f9cd6056_config-0
2025-11-01 17:39:35.521 [main] INFO  com.alibaba.nacos.common.remote.client - [e4609c73-42c0-4847-85e6-4161f9cd6056_config-0] Register server push request handler:com.alibaba.nacos.client.config.impl.ClientWorker$ConfigRpcTransportClient$$Lambda$586/0x00000234cb33b5d8
2025-11-01 17:39:35.521 [main] INFO  com.alibaba.nacos.common.remote.client - [e4609c73-42c0-4847-85e6-4161f9cd6056_config-0] Register server push request handler:com.alibaba.nacos.client.config.impl.ClientWorker$ConfigRpcTransportClient$$Lambda$587/0x00000234cb33b9f8
2025-11-01 17:39:35.521 [main] INFO  com.alibaba.nacos.common.remote.client - [e4609c73-42c0-4847-85e6-4161f9cd6056_config-0] Registry connection listener to current client:com.alibaba.nacos.client.config.impl.ClientWorker$ConfigRpcTransportClient$1
2025-11-01 17:39:35.522 [main] INFO  com.alibaba.nacos.common.remote.client - [e4609c73-42c0-4847-85e6-4161f9cd6056_config-0] RpcClient init, ServerListFactory = com.alibaba.nacos.client.config.impl.ClientWorker$ConfigRpcTransportClient$2
2025-11-01 17:39:35.526 [main] INFO  com.alibaba.nacos.common.remote.client - [e4609c73-42c0-4847-85e6-4161f9cd6056_config-0] Try to connect to server on start up, server: {serverIp = '127.0.0.1', server main port = 8848}
2025-11-01 17:39:35.545 [main] INFO  c.a.nacos.common.remote.client.grpc.GrpcClient - grpc client connection server:127.0.0.1 ip,serverPort:9848,grpcTslConfig:{"sslProvider":"OPENSSL","enableTls":false,"mutualAuthEnable":false,"trustAll":false}
2025-11-01 17:39:36.159 [main] INFO  com.alibaba.nacos.common.remote.client - [e4609c73-42c0-4847-85e6-4161f9cd6056_config-0] Success to connect to server [127.0.0.1:8848] on start up, connectionId = 1761989976010_127.0.0.1_11697
2025-11-01 17:39:36.159 [com.alibaba.nacos.client.remote.worker] INFO  com.alibaba.nacos.common.remote.client - [e4609c73-42c0-4847-85e6-4161f9cd6056_config-0] Notify connected event to listeners.
2025-11-01 17:39:36.159 [com.alibaba.nacos.client.remote.worker] INFO  com.alibaba.nacos.client.config.impl.ClientWorker - [e4609c73-42c0-4847-85e6-4161f9cd6056_config-0] Connected,notify listen context...
2025-11-01 17:39:36.160 [main] INFO  com.alibaba.nacos.common.remote.client - [e4609c73-42c0-4847-85e6-4161f9cd6056_config-0] Register server push request handler:com.alibaba.nacos.common.remote.client.RpcClient$ConnectResetRequestHandler
2025-11-01 17:39:36.160 [main] INFO  com.alibaba.nacos.common.remote.client - [e4609c73-42c0-4847-85e6-4161f9cd6056_config-0] Register server push request handler:com.alibaba.nacos.common.remote.client.RpcClient$$Lambda$607/0x00000234cb448f38
2025-11-01 17:39:36.175 [main] INFO  com.alibaba.nacos.client.config.impl.Limiter - limitTime:5.0
2025-11-01 17:39:36.184 [main] INFO  com.alibaba.nacos.client.config.utils.JvmUtil - isMultiInstance:false
2025-11-01 17:39:36.192 [main] WARN  c.a.cloud.nacos.client.NacosPropertySourceBuilder - Ignore the empty nacos configuration and get it based on dataId[xiaohashu-auth.yaml] & group[DEFAULT_GROUP]
2025-11-01 17:39:36.196 [main] INFO  o.s.c.b.c.PropertySourceBootstrapConfiguration - Located property source: [BootstrapPropertySource {name='bootstrapProperties-xiaohashu-auth-dev.yaml,DEFAULT_GROUP'}, BootstrapPropertySource {name='bootstrapProperties-xiaohashu-auth.yaml,DEFAULT_GROUP'}, BootstrapPropertySource {name='bootstrapProperties-xiaohashu-auth,DEFAULT_GROUP'}]
2025-11-01 17:39:36.212 [main] WARN  com.alibaba.nacos.client.logging.NacosLogging - Load Logback Configuration of Nacos fail, message: Could not initialize Logback Nacos logging from classpath:nacos-logback.xml
2025-11-01 17:39:36.213 [main] INFO  c.q.xiaohashu.auth.XiaohashuAuthApplication - The following 1 profile is active: "dev"
2025-11-01 17:39:36.559 [main] INFO  o.s.d.r.config.RepositoryConfigurationDelegate - Multiple Spring Data modules found, entering strict repository configuration mode
2025-11-01 17:39:36.560 [main] INFO  o.s.d.r.config.RepositoryConfigurationDelegate - Bootstrapping Spring Data Redis repositories in DEFAULT mode.
2025-11-01 17:39:36.571 [main] INFO  o.s.d.r.config.RepositoryConfigurationDelegate - Finished Spring Data repository scanning in 4 ms. Found 0 Redis repository interfaces.
2025-11-01 17:39:36.653 [main] INFO  o.springframework.cloud.context.scope.GenericScope - BeanFactory id=4b54d012-f580-339f-8b90-c1e2499634c9
2025-11-01 17:39:36.665 [main] INFO  o.s.c.s.PostProcessorRegistrationDelegate$BeanPostProcessorChecker - Bean 'com.quanxiaoha.xiaohashu.user.api.UserFeignApi' of type [org.springframework.cloud.openfeign.FeignClientFactoryBean] is not eligible for getting processed by all BeanPostProcessors (for example: not eligible for auto-proxying)
2025-11-01 17:39:36.872 [main] INFO  o.s.boot.web.embedded.tomcat.TomcatWebServer - Tomcat initialized with port(s): 8080 (http)
2025-11-01 17:39:36.877 [main] INFO  org.apache.catalina.core.StandardService - Starting service [Tomcat]
2025-11-01 17:39:36.877 [main] INFO  org.apache.catalina.core.StandardEngine - Starting Servlet engine: [Apache Tomcat/10.1.5]
2025-11-01 17:39:36.935 [main] INFO  o.a.c.core.ContainerBase.[Tomcat].[localhost].[/] - Initializing Spring embedded WebApplicationContext
2025-11-01 17:39:36.935 [main] INFO  o.s.b.w.s.c.ServletWebServerApplicationContext - Root WebApplicationContext: initialization completed in 715 ms
2025-11-01 17:39:37.133 [main] INFO  o.s.cloud.openfeign.FeignClientFactoryBean - For 'xiaohashu-user' URL not provided. Will try picking an instance via load-balancing.
2025-11-01 17:39:38.482 [main] INFO  org.springframework.cloud.commons.util.InetUtils - Cannot determine local hostname
2025-11-01 17:39:39.861 [main] INFO  org.springframework.cloud.commons.util.InetUtils - Cannot determine local hostname
2025-11-01 17:39:39.878 [main] WARN  o.s.c.l.c.LoadBalancerCacheAutoConfiguration$LoadBalancerCaffeineWarnLogger - Spring Cloud LoadBalancer is currently working with the default cache. While this cache implementation is useful for development and tests, it's recommended to use Caffeine cache in production.You can switch to using Caffeine cache, by adding it and org.springframework.cache.caffeine.CaffeineCacheManager to the classpath.
2025-11-01 17:39:39.913 [main] INFO  o.s.boot.web.embedded.tomcat.TomcatWebServer - Tomcat started on port(s): 8080 (http) with context path ''
2025-11-01 17:39:39.915 [main] INFO  com.alibaba.nacos.client.naming - initializer namespace from ans.namespace attribute : null
2025-11-01 17:39:39.915 [main] INFO  com.alibaba.nacos.client.naming - initializer namespace from ALIBABA_ALIWARE_NAMESPACE attribute :null
2025-11-01 17:39:39.915 [main] INFO  com.alibaba.nacos.client.naming - initializer namespace from namespace attribute :null
2025-11-01 17:39:39.919 [main] INFO  c.a.n.p.auth.spi.client.ClientAuthPluginManager - [ClientAuthPluginManager] Load ClientAuthService com.alibaba.nacos.client.auth.impl.NacosClientAuthServiceImpl success.
2025-11-01 17:39:39.919 [main] INFO  c.a.n.p.auth.spi.client.ClientAuthPluginManager - [ClientAuthPluginManager] Load ClientAuthService com.alibaba.nacos.client.auth.ram.RamClientAuthServiceImpl success.
2025-11-01 17:39:39.926 [main] INFO  com.alibaba.nacos.common.remote.client - [RpcClientFactory] create a new rpc client of 211cf79c-2715-494d-b9a4-70834025005c
2025-11-01 17:39:39.927 [main] INFO  com.alibaba.nacos.common.remote.client - [211cf79c-2715-494d-b9a4-70834025005c] RpcClient init, ServerListFactory = com.alibaba.nacos.client.naming.core.ServerListManager
2025-11-01 17:39:39.927 [main] INFO  com.alibaba.nacos.common.remote.client - [211cf79c-2715-494d-b9a4-70834025005c] Registry connection listener to current client:com.alibaba.nacos.client.naming.remote.gprc.redo.NamingGrpcRedoService
2025-11-01 17:39:39.928 [main] INFO  com.alibaba.nacos.common.remote.client - [211cf79c-2715-494d-b9a4-70834025005c] Register server push request handler:com.alibaba.nacos.client.naming.remote.gprc.NamingPushRequestHandler
2025-11-01 17:39:39.928 [main] INFO  com.alibaba.nacos.common.remote.client - [211cf79c-2715-494d-b9a4-70834025005c] Try to connect to server on start up, server: {serverIp = '127.0.0.1', server main port = 8848}
2025-11-01 17:39:39.928 [main] INFO  c.a.nacos.common.remote.client.grpc.GrpcClient - grpc client connection server:127.0.0.1 ip,serverPort:9848,grpcTslConfig:{"sslProvider":"OPENSSL","enableTls":false,"mutualAuthEnable":false,"trustAll":false}
2025-11-01 17:39:40.049 [main] INFO  com.alibaba.nacos.common.remote.client - [211cf79c-2715-494d-b9a4-70834025005c] Success to connect to server [127.0.0.1:8848] on start up, connectionId = 1761989979931_127.0.0.1_11698
2025-11-01 17:39:40.049 [main] INFO  com.alibaba.nacos.common.remote.client - [211cf79c-2715-494d-b9a4-70834025005c] Register server push request handler:com.alibaba.nacos.common.remote.client.RpcClient$ConnectResetRequestHandler
2025-11-01 17:39:40.049 [com.alibaba.nacos.client.remote.worker] INFO  com.alibaba.nacos.common.remote.client - [211cf79c-2715-494d-b9a4-70834025005c] Notify connected event to listeners.
2025-11-01 17:39:40.049 [main] INFO  com.alibaba.nacos.common.remote.client - [211cf79c-2715-494d-b9a4-70834025005c] Register server push request handler:com.alibaba.nacos.common.remote.client.RpcClient$$Lambda$607/0x00000234cb448f38
2025-11-01 17:39:40.049 [com.alibaba.nacos.client.remote.worker] INFO  com.alibaba.nacos.client.naming - Grpc connection connect
2025-11-01 17:39:40.049 [main] INFO  com.alibaba.nacos.client.naming - [REGISTER-SERVICE] xiaohashu registering service xiaohashu-auth with instance Instance{instanceId='null', ip='192.168.134.1', port=8080, weight=1.0, healthy=true, enabled=true, ephemeral=true, clusterName='DEFAULT', serviceName='null', metadata={IPv6=null, preserved.register.source=SPRING_CLOUD}}
2025-11-01 17:39:40.056 [main] INFO  c.a.cloud.nacos.registry.NacosServiceRegistry - nacos registry, DEFAULT_GROUP xiaohashu-auth 192.168.134.1:8080 register finished
2025-11-01 17:39:41.212 [main] INFO  org.springframework.cloud.commons.util.InetUtils - Cannot determine local hostname
2025-11-01 17:39:41.223 [main] INFO  c.q.xiaohashu.auth.XiaohashuAuthApplication - Started XiaohashuAuthApplication in 8.672 seconds (process running for 9.115)
2025-11-01 17:39:41.225 [main] INFO  com.alibaba.nacos.client.config.impl.CacheData - nacos.cache.data.init.snapshot = true 
2025-11-01 17:39:41.226 [main] INFO  com.alibaba.nacos.client.config.impl.ClientWorker - [fixed-xiaohashu-127.0.0.1_8848] [subscribe] xiaohashu-auth.yaml+DEFAULT_GROUP+xiaohashu
2025-11-01 17:39:41.229 [main] INFO  com.alibaba.nacos.client.config.impl.CacheData - [fixed-xiaohashu-127.0.0.1_8848] [add-listener] ok, tenant=xiaohashu, dataId=xiaohashu-auth.yaml, group=DEFAULT_GROUP, cnt=1
2025-11-01 17:39:41.229 [main] INFO  c.a.cloud.nacos.refresh.NacosContextRefresher - [Nacos Config] Listening config: dataId=xiaohashu-auth.yaml, group=DEFAULT_GROUP
2025-11-01 17:39:41.230 [main] INFO  com.alibaba.nacos.client.config.impl.ClientWorker - [fixed-xiaohashu-127.0.0.1_8848] [subscribe] xiaohashu-auth-dev.yaml+DEFAULT_GROUP+xiaohashu
2025-11-01 17:39:41.230 [main] INFO  com.alibaba.nacos.client.config.impl.CacheData - [fixed-xiaohashu-127.0.0.1_8848] [add-listener] ok, tenant=xiaohashu, dataId=xiaohashu-auth-dev.yaml, group=DEFAULT_GROUP, cnt=1
2025-11-01 17:39:41.230 [main] INFO  c.a.cloud.nacos.refresh.NacosContextRefresher - [Nacos Config] Listening config: dataId=xiaohashu-auth-dev.yaml, group=DEFAULT_GROUP
2025-11-01 17:39:41.230 [main] INFO  com.alibaba.nacos.client.config.impl.ClientWorker - [fixed-xiaohashu-127.0.0.1_8848] [subscribe] xiaohashu-auth+DEFAULT_GROUP+xiaohashu
2025-11-01 17:39:41.230 [main] INFO  com.alibaba.nacos.client.config.impl.CacheData - [fixed-xiaohashu-127.0.0.1_8848] [add-listener] ok, tenant=xiaohashu, dataId=xiaohashu-auth, group=DEFAULT_GROUP, cnt=1
2025-11-01 17:39:41.230 [main] INFO  c.a.cloud.nacos.refresh.NacosContextRefresher - [Nacos Config] Listening config: dataId=xiaohashu-auth, group=DEFAULT_GROUP
2025-11-01 19:09:29.416 [main] WARN  com.alibaba.nacos.client.logging.NacosLogging - Load Logback Configuration of Nacos fail, message: Could not initialize Logback Nacos logging from classpath:nacos-logback.xml
2025-11-01 19:09:29.460 [main] WARN  com.alibaba.nacos.client.logging.NacosLogging - Load Logback Configuration of Nacos fail, message: Could not initialize Logback Nacos logging from classpath:nacos-logback.xml
2025-11-01 19:09:29.632 [main] WARN  com.alibaba.nacos.client.logging.NacosLogging - Load Logback Configuration of Nacos fail, message: Could not initialize Logback Nacos logging from classpath:nacos-logback.xml
2025-11-01 19:09:29.633 [main] INFO  com.alibaba.nacos.client.utils.ParamUtil - [settings] [req-serv] nacos-server port:8848
2025-11-01 19:09:29.633 [main] INFO  com.alibaba.nacos.client.utils.ParamUtil - [settings] [http-client] connect timeout:1000
2025-11-01 19:09:29.634 [main] INFO  com.alibaba.nacos.client.utils.ParamUtil - PER_TASK_CONFIG_SIZE: 3000.0
2025-11-01 19:09:29.648 [main] INFO  c.a.n.p.auth.spi.client.ClientAuthPluginManager - [ClientAuthPluginManager] Load ClientAuthService com.alibaba.nacos.client.auth.impl.NacosClientAuthServiceImpl success.
2025-11-01 19:09:29.648 [main] INFO  c.a.n.p.auth.spi.client.ClientAuthPluginManager - [ClientAuthPluginManager] Load ClientAuthService com.alibaba.nacos.client.auth.ram.RamClientAuthServiceImpl success.
2025-11-01 19:09:29.652 [main] INFO  c.a.n.client.auth.ram.identify.CredentialWatcher - null No credential found
2025-11-01 19:09:30.891 [main] WARN  com.alibaba.nacos.client.logging.NacosLogging - Load Logback Configuration of Nacos fail, message: Could not initialize Logback Nacos logging from classpath:nacos-logback.xml
2025-11-01 19:09:30.900 [main] INFO  c.a.n.client.config.impl.LocalConfigInfoProcessor - LOCAL_SNAPSHOT_PATH:C:\Users\hp\nacos\config
2025-11-01 19:09:30.902 [main] INFO  com.alibaba.nacos.common.remote.client - [RpcClientFactory] create a new rpc client of 29aee470-0da6-4547-876d-28740bf25c4f_config-0
2025-11-01 19:09:30.910 [main] INFO  com.alibaba.nacos.common.remote.client - [29aee470-0da6-4547-876d-28740bf25c4f_config-0] Register server push request handler:com.alibaba.nacos.client.config.impl.ClientWorker$ConfigRpcTransportClient$$Lambda$586/0x000001630133ab10
2025-11-01 19:09:30.910 [main] INFO  com.alibaba.nacos.common.remote.client - [29aee470-0da6-4547-876d-28740bf25c4f_config-0] Register server push request handler:com.alibaba.nacos.client.config.impl.ClientWorker$ConfigRpcTransportClient$$Lambda$587/0x000001630133af30
2025-11-01 19:09:30.911 [main] INFO  com.alibaba.nacos.common.remote.client - [29aee470-0da6-4547-876d-28740bf25c4f_config-0] Registry connection listener to current client:com.alibaba.nacos.client.config.impl.ClientWorker$ConfigRpcTransportClient$1
2025-11-01 19:09:30.911 [main] INFO  com.alibaba.nacos.common.remote.client - [29aee470-0da6-4547-876d-28740bf25c4f_config-0] RpcClient init, ServerListFactory = com.alibaba.nacos.client.config.impl.ClientWorker$ConfigRpcTransportClient$2
2025-11-01 19:09:30.915 [main] INFO  com.alibaba.nacos.common.remote.client - [29aee470-0da6-4547-876d-28740bf25c4f_config-0] Try to connect to server on start up, server: {serverIp = '127.0.0.1', server main port = 8848}
2025-11-01 19:09:30.935 [main] INFO  c.a.nacos.common.remote.client.grpc.GrpcClient - grpc client connection server:127.0.0.1 ip,serverPort:9848,grpcTslConfig:{"sslProvider":"OPENSSL","enableTls":false,"mutualAuthEnable":false,"trustAll":false}
2025-11-01 19:09:31.620 [main] INFO  com.alibaba.nacos.common.remote.client - [29aee470-0da6-4547-876d-28740bf25c4f_config-0] Success to connect to server [127.0.0.1:8848] on start up, connectionId = 1761995371459_127.0.0.1_12565
2025-11-01 19:09:31.620 [com.alibaba.nacos.client.remote.worker] INFO  com.alibaba.nacos.common.remote.client - [29aee470-0da6-4547-876d-28740bf25c4f_config-0] Notify connected event to listeners.
2025-11-01 19:09:31.621 [com.alibaba.nacos.client.remote.worker] INFO  com.alibaba.nacos.client.config.impl.ClientWorker - [29aee470-0da6-4547-876d-28740bf25c4f_config-0] Connected,notify listen context...
2025-11-01 19:09:31.621 [main] INFO  com.alibaba.nacos.common.remote.client - [29aee470-0da6-4547-876d-28740bf25c4f_config-0] Register server push request handler:com.alibaba.nacos.common.remote.client.RpcClient$ConnectResetRequestHandler
2025-11-01 19:09:31.621 [main] INFO  com.alibaba.nacos.common.remote.client - [29aee470-0da6-4547-876d-28740bf25c4f_config-0] Register server push request handler:com.alibaba.nacos.common.remote.client.RpcClient$$Lambda$607/0x0000016301448890
2025-11-01 19:09:31.642 [main] INFO  com.alibaba.nacos.client.config.impl.Limiter - limitTime:5.0
2025-11-01 19:09:31.651 [main] INFO  com.alibaba.nacos.client.config.utils.JvmUtil - isMultiInstance:false
2025-11-01 19:09:31.659 [main] WARN  c.a.cloud.nacos.client.NacosPropertySourceBuilder - Ignore the empty nacos configuration and get it based on dataId[xiaohashu-auth.yaml] & group[DEFAULT_GROUP]
2025-11-01 19:09:31.664 [main] INFO  o.s.c.b.c.PropertySourceBootstrapConfiguration - Located property source: [BootstrapPropertySource {name='bootstrapProperties-xiaohashu-auth-dev.yaml,DEFAULT_GROUP'}, BootstrapPropertySource {name='bootstrapProperties-xiaohashu-auth.yaml,DEFAULT_GROUP'}, BootstrapPropertySource {name='bootstrapProperties-xiaohashu-auth,DEFAULT_GROUP'}]
2025-11-01 19:09:31.682 [main] WARN  com.alibaba.nacos.client.logging.NacosLogging - Load Logback Configuration of Nacos fail, message: Could not initialize Logback Nacos logging from classpath:nacos-logback.xml
2025-11-01 19:09:31.683 [main] INFO  c.q.xiaohashu.auth.XiaohashuAuthApplication - The following 1 profile is active: "dev"
2025-11-01 19:09:32.055 [main] INFO  o.s.d.r.config.RepositoryConfigurationDelegate - Multiple Spring Data modules found, entering strict repository configuration mode
2025-11-01 19:09:32.056 [main] INFO  o.s.d.r.config.RepositoryConfigurationDelegate - Bootstrapping Spring Data Redis repositories in DEFAULT mode.
2025-11-01 19:09:32.069 [main] INFO  o.s.d.r.config.RepositoryConfigurationDelegate - Finished Spring Data repository scanning in 5 ms. Found 0 Redis repository interfaces.
2025-11-01 19:09:32.156 [main] INFO  o.springframework.cloud.context.scope.GenericScope - BeanFactory id=4b54d012-f580-339f-8b90-c1e2499634c9
2025-11-01 19:09:32.164 [main] INFO  o.s.c.s.PostProcessorRegistrationDelegate$BeanPostProcessorChecker - Bean 'com.quanxiaoha.xiaohashu.user.api.UserFeignApi' of type [org.springframework.cloud.openfeign.FeignClientFactoryBean] is not eligible for getting processed by all BeanPostProcessors (for example: not eligible for auto-proxying)
2025-11-01 19:09:32.391 [main] INFO  o.s.boot.web.embedded.tomcat.TomcatWebServer - Tomcat initialized with port(s): 8080 (http)
2025-11-01 19:09:32.398 [main] INFO  org.apache.catalina.core.StandardService - Starting service [Tomcat]
2025-11-01 19:09:32.398 [main] INFO  org.apache.catalina.core.StandardEngine - Starting Servlet engine: [Apache Tomcat/10.1.5]
2025-11-01 19:09:32.461 [main] INFO  o.a.c.core.ContainerBase.[Tomcat].[localhost].[/] - Initializing Spring embedded WebApplicationContext
2025-11-01 19:09:32.462 [main] INFO  o.s.b.w.s.c.ServletWebServerApplicationContext - Root WebApplicationContext: initialization completed in 766 ms
2025-11-01 19:09:32.679 [main] INFO  o.s.cloud.openfeign.FeignClientFactoryBean - For 'xiaohashu-user' URL not provided. Will try picking an instance via load-balancing.
2025-11-01 19:09:34.049 [main] INFO  org.springframework.cloud.commons.util.InetUtils - Cannot determine local hostname
2025-11-01 19:09:35.439 [main] INFO  org.springframework.cloud.commons.util.InetUtils - Cannot determine local hostname
2025-11-01 19:09:35.452 [main] WARN  o.s.c.l.c.LoadBalancerCacheAutoConfiguration$LoadBalancerCaffeineWarnLogger - Spring Cloud LoadBalancer is currently working with the default cache. While this cache implementation is useful for development and tests, it's recommended to use Caffeine cache in production.You can switch to using Caffeine cache, by adding it and org.springframework.cache.caffeine.CaffeineCacheManager to the classpath.
2025-11-01 19:09:35.497 [main] INFO  o.s.boot.web.embedded.tomcat.TomcatWebServer - Tomcat started on port(s): 8080 (http) with context path ''
2025-11-01 19:09:35.500 [main] INFO  com.alibaba.nacos.client.naming - initializer namespace from ans.namespace attribute : null
2025-11-01 19:09:35.500 [main] INFO  com.alibaba.nacos.client.naming - initializer namespace from ALIBABA_ALIWARE_NAMESPACE attribute :null
2025-11-01 19:09:35.501 [main] INFO  com.alibaba.nacos.client.naming - initializer namespace from namespace attribute :null
2025-11-01 19:09:35.504 [main] INFO  c.a.n.p.auth.spi.client.ClientAuthPluginManager - [ClientAuthPluginManager] Load ClientAuthService com.alibaba.nacos.client.auth.impl.NacosClientAuthServiceImpl success.
2025-11-01 19:09:35.504 [main] INFO  c.a.n.p.auth.spi.client.ClientAuthPluginManager - [ClientAuthPluginManager] Load ClientAuthService com.alibaba.nacos.client.auth.ram.RamClientAuthServiceImpl success.
2025-11-01 19:09:35.507 [main] INFO  com.alibaba.nacos.common.remote.client - [RpcClientFactory] create a new rpc client of 2973feb8-9845-4b9f-a7a6-fe655985c151
2025-11-01 19:09:35.508 [main] INFO  com.alibaba.nacos.common.remote.client - [2973feb8-9845-4b9f-a7a6-fe655985c151] RpcClient init, ServerListFactory = com.alibaba.nacos.client.naming.core.ServerListManager
2025-11-01 19:09:35.508 [main] INFO  com.alibaba.nacos.common.remote.client - [2973feb8-9845-4b9f-a7a6-fe655985c151] Registry connection listener to current client:com.alibaba.nacos.client.naming.remote.gprc.redo.NamingGrpcRedoService
2025-11-01 19:09:35.508 [main] INFO  com.alibaba.nacos.common.remote.client - [2973feb8-9845-4b9f-a7a6-fe655985c151] Register server push request handler:com.alibaba.nacos.client.naming.remote.gprc.NamingPushRequestHandler
2025-11-01 19:09:35.508 [main] INFO  com.alibaba.nacos.common.remote.client - [2973feb8-9845-4b9f-a7a6-fe655985c151] Try to connect to server on start up, server: {serverIp = '127.0.0.1', server main port = 8848}
2025-11-01 19:09:35.508 [main] INFO  c.a.nacos.common.remote.client.grpc.GrpcClient - grpc client connection server:127.0.0.1 ip,serverPort:9848,grpcTslConfig:{"sslProvider":"OPENSSL","enableTls":false,"mutualAuthEnable":false,"trustAll":false}
2025-11-01 19:09:35.626 [main] INFO  com.alibaba.nacos.common.remote.client - [2973feb8-9845-4b9f-a7a6-fe655985c151] Success to connect to server [127.0.0.1:8848] on start up, connectionId = 1761995375512_127.0.0.1_12568
2025-11-01 19:09:35.626 [main] INFO  com.alibaba.nacos.common.remote.client - [2973feb8-9845-4b9f-a7a6-fe655985c151] Register server push request handler:com.alibaba.nacos.common.remote.client.RpcClient$ConnectResetRequestHandler
2025-11-01 19:09:35.626 [com.alibaba.nacos.client.remote.worker] INFO  com.alibaba.nacos.common.remote.client - [2973feb8-9845-4b9f-a7a6-fe655985c151] Notify connected event to listeners.
2025-11-01 19:09:35.626 [com.alibaba.nacos.client.remote.worker] INFO  com.alibaba.nacos.client.naming - Grpc connection connect
2025-11-01 19:09:35.626 [main] INFO  com.alibaba.nacos.common.remote.client - [2973feb8-9845-4b9f-a7a6-fe655985c151] Register server push request handler:com.alibaba.nacos.common.remote.client.RpcClient$$Lambda$607/0x0000016301448890
2025-11-01 19:09:35.627 [main] INFO  com.alibaba.nacos.client.naming - [REGISTER-SERVICE] xiaohashu registering service xiaohashu-auth with instance Instance{instanceId='null', ip='192.168.134.1', port=8080, weight=1.0, healthy=true, enabled=true, ephemeral=true, clusterName='DEFAULT', serviceName='null', metadata={IPv6=null, preserved.register.source=SPRING_CLOUD}}
2025-11-01 19:09:35.635 [main] INFO  c.a.cloud.nacos.registry.NacosServiceRegistry - nacos registry, DEFAULT_GROUP xiaohashu-auth 192.168.134.1:8080 register finished
2025-11-01 19:09:36.798 [main] INFO  org.springframework.cloud.commons.util.InetUtils - Cannot determine local hostname
2025-11-01 19:09:36.811 [main] INFO  c.q.xiaohashu.auth.XiaohashuAuthApplication - Started XiaohashuAuthApplication in 8.978 seconds (process running for 9.472)
2025-11-01 19:09:36.813 [main] INFO  com.alibaba.nacos.client.config.impl.CacheData - nacos.cache.data.init.snapshot = true 
2025-11-01 19:09:36.813 [main] INFO  com.alibaba.nacos.client.config.impl.ClientWorker - [fixed-xiaohashu-127.0.0.1_8848] [subscribe] xiaohashu-auth.yaml+DEFAULT_GROUP+xiaohashu
2025-11-01 19:09:36.817 [main] INFO  com.alibaba.nacos.client.config.impl.CacheData - [fixed-xiaohashu-127.0.0.1_8848] [add-listener] ok, tenant=xiaohashu, dataId=xiaohashu-auth.yaml, group=DEFAULT_GROUP, cnt=1
2025-11-01 19:09:36.817 [main] INFO  c.a.cloud.nacos.refresh.NacosContextRefresher - [Nacos Config] Listening config: dataId=xiaohashu-auth.yaml, group=DEFAULT_GROUP
2025-11-01 19:09:36.817 [main] INFO  com.alibaba.nacos.client.config.impl.ClientWorker - [fixed-xiaohashu-127.0.0.1_8848] [subscribe] xiaohashu-auth-dev.yaml+DEFAULT_GROUP+xiaohashu
2025-11-01 19:09:36.817 [main] INFO  com.alibaba.nacos.client.config.impl.CacheData - [fixed-xiaohashu-127.0.0.1_8848] [add-listener] ok, tenant=xiaohashu, dataId=xiaohashu-auth-dev.yaml, group=DEFAULT_GROUP, cnt=1
2025-11-01 19:09:36.817 [main] INFO  c.a.cloud.nacos.refresh.NacosContextRefresher - [Nacos Config] Listening config: dataId=xiaohashu-auth-dev.yaml, group=DEFAULT_GROUP
2025-11-01 19:09:36.818 [main] INFO  com.alibaba.nacos.client.config.impl.ClientWorker - [fixed-xiaohashu-127.0.0.1_8848] [subscribe] xiaohashu-auth+DEFAULT_GROUP+xiaohashu
2025-11-01 19:09:36.818 [main] INFO  com.alibaba.nacos.client.config.impl.CacheData - [fixed-xiaohashu-127.0.0.1_8848] [add-listener] ok, tenant=xiaohashu, dataId=xiaohashu-auth, group=DEFAULT_GROUP, cnt=1
2025-11-01 19:09:36.818 [main] INFO  c.a.cloud.nacos.refresh.NacosContextRefresher - [Nacos Config] Listening config: dataId=xiaohashu-auth, group=DEFAULT_GROUP
2025-11-01 19:10:31.785 [http-nio-8080-exec-1] INFO  o.a.c.core.ContainerBase.[Tomcat].[localhost].[/] - Initializing Spring DispatcherServlet 'dispatcherServlet'
2025-11-01 19:10:31.785 [http-nio-8080-exec-1] INFO  org.springframework.web.servlet.DispatcherServlet - Initializing Servlet 'dispatcherServlet'
2025-11-01 19:10:31.786 [http-nio-8080-exec-1] INFO  org.springframework.web.servlet.DispatcherServlet - Completed initialization in 1 ms
2025-11-01 19:10:31.788 [http-nio-8080-exec-1] INFO  c.q.x.auth.filter.HeaderUserId2ContextFilter - ## HeaderUserId2ContextFilter, 用户 ID: null
2025-11-01 19:10:31.842 [http-nio-8080-exec-1] INFO  c.q.f.b.operationlog.aspect.ApiOperationLogAspect - ====== 请求开始: [发送短信验证码], 入参: {"phone":"13345966872"}, 请求类: VerificationCodeController, 请求方法: send =================================== 
2025-11-01 19:10:32.119 [http-nio-8080-exec-1] INFO  c.q.x.a.service.impl.VerificationCodeServiceImpl - ==> 手机号: 13345966872, 已发送验证码：【655693】
2025-11-01 19:10:32.122 [http-nio-8080-exec-1] INFO  c.q.f.b.operationlog.aspect.ApiOperationLogAspect - ====== 请求结束: [发送短信验证码], 耗时: 281ms, 出参: {"success":true,"message":null,"errorCode":null,"data":null} =================================== 
2025-11-01 19:13:37.762 [main] WARN  com.alibaba.nacos.client.logging.NacosLogging - Load Logback Configuration of Nacos fail, message: Could not initialize Logback Nacos logging from classpath:nacos-logback.xml
2025-11-01 19:13:37.800 [main] WARN  com.alibaba.nacos.client.logging.NacosLogging - Load Logback Configuration of Nacos fail, message: Could not initialize Logback Nacos logging from classpath:nacos-logback.xml
2025-11-01 19:13:37.957 [main] WARN  com.alibaba.nacos.client.logging.NacosLogging - Load Logback Configuration of Nacos fail, message: Could not initialize Logback Nacos logging from classpath:nacos-logback.xml
2025-11-01 19:13:37.959 [main] INFO  com.alibaba.nacos.client.utils.ParamUtil - [settings] [req-serv] nacos-server port:8848
2025-11-01 19:13:37.959 [main] INFO  com.alibaba.nacos.client.utils.ParamUtil - [settings] [http-client] connect timeout:1000
2025-11-01 19:13:37.959 [main] INFO  com.alibaba.nacos.client.utils.ParamUtil - PER_TASK_CONFIG_SIZE: 3000.0
2025-11-01 19:13:37.970 [main] INFO  c.a.n.p.auth.spi.client.ClientAuthPluginManager - [ClientAuthPluginManager] Load ClientAuthService com.alibaba.nacos.client.auth.impl.NacosClientAuthServiceImpl success.
2025-11-01 19:13:37.970 [main] INFO  c.a.n.p.auth.spi.client.ClientAuthPluginManager - [ClientAuthPluginManager] Load ClientAuthService com.alibaba.nacos.client.auth.ram.RamClientAuthServiceImpl success.
2025-11-01 19:13:37.976 [main] INFO  c.a.n.client.auth.ram.identify.CredentialWatcher - null No credential found
2025-11-01 19:13:39.221 [main] WARN  com.alibaba.nacos.client.logging.NacosLogging - Load Logback Configuration of Nacos fail, message: Could not initialize Logback Nacos logging from classpath:nacos-logback.xml
2025-11-01 19:13:39.230 [main] INFO  c.a.n.client.config.impl.LocalConfigInfoProcessor - LOCAL_SNAPSHOT_PATH:C:\Users\hp\nacos\config
2025-11-01 19:13:39.232 [main] INFO  com.alibaba.nacos.common.remote.client - [RpcClientFactory] create a new rpc client of 13366e0e-bc00-40e2-96e2-9b74e0f4d928_config-0
2025-11-01 19:13:39.240 [main] INFO  com.alibaba.nacos.common.remote.client - [13366e0e-bc00-40e2-96e2-9b74e0f4d928_config-0] Register server push request handler:com.alibaba.nacos.client.config.impl.ClientWorker$ConfigRpcTransportClient$$Lambda$586/0x000001f55133aeb0
2025-11-01 19:13:39.240 [main] INFO  com.alibaba.nacos.common.remote.client - [13366e0e-bc00-40e2-96e2-9b74e0f4d928_config-0] Register server push request handler:com.alibaba.nacos.client.config.impl.ClientWorker$ConfigRpcTransportClient$$Lambda$587/0x000001f55133b2d0
2025-11-01 19:13:39.240 [main] INFO  com.alibaba.nacos.common.remote.client - [13366e0e-bc00-40e2-96e2-9b74e0f4d928_config-0] Registry connection listener to current client:com.alibaba.nacos.client.config.impl.ClientWorker$ConfigRpcTransportClient$1
2025-11-01 19:13:39.240 [main] INFO  com.alibaba.nacos.common.remote.client - [13366e0e-bc00-40e2-96e2-9b74e0f4d928_config-0] RpcClient init, ServerListFactory = com.alibaba.nacos.client.config.impl.ClientWorker$ConfigRpcTransportClient$2
2025-11-01 19:13:39.244 [main] INFO  com.alibaba.nacos.common.remote.client - [13366e0e-bc00-40e2-96e2-9b74e0f4d928_config-0] Try to connect to server on start up, server: {serverIp = '127.0.0.1', server main port = 8848}
2025-11-01 19:13:39.268 [main] INFO  c.a.nacos.common.remote.client.grpc.GrpcClient - grpc client connection server:127.0.0.1 ip,serverPort:9848,grpcTslConfig:{"sslProvider":"OPENSSL","enableTls":false,"mutualAuthEnable":false,"trustAll":false}
2025-11-01 19:13:39.893 [main] INFO  com.alibaba.nacos.common.remote.client - [13366e0e-bc00-40e2-96e2-9b74e0f4d928_config-0] Success to connect to server [127.0.0.1:8848] on start up, connectionId = 1761995619738_127.0.0.1_12759
2025-11-01 19:13:39.893 [main] INFO  com.alibaba.nacos.common.remote.client - [13366e0e-bc00-40e2-96e2-9b74e0f4d928_config-0] Register server push request handler:com.alibaba.nacos.common.remote.client.RpcClient$ConnectResetRequestHandler
2025-11-01 19:13:39.895 [com.alibaba.nacos.client.remote.worker] INFO  com.alibaba.nacos.common.remote.client - [13366e0e-bc00-40e2-96e2-9b74e0f4d928_config-0] Notify connected event to listeners.
2025-11-01 19:13:39.896 [com.alibaba.nacos.client.remote.worker] INFO  com.alibaba.nacos.client.config.impl.ClientWorker - [13366e0e-bc00-40e2-96e2-9b74e0f4d928_config-0] Connected,notify listen context...
2025-11-01 19:13:39.896 [main] INFO  com.alibaba.nacos.common.remote.client - [13366e0e-bc00-40e2-96e2-9b74e0f4d928_config-0] Register server push request handler:com.alibaba.nacos.common.remote.client.RpcClient$$Lambda$607/0x000001f551448cb8
2025-11-01 19:13:39.919 [main] INFO  com.alibaba.nacos.client.config.impl.Limiter - limitTime:5.0
2025-11-01 19:13:39.928 [main] INFO  com.alibaba.nacos.client.config.utils.JvmUtil - isMultiInstance:false
2025-11-01 19:13:39.936 [main] WARN  c.a.cloud.nacos.client.NacosPropertySourceBuilder - Ignore the empty nacos configuration and get it based on dataId[xiaohashu-auth.yaml] & group[DEFAULT_GROUP]
2025-11-01 19:13:39.941 [main] INFO  o.s.c.b.c.PropertySourceBootstrapConfiguration - Located property source: [BootstrapPropertySource {name='bootstrapProperties-xiaohashu-auth-dev.yaml,DEFAULT_GROUP'}, BootstrapPropertySource {name='bootstrapProperties-xiaohashu-auth.yaml,DEFAULT_GROUP'}, BootstrapPropertySource {name='bootstrapProperties-xiaohashu-auth,DEFAULT_GROUP'}]
2025-11-01 19:13:39.958 [main] WARN  com.alibaba.nacos.client.logging.NacosLogging - Load Logback Configuration of Nacos fail, message: Could not initialize Logback Nacos logging from classpath:nacos-logback.xml
2025-11-01 19:13:39.958 [main] INFO  c.q.xiaohashu.auth.XiaohashuAuthApplication - The following 1 profile is active: "dev"
2025-11-01 19:13:40.342 [main] INFO  o.s.d.r.config.RepositoryConfigurationDelegate - Multiple Spring Data modules found, entering strict repository configuration mode
2025-11-01 19:13:40.344 [main] INFO  o.s.d.r.config.RepositoryConfigurationDelegate - Bootstrapping Spring Data Redis repositories in DEFAULT mode.
2025-11-01 19:13:40.357 [main] INFO  o.s.d.r.config.RepositoryConfigurationDelegate - Finished Spring Data repository scanning in 6 ms. Found 0 Redis repository interfaces.
2025-11-01 19:13:40.442 [main] INFO  o.springframework.cloud.context.scope.GenericScope - BeanFactory id=4b54d012-f580-339f-8b90-c1e2499634c9
2025-11-01 19:13:40.452 [main] INFO  o.s.c.s.PostProcessorRegistrationDelegate$BeanPostProcessorChecker - Bean 'com.quanxiaoha.xiaohashu.user.api.UserFeignApi' of type [org.springframework.cloud.openfeign.FeignClientFactoryBean] is not eligible for getting processed by all BeanPostProcessors (for example: not eligible for auto-proxying)
2025-11-01 19:13:40.673 [main] INFO  o.s.boot.web.embedded.tomcat.TomcatWebServer - Tomcat initialized with port(s): 8080 (http)
2025-11-01 19:13:40.678 [main] INFO  org.apache.catalina.core.StandardService - Starting service [Tomcat]
2025-11-01 19:13:40.678 [main] INFO  org.apache.catalina.core.StandardEngine - Starting Servlet engine: [Apache Tomcat/10.1.5]
2025-11-01 19:13:40.741 [main] INFO  o.a.c.core.ContainerBase.[Tomcat].[localhost].[/] - Initializing Spring embedded WebApplicationContext
2025-11-01 19:13:40.742 [main] INFO  o.s.b.w.s.c.ServletWebServerApplicationContext - Root WebApplicationContext: initialization completed in 776 ms
2025-11-01 19:13:40.955 [main] INFO  o.s.cloud.openfeign.FeignClientFactoryBean - For 'xiaohashu-user' URL not provided. Will try picking an instance via load-balancing.
2025-11-01 19:13:42.424 [main] INFO  org.springframework.cloud.commons.util.InetUtils - Cannot determine local hostname
2025-11-01 19:13:43.841 [main] INFO  org.springframework.cloud.commons.util.InetUtils - Cannot determine local hostname
2025-11-01 19:13:43.853 [main] WARN  o.s.c.l.c.LoadBalancerCacheAutoConfiguration$LoadBalancerCaffeineWarnLogger - Spring Cloud LoadBalancer is currently working with the default cache. While this cache implementation is useful for development and tests, it's recommended to use Caffeine cache in production.You can switch to using Caffeine cache, by adding it and org.springframework.cache.caffeine.CaffeineCacheManager to the classpath.
2025-11-01 19:13:43.892 [main] INFO  o.s.boot.web.embedded.tomcat.TomcatWebServer - Tomcat started on port(s): 8080 (http) with context path ''
2025-11-01 19:13:43.894 [main] INFO  com.alibaba.nacos.client.naming - initializer namespace from ans.namespace attribute : null
2025-11-01 19:13:43.894 [main] INFO  com.alibaba.nacos.client.naming - initializer namespace from ALIBABA_ALIWARE_NAMESPACE attribute :null
2025-11-01 19:13:43.894 [main] INFO  com.alibaba.nacos.client.naming - initializer namespace from namespace attribute :null
2025-11-01 19:13:43.899 [main] INFO  c.a.n.p.auth.spi.client.ClientAuthPluginManager - [ClientAuthPluginManager] Load ClientAuthService com.alibaba.nacos.client.auth.impl.NacosClientAuthServiceImpl success.
2025-11-01 19:13:43.899 [main] INFO  c.a.n.p.auth.spi.client.ClientAuthPluginManager - [ClientAuthPluginManager] Load ClientAuthService com.alibaba.nacos.client.auth.ram.RamClientAuthServiceImpl success.
2025-11-01 19:13:43.900 [main] INFO  com.alibaba.nacos.common.remote.client - [RpcClientFactory] create a new rpc client of 36b9830f-9368-4054-b8ba-efbbd06b0068
2025-11-01 19:13:43.901 [main] INFO  com.alibaba.nacos.common.remote.client - [36b9830f-9368-4054-b8ba-efbbd06b0068] RpcClient init, ServerListFactory = com.alibaba.nacos.client.naming.core.ServerListManager
2025-11-01 19:13:43.901 [main] INFO  com.alibaba.nacos.common.remote.client - [36b9830f-9368-4054-b8ba-efbbd06b0068] Registry connection listener to current client:com.alibaba.nacos.client.naming.remote.gprc.redo.NamingGrpcRedoService
2025-11-01 19:13:43.901 [main] INFO  com.alibaba.nacos.common.remote.client - [36b9830f-9368-4054-b8ba-efbbd06b0068] Register server push request handler:com.alibaba.nacos.client.naming.remote.gprc.NamingPushRequestHandler
2025-11-01 19:13:43.901 [main] INFO  com.alibaba.nacos.common.remote.client - [36b9830f-9368-4054-b8ba-efbbd06b0068] Try to connect to server on start up, server: {serverIp = '127.0.0.1', server main port = 8848}
2025-11-01 19:13:43.901 [main] INFO  c.a.nacos.common.remote.client.grpc.GrpcClient - grpc client connection server:127.0.0.1 ip,serverPort:9848,grpcTslConfig:{"sslProvider":"OPENSSL","enableTls":false,"mutualAuthEnable":false,"trustAll":false}
2025-11-01 19:13:44.013 [main] INFO  com.alibaba.nacos.common.remote.client - [36b9830f-9368-4054-b8ba-efbbd06b0068] Success to connect to server [127.0.0.1:8848] on start up, connectionId = 1761995623904_127.0.0.1_12763
2025-11-01 19:13:44.013 [main] INFO  com.alibaba.nacos.common.remote.client - [36b9830f-9368-4054-b8ba-efbbd06b0068] Register server push request handler:com.alibaba.nacos.common.remote.client.RpcClient$ConnectResetRequestHandler
2025-11-01 19:13:44.013 [main] INFO  com.alibaba.nacos.common.remote.client - [36b9830f-9368-4054-b8ba-efbbd06b0068] Register server push request handler:com.alibaba.nacos.common.remote.client.RpcClient$$Lambda$607/0x000001f551448cb8
2025-11-01 19:13:44.013 [com.alibaba.nacos.client.remote.worker] INFO  com.alibaba.nacos.common.remote.client - [36b9830f-9368-4054-b8ba-efbbd06b0068] Notify connected event to listeners.
2025-11-01 19:13:44.014 [com.alibaba.nacos.client.remote.worker] INFO  com.alibaba.nacos.client.naming - Grpc connection connect
2025-11-01 19:13:44.014 [main] INFO  com.alibaba.nacos.client.naming - [REGISTER-SERVICE] xiaohashu registering service xiaohashu-auth with instance Instance{instanceId='null', ip='192.168.134.1', port=8080, weight=1.0, healthy=true, enabled=true, ephemeral=true, clusterName='DEFAULT', serviceName='null', metadata={IPv6=null, preserved.register.source=SPRING_CLOUD}}
2025-11-01 19:13:44.022 [main] INFO  c.a.cloud.nacos.registry.NacosServiceRegistry - nacos registry, DEFAULT_GROUP xiaohashu-auth 192.168.134.1:8080 register finished
2025-11-01 19:13:45.185 [main] INFO  org.springframework.cloud.commons.util.InetUtils - Cannot determine local hostname
2025-11-01 19:13:45.202 [main] INFO  c.q.xiaohashu.auth.XiaohashuAuthApplication - Started XiaohashuAuthApplication in 9.089 seconds (process running for 9.899)
2025-11-01 19:13:45.206 [main] INFO  com.alibaba.nacos.client.config.impl.CacheData - nacos.cache.data.init.snapshot = true 
2025-11-01 19:13:45.206 [main] INFO  com.alibaba.nacos.client.config.impl.ClientWorker - [fixed-xiaohashu-127.0.0.1_8848] [subscribe] xiaohashu-auth.yaml+DEFAULT_GROUP+xiaohashu
2025-11-01 19:13:45.210 [main] INFO  com.alibaba.nacos.client.config.impl.CacheData - [fixed-xiaohashu-127.0.0.1_8848] [add-listener] ok, tenant=xiaohashu, dataId=xiaohashu-auth.yaml, group=DEFAULT_GROUP, cnt=1
2025-11-01 19:13:45.210 [main] INFO  c.a.cloud.nacos.refresh.NacosContextRefresher - [Nacos Config] Listening config: dataId=xiaohashu-auth.yaml, group=DEFAULT_GROUP
2025-11-01 19:13:45.211 [main] INFO  com.alibaba.nacos.client.config.impl.ClientWorker - [fixed-xiaohashu-127.0.0.1_8848] [subscribe] xiaohashu-auth-dev.yaml+DEFAULT_GROUP+xiaohashu
2025-11-01 19:13:45.212 [main] INFO  com.alibaba.nacos.client.config.impl.CacheData - [fixed-xiaohashu-127.0.0.1_8848] [add-listener] ok, tenant=xiaohashu, dataId=xiaohashu-auth-dev.yaml, group=DEFAULT_GROUP, cnt=1
2025-11-01 19:13:45.212 [main] INFO  c.a.cloud.nacos.refresh.NacosContextRefresher - [Nacos Config] Listening config: dataId=xiaohashu-auth-dev.yaml, group=DEFAULT_GROUP
2025-11-01 19:13:45.212 [main] INFO  com.alibaba.nacos.client.config.impl.ClientWorker - [fixed-xiaohashu-127.0.0.1_8848] [subscribe] xiaohashu-auth+DEFAULT_GROUP+xiaohashu
2025-11-01 19:13:45.213 [main] INFO  com.alibaba.nacos.client.config.impl.CacheData - [fixed-xiaohashu-127.0.0.1_8848] [add-listener] ok, tenant=xiaohashu, dataId=xiaohashu-auth, group=DEFAULT_GROUP, cnt=1
2025-11-01 19:13:45.213 [main] INFO  c.a.cloud.nacos.refresh.NacosContextRefresher - [Nacos Config] Listening config: dataId=xiaohashu-auth, group=DEFAULT_GROUP
2025-11-01 19:13:53.153 [http-nio-8080-exec-1] INFO  o.a.c.core.ContainerBase.[Tomcat].[localhost].[/] - Initializing Spring DispatcherServlet 'dispatcherServlet'
2025-11-01 19:13:53.154 [http-nio-8080-exec-1] INFO  org.springframework.web.servlet.DispatcherServlet - Initializing Servlet 'dispatcherServlet'
2025-11-01 19:13:53.154 [http-nio-8080-exec-1] INFO  org.springframework.web.servlet.DispatcherServlet - Completed initialization in 0 ms
2025-11-01 19:13:53.157 [http-nio-8080-exec-1] INFO  c.q.x.auth.filter.HeaderUserId2ContextFilter - ## HeaderUserId2ContextFilter, 用户 ID: null
2025-11-01 19:13:53.209 [http-nio-8080-exec-1] INFO  c.q.f.b.operationlog.aspect.ApiOperationLogAspect - ====== 请求开始: [发送短信验证码], 入参: {"phone":"13345966872"}, 请求类: VerificationCodeController, 请求方法: send =================================== 
2025-11-01 19:13:53.512 [http-nio-8080-exec-1] INFO  c.q.x.a.service.impl.VerificationCodeServiceImpl - ==> 手机号: 13345966872, 已发送验证码：【693812】
2025-11-01 19:13:53.516 [http-nio-8080-exec-1] INFO  c.q.f.b.operationlog.aspect.ApiOperationLogAspect - ====== 请求结束: [发送短信验证码], 耗时: 308ms, 出参: {"success":true,"message":null,"errorCode":null,"data":null} =================================== 
2025-11-01 19:19:46.863 [main] WARN  com.alibaba.nacos.client.logging.NacosLogging - Load Logback Configuration of Nacos fail, message: Could not initialize Logback Nacos logging from classpath:nacos-logback.xml
2025-11-01 19:19:46.900 [main] WARN  com.alibaba.nacos.client.logging.NacosLogging - Load Logback Configuration of Nacos fail, message: Could not initialize Logback Nacos logging from classpath:nacos-logback.xml
2025-11-01 19:19:47.046 [main] WARN  com.alibaba.nacos.client.logging.NacosLogging - Load Logback Configuration of Nacos fail, message: Could not initialize Logback Nacos logging from classpath:nacos-logback.xml
2025-11-01 19:19:47.047 [main] INFO  com.alibaba.nacos.client.utils.ParamUtil - [settings] [req-serv] nacos-server port:8848
2025-11-01 19:19:47.047 [main] INFO  com.alibaba.nacos.client.utils.ParamUtil - [settings] [http-client] connect timeout:1000
2025-11-01 19:19:47.049 [main] INFO  com.alibaba.nacos.client.utils.ParamUtil - PER_TASK_CONFIG_SIZE: 3000.0
2025-11-01 19:19:47.059 [main] INFO  c.a.n.p.auth.spi.client.ClientAuthPluginManager - [ClientAuthPluginManager] Load ClientAuthService com.alibaba.nacos.client.auth.impl.NacosClientAuthServiceImpl success.
2025-11-01 19:19:47.059 [main] INFO  c.a.n.p.auth.spi.client.ClientAuthPluginManager - [ClientAuthPluginManager] Load ClientAuthService com.alibaba.nacos.client.auth.ram.RamClientAuthServiceImpl success.
2025-11-01 19:19:47.064 [main] INFO  c.a.n.client.auth.ram.identify.CredentialWatcher - null No credential found
2025-11-01 19:19:48.300 [main] WARN  com.alibaba.nacos.client.logging.NacosLogging - Load Logback Configuration of Nacos fail, message: Could not initialize Logback Nacos logging from classpath:nacos-logback.xml
2025-11-01 19:19:48.309 [main] INFO  c.a.n.client.config.impl.LocalConfigInfoProcessor - LOCAL_SNAPSHOT_PATH:C:\Users\hp\nacos\config
2025-11-01 19:19:48.311 [main] INFO  com.alibaba.nacos.common.remote.client - [RpcClientFactory] create a new rpc client of dbcee403-31e4-439e-888e-b2bee7d9e245_config-0
2025-11-01 19:19:48.319 [main] INFO  com.alibaba.nacos.common.remote.client - [dbcee403-31e4-439e-888e-b2bee7d9e245_config-0] Register server push request handler:com.alibaba.nacos.client.config.impl.ClientWorker$ConfigRpcTransportClient$$Lambda$586/0x000001d50133aeb0
2025-11-01 19:19:48.319 [main] INFO  com.alibaba.nacos.common.remote.client - [dbcee403-31e4-439e-888e-b2bee7d9e245_config-0] Register server push request handler:com.alibaba.nacos.client.config.impl.ClientWorker$ConfigRpcTransportClient$$Lambda$587/0x000001d50133b2d0
2025-11-01 19:19:48.319 [main] INFO  com.alibaba.nacos.common.remote.client - [dbcee403-31e4-439e-888e-b2bee7d9e245_config-0] Registry connection listener to current client:com.alibaba.nacos.client.config.impl.ClientWorker$ConfigRpcTransportClient$1
2025-11-01 19:19:48.320 [main] INFO  com.alibaba.nacos.common.remote.client - [dbcee403-31e4-439e-888e-b2bee7d9e245_config-0] RpcClient init, ServerListFactory = com.alibaba.nacos.client.config.impl.ClientWorker$ConfigRpcTransportClient$2
2025-11-01 19:19:48.324 [main] INFO  com.alibaba.nacos.common.remote.client - [dbcee403-31e4-439e-888e-b2bee7d9e245_config-0] Try to connect to server on start up, server: {serverIp = '127.0.0.1', server main port = 8848}
2025-11-01 19:19:48.344 [main] INFO  c.a.nacos.common.remote.client.grpc.GrpcClient - grpc client connection server:127.0.0.1 ip,serverPort:9848,grpcTslConfig:{"sslProvider":"OPENSSL","enableTls":false,"mutualAuthEnable":false,"trustAll":false}
2025-11-01 19:19:49.000 [main] INFO  com.alibaba.nacos.common.remote.client - [dbcee403-31e4-439e-888e-b2bee7d9e245_config-0] Success to connect to server [127.0.0.1:8848] on start up, connectionId = 1761995988845_127.0.0.1_12976
2025-11-01 19:19:49.000 [com.alibaba.nacos.client.remote.worker] INFO  com.alibaba.nacos.common.remote.client - [dbcee403-31e4-439e-888e-b2bee7d9e245_config-0] Notify connected event to listeners.
2025-11-01 19:19:49.001 [com.alibaba.nacos.client.remote.worker] INFO  com.alibaba.nacos.client.config.impl.ClientWorker - [dbcee403-31e4-439e-888e-b2bee7d9e245_config-0] Connected,notify listen context...
2025-11-01 19:19:49.001 [main] INFO  com.alibaba.nacos.common.remote.client - [dbcee403-31e4-439e-888e-b2bee7d9e245_config-0] Register server push request handler:com.alibaba.nacos.common.remote.client.RpcClient$ConnectResetRequestHandler
2025-11-01 19:19:49.001 [main] INFO  com.alibaba.nacos.common.remote.client - [dbcee403-31e4-439e-888e-b2bee7d9e245_config-0] Register server push request handler:com.alibaba.nacos.common.remote.client.RpcClient$$Lambda$607/0x000001d501448f38
2025-11-01 19:19:49.021 [main] INFO  com.alibaba.nacos.client.config.impl.Limiter - limitTime:5.0
2025-11-01 19:19:49.030 [main] INFO  com.alibaba.nacos.client.config.utils.JvmUtil - isMultiInstance:false
2025-11-01 19:19:49.038 [main] WARN  c.a.cloud.nacos.client.NacosPropertySourceBuilder - Ignore the empty nacos configuration and get it based on dataId[xiaohashu-auth.yaml] & group[DEFAULT_GROUP]
2025-11-01 19:19:49.043 [main] INFO  o.s.c.b.c.PropertySourceBootstrapConfiguration - Located property source: [BootstrapPropertySource {name='bootstrapProperties-xiaohashu-auth-dev.yaml,DEFAULT_GROUP'}, BootstrapPropertySource {name='bootstrapProperties-xiaohashu-auth.yaml,DEFAULT_GROUP'}, BootstrapPropertySource {name='bootstrapProperties-xiaohashu-auth,DEFAULT_GROUP'}]
2025-11-01 19:19:49.060 [main] WARN  com.alibaba.nacos.client.logging.NacosLogging - Load Logback Configuration of Nacos fail, message: Could not initialize Logback Nacos logging from classpath:nacos-logback.xml
2025-11-01 19:19:49.060 [main] INFO  c.q.xiaohashu.auth.XiaohashuAuthApplication - The following 1 profile is active: "dev"
2025-11-01 19:19:49.425 [main] INFO  o.s.d.r.config.RepositoryConfigurationDelegate - Multiple Spring Data modules found, entering strict repository configuration mode
2025-11-01 19:19:49.426 [main] INFO  o.s.d.r.config.RepositoryConfigurationDelegate - Bootstrapping Spring Data Redis repositories in DEFAULT mode.
2025-11-01 19:19:49.440 [main] INFO  o.s.d.r.config.RepositoryConfigurationDelegate - Finished Spring Data repository scanning in 5 ms. Found 0 Redis repository interfaces.
2025-11-01 19:19:49.526 [main] INFO  o.springframework.cloud.context.scope.GenericScope - BeanFactory id=4b54d012-f580-339f-8b90-c1e2499634c9
2025-11-01 19:19:49.535 [main] INFO  o.s.c.s.PostProcessorRegistrationDelegate$BeanPostProcessorChecker - Bean 'com.quanxiaoha.xiaohashu.user.api.UserFeignApi' of type [org.springframework.cloud.openfeign.FeignClientFactoryBean] is not eligible for getting processed by all BeanPostProcessors (for example: not eligible for auto-proxying)
2025-11-01 19:19:49.749 [main] INFO  o.s.boot.web.embedded.tomcat.TomcatWebServer - Tomcat initialized with port(s): 8080 (http)
2025-11-01 19:19:49.755 [main] INFO  org.apache.catalina.core.StandardService - Starting service [Tomcat]
2025-11-01 19:19:49.755 [main] INFO  org.apache.catalina.core.StandardEngine - Starting Servlet engine: [Apache Tomcat/10.1.5]
2025-11-01 19:19:49.816 [main] INFO  o.a.c.core.ContainerBase.[Tomcat].[localhost].[/] - Initializing Spring embedded WebApplicationContext
2025-11-01 19:19:49.816 [main] INFO  o.s.b.w.s.c.ServletWebServerApplicationContext - Root WebApplicationContext: initialization completed in 745 ms
2025-11-01 19:19:50.020 [main] INFO  o.s.cloud.openfeign.FeignClientFactoryBean - For 'xiaohashu-user' URL not provided. Will try picking an instance via load-balancing.
2025-11-01 19:19:51.403 [main] INFO  org.springframework.cloud.commons.util.InetUtils - Cannot determine local hostname
2025-11-01 19:19:52.790 [main] INFO  org.springframework.cloud.commons.util.InetUtils - Cannot determine local hostname
2025-11-01 19:19:52.815 [main] WARN  o.s.c.l.c.LoadBalancerCacheAutoConfiguration$LoadBalancerCaffeineWarnLogger - Spring Cloud LoadBalancer is currently working with the default cache. While this cache implementation is useful for development and tests, it's recommended to use Caffeine cache in production.You can switch to using Caffeine cache, by adding it and org.springframework.cache.caffeine.CaffeineCacheManager to the classpath.
2025-11-01 19:19:52.862 [main] INFO  o.s.boot.web.embedded.tomcat.TomcatWebServer - Tomcat started on port(s): 8080 (http) with context path ''
2025-11-01 19:19:52.865 [main] INFO  com.alibaba.nacos.client.naming - initializer namespace from ans.namespace attribute : null
2025-11-01 19:19:52.865 [main] INFO  com.alibaba.nacos.client.naming - initializer namespace from ALIBABA_ALIWARE_NAMESPACE attribute :null
2025-11-01 19:19:52.865 [main] INFO  com.alibaba.nacos.client.naming - initializer namespace from namespace attribute :null
2025-11-01 19:19:52.871 [main] INFO  c.a.n.p.auth.spi.client.ClientAuthPluginManager - [ClientAuthPluginManager] Load ClientAuthService com.alibaba.nacos.client.auth.impl.NacosClientAuthServiceImpl success.
2025-11-01 19:19:52.871 [main] INFO  c.a.n.p.auth.spi.client.ClientAuthPluginManager - [ClientAuthPluginManager] Load ClientAuthService com.alibaba.nacos.client.auth.ram.RamClientAuthServiceImpl success.
2025-11-01 19:19:52.872 [main] INFO  com.alibaba.nacos.common.remote.client - [RpcClientFactory] create a new rpc client of 082f22b1-d762-4767-ace3-42235394aed7
2025-11-01 19:19:52.873 [main] INFO  com.alibaba.nacos.common.remote.client - [082f22b1-d762-4767-ace3-42235394aed7] RpcClient init, ServerListFactory = com.alibaba.nacos.client.naming.core.ServerListManager
2025-11-01 19:19:52.873 [main] INFO  com.alibaba.nacos.common.remote.client - [082f22b1-d762-4767-ace3-42235394aed7] Registry connection listener to current client:com.alibaba.nacos.client.naming.remote.gprc.redo.NamingGrpcRedoService
2025-11-01 19:19:52.874 [main] INFO  com.alibaba.nacos.common.remote.client - [082f22b1-d762-4767-ace3-42235394aed7] Register server push request handler:com.alibaba.nacos.client.naming.remote.gprc.NamingPushRequestHandler
2025-11-01 19:19:52.874 [main] INFO  com.alibaba.nacos.common.remote.client - [082f22b1-d762-4767-ace3-42235394aed7] Try to connect to server on start up, server: {serverIp = '127.0.0.1', server main port = 8848}
2025-11-01 19:19:52.874 [main] INFO  c.a.nacos.common.remote.client.grpc.GrpcClient - grpc client connection server:127.0.0.1 ip,serverPort:9848,grpcTslConfig:{"sslProvider":"OPENSSL","enableTls":false,"mutualAuthEnable":false,"trustAll":false}
2025-11-01 19:19:52.992 [main] INFO  com.alibaba.nacos.common.remote.client - [082f22b1-d762-4767-ace3-42235394aed7] Success to connect to server [127.0.0.1:8848] on start up, connectionId = 1761995992877_127.0.0.1_12977
2025-11-01 19:19:52.992 [main] INFO  com.alibaba.nacos.common.remote.client - [082f22b1-d762-4767-ace3-42235394aed7] Register server push request handler:com.alibaba.nacos.common.remote.client.RpcClient$ConnectResetRequestHandler
2025-11-01 19:19:52.992 [main] INFO  com.alibaba.nacos.common.remote.client - [082f22b1-d762-4767-ace3-42235394aed7] Register server push request handler:com.alibaba.nacos.common.remote.client.RpcClient$$Lambda$607/0x000001d501448f38
2025-11-01 19:19:52.993 [com.alibaba.nacos.client.remote.worker] INFO  com.alibaba.nacos.common.remote.client - [082f22b1-d762-4767-ace3-42235394aed7] Notify connected event to listeners.
2025-11-01 19:19:52.993 [com.alibaba.nacos.client.remote.worker] INFO  com.alibaba.nacos.client.naming - Grpc connection connect
2025-11-01 19:19:52.994 [main] INFO  com.alibaba.nacos.client.naming - [REGISTER-SERVICE] xiaohashu registering service xiaohashu-auth with instance Instance{instanceId='null', ip='192.168.134.1', port=8080, weight=1.0, healthy=true, enabled=true, ephemeral=true, clusterName='DEFAULT', serviceName='null', metadata={IPv6=null, preserved.register.source=SPRING_CLOUD}}
2025-11-01 19:19:53.002 [main] INFO  c.a.cloud.nacos.registry.NacosServiceRegistry - nacos registry, DEFAULT_GROUP xiaohashu-auth 192.168.134.1:8080 register finished
2025-11-01 19:19:54.160 [main] INFO  org.springframework.cloud.commons.util.InetUtils - Cannot determine local hostname
2025-11-01 19:19:54.171 [main] INFO  c.q.xiaohashu.auth.XiaohashuAuthApplication - Started XiaohashuAuthApplication in 8.864 seconds (process running for 9.72)
2025-11-01 19:19:54.173 [main] INFO  com.alibaba.nacos.client.config.impl.CacheData - nacos.cache.data.init.snapshot = true 
2025-11-01 19:19:54.173 [main] INFO  com.alibaba.nacos.client.config.impl.ClientWorker - [fixed-xiaohashu-127.0.0.1_8848] [subscribe] xiaohashu-auth.yaml+DEFAULT_GROUP+xiaohashu
2025-11-01 19:19:54.177 [main] INFO  com.alibaba.nacos.client.config.impl.CacheData - [fixed-xiaohashu-127.0.0.1_8848] [add-listener] ok, tenant=xiaohashu, dataId=xiaohashu-auth.yaml, group=DEFAULT_GROUP, cnt=1
2025-11-01 19:19:54.177 [main] INFO  c.a.cloud.nacos.refresh.NacosContextRefresher - [Nacos Config] Listening config: dataId=xiaohashu-auth.yaml, group=DEFAULT_GROUP
2025-11-01 19:19:54.177 [main] INFO  com.alibaba.nacos.client.config.impl.ClientWorker - [fixed-xiaohashu-127.0.0.1_8848] [subscribe] xiaohashu-auth-dev.yaml+DEFAULT_GROUP+xiaohashu
2025-11-01 19:19:54.178 [main] INFO  com.alibaba.nacos.client.config.impl.CacheData - [fixed-xiaohashu-127.0.0.1_8848] [add-listener] ok, tenant=xiaohashu, dataId=xiaohashu-auth-dev.yaml, group=DEFAULT_GROUP, cnt=1
2025-11-01 19:19:54.178 [main] INFO  c.a.cloud.nacos.refresh.NacosContextRefresher - [Nacos Config] Listening config: dataId=xiaohashu-auth-dev.yaml, group=DEFAULT_GROUP
2025-11-01 19:19:54.178 [main] INFO  com.alibaba.nacos.client.config.impl.ClientWorker - [fixed-xiaohashu-127.0.0.1_8848] [subscribe] xiaohashu-auth+DEFAULT_GROUP+xiaohashu
2025-11-01 19:19:54.178 [main] INFO  com.alibaba.nacos.client.config.impl.CacheData - [fixed-xiaohashu-127.0.0.1_8848] [add-listener] ok, tenant=xiaohashu, dataId=xiaohashu-auth, group=DEFAULT_GROUP, cnt=1
2025-11-01 19:19:54.178 [main] INFO  c.a.cloud.nacos.refresh.NacosContextRefresher - [Nacos Config] Listening config: dataId=xiaohashu-auth, group=DEFAULT_GROUP
2025-11-01 19:21:36.136 [http-nio-8080-exec-1] INFO  o.a.c.core.ContainerBase.[Tomcat].[localhost].[/] - Initializing Spring DispatcherServlet 'dispatcherServlet'
2025-11-01 19:21:36.137 [http-nio-8080-exec-1] INFO  org.springframework.web.servlet.DispatcherServlet - Initializing Servlet 'dispatcherServlet'
2025-11-01 19:21:36.137 [http-nio-8080-exec-1] INFO  org.springframework.web.servlet.DispatcherServlet - Completed initialization in 0 ms
2025-11-01 19:21:36.140 [http-nio-8080-exec-1] INFO  c.q.x.auth.filter.HeaderUserId2ContextFilter - ## HeaderUserId2ContextFilter, 用户 ID: null
2025-11-01 19:21:36.193 [http-nio-8080-exec-1] INFO  c.q.f.b.operationlog.aspect.ApiOperationLogAspect - ====== 请求开始: [发送短信验证码], 入参: {"phone":"13345966872"}, 请求类: VerificationCodeController, 请求方法: send =================================== 
2025-11-01 19:21:36.446 [http-nio-8080-exec-1] INFO  c.q.x.a.service.impl.VerificationCodeServiceImpl - ==> 手机号: 13345966872, 已发送验证码：【567912】
2025-11-01 19:21:36.454 [http-nio-8080-exec-1] INFO  c.q.f.b.operationlog.aspect.ApiOperationLogAspect - ====== 请求结束: [发送短信验证码], 耗时: 261ms, 出参: {"success":true,"message":null,"errorCode":null,"data":null} =================================== 
2025-11-01 19:23:38.170 [http-nio-8080-exec-3] INFO  c.q.x.auth.filter.HeaderUserId2ContextFilter - ## HeaderUserId2ContextFilter, 用户 ID: null
2025-11-01 19:23:38.171 [http-nio-8080-exec-3] INFO  c.q.f.b.operationlog.aspect.ApiOperationLogAspect - ====== 请求开始: [发送短信验证码], 入参: {"phone":"13345966872"}, 请求类: VerificationCodeController, 请求方法: send =================================== 
2025-11-01 19:23:38.178 [http-nio-8080-exec-3] WARN  c.q.x.auth.exception.GlobalExceptionHandler - /verification/code/send request fail, errorCode: AUTH-20000, errorMessage: 请求太频繁，请3分钟后再试
2025-11-01 19:23:56.427 [http-nio-8080-exec-4] INFO  c.q.x.auth.filter.HeaderUserId2ContextFilter - ## HeaderUserId2ContextFilter, 用户 ID: null
2025-11-01 19:23:56.427 [http-nio-8080-exec-4] INFO  c.q.f.b.operationlog.aspect.ApiOperationLogAspect - ====== 请求开始: [发送短信验证码], 入参: {"phone":"13345966872"}, 请求类: VerificationCodeController, 请求方法: send =================================== 
2025-11-01 19:23:56.430 [http-nio-8080-exec-4] WARN  c.q.x.auth.exception.GlobalExceptionHandler - /verification/code/send request fail, errorCode: AUTH-20000, errorMessage: 请求太频繁，请3分钟后再试
2025-11-01 19:24:40.069 [http-nio-8080-exec-5] INFO  c.q.x.auth.filter.HeaderUserId2ContextFilter - ## HeaderUserId2ContextFilter, 用户 ID: null
2025-11-01 19:24:40.071 [http-nio-8080-exec-5] INFO  c.q.f.b.operationlog.aspect.ApiOperationLogAspect - ====== 请求开始: [发送短信验证码], 入参: {"phone":"13345966872"}, 请求类: VerificationCodeController, 请求方法: send =================================== 
2025-11-01 19:24:40.074 [http-nio-8080-exec-5] INFO  c.q.x.a.service.impl.VerificationCodeServiceImpl - ==> 手机号: 13345966872, 已发送验证码：【729790】
2025-11-01 19:24:40.076 [http-nio-8080-exec-5] INFO  c.q.f.b.operationlog.aspect.ApiOperationLogAspect - ====== 请求结束: [发送短信验证码], 耗时: 5ms, 出参: {"success":true,"message":null,"errorCode":null,"data":null} =================================== 
2025-11-01 19:25:16.693 [http-nio-8080-exec-6] INFO  c.q.x.auth.filter.HeaderUserId2ContextFilter - ## HeaderUserId2ContextFilter, 用户 ID: null
2025-11-01 19:25:16.699 [http-nio-8080-exec-6] INFO  c.q.f.b.operationlog.aspect.ApiOperationLogAspect - ====== 请求开始: [用户登录/注册], 入参: {"phone":"13345966872","code":"729790","password":null,"type":1}, 请求类: AuthController, 请求方法: loginAndRegister =================================== 
2025-11-01 19:25:16.749 [http-nio-8080-exec-6] INFO  com.alibaba.nacos.client.naming - [SUBSCRIBE-SERVICE] service:xiaohashu-user, group:DEFAULT_GROUP, clusters: 
2025-11-01 19:25:16.755 [http-nio-8080-exec-6] INFO  com.alibaba.nacos.client.naming - init new ips(1) service: DEFAULT_GROUP@@xiaohashu-user -> [{"ip":"192.168.134.1","port":8082,"weight":1.0,"healthy":true,"enabled":true,"ephemeral":true,"clusterName":"DEFAULT","serviceName":"DEFAULT_GROUP@@xiaohashu-user","metadata":{"preserved.register.source":"SPRING_CLOUD"},"instanceHeartBeatTimeOut":15000,"instanceHeartBeatInterval":5000,"ipDeleteTimeout":30000}]
2025-11-01 19:25:16.755 [http-nio-8080-exec-6] INFO  com.alibaba.nacos.client.naming - current ips:(1) service: DEFAULT_GROUP@@xiaohashu-user -> [{"ip":"192.168.134.1","port":8082,"weight":1.0,"healthy":true,"enabled":true,"ephemeral":true,"clusterName":"DEFAULT","serviceName":"DEFAULT_GROUP@@xiaohashu-user","metadata":{"preserved.register.source":"SPRING_CLOUD"},"instanceHeartBeatTimeOut":15000,"instanceHeartBeatInterval":5000,"ipDeleteTimeout":30000}]
2025-11-01 19:25:17.100 [http-nio-8080-exec-6] INFO  c.q.f.b.operationlog.aspect.ApiOperationLogAspect - ====== 请求结束: [用户登录/注册], 耗时: 401ms, 出参: {"success":true,"message":null,"errorCode":null,"data":"9T0gM9VsovozqJX6DECXn9wcgYCZfyQALaGmKvGbzzhx1nSTPpWDRh3r4n3iH4z8TR565wonnwOkzkHq0Cc6N3h62Ctl5MCpNjTfrrJU3dGFz4uzWBXxdjB19girwd8J"} =================================== 
2025-11-01 19:25:17.331 [nacos-grpc-client-executor-127.0.0.1-74] INFO  com.alibaba.nacos.common.remote.client - [082f22b1-d762-4767-ace3-42235394aed7] Receive server push request, request = NotifySubscriberRequest, requestId = 36
2025-11-01 19:25:17.331 [nacos-grpc-client-executor-127.0.0.1-74] INFO  com.alibaba.nacos.common.remote.client - [082f22b1-d762-4767-ace3-42235394aed7] Ack server push request, request = NotifySubscriberRequest, requestId = 36
2025-11-01 19:26:39.122 [http-nio-8080-exec-8] INFO  c.q.x.auth.filter.HeaderUserId2ContextFilter - ## HeaderUserId2ContextFilter, 用户 ID: null
2025-11-01 19:26:39.128 [http-nio-8080-exec-8] INFO  c.q.f.b.operationlog.aspect.ApiOperationLogAspect - ====== 请求开始: [修改密码], 入参: {"newPassword":"123456"}, 请求类: AuthController, 请求方法: updatePassword =================================== 
2025-11-01 19:26:39.254 [http-nio-8080-exec-8] INFO  c.q.f.b.operationlog.aspect.ApiOperationLogAspect - ====== 请求结束: [修改密码], 耗时: 127ms, 出参: {"success":true,"message":null,"errorCode":null,"data":null} =================================== 
2025-11-01 19:29:03.451 [http-nio-8080-exec-10] INFO  c.q.x.auth.filter.HeaderUserId2ContextFilter - ## HeaderUserId2ContextFilter, 用户 ID: 11
2025-11-01 19:29:03.451 [http-nio-8080-exec-10] INFO  c.q.x.auth.filter.HeaderUserId2ContextFilter - ===== 设置 userId 到 ThreadLocal 中， 用户 ID: 11
2025-11-01 19:29:03.455 [http-nio-8080-exec-10] INFO  c.q.f.b.operationlog.aspect.ApiOperationLogAspect - ====== 请求开始: [修改密码], 入参: {"newPassword":"123456"}, 请求类: AuthController, 请求方法: updatePassword =================================== 
2025-11-01 19:29:03.523 [http-nio-8080-exec-10] INFO  c.q.f.b.operationlog.aspect.ApiOperationLogAspect - ====== 请求结束: [修改密码], 耗时: 68ms, 出参: {"success":true,"message":null,"errorCode":null,"data":null} =================================== 
2025-11-01 19:29:03.524 [http-nio-8080-exec-10] INFO  c.q.x.auth.filter.HeaderUserId2ContextFilter - ===== 删除 ThreadLocal， userId: 11
2025-11-01 19:36:50.664 [main] WARN  com.alibaba.nacos.client.logging.NacosLogging - Load Logback Configuration of Nacos fail, message: Could not initialize Logback Nacos logging from classpath:nacos-logback.xml
2025-11-01 19:36:50.704 [main] WARN  com.alibaba.nacos.client.logging.NacosLogging - Load Logback Configuration of Nacos fail, message: Could not initialize Logback Nacos logging from classpath:nacos-logback.xml
2025-11-01 19:36:50.863 [main] WARN  com.alibaba.nacos.client.logging.NacosLogging - Load Logback Configuration of Nacos fail, message: Could not initialize Logback Nacos logging from classpath:nacos-logback.xml
2025-11-01 19:36:50.864 [main] INFO  com.alibaba.nacos.client.utils.ParamUtil - [settings] [req-serv] nacos-server port:8848
2025-11-01 19:36:50.864 [main] INFO  com.alibaba.nacos.client.utils.ParamUtil - [settings] [http-client] connect timeout:1000
2025-11-01 19:36:50.865 [main] INFO  com.alibaba.nacos.client.utils.ParamUtil - PER_TASK_CONFIG_SIZE: 3000.0
2025-11-01 19:36:50.878 [main] INFO  c.a.n.p.auth.spi.client.ClientAuthPluginManager - [ClientAuthPluginManager] Load ClientAuthService com.alibaba.nacos.client.auth.impl.NacosClientAuthServiceImpl success.
2025-11-01 19:36:50.878 [main] INFO  c.a.n.p.auth.spi.client.ClientAuthPluginManager - [ClientAuthPluginManager] Load ClientAuthService com.alibaba.nacos.client.auth.ram.RamClientAuthServiceImpl success.
2025-11-01 19:36:50.883 [main] INFO  c.a.n.client.auth.ram.identify.CredentialWatcher - null No credential found
2025-11-01 19:36:52.136 [main] WARN  com.alibaba.nacos.client.logging.NacosLogging - Load Logback Configuration of Nacos fail, message: Could not initialize Logback Nacos logging from classpath:nacos-logback.xml
2025-11-01 19:36:52.144 [main] INFO  c.a.n.client.config.impl.LocalConfigInfoProcessor - LOCAL_SNAPSHOT_PATH:C:\Users\hp\nacos\config
2025-11-01 19:36:52.146 [main] INFO  com.alibaba.nacos.common.remote.client - [RpcClientFactory] create a new rpc client of 4c808b16-d74f-4918-929b-ad4247807d16_config-0
2025-11-01 19:36:52.155 [main] INFO  com.alibaba.nacos.common.remote.client - [4c808b16-d74f-4918-929b-ad4247807d16_config-0] Register server push request handler:com.alibaba.nacos.client.config.impl.ClientWorker$ConfigRpcTransportClient$$Lambda$586/0x000002048b33aeb0
2025-11-01 19:36:52.156 [main] INFO  com.alibaba.nacos.common.remote.client - [4c808b16-d74f-4918-929b-ad4247807d16_config-0] Register server push request handler:com.alibaba.nacos.client.config.impl.ClientWorker$ConfigRpcTransportClient$$Lambda$587/0x000002048b33b2d0
2025-11-01 19:36:52.156 [main] INFO  com.alibaba.nacos.common.remote.client - [4c808b16-d74f-4918-929b-ad4247807d16_config-0] Registry connection listener to current client:com.alibaba.nacos.client.config.impl.ClientWorker$ConfigRpcTransportClient$1
2025-11-01 19:36:52.156 [main] INFO  com.alibaba.nacos.common.remote.client - [4c808b16-d74f-4918-929b-ad4247807d16_config-0] RpcClient init, ServerListFactory = com.alibaba.nacos.client.config.impl.ClientWorker$ConfigRpcTransportClient$2
2025-11-01 19:36:52.161 [main] INFO  com.alibaba.nacos.common.remote.client - [4c808b16-d74f-4918-929b-ad4247807d16_config-0] Try to connect to server on start up, server: {serverIp = '127.0.0.1', server main port = 8848}
2025-11-01 19:36:52.185 [main] INFO  c.a.nacos.common.remote.client.grpc.GrpcClient - grpc client connection server:127.0.0.1 ip,serverPort:9848,grpcTslConfig:{"sslProvider":"OPENSSL","enableTls":false,"mutualAuthEnable":false,"trustAll":false}
2025-11-01 19:36:52.892 [main] INFO  com.alibaba.nacos.common.remote.client - [4c808b16-d74f-4918-929b-ad4247807d16_config-0] Success to connect to server [127.0.0.1:8848] on start up, connectionId = 1761997012734_127.0.0.1_13835
2025-11-01 19:36:52.892 [com.alibaba.nacos.client.remote.worker] INFO  com.alibaba.nacos.common.remote.client - [4c808b16-d74f-4918-929b-ad4247807d16_config-0] Notify connected event to listeners.
2025-11-01 19:36:52.892 [com.alibaba.nacos.client.remote.worker] INFO  com.alibaba.nacos.client.config.impl.ClientWorker - [4c808b16-d74f-4918-929b-ad4247807d16_config-0] Connected,notify listen context...
2025-11-01 19:36:52.892 [main] INFO  com.alibaba.nacos.common.remote.client - [4c808b16-d74f-4918-929b-ad4247807d16_config-0] Register server push request handler:com.alibaba.nacos.common.remote.client.RpcClient$ConnectResetRequestHandler
2025-11-01 19:36:52.893 [main] INFO  com.alibaba.nacos.common.remote.client - [4c808b16-d74f-4918-929b-ad4247807d16_config-0] Register server push request handler:com.alibaba.nacos.common.remote.client.RpcClient$$Lambda$607/0x000002048b448f38
2025-11-01 19:36:52.915 [main] INFO  com.alibaba.nacos.client.config.impl.Limiter - limitTime:5.0
2025-11-01 19:36:52.930 [main] INFO  com.alibaba.nacos.client.config.utils.JvmUtil - isMultiInstance:false
2025-11-01 19:36:52.939 [main] WARN  c.a.cloud.nacos.client.NacosPropertySourceBuilder - Ignore the empty nacos configuration and get it based on dataId[xiaohashu-auth.yaml] & group[DEFAULT_GROUP]
2025-11-01 19:36:52.944 [main] INFO  o.s.c.b.c.PropertySourceBootstrapConfiguration - Located property source: [BootstrapPropertySource {name='bootstrapProperties-xiaohashu-auth-dev.yaml,DEFAULT_GROUP'}, BootstrapPropertySource {name='bootstrapProperties-xiaohashu-auth.yaml,DEFAULT_GROUP'}, BootstrapPropertySource {name='bootstrapProperties-xiaohashu-auth,DEFAULT_GROUP'}]
2025-11-01 19:36:52.961 [main] WARN  com.alibaba.nacos.client.logging.NacosLogging - Load Logback Configuration of Nacos fail, message: Could not initialize Logback Nacos logging from classpath:nacos-logback.xml
2025-11-01 19:36:52.962 [main] INFO  c.q.xiaohashu.auth.XiaohashuAuthApplication - The following 1 profile is active: "dev"
2025-11-01 19:36:53.356 [main] INFO  o.s.d.r.config.RepositoryConfigurationDelegate - Multiple Spring Data modules found, entering strict repository configuration mode
2025-11-01 19:36:53.357 [main] INFO  o.s.d.r.config.RepositoryConfigurationDelegate - Bootstrapping Spring Data Redis repositories in DEFAULT mode.
2025-11-01 19:36:53.371 [main] INFO  o.s.d.r.config.RepositoryConfigurationDelegate - Finished Spring Data repository scanning in 5 ms. Found 0 Redis repository interfaces.
2025-11-01 19:36:53.455 [main] INFO  o.springframework.cloud.context.scope.GenericScope - BeanFactory id=4b54d012-f580-339f-8b90-c1e2499634c9
2025-11-01 19:36:53.464 [main] INFO  o.s.c.s.PostProcessorRegistrationDelegate$BeanPostProcessorChecker - Bean 'com.quanxiaoha.xiaohashu.user.api.UserFeignApi' of type [org.springframework.cloud.openfeign.FeignClientFactoryBean] is not eligible for getting processed by all BeanPostProcessors (for example: not eligible for auto-proxying)
2025-11-01 19:36:53.700 [main] INFO  o.s.boot.web.embedded.tomcat.TomcatWebServer - Tomcat initialized with port(s): 8080 (http)
2025-11-01 19:36:53.707 [main] INFO  org.apache.catalina.core.StandardService - Starting service [Tomcat]
2025-11-01 19:36:53.707 [main] INFO  org.apache.catalina.core.StandardEngine - Starting Servlet engine: [Apache Tomcat/10.1.5]
2025-11-01 19:36:53.783 [main] INFO  o.a.c.core.ContainerBase.[Tomcat].[localhost].[/] - Initializing Spring embedded WebApplicationContext
2025-11-01 19:36:53.784 [main] INFO  o.s.b.w.s.c.ServletWebServerApplicationContext - Root WebApplicationContext: initialization completed in 812 ms
2025-11-01 19:36:54.008 [main] INFO  o.s.cloud.openfeign.FeignClientFactoryBean - For 'xiaohashu-user' URL not provided. Will try picking an instance via load-balancing.
2025-11-01 19:36:55.422 [main] INFO  org.springframework.cloud.commons.util.InetUtils - Cannot determine local hostname
2025-11-01 19:36:56.833 [main] INFO  org.springframework.cloud.commons.util.InetUtils - Cannot determine local hostname
2025-11-01 19:36:56.846 [main] WARN  o.s.c.l.c.LoadBalancerCacheAutoConfiguration$LoadBalancerCaffeineWarnLogger - Spring Cloud LoadBalancer is currently working with the default cache. While this cache implementation is useful for development and tests, it's recommended to use Caffeine cache in production.You can switch to using Caffeine cache, by adding it and org.springframework.cache.caffeine.CaffeineCacheManager to the classpath.
2025-11-01 19:36:56.884 [main] INFO  o.s.boot.web.embedded.tomcat.TomcatWebServer - Tomcat started on port(s): 8080 (http) with context path ''
2025-11-01 19:36:56.886 [main] INFO  com.alibaba.nacos.client.naming - initializer namespace from ans.namespace attribute : null
2025-11-01 19:36:56.886 [main] INFO  com.alibaba.nacos.client.naming - initializer namespace from ALIBABA_ALIWARE_NAMESPACE attribute :null
2025-11-01 19:36:56.887 [main] INFO  com.alibaba.nacos.client.naming - initializer namespace from namespace attribute :null
2025-11-01 19:36:56.891 [main] INFO  c.a.n.p.auth.spi.client.ClientAuthPluginManager - [ClientAuthPluginManager] Load ClientAuthService com.alibaba.nacos.client.auth.impl.NacosClientAuthServiceImpl success.
2025-11-01 19:36:56.891 [main] INFO  c.a.n.p.auth.spi.client.ClientAuthPluginManager - [ClientAuthPluginManager] Load ClientAuthService com.alibaba.nacos.client.auth.ram.RamClientAuthServiceImpl success.
2025-11-01 19:36:56.893 [main] INFO  com.alibaba.nacos.common.remote.client - [RpcClientFactory] create a new rpc client of 14a5982c-6f0a-4eda-ada2-d3bb41f7449a
2025-11-01 19:36:56.894 [main] INFO  com.alibaba.nacos.common.remote.client - [14a5982c-6f0a-4eda-ada2-d3bb41f7449a] RpcClient init, ServerListFactory = com.alibaba.nacos.client.naming.core.ServerListManager
2025-11-01 19:36:56.894 [main] INFO  com.alibaba.nacos.common.remote.client - [14a5982c-6f0a-4eda-ada2-d3bb41f7449a] Registry connection listener to current client:com.alibaba.nacos.client.naming.remote.gprc.redo.NamingGrpcRedoService
2025-11-01 19:36:56.894 [main] INFO  com.alibaba.nacos.common.remote.client - [14a5982c-6f0a-4eda-ada2-d3bb41f7449a] Register server push request handler:com.alibaba.nacos.client.naming.remote.gprc.NamingPushRequestHandler
2025-11-01 19:36:56.895 [main] INFO  com.alibaba.nacos.common.remote.client - [14a5982c-6f0a-4eda-ada2-d3bb41f7449a] Try to connect to server on start up, server: {serverIp = '127.0.0.1', server main port = 8848}
2025-11-01 19:36:56.895 [main] INFO  c.a.nacos.common.remote.client.grpc.GrpcClient - grpc client connection server:127.0.0.1 ip,serverPort:9848,grpcTslConfig:{"sslProvider":"OPENSSL","enableTls":false,"mutualAuthEnable":false,"trustAll":false}
2025-11-01 19:36:57.003 [main] INFO  com.alibaba.nacos.common.remote.client - [14a5982c-6f0a-4eda-ada2-d3bb41f7449a] Success to connect to server [127.0.0.1:8848] on start up, connectionId = 1761997016898_127.0.0.1_13838
2025-11-01 19:36:57.003 [com.alibaba.nacos.client.remote.worker] INFO  com.alibaba.nacos.common.remote.client - [14a5982c-6f0a-4eda-ada2-d3bb41f7449a] Notify connected event to listeners.
2025-11-01 19:36:57.003 [com.alibaba.nacos.client.remote.worker] INFO  com.alibaba.nacos.client.naming - Grpc connection connect
2025-11-01 19:36:57.003 [main] INFO  com.alibaba.nacos.common.remote.client - [14a5982c-6f0a-4eda-ada2-d3bb41f7449a] Register server push request handler:com.alibaba.nacos.common.remote.client.RpcClient$ConnectResetRequestHandler
2025-11-01 19:36:57.003 [main] INFO  com.alibaba.nacos.common.remote.client - [14a5982c-6f0a-4eda-ada2-d3bb41f7449a] Register server push request handler:com.alibaba.nacos.common.remote.client.RpcClient$$Lambda$607/0x000002048b448f38
2025-11-01 19:36:57.004 [main] INFO  com.alibaba.nacos.client.naming - [REGISTER-SERVICE] xiaohashu registering service xiaohashu-auth with instance Instance{instanceId='null', ip='192.168.134.1', port=8080, weight=1.0, healthy=true, enabled=true, ephemeral=true, clusterName='DEFAULT', serviceName='null', metadata={IPv6=null, preserved.register.source=SPRING_CLOUD}}
2025-11-01 19:36:57.010 [main] INFO  c.a.cloud.nacos.registry.NacosServiceRegistry - nacos registry, DEFAULT_GROUP xiaohashu-auth 192.168.134.1:8080 register finished
2025-11-01 19:36:58.219 [main] INFO  org.springframework.cloud.commons.util.InetUtils - Cannot determine local hostname
2025-11-01 19:36:58.229 [main] INFO  c.q.xiaohashu.auth.XiaohashuAuthApplication - Started XiaohashuAuthApplication in 9.148 seconds (process running for 9.695)
2025-11-01 19:36:58.230 [main] INFO  com.alibaba.nacos.client.config.impl.CacheData - nacos.cache.data.init.snapshot = true 
2025-11-01 19:36:58.231 [main] INFO  com.alibaba.nacos.client.config.impl.ClientWorker - [fixed-xiaohashu-127.0.0.1_8848] [subscribe] xiaohashu-auth.yaml+DEFAULT_GROUP+xiaohashu
2025-11-01 19:36:58.234 [main] INFO  com.alibaba.nacos.client.config.impl.CacheData - [fixed-xiaohashu-127.0.0.1_8848] [add-listener] ok, tenant=xiaohashu, dataId=xiaohashu-auth.yaml, group=DEFAULT_GROUP, cnt=1
2025-11-01 19:36:58.234 [main] INFO  c.a.cloud.nacos.refresh.NacosContextRefresher - [Nacos Config] Listening config: dataId=xiaohashu-auth.yaml, group=DEFAULT_GROUP
2025-11-01 19:36:58.235 [main] INFO  com.alibaba.nacos.client.config.impl.ClientWorker - [fixed-xiaohashu-127.0.0.1_8848] [subscribe] xiaohashu-auth-dev.yaml+DEFAULT_GROUP+xiaohashu
2025-11-01 19:36:58.235 [main] INFO  com.alibaba.nacos.client.config.impl.CacheData - [fixed-xiaohashu-127.0.0.1_8848] [add-listener] ok, tenant=xiaohashu, dataId=xiaohashu-auth-dev.yaml, group=DEFAULT_GROUP, cnt=1
2025-11-01 19:36:58.235 [main] INFO  c.a.cloud.nacos.refresh.NacosContextRefresher - [Nacos Config] Listening config: dataId=xiaohashu-auth-dev.yaml, group=DEFAULT_GROUP
2025-11-01 19:36:58.236 [main] INFO  com.alibaba.nacos.client.config.impl.ClientWorker - [fixed-xiaohashu-127.0.0.1_8848] [subscribe] xiaohashu-auth+DEFAULT_GROUP+xiaohashu
2025-11-01 19:36:58.236 [main] INFO  com.alibaba.nacos.client.config.impl.CacheData - [fixed-xiaohashu-127.0.0.1_8848] [add-listener] ok, tenant=xiaohashu, dataId=xiaohashu-auth, group=DEFAULT_GROUP, cnt=1
2025-11-01 19:36:58.236 [main] INFO  c.a.cloud.nacos.refresh.NacosContextRefresher - [Nacos Config] Listening config: dataId=xiaohashu-auth, group=DEFAULT_GROUP
2025-11-01 19:37:22.239 [http-nio-8080-exec-1] INFO  o.a.c.core.ContainerBase.[Tomcat].[localhost].[/] - Initializing Spring DispatcherServlet 'dispatcherServlet'
2025-11-01 19:37:22.239 [http-nio-8080-exec-1] INFO  org.springframework.web.servlet.DispatcherServlet - Initializing Servlet 'dispatcherServlet'
2025-11-01 19:37:22.240 [http-nio-8080-exec-1] INFO  org.springframework.web.servlet.DispatcherServlet - Completed initialization in 1 ms
2025-11-01 19:37:22.243 [http-nio-8080-exec-1] INFO  c.q.x.auth.filter.HeaderUserId2ContextFilter - ## HeaderUserId2ContextFilter, 用户 ID: 11
2025-11-01 19:37:22.243 [http-nio-8080-exec-1] INFO  c.q.x.auth.filter.HeaderUserId2ContextFilter - ===== 设置 userId 到 ThreadLocal 中， 用户 ID: 11
2025-11-01 19:37:22.300 [http-nio-8080-exec-1] INFO  c.q.f.b.operationlog.aspect.ApiOperationLogAspect - ====== 请求开始: [修改密码], 入参: {"newPassword":"123456"}, 请求类: AuthController, 请求方法: updatePassword =================================== 
2025-11-01 19:37:22.420 [http-nio-8080-exec-1] INFO  com.alibaba.nacos.client.naming - [SUBSCRIBE-SERVICE] service:xiaohashu-user, group:DEFAULT_GROUP, clusters: 
2025-11-01 19:37:22.429 [http-nio-8080-exec-1] INFO  com.alibaba.nacos.client.naming - init new ips(1) service: DEFAULT_GROUP@@xiaohashu-user -> [{"ip":"192.168.134.1","port":8082,"weight":1.0,"healthy":true,"enabled":true,"ephemeral":true,"clusterName":"DEFAULT","serviceName":"DEFAULT_GROUP@@xiaohashu-user","metadata":{"preserved.register.source":"SPRING_CLOUD"},"instanceHeartBeatTimeOut":15000,"instanceHeartBeatInterval":5000,"ipDeleteTimeout":30000}]
2025-11-01 19:37:22.430 [http-nio-8080-exec-1] INFO  com.alibaba.nacos.client.naming - current ips:(1) service: DEFAULT_GROUP@@xiaohashu-user -> [{"ip":"192.168.134.1","port":8082,"weight":1.0,"healthy":true,"enabled":true,"ephemeral":true,"clusterName":"DEFAULT","serviceName":"DEFAULT_GROUP@@xiaohashu-user","metadata":{"preserved.register.source":"SPRING_CLOUD"},"instanceHeartBeatTimeOut":15000,"instanceHeartBeatInterval":5000,"ipDeleteTimeout":30000}]
2025-11-01 19:37:22.667 [http-nio-8080-exec-1] INFO  c.q.f.b.operationlog.aspect.ApiOperationLogAspect - ====== 请求结束: [修改密码], 耗时: 368ms, 出参: {"success":true,"message":null,"errorCode":null,"data":null} =================================== 
2025-11-01 19:37:22.676 [http-nio-8080-exec-1] INFO  c.q.x.auth.filter.HeaderUserId2ContextFilter - ===== 删除 ThreadLocal， userId: 11
2025-11-01 19:37:22.977 [nacos-grpc-client-executor-127.0.0.1-15] INFO  com.alibaba.nacos.common.remote.client - [14a5982c-6f0a-4eda-ada2-d3bb41f7449a] Receive server push request, request = NotifySubscriberRequest, requestId = 39
2025-11-01 19:37:22.978 [nacos-grpc-client-executor-127.0.0.1-15] INFO  com.alibaba.nacos.common.remote.client - [14a5982c-6f0a-4eda-ada2-d3bb41f7449a] Ack server push request, request = NotifySubscriberRequest, requestId = 39
2025-11-01 19:46:42.955 [main] WARN  com.alibaba.nacos.client.logging.NacosLogging - Load Logback Configuration of Nacos fail, message: Could not initialize Logback Nacos logging from classpath:nacos-logback.xml
2025-11-01 19:46:43.000 [main] WARN  com.alibaba.nacos.client.logging.NacosLogging - Load Logback Configuration of Nacos fail, message: Could not initialize Logback Nacos logging from classpath:nacos-logback.xml
2025-11-01 19:46:43.185 [main] WARN  com.alibaba.nacos.client.logging.NacosLogging - Load Logback Configuration of Nacos fail, message: Could not initialize Logback Nacos logging from classpath:nacos-logback.xml
2025-11-01 19:46:43.193 [main] INFO  com.alibaba.nacos.client.utils.ParamUtil - [settings] [req-serv] nacos-server port:8848
2025-11-01 19:46:43.194 [main] INFO  com.alibaba.nacos.client.utils.ParamUtil - [settings] [http-client] connect timeout:1000
2025-11-01 19:46:43.195 [main] INFO  com.alibaba.nacos.client.utils.ParamUtil - PER_TASK_CONFIG_SIZE: 3000.0
2025-11-01 19:46:43.212 [main] INFO  c.a.n.p.auth.spi.client.ClientAuthPluginManager - [ClientAuthPluginManager] Load ClientAuthService com.alibaba.nacos.client.auth.impl.NacosClientAuthServiceImpl success.
2025-11-01 19:46:43.213 [main] INFO  c.a.n.p.auth.spi.client.ClientAuthPluginManager - [ClientAuthPluginManager] Load ClientAuthService com.alibaba.nacos.client.auth.ram.RamClientAuthServiceImpl success.
2025-11-01 19:46:43.214 [main] INFO  c.a.n.client.auth.ram.identify.CredentialWatcher - null No credential found
2025-11-01 19:46:44.461 [main] WARN  com.alibaba.nacos.client.logging.NacosLogging - Load Logback Configuration of Nacos fail, message: Could not initialize Logback Nacos logging from classpath:nacos-logback.xml
2025-11-01 19:46:44.472 [main] INFO  c.a.n.client.config.impl.LocalConfigInfoProcessor - LOCAL_SNAPSHOT_PATH:C:\Users\hp\nacos\config
2025-11-01 19:46:44.474 [main] INFO  com.alibaba.nacos.common.remote.client - [RpcClientFactory] create a new rpc client of bc4f1a3f-e557-485a-9b25-a5d6ca36c3fc_config-0
2025-11-01 19:46:44.485 [main] INFO  com.alibaba.nacos.common.remote.client - [bc4f1a3f-e557-485a-9b25-a5d6ca36c3fc_config-0] Register server push request handler:com.alibaba.nacos.client.config.impl.ClientWorker$ConfigRpcTransportClient$$Lambda$586/0x000002dacd33cc50
2025-11-01 19:46:44.485 [main] INFO  com.alibaba.nacos.common.remote.client - [bc4f1a3f-e557-485a-9b25-a5d6ca36c3fc_config-0] Register server push request handler:com.alibaba.nacos.client.config.impl.ClientWorker$ConfigRpcTransportClient$$Lambda$587/0x000002dacd33d070
2025-11-01 19:46:44.486 [main] INFO  com.alibaba.nacos.common.remote.client - [bc4f1a3f-e557-485a-9b25-a5d6ca36c3fc_config-0] Registry connection listener to current client:com.alibaba.nacos.client.config.impl.ClientWorker$ConfigRpcTransportClient$1
2025-11-01 19:46:44.486 [main] INFO  com.alibaba.nacos.common.remote.client - [bc4f1a3f-e557-485a-9b25-a5d6ca36c3fc_config-0] RpcClient init, ServerListFactory = com.alibaba.nacos.client.config.impl.ClientWorker$ConfigRpcTransportClient$2
2025-11-01 19:46:44.492 [main] INFO  com.alibaba.nacos.common.remote.client - [bc4f1a3f-e557-485a-9b25-a5d6ca36c3fc_config-0] Try to connect to server on start up, server: {serverIp = '127.0.0.1', server main port = 8848}
2025-11-01 19:46:44.518 [main] INFO  c.a.nacos.common.remote.client.grpc.GrpcClient - grpc client connection server:127.0.0.1 ip,serverPort:9848,grpcTslConfig:{"sslProvider":"OPENSSL","enableTls":false,"mutualAuthEnable":false,"trustAll":false}
2025-11-01 19:46:45.229 [main] INFO  com.alibaba.nacos.common.remote.client - [bc4f1a3f-e557-485a-9b25-a5d6ca36c3fc_config-0] Success to connect to server [127.0.0.1:8848] on start up, connectionId = 1761997605075_127.0.0.1_14098
2025-11-01 19:46:45.230 [main] INFO  com.alibaba.nacos.common.remote.client - [bc4f1a3f-e557-485a-9b25-a5d6ca36c3fc_config-0] Register server push request handler:com.alibaba.nacos.common.remote.client.RpcClient$ConnectResetRequestHandler
2025-11-01 19:46:45.230 [com.alibaba.nacos.client.remote.worker] INFO  com.alibaba.nacos.common.remote.client - [bc4f1a3f-e557-485a-9b25-a5d6ca36c3fc_config-0] Notify connected event to listeners.
2025-11-01 19:46:45.230 [com.alibaba.nacos.client.remote.worker] INFO  com.alibaba.nacos.client.config.impl.ClientWorker - [bc4f1a3f-e557-485a-9b25-a5d6ca36c3fc_config-0] Connected,notify listen context...
2025-11-01 19:46:45.230 [main] INFO  com.alibaba.nacos.common.remote.client - [bc4f1a3f-e557-485a-9b25-a5d6ca36c3fc_config-0] Register server push request handler:com.alibaba.nacos.common.remote.client.RpcClient$$Lambda$607/0x000002dacd44b978
2025-11-01 19:46:45.260 [main] INFO  com.alibaba.nacos.client.config.impl.Limiter - limitTime:5.0
2025-11-01 19:46:45.269 [main] INFO  com.alibaba.nacos.client.config.utils.JvmUtil - isMultiInstance:false
2025-11-01 19:46:45.278 [main] WARN  c.a.cloud.nacos.client.NacosPropertySourceBuilder - Ignore the empty nacos configuration and get it based on dataId[xiaohashu-auth.yaml] & group[DEFAULT_GROUP]
2025-11-01 19:46:45.284 [main] INFO  o.s.c.b.c.PropertySourceBootstrapConfiguration - Located property source: [BootstrapPropertySource {name='bootstrapProperties-xiaohashu-auth-dev.yaml,DEFAULT_GROUP'}, BootstrapPropertySource {name='bootstrapProperties-xiaohashu-auth.yaml,DEFAULT_GROUP'}, BootstrapPropertySource {name='bootstrapProperties-xiaohashu-auth,DEFAULT_GROUP'}]
2025-11-01 19:46:45.304 [main] WARN  com.alibaba.nacos.client.logging.NacosLogging - Load Logback Configuration of Nacos fail, message: Could not initialize Logback Nacos logging from classpath:nacos-logback.xml
2025-11-01 19:46:45.305 [main] INFO  c.q.xiaohashu.auth.XiaohashuAuthApplication - The following 1 profile is active: "dev"
2025-11-01 19:46:45.777 [main] INFO  o.s.d.r.config.RepositoryConfigurationDelegate - Multiple Spring Data modules found, entering strict repository configuration mode
2025-11-01 19:46:45.778 [main] INFO  o.s.d.r.config.RepositoryConfigurationDelegate - Bootstrapping Spring Data Redis repositories in DEFAULT mode.
2025-11-01 19:46:45.795 [main] INFO  o.s.d.r.config.RepositoryConfigurationDelegate - Finished Spring Data repository scanning in 7 ms. Found 0 Redis repository interfaces.
2025-11-01 19:46:45.900 [main] INFO  o.springframework.cloud.context.scope.GenericScope - BeanFactory id=4b54d012-f580-339f-8b90-c1e2499634c9
2025-11-01 19:46:45.912 [main] INFO  o.s.c.s.PostProcessorRegistrationDelegate$BeanPostProcessorChecker - Bean 'com.quanxiaoha.xiaohashu.user.api.UserFeignApi' of type [org.springframework.cloud.openfeign.FeignClientFactoryBean] is not eligible for getting processed by all BeanPostProcessors (for example: not eligible for auto-proxying)
2025-11-01 19:46:46.202 [main] INFO  o.s.boot.web.embedded.tomcat.TomcatWebServer - Tomcat initialized with port(s): 8080 (http)
2025-11-01 19:46:46.215 [main] INFO  org.apache.catalina.core.StandardService - Starting service [Tomcat]
2025-11-01 19:46:46.216 [main] INFO  org.apache.catalina.core.StandardEngine - Starting Servlet engine: [Apache Tomcat/10.1.5]
2025-11-01 19:46:46.291 [main] INFO  o.a.c.core.ContainerBase.[Tomcat].[localhost].[/] - Initializing Spring embedded WebApplicationContext
2025-11-01 19:46:46.291 [main] INFO  o.s.b.w.s.c.ServletWebServerApplicationContext - Root WebApplicationContext: initialization completed in 976 ms
2025-11-01 19:46:46.570 [main] INFO  o.s.cloud.openfeign.FeignClientFactoryBean - For 'xiaohashu-user' URL not provided. Will try picking an instance via load-balancing.
2025-11-01 19:46:48.003 [main] INFO  org.springframework.cloud.commons.util.InetUtils - Cannot determine local hostname
2025-11-01 19:46:49.418 [main] INFO  org.springframework.cloud.commons.util.InetUtils - Cannot determine local hostname
2025-11-01 19:46:49.434 [main] WARN  o.s.c.l.c.LoadBalancerCacheAutoConfiguration$LoadBalancerCaffeineWarnLogger - Spring Cloud LoadBalancer is currently working with the default cache. While this cache implementation is useful for development and tests, it's recommended to use Caffeine cache in production.You can switch to using Caffeine cache, by adding it and org.springframework.cache.caffeine.CaffeineCacheManager to the classpath.
2025-11-01 19:46:49.477 [main] INFO  o.s.boot.web.embedded.tomcat.TomcatWebServer - Tomcat started on port(s): 8080 (http) with context path ''
2025-11-01 19:46:49.480 [main] INFO  com.alibaba.nacos.client.naming - initializer namespace from ans.namespace attribute : null
2025-11-01 19:46:49.480 [main] INFO  com.alibaba.nacos.client.naming - initializer namespace from ALIBABA_ALIWARE_NAMESPACE attribute :null
2025-11-01 19:46:49.480 [main] INFO  com.alibaba.nacos.client.naming - initializer namespace from namespace attribute :null
2025-11-01 19:46:49.485 [main] INFO  c.a.n.p.auth.spi.client.ClientAuthPluginManager - [ClientAuthPluginManager] Load ClientAuthService com.alibaba.nacos.client.auth.impl.NacosClientAuthServiceImpl success.
2025-11-01 19:46:49.485 [main] INFO  c.a.n.p.auth.spi.client.ClientAuthPluginManager - [ClientAuthPluginManager] Load ClientAuthService com.alibaba.nacos.client.auth.ram.RamClientAuthServiceImpl success.
2025-11-01 19:46:49.487 [main] INFO  com.alibaba.nacos.common.remote.client - [RpcClientFactory] create a new rpc client of 1b11dfc0-054a-40f0-ae44-0d8e16d10192
2025-11-01 19:46:49.488 [main] INFO  com.alibaba.nacos.common.remote.client - [1b11dfc0-054a-40f0-ae44-0d8e16d10192] RpcClient init, ServerListFactory = com.alibaba.nacos.client.naming.core.ServerListManager
2025-11-01 19:46:49.488 [main] INFO  com.alibaba.nacos.common.remote.client - [1b11dfc0-054a-40f0-ae44-0d8e16d10192] Registry connection listener to current client:com.alibaba.nacos.client.naming.remote.gprc.redo.NamingGrpcRedoService
2025-11-01 19:46:49.489 [main] INFO  com.alibaba.nacos.common.remote.client - [1b11dfc0-054a-40f0-ae44-0d8e16d10192] Register server push request handler:com.alibaba.nacos.client.naming.remote.gprc.NamingPushRequestHandler
2025-11-01 19:46:49.489 [main] INFO  com.alibaba.nacos.common.remote.client - [1b11dfc0-054a-40f0-ae44-0d8e16d10192] Try to connect to server on start up, server: {serverIp = '127.0.0.1', server main port = 8848}
2025-11-01 19:46:49.489 [main] INFO  c.a.nacos.common.remote.client.grpc.GrpcClient - grpc client connection server:127.0.0.1 ip,serverPort:9848,grpcTslConfig:{"sslProvider":"OPENSSL","enableTls":false,"mutualAuthEnable":false,"trustAll":false}
2025-11-01 19:46:49.606 [main] INFO  com.alibaba.nacos.common.remote.client - [1b11dfc0-054a-40f0-ae44-0d8e16d10192] Success to connect to server [127.0.0.1:8848] on start up, connectionId = 1761997609493_127.0.0.1_14104
2025-11-01 19:46:49.606 [main] INFO  com.alibaba.nacos.common.remote.client - [1b11dfc0-054a-40f0-ae44-0d8e16d10192] Register server push request handler:com.alibaba.nacos.common.remote.client.RpcClient$ConnectResetRequestHandler
2025-11-01 19:46:49.606 [com.alibaba.nacos.client.remote.worker] INFO  com.alibaba.nacos.common.remote.client - [1b11dfc0-054a-40f0-ae44-0d8e16d10192] Notify connected event to listeners.
2025-11-01 19:46:49.606 [com.alibaba.nacos.client.remote.worker] INFO  com.alibaba.nacos.client.naming - Grpc connection connect
2025-11-01 19:46:49.606 [main] INFO  com.alibaba.nacos.common.remote.client - [1b11dfc0-054a-40f0-ae44-0d8e16d10192] Register server push request handler:com.alibaba.nacos.common.remote.client.RpcClient$$Lambda$607/0x000002dacd44b978
2025-11-01 19:46:49.607 [main] INFO  com.alibaba.nacos.client.naming - [REGISTER-SERVICE] xiaohashu registering service xiaohashu-auth with instance Instance{instanceId='null', ip='192.168.134.1', port=8080, weight=1.0, healthy=true, enabled=true, ephemeral=true, clusterName='DEFAULT', serviceName='null', metadata={IPv6=null, preserved.register.source=SPRING_CLOUD}}
2025-11-01 19:46:49.614 [main] INFO  c.a.cloud.nacos.registry.NacosServiceRegistry - nacos registry, DEFAULT_GROUP xiaohashu-auth 192.168.134.1:8080 register finished
2025-11-01 19:46:50.801 [main] INFO  org.springframework.cloud.commons.util.InetUtils - Cannot determine local hostname
2025-11-01 19:46:50.816 [main] INFO  c.q.xiaohashu.auth.XiaohashuAuthApplication - Started XiaohashuAuthApplication in 9.591 seconds (process running for 10.309)
2025-11-01 19:46:50.818 [main] INFO  com.alibaba.nacos.client.config.impl.CacheData - nacos.cache.data.init.snapshot = true 
2025-11-01 19:46:50.819 [main] INFO  com.alibaba.nacos.client.config.impl.ClientWorker - [fixed-xiaohashu-127.0.0.1_8848] [subscribe] xiaohashu-auth.yaml+DEFAULT_GROUP+xiaohashu
2025-11-01 19:46:50.824 [main] INFO  com.alibaba.nacos.client.config.impl.CacheData - [fixed-xiaohashu-127.0.0.1_8848] [add-listener] ok, tenant=xiaohashu, dataId=xiaohashu-auth.yaml, group=DEFAULT_GROUP, cnt=1
2025-11-01 19:46:50.824 [main] INFO  c.a.cloud.nacos.refresh.NacosContextRefresher - [Nacos Config] Listening config: dataId=xiaohashu-auth.yaml, group=DEFAULT_GROUP
2025-11-01 19:46:50.825 [main] INFO  com.alibaba.nacos.client.config.impl.ClientWorker - [fixed-xiaohashu-127.0.0.1_8848] [subscribe] xiaohashu-auth-dev.yaml+DEFAULT_GROUP+xiaohashu
2025-11-01 19:46:50.825 [main] INFO  com.alibaba.nacos.client.config.impl.CacheData - [fixed-xiaohashu-127.0.0.1_8848] [add-listener] ok, tenant=xiaohashu, dataId=xiaohashu-auth-dev.yaml, group=DEFAULT_GROUP, cnt=1
2025-11-01 19:46:50.825 [main] INFO  c.a.cloud.nacos.refresh.NacosContextRefresher - [Nacos Config] Listening config: dataId=xiaohashu-auth-dev.yaml, group=DEFAULT_GROUP
2025-11-01 19:46:50.825 [main] INFO  com.alibaba.nacos.client.config.impl.ClientWorker - [fixed-xiaohashu-127.0.0.1_8848] [subscribe] xiaohashu-auth+DEFAULT_GROUP+xiaohashu
2025-11-01 19:46:50.825 [main] INFO  com.alibaba.nacos.client.config.impl.CacheData - [fixed-xiaohashu-127.0.0.1_8848] [add-listener] ok, tenant=xiaohashu, dataId=xiaohashu-auth, group=DEFAULT_GROUP, cnt=1
2025-11-01 19:46:50.825 [main] INFO  c.a.cloud.nacos.refresh.NacosContextRefresher - [Nacos Config] Listening config: dataId=xiaohashu-auth, group=DEFAULT_GROUP
2025-11-01 19:47:31.493 [http-nio-8080-exec-1] INFO  o.a.c.core.ContainerBase.[Tomcat].[localhost].[/] - Initializing Spring DispatcherServlet 'dispatcherServlet'
2025-11-01 19:47:31.493 [http-nio-8080-exec-1] INFO  org.springframework.web.servlet.DispatcherServlet - Initializing Servlet 'dispatcherServlet'
2025-11-01 19:47:31.494 [http-nio-8080-exec-1] INFO  org.springframework.web.servlet.DispatcherServlet - Completed initialization in 1 ms
2025-11-01 19:47:46.776 [http-nio-8080-exec-1] INFO  c.q.x.auth.filter.HeaderUserId2ContextFilter - ## HeaderUserId2ContextFilter, 用户 ID: 11
2025-11-01 19:47:50.209 [http-nio-8080-exec-1] INFO  c.q.x.auth.filter.HeaderUserId2ContextFilter - ===== 设置 userId 到 ThreadLocal 中， 用户 ID: 11
2025-11-01 19:47:55.410 [http-nio-8080-exec-1] INFO  c.q.f.b.operationlog.aspect.ApiOperationLogAspect - ====== 请求开始: [修改密码], 入参: {"newPassword":"123456"}, 请求类: AuthController, 请求方法: updatePassword =================================== 
2025-11-01 19:47:55.525 [http-nio-8080-exec-1] INFO  com.alibaba.nacos.client.naming - [SUBSCRIBE-SERVICE] service:xiaohashu-user, group:DEFAULT_GROUP, clusters: 
2025-11-01 19:47:55.534 [http-nio-8080-exec-1] INFO  com.alibaba.nacos.client.naming - init new ips(1) service: DEFAULT_GROUP@@xiaohashu-user -> [{"ip":"192.168.134.1","port":8082,"weight":1.0,"healthy":true,"enabled":true,"ephemeral":true,"clusterName":"DEFAULT","serviceName":"DEFAULT_GROUP@@xiaohashu-user","metadata":{"preserved.register.source":"SPRING_CLOUD"},"instanceHeartBeatInterval":5000,"instanceHeartBeatTimeOut":15000,"ipDeleteTimeout":30000}]
2025-11-01 19:47:55.535 [http-nio-8080-exec-1] INFO  com.alibaba.nacos.client.naming - current ips:(1) service: DEFAULT_GROUP@@xiaohashu-user -> [{"ip":"192.168.134.1","port":8082,"weight":1.0,"healthy":true,"enabled":true,"ephemeral":true,"clusterName":"DEFAULT","serviceName":"DEFAULT_GROUP@@xiaohashu-user","metadata":{"preserved.register.source":"SPRING_CLOUD"},"instanceHeartBeatInterval":5000,"instanceHeartBeatTimeOut":15000,"ipDeleteTimeout":30000}]
2025-11-01 19:47:56.060 [nacos-grpc-client-executor-127.0.0.1-18] INFO  com.alibaba.nacos.common.remote.client - [1b11dfc0-054a-40f0-ae44-0d8e16d10192] Receive server push request, request = NotifySubscriberRequest, requestId = 44
2025-11-01 19:47:56.060 [nacos-grpc-client-executor-127.0.0.1-18] INFO  com.alibaba.nacos.common.remote.client - [1b11dfc0-054a-40f0-ae44-0d8e16d10192] Ack server push request, request = NotifySubscriberRequest, requestId = 44
2025-11-01 19:48:43.236 [http-nio-8080-exec-1] INFO  c.q.f.b.operationlog.aspect.ApiOperationLogAspect - ====== 请求结束: [修改密码], 耗时: 47826ms, 出参: {"success":true,"message":null,"errorCode":null,"data":null} =================================== 
2025-11-01 19:48:43.244 [http-nio-8080-exec-1] INFO  c.q.x.auth.filter.HeaderUserId2ContextFilter - ===== 删除 ThreadLocal， userId: 11
2025-11-01 19:54:33.583 [Thread-2] WARN  c.alibaba.nacos.common.http.HttpClientBeanHolder - [HttpClientBeanHolder] Start destroying common HttpClient
2025-11-01 19:54:33.583 [Thread-9] WARN  com.alibaba.nacos.common.notify.NotifyCenter - [NotifyCenter] Start destroying Publisher
2025-11-01 19:54:33.583 [Thread-9] WARN  com.alibaba.nacos.common.notify.NotifyCenter - [NotifyCenter] Destruction of the end
2025-11-01 19:54:33.584 [Thread-2] WARN  c.alibaba.nacos.common.http.HttpClientBeanHolder - [HttpClientBeanHolder] Destruction of the end
2025-11-01 19:54:33.607 [SpringApplicationShutdownHook] INFO  c.a.cloud.nacos.registry.NacosServiceRegistry - De-registering from Nacos Server now...
2025-11-01 19:54:33.608 [SpringApplicationShutdownHook] INFO  com.alibaba.nacos.client.naming - [DEREGISTER-SERVICE] xiaohashu deregistering service xiaohashu-auth with instance: Instance{instanceId='null', ip='192.168.134.1', port=8080, weight=1.0, healthy=true, enabled=true, ephemeral=true, clusterName='DEFAULT', serviceName='null', metadata={}}
2025-11-01 19:54:33.610 [SpringApplicationShutdownHook] INFO  c.a.cloud.nacos.registry.NacosServiceRegistry - De-registration finished.
2025-11-01 19:54:33.610 [SpringApplicationShutdownHook] INFO  com.alibaba.nacos.client.naming - com.alibaba.nacos.client.naming.cache.ServiceInfoHolder do shutdown begin
2025-11-01 19:54:33.610 [SpringApplicationShutdownHook] INFO  com.alibaba.nacos.client.naming - com.alibaba.nacos.client.naming.backups.FailoverReactor do shutdown begin
2025-11-01 19:54:33.610 [SpringApplicationShutdownHook] INFO  com.alibaba.nacos.client.naming - com.alibaba.nacos.client.naming.backups.FailoverReactor do shutdown stop
2025-11-01 19:54:33.610 [SpringApplicationShutdownHook] INFO  com.alibaba.nacos.client.naming - com.alibaba.nacos.client.naming.cache.ServiceInfoHolder do shutdown stop
2025-11-01 19:54:33.610 [SpringApplicationShutdownHook] INFO  com.alibaba.nacos.client.naming - com.alibaba.nacos.client.naming.remote.NamingClientProxyDelegate do shutdown begin
2025-11-01 19:54:33.610 [SpringApplicationShutdownHook] INFO  com.alibaba.nacos.client.naming - com.alibaba.nacos.client.naming.core.ServiceInfoUpdateService do shutdown begin
2025-11-01 19:54:33.610 [SpringApplicationShutdownHook] INFO  com.alibaba.nacos.client.naming - com.alibaba.nacos.client.naming.core.ServiceInfoUpdateService do shutdown stop
2025-11-01 19:54:33.610 [SpringApplicationShutdownHook] INFO  com.alibaba.nacos.client.naming - com.alibaba.nacos.client.naming.core.ServerListManager do shutdown begin
2025-11-01 19:54:33.611 [SpringApplicationShutdownHook] WARN  com.alibaba.nacos.client.naming - [NamingHttpClientManager] Start destroying NacosRestTemplate
2025-11-01 19:54:33.611 [SpringApplicationShutdownHook] WARN  com.alibaba.nacos.client.naming - [NamingHttpClientManager] Destruction of the end
2025-11-01 19:54:33.611 [SpringApplicationShutdownHook] INFO  com.alibaba.nacos.client.naming - com.alibaba.nacos.client.naming.core.ServerListManager do shutdown stop
2025-11-01 19:54:33.611 [SpringApplicationShutdownHook] INFO  com.alibaba.nacos.client.naming - com.alibaba.nacos.client.naming.remote.http.NamingHttpClientProxy do shutdown begin
2025-11-01 19:54:33.611 [SpringApplicationShutdownHook] WARN  com.alibaba.nacos.client.naming - [NamingHttpClientManager] Start destroying NacosRestTemplate
2025-11-01 19:54:33.611 [SpringApplicationShutdownHook] WARN  com.alibaba.nacos.client.naming - [NamingHttpClientManager] Destruction of the end
2025-11-01 19:54:33.611 [SpringApplicationShutdownHook] INFO  com.alibaba.nacos.client.naming - com.alibaba.nacos.client.naming.remote.http.NamingHttpClientProxy do shutdown stop
2025-11-01 19:54:33.611 [SpringApplicationShutdownHook] INFO  com.alibaba.nacos.common.remote.client - Shutdown rpc client, set status to shutdown
2025-11-01 19:54:33.611 [SpringApplicationShutdownHook] INFO  com.alibaba.nacos.common.remote.client - Shutdown client event executor java.util.concurrent.ScheduledThreadPoolExecutor@70a8cb2b[Running, pool size = 2, active threads = 2, queued tasks = 0, completed tasks = 0]
2025-11-01 19:54:33.611 [SpringApplicationShutdownHook] INFO  com.alibaba.nacos.common.remote.client - Close current connection 1761997609493_127.0.0.1_14104
2025-11-01 19:54:33.611 [nacos-grpc-client-executor-127.0.0.1-99] INFO  c.a.nacos.common.remote.client.grpc.GrpcClient - [1761997609493_127.0.0.1_14104]Ignore complete event,isRunning:false,isAbandon=false
2025-11-01 19:54:33.614 [SpringApplicationShutdownHook] INFO  c.a.nacos.common.remote.client.grpc.GrpcClient - Shutdown grpc executor java.util.concurrent.ThreadPoolExecutor@162b669[Running, pool size = 4, active threads = 0, queued tasks = 0, completed tasks = 100]
2025-11-01 19:54:33.615 [SpringApplicationShutdownHook] INFO  com.alibaba.nacos.client.naming - Shutdown grpc redo service executor java.util.concurrent.ScheduledThreadPoolExecutor@195cccf8[Running, pool size = 1, active threads = 0, queued tasks = 1, completed tasks = 148]
2025-11-01 19:54:33.615 [SpringApplicationShutdownHook] INFO  c.a.n.client.auth.ram.identify.CredentialWatcher - [null] CredentialWatcher is stopped
2025-11-01 19:54:33.615 [SpringApplicationShutdownHook] INFO  c.a.n.client.auth.ram.identify.CredentialService - [null] CredentialService is freed
2025-11-01 19:54:33.615 [SpringApplicationShutdownHook] INFO  com.alibaba.nacos.client.naming - com.alibaba.nacos.client.naming.remote.NamingClientProxyDelegate do shutdown stop
2025-11-01 19:54:44.161 [main] WARN  com.alibaba.nacos.client.logging.NacosLogging - Load Logback Configuration of Nacos fail, message: Could not initialize Logback Nacos logging from classpath:nacos-logback.xml
2025-11-01 19:54:44.202 [main] WARN  com.alibaba.nacos.client.logging.NacosLogging - Load Logback Configuration of Nacos fail, message: Could not initialize Logback Nacos logging from classpath:nacos-logback.xml
2025-11-01 19:54:44.382 [main] WARN  com.alibaba.nacos.client.logging.NacosLogging - Load Logback Configuration of Nacos fail, message: Could not initialize Logback Nacos logging from classpath:nacos-logback.xml
2025-11-01 19:54:44.383 [main] INFO  com.alibaba.nacos.client.utils.ParamUtil - [settings] [req-serv] nacos-server port:8848
2025-11-01 19:54:44.384 [main] INFO  com.alibaba.nacos.client.utils.ParamUtil - [settings] [http-client] connect timeout:1000
2025-11-01 19:54:44.384 [main] INFO  com.alibaba.nacos.client.utils.ParamUtil - PER_TASK_CONFIG_SIZE: 3000.0
2025-11-01 19:54:44.400 [main] INFO  c.a.n.p.auth.spi.client.ClientAuthPluginManager - [ClientAuthPluginManager] Load ClientAuthService com.alibaba.nacos.client.auth.impl.NacosClientAuthServiceImpl success.
2025-11-01 19:54:44.400 [main] INFO  c.a.n.p.auth.spi.client.ClientAuthPluginManager - [ClientAuthPluginManager] Load ClientAuthService com.alibaba.nacos.client.auth.ram.RamClientAuthServiceImpl success.
2025-11-01 19:54:44.401 [main] INFO  c.a.n.client.auth.ram.identify.CredentialWatcher - null No credential found
2025-11-01 19:54:45.640 [main] WARN  com.alibaba.nacos.client.logging.NacosLogging - Load Logback Configuration of Nacos fail, message: Could not initialize Logback Nacos logging from classpath:nacos-logback.xml
2025-11-01 19:54:45.649 [main] INFO  c.a.n.client.config.impl.LocalConfigInfoProcessor - LOCAL_SNAPSHOT_PATH:C:\Users\hp\nacos\config
2025-11-01 19:54:45.651 [main] INFO  com.alibaba.nacos.common.remote.client - [RpcClientFactory] create a new rpc client of 62a2f6a6-76d1-477e-af8d-9afa0285eb4e_config-0
2025-11-01 19:54:45.662 [main] INFO  com.alibaba.nacos.common.remote.client - [62a2f6a6-76d1-477e-af8d-9afa0285eb4e_config-0] Register server push request handler:com.alibaba.nacos.client.config.impl.ClientWorker$ConfigRpcTransportClient$$Lambda$586/0x000001b98633d498
2025-11-01 19:54:45.662 [main] INFO  com.alibaba.nacos.common.remote.client - [62a2f6a6-76d1-477e-af8d-9afa0285eb4e_config-0] Register server push request handler:com.alibaba.nacos.client.config.impl.ClientWorker$ConfigRpcTransportClient$$Lambda$587/0x000001b98633d8b8
2025-11-01 19:54:45.663 [main] INFO  com.alibaba.nacos.common.remote.client - [62a2f6a6-76d1-477e-af8d-9afa0285eb4e_config-0] Registry connection listener to current client:com.alibaba.nacos.client.config.impl.ClientWorker$ConfigRpcTransportClient$1
2025-11-01 19:54:45.663 [main] INFO  com.alibaba.nacos.common.remote.client - [62a2f6a6-76d1-477e-af8d-9afa0285eb4e_config-0] RpcClient init, ServerListFactory = com.alibaba.nacos.client.config.impl.ClientWorker$ConfigRpcTransportClient$2
2025-11-01 19:54:45.669 [main] INFO  com.alibaba.nacos.common.remote.client - [62a2f6a6-76d1-477e-af8d-9afa0285eb4e_config-0] Try to connect to server on start up, server: {serverIp = '127.0.0.1', server main port = 8848}
2025-11-01 19:54:45.693 [main] INFO  c.a.nacos.common.remote.client.grpc.GrpcClient - grpc client connection server:127.0.0.1 ip,serverPort:9848,grpcTslConfig:{"sslProvider":"OPENSSL","enableTls":false,"mutualAuthEnable":false,"trustAll":false}
2025-11-01 19:54:46.445 [main] INFO  com.alibaba.nacos.common.remote.client - [62a2f6a6-76d1-477e-af8d-9afa0285eb4e_config-0] Success to connect to server [127.0.0.1:8848] on start up, connectionId = 1761998086276_127.0.0.1_14362
2025-11-01 19:54:46.446 [com.alibaba.nacos.client.remote.worker] INFO  com.alibaba.nacos.common.remote.client - [62a2f6a6-76d1-477e-af8d-9afa0285eb4e_config-0] Notify connected event to listeners.
2025-11-01 19:54:46.446 [com.alibaba.nacos.client.remote.worker] INFO  com.alibaba.nacos.client.config.impl.ClientWorker - [62a2f6a6-76d1-477e-af8d-9afa0285eb4e_config-0] Connected,notify listen context...
2025-11-01 19:54:46.446 [main] INFO  com.alibaba.nacos.common.remote.client - [62a2f6a6-76d1-477e-af8d-9afa0285eb4e_config-0] Register server push request handler:com.alibaba.nacos.common.remote.client.RpcClient$ConnectResetRequestHandler
2025-11-01 19:54:46.446 [main] INFO  com.alibaba.nacos.common.remote.client - [62a2f6a6-76d1-477e-af8d-9afa0285eb4e_config-0] Register server push request handler:com.alibaba.nacos.common.remote.client.RpcClient$$Lambda$607/0x000001b98644c6e8
2025-11-01 19:54:46.476 [main] INFO  com.alibaba.nacos.client.config.impl.Limiter - limitTime:5.0
2025-11-01 19:54:46.487 [main] INFO  com.alibaba.nacos.client.config.utils.JvmUtil - isMultiInstance:false
2025-11-01 19:54:46.495 [main] WARN  c.a.cloud.nacos.client.NacosPropertySourceBuilder - Ignore the empty nacos configuration and get it based on dataId[xiaohashu-auth.yaml] & group[DEFAULT_GROUP]
2025-11-01 19:54:46.500 [main] INFO  o.s.c.b.c.PropertySourceBootstrapConfiguration - Located property source: [BootstrapPropertySource {name='bootstrapProperties-xiaohashu-auth-dev.yaml,DEFAULT_GROUP'}, BootstrapPropertySource {name='bootstrapProperties-xiaohashu-auth.yaml,DEFAULT_GROUP'}, BootstrapPropertySource {name='bootstrapProperties-xiaohashu-auth,DEFAULT_GROUP'}]
2025-11-01 19:54:46.520 [main] WARN  com.alibaba.nacos.client.logging.NacosLogging - Load Logback Configuration of Nacos fail, message: Could not initialize Logback Nacos logging from classpath:nacos-logback.xml
2025-11-01 19:54:46.521 [main] INFO  c.q.xiaohashu.auth.XiaohashuAuthApplication - The following 1 profile is active: "dev"
2025-11-01 19:54:46.945 [main] INFO  o.s.d.r.config.RepositoryConfigurationDelegate - Multiple Spring Data modules found, entering strict repository configuration mode
2025-11-01 19:54:46.946 [main] INFO  o.s.d.r.config.RepositoryConfigurationDelegate - Bootstrapping Spring Data Redis repositories in DEFAULT mode.
2025-11-01 19:54:46.961 [main] INFO  o.s.d.r.config.RepositoryConfigurationDelegate - Finished Spring Data repository scanning in 6 ms. Found 0 Redis repository interfaces.
2025-11-01 19:54:47.073 [main] INFO  o.springframework.cloud.context.scope.GenericScope - BeanFactory id=4b54d012-f580-339f-8b90-c1e2499634c9
2025-11-01 19:54:47.084 [main] INFO  o.s.c.s.PostProcessorRegistrationDelegate$BeanPostProcessorChecker - Bean 'com.quanxiaoha.xiaohashu.user.api.UserFeignApi' of type [org.springframework.cloud.openfeign.FeignClientFactoryBean] is not eligible for getting processed by all BeanPostProcessors (for example: not eligible for auto-proxying)
2025-11-01 19:54:47.347 [main] INFO  o.s.boot.web.embedded.tomcat.TomcatWebServer - Tomcat initialized with port(s): 8080 (http)
2025-11-01 19:54:47.354 [main] INFO  org.apache.catalina.core.StandardService - Starting service [Tomcat]
2025-11-01 19:54:47.354 [main] INFO  org.apache.catalina.core.StandardEngine - Starting Servlet engine: [Apache Tomcat/10.1.5]
2025-11-01 19:54:47.427 [main] INFO  o.a.c.core.ContainerBase.[Tomcat].[localhost].[/] - Initializing Spring embedded WebApplicationContext
2025-11-01 19:54:47.427 [main] INFO  o.s.b.w.s.c.ServletWebServerApplicationContext - Root WebApplicationContext: initialization completed in 897 ms
2025-11-01 19:54:47.695 [main] INFO  o.s.cloud.openfeign.FeignClientFactoryBean - For 'xiaohashu-user' URL not provided. Will try picking an instance via load-balancing.
2025-11-01 19:54:49.105 [main] INFO  org.springframework.cloud.commons.util.InetUtils - Cannot determine local hostname
2025-11-01 19:54:50.514 [main] INFO  org.springframework.cloud.commons.util.InetUtils - Cannot determine local hostname
2025-11-01 19:54:50.532 [main] WARN  o.s.c.l.c.LoadBalancerCacheAutoConfiguration$LoadBalancerCaffeineWarnLogger - Spring Cloud LoadBalancer is currently working with the default cache. While this cache implementation is useful for development and tests, it's recommended to use Caffeine cache in production.You can switch to using Caffeine cache, by adding it and org.springframework.cache.caffeine.CaffeineCacheManager to the classpath.
2025-11-01 19:54:50.576 [main] INFO  o.s.boot.web.embedded.tomcat.TomcatWebServer - Tomcat started on port(s): 8080 (http) with context path ''
2025-11-01 19:54:50.579 [main] INFO  com.alibaba.nacos.client.naming - initializer namespace from ans.namespace attribute : null
2025-11-01 19:54:50.579 [main] INFO  com.alibaba.nacos.client.naming - initializer namespace from ALIBABA_ALIWARE_NAMESPACE attribute :null
2025-11-01 19:54:50.580 [main] INFO  com.alibaba.nacos.client.naming - initializer namespace from namespace attribute :null
2025-11-01 19:54:50.585 [main] INFO  c.a.n.p.auth.spi.client.ClientAuthPluginManager - [ClientAuthPluginManager] Load ClientAuthService com.alibaba.nacos.client.auth.impl.NacosClientAuthServiceImpl success.
2025-11-01 19:54:50.585 [main] INFO  c.a.n.p.auth.spi.client.ClientAuthPluginManager - [ClientAuthPluginManager] Load ClientAuthService com.alibaba.nacos.client.auth.ram.RamClientAuthServiceImpl success.
2025-11-01 19:54:50.587 [main] INFO  com.alibaba.nacos.common.remote.client - [RpcClientFactory] create a new rpc client of b14eb306-5cfd-44b0-8481-39f5fb13c787
2025-11-01 19:54:50.588 [main] INFO  com.alibaba.nacos.common.remote.client - [b14eb306-5cfd-44b0-8481-39f5fb13c787] RpcClient init, ServerListFactory = com.alibaba.nacos.client.naming.core.ServerListManager
2025-11-01 19:54:50.588 [main] INFO  com.alibaba.nacos.common.remote.client - [b14eb306-5cfd-44b0-8481-39f5fb13c787] Registry connection listener to current client:com.alibaba.nacos.client.naming.remote.gprc.redo.NamingGrpcRedoService
2025-11-01 19:54:50.589 [main] INFO  com.alibaba.nacos.common.remote.client - [b14eb306-5cfd-44b0-8481-39f5fb13c787] Register server push request handler:com.alibaba.nacos.client.naming.remote.gprc.NamingPushRequestHandler
2025-11-01 19:54:50.590 [main] INFO  com.alibaba.nacos.common.remote.client - [b14eb306-5cfd-44b0-8481-39f5fb13c787] Try to connect to server on start up, server: {serverIp = '127.0.0.1', server main port = 8848}
2025-11-01 19:54:50.590 [main] INFO  c.a.nacos.common.remote.client.grpc.GrpcClient - grpc client connection server:127.0.0.1 ip,serverPort:9848,grpcTslConfig:{"sslProvider":"OPENSSL","enableTls":false,"mutualAuthEnable":false,"trustAll":false}
2025-11-01 19:54:50.700 [main] INFO  com.alibaba.nacos.common.remote.client - [b14eb306-5cfd-44b0-8481-39f5fb13c787] Success to connect to server [127.0.0.1:8848] on start up, connectionId = 1761998090593_127.0.0.1_14366
2025-11-01 19:54:50.700 [main] INFO  com.alibaba.nacos.common.remote.client - [b14eb306-5cfd-44b0-8481-39f5fb13c787] Register server push request handler:com.alibaba.nacos.common.remote.client.RpcClient$ConnectResetRequestHandler
2025-11-01 19:54:50.700 [main] INFO  com.alibaba.nacos.common.remote.client - [b14eb306-5cfd-44b0-8481-39f5fb13c787] Register server push request handler:com.alibaba.nacos.common.remote.client.RpcClient$$Lambda$607/0x000001b98644c6e8
2025-11-01 19:54:50.700 [com.alibaba.nacos.client.remote.worker] INFO  com.alibaba.nacos.common.remote.client - [b14eb306-5cfd-44b0-8481-39f5fb13c787] Notify connected event to listeners.
2025-11-01 19:54:50.700 [com.alibaba.nacos.client.remote.worker] INFO  com.alibaba.nacos.client.naming - Grpc connection connect
2025-11-01 19:54:50.701 [main] INFO  com.alibaba.nacos.client.naming - [REGISTER-SERVICE] xiaohashu registering service xiaohashu-auth with instance Instance{instanceId='null', ip='192.168.134.1', port=8080, weight=1.0, healthy=true, enabled=true, ephemeral=true, clusterName='DEFAULT', serviceName='null', metadata={IPv6=null, preserved.register.source=SPRING_CLOUD}}
2025-11-01 19:54:50.710 [main] INFO  c.a.cloud.nacos.registry.NacosServiceRegistry - nacos registry, DEFAULT_GROUP xiaohashu-auth 192.168.134.1:8080 register finished
2025-11-01 19:54:51.876 [main] INFO  org.springframework.cloud.commons.util.InetUtils - Cannot determine local hostname
2025-11-01 19:54:51.888 [main] INFO  c.q.xiaohashu.auth.XiaohashuAuthApplication - Started XiaohashuAuthApplication in 9.343 seconds (process running for 10.2)
2025-11-01 19:54:51.890 [main] INFO  com.alibaba.nacos.client.config.impl.CacheData - nacos.cache.data.init.snapshot = true 
2025-11-01 19:54:51.890 [main] INFO  com.alibaba.nacos.client.config.impl.ClientWorker - [fixed-xiaohashu-127.0.0.1_8848] [subscribe] xiaohashu-auth.yaml+DEFAULT_GROUP+xiaohashu
2025-11-01 19:54:51.895 [main] INFO  com.alibaba.nacos.client.config.impl.CacheData - [fixed-xiaohashu-127.0.0.1_8848] [add-listener] ok, tenant=xiaohashu, dataId=xiaohashu-auth.yaml, group=DEFAULT_GROUP, cnt=1
2025-11-01 19:54:51.895 [main] INFO  c.a.cloud.nacos.refresh.NacosContextRefresher - [Nacos Config] Listening config: dataId=xiaohashu-auth.yaml, group=DEFAULT_GROUP
2025-11-01 19:54:51.896 [main] INFO  com.alibaba.nacos.client.config.impl.ClientWorker - [fixed-xiaohashu-127.0.0.1_8848] [subscribe] xiaohashu-auth-dev.yaml+DEFAULT_GROUP+xiaohashu
2025-11-01 19:54:51.896 [main] INFO  com.alibaba.nacos.client.config.impl.CacheData - [fixed-xiaohashu-127.0.0.1_8848] [add-listener] ok, tenant=xiaohashu, dataId=xiaohashu-auth-dev.yaml, group=DEFAULT_GROUP, cnt=1
2025-11-01 19:54:51.896 [main] INFO  c.a.cloud.nacos.refresh.NacosContextRefresher - [Nacos Config] Listening config: dataId=xiaohashu-auth-dev.yaml, group=DEFAULT_GROUP
2025-11-01 19:54:51.897 [main] INFO  com.alibaba.nacos.client.config.impl.ClientWorker - [fixed-xiaohashu-127.0.0.1_8848] [subscribe] xiaohashu-auth+DEFAULT_GROUP+xiaohashu
2025-11-01 19:54:51.897 [main] INFO  com.alibaba.nacos.client.config.impl.CacheData - [fixed-xiaohashu-127.0.0.1_8848] [add-listener] ok, tenant=xiaohashu, dataId=xiaohashu-auth, group=DEFAULT_GROUP, cnt=1
2025-11-01 19:54:51.897 [main] INFO  c.a.cloud.nacos.refresh.NacosContextRefresher - [Nacos Config] Listening config: dataId=xiaohashu-auth, group=DEFAULT_GROUP
2025-11-01 19:55:23.115 [http-nio-8080-exec-1] INFO  o.a.c.core.ContainerBase.[Tomcat].[localhost].[/] - Initializing Spring DispatcherServlet 'dispatcherServlet'
2025-11-01 19:55:23.115 [http-nio-8080-exec-1] INFO  org.springframework.web.servlet.DispatcherServlet - Initializing Servlet 'dispatcherServlet'
2025-11-01 19:55:23.116 [http-nio-8080-exec-1] INFO  org.springframework.web.servlet.DispatcherServlet - Completed initialization in 1 ms
2025-11-01 19:55:25.035 [http-nio-8080-exec-1] INFO  c.q.x.auth.filter.HeaderUserId2ContextFilter - ## HeaderUserId2ContextFilter, 用户 ID: 11
2025-11-01 19:55:25.942 [http-nio-8080-exec-1] INFO  c.q.x.auth.filter.HeaderUserId2ContextFilter - ===== 设置 userId 到 ThreadLocal 中， 用户 ID: 11
2025-11-01 19:55:27.543 [http-nio-8080-exec-1] INFO  c.q.f.b.operationlog.aspect.ApiOperationLogAspect - ====== 请求开始: [修改密码], 入参: {"newPassword":"123456"}, 请求类: AuthController, 请求方法: updatePassword =================================== 
2025-11-01 19:55:28.666 [http-nio-8080-exec-1] INFO  com.alibaba.nacos.client.naming - [SUBSCRIBE-SERVICE] service:xiaohashu-user, group:DEFAULT_GROUP, clusters: 
2025-11-01 19:55:28.675 [http-nio-8080-exec-1] INFO  com.alibaba.nacos.client.naming - init new ips(1) service: DEFAULT_GROUP@@xiaohashu-user -> [{"ip":"192.168.134.1","port":8082,"weight":1.0,"healthy":true,"enabled":true,"ephemeral":true,"clusterName":"DEFAULT","serviceName":"DEFAULT_GROUP@@xiaohashu-user","metadata":{"preserved.register.source":"SPRING_CLOUD"},"ipDeleteTimeout":30000,"instanceHeartBeatInterval":5000,"instanceHeartBeatTimeOut":15000}]
2025-11-01 19:55:28.675 [http-nio-8080-exec-1] INFO  com.alibaba.nacos.client.naming - current ips:(1) service: DEFAULT_GROUP@@xiaohashu-user -> [{"ip":"192.168.134.1","port":8082,"weight":1.0,"healthy":true,"enabled":true,"ephemeral":true,"clusterName":"DEFAULT","serviceName":"DEFAULT_GROUP@@xiaohashu-user","metadata":{"preserved.register.source":"SPRING_CLOUD"},"ipDeleteTimeout":30000,"instanceHeartBeatInterval":5000,"instanceHeartBeatTimeOut":15000}]
2025-11-01 19:55:29.228 [nacos-grpc-client-executor-127.0.0.1-14] INFO  com.alibaba.nacos.common.remote.client - [b14eb306-5cfd-44b0-8481-39f5fb13c787] Receive server push request, request = NotifySubscriberRequest, requestId = 47
2025-11-01 19:55:29.228 [nacos-grpc-client-executor-127.0.0.1-14] INFO  com.alibaba.nacos.common.remote.client - [b14eb306-5cfd-44b0-8481-39f5fb13c787] Ack server push request, request = NotifySubscriberRequest, requestId = 47
2025-11-01 19:55:38.376 [http-nio-8080-exec-1] INFO  c.q.f.b.operationlog.aspect.ApiOperationLogAspect - ====== 请求结束: [修改密码], 耗时: 10834ms, 出参: {"success":true,"message":null,"errorCode":null,"data":null} =================================== 
2025-11-01 19:55:38.384 [http-nio-8080-exec-1] INFO  c.q.x.auth.filter.HeaderUserId2ContextFilter - ===== 删除 ThreadLocal， userId: 11
2025-11-01 19:56:15.086 [Thread-2] WARN  c.alibaba.nacos.common.http.HttpClientBeanHolder - [HttpClientBeanHolder] Start destroying common HttpClient
2025-11-01 19:56:15.086 [Thread-9] WARN  com.alibaba.nacos.common.notify.NotifyCenter - [NotifyCenter] Start destroying Publisher
2025-11-01 19:56:15.086 [Thread-9] WARN  com.alibaba.nacos.common.notify.NotifyCenter - [NotifyCenter] Destruction of the end
2025-11-01 19:56:15.086 [Thread-2] WARN  c.alibaba.nacos.common.http.HttpClientBeanHolder - [HttpClientBeanHolder] Destruction of the end
2025-11-01 19:56:15.106 [SpringApplicationShutdownHook] INFO  c.a.cloud.nacos.registry.NacosServiceRegistry - De-registering from Nacos Server now...
2025-11-01 19:56:15.106 [SpringApplicationShutdownHook] INFO  com.alibaba.nacos.client.naming - [DEREGISTER-SERVICE] xiaohashu deregistering service xiaohashu-auth with instance: Instance{instanceId='null', ip='192.168.134.1', port=8080, weight=1.0, healthy=true, enabled=true, ephemeral=true, clusterName='DEFAULT', serviceName='null', metadata={}}
2025-11-01 19:56:15.109 [SpringApplicationShutdownHook] INFO  c.a.cloud.nacos.registry.NacosServiceRegistry - De-registration finished.
2025-11-01 19:56:15.109 [SpringApplicationShutdownHook] INFO  com.alibaba.nacos.client.naming - com.alibaba.nacos.client.naming.cache.ServiceInfoHolder do shutdown begin
2025-11-01 19:56:15.109 [SpringApplicationShutdownHook] INFO  com.alibaba.nacos.client.naming - com.alibaba.nacos.client.naming.backups.FailoverReactor do shutdown begin
2025-11-01 19:56:15.109 [SpringApplicationShutdownHook] INFO  com.alibaba.nacos.client.naming - com.alibaba.nacos.client.naming.backups.FailoverReactor do shutdown stop
2025-11-01 19:56:15.109 [SpringApplicationShutdownHook] INFO  com.alibaba.nacos.client.naming - com.alibaba.nacos.client.naming.cache.ServiceInfoHolder do shutdown stop
2025-11-01 19:56:15.109 [SpringApplicationShutdownHook] INFO  com.alibaba.nacos.client.naming - com.alibaba.nacos.client.naming.remote.NamingClientProxyDelegate do shutdown begin
2025-11-01 19:56:15.109 [SpringApplicationShutdownHook] INFO  com.alibaba.nacos.client.naming - com.alibaba.nacos.client.naming.core.ServiceInfoUpdateService do shutdown begin
2025-11-01 19:56:15.109 [SpringApplicationShutdownHook] INFO  com.alibaba.nacos.client.naming - com.alibaba.nacos.client.naming.core.ServiceInfoUpdateService do shutdown stop
2025-11-01 19:56:15.109 [SpringApplicationShutdownHook] INFO  com.alibaba.nacos.client.naming - com.alibaba.nacos.client.naming.core.ServerListManager do shutdown begin
2025-11-01 19:56:15.109 [SpringApplicationShutdownHook] WARN  com.alibaba.nacos.client.naming - [NamingHttpClientManager] Start destroying NacosRestTemplate
2025-11-01 19:56:15.109 [SpringApplicationShutdownHook] WARN  com.alibaba.nacos.client.naming - [NamingHttpClientManager] Destruction of the end
2025-11-01 19:56:15.109 [SpringApplicationShutdownHook] INFO  com.alibaba.nacos.client.naming - com.alibaba.nacos.client.naming.core.ServerListManager do shutdown stop
2025-11-01 19:56:15.109 [SpringApplicationShutdownHook] INFO  com.alibaba.nacos.client.naming - com.alibaba.nacos.client.naming.remote.http.NamingHttpClientProxy do shutdown begin
2025-11-01 19:56:15.109 [SpringApplicationShutdownHook] WARN  com.alibaba.nacos.client.naming - [NamingHttpClientManager] Start destroying NacosRestTemplate
2025-11-01 19:56:15.109 [SpringApplicationShutdownHook] WARN  com.alibaba.nacos.client.naming - [NamingHttpClientManager] Destruction of the end
2025-11-01 19:56:15.110 [SpringApplicationShutdownHook] INFO  com.alibaba.nacos.client.naming - com.alibaba.nacos.client.naming.remote.http.NamingHttpClientProxy do shutdown stop
2025-11-01 19:56:15.110 [SpringApplicationShutdownHook] INFO  com.alibaba.nacos.common.remote.client - Shutdown rpc client, set status to shutdown
2025-11-01 19:56:15.110 [SpringApplicationShutdownHook] INFO  com.alibaba.nacos.common.remote.client - Shutdown client event executor java.util.concurrent.ScheduledThreadPoolExecutor@4ebc2482[Running, pool size = 2, active threads = 2, queued tasks = 0, completed tasks = 0]
2025-11-01 19:56:15.110 [SpringApplicationShutdownHook] INFO  com.alibaba.nacos.common.remote.client - Close current connection 1761998090593_127.0.0.1_14366
2025-11-01 19:56:15.111 [nacos-grpc-client-executor-127.0.0.1-24] INFO  c.a.nacos.common.remote.client.grpc.GrpcClient - [1761998090593_127.0.0.1_14366]Ignore complete event,isRunning:false,isAbandon=false
2025-11-01 19:56:15.113 [SpringApplicationShutdownHook] INFO  c.a.nacos.common.remote.client.grpc.GrpcClient - Shutdown grpc executor java.util.concurrent.ThreadPoolExecutor@506dd144[Running, pool size = 4, active threads = 0, queued tasks = 0, completed tasks = 25]
2025-11-01 19:56:15.113 [SpringApplicationShutdownHook] INFO  com.alibaba.nacos.client.naming - Shutdown grpc redo service executor java.util.concurrent.ScheduledThreadPoolExecutor@bca1f50[Running, pool size = 1, active threads = 0, queued tasks = 1, completed tasks = 27]
2025-11-01 19:56:15.113 [SpringApplicationShutdownHook] INFO  c.a.n.client.auth.ram.identify.CredentialWatcher - [null] CredentialWatcher is stopped
2025-11-01 19:56:15.113 [SpringApplicationShutdownHook] INFO  c.a.n.client.auth.ram.identify.CredentialService - [null] CredentialService is freed
2025-11-01 19:56:15.113 [SpringApplicationShutdownHook] INFO  com.alibaba.nacos.client.naming - com.alibaba.nacos.client.naming.remote.NamingClientProxyDelegate do shutdown stop
2025-11-01 19:56:24.215 [main] WARN  com.alibaba.nacos.client.logging.NacosLogging - Load Logback Configuration of Nacos fail, message: Could not initialize Logback Nacos logging from classpath:nacos-logback.xml
2025-11-01 19:56:24.253 [main] WARN  com.alibaba.nacos.client.logging.NacosLogging - Load Logback Configuration of Nacos fail, message: Could not initialize Logback Nacos logging from classpath:nacos-logback.xml
2025-11-01 19:56:24.403 [main] WARN  com.alibaba.nacos.client.logging.NacosLogging - Load Logback Configuration of Nacos fail, message: Could not initialize Logback Nacos logging from classpath:nacos-logback.xml
2025-11-01 19:56:24.404 [main] INFO  com.alibaba.nacos.client.utils.ParamUtil - [settings] [req-serv] nacos-server port:8848
2025-11-01 19:56:24.404 [main] INFO  com.alibaba.nacos.client.utils.ParamUtil - [settings] [http-client] connect timeout:1000
2025-11-01 19:56:24.405 [main] INFO  com.alibaba.nacos.client.utils.ParamUtil - PER_TASK_CONFIG_SIZE: 3000.0
2025-11-01 19:56:24.415 [main] INFO  c.a.n.p.auth.spi.client.ClientAuthPluginManager - [ClientAuthPluginManager] Load ClientAuthService com.alibaba.nacos.client.auth.impl.NacosClientAuthServiceImpl success.
2025-11-01 19:56:24.415 [main] INFO  c.a.n.p.auth.spi.client.ClientAuthPluginManager - [ClientAuthPluginManager] Load ClientAuthService com.alibaba.nacos.client.auth.ram.RamClientAuthServiceImpl success.
2025-11-01 19:56:24.419 [main] INFO  c.a.n.client.auth.ram.identify.CredentialWatcher - null No credential found
2025-11-01 19:56:25.643 [main] WARN  com.alibaba.nacos.client.logging.NacosLogging - Load Logback Configuration of Nacos fail, message: Could not initialize Logback Nacos logging from classpath:nacos-logback.xml
2025-11-01 19:56:25.651 [main] INFO  c.a.n.client.config.impl.LocalConfigInfoProcessor - LOCAL_SNAPSHOT_PATH:C:\Users\hp\nacos\config
2025-11-01 19:56:25.653 [main] INFO  com.alibaba.nacos.common.remote.client - [RpcClientFactory] create a new rpc client of 69c2e32a-df80-457f-8e52-49be6fc69b1e_config-0
2025-11-01 19:56:25.660 [main] INFO  com.alibaba.nacos.common.remote.client - [69c2e32a-df80-457f-8e52-49be6fc69b1e_config-0] Register server push request handler:com.alibaba.nacos.client.config.impl.ClientWorker$ConfigRpcTransportClient$$Lambda$586/0x000001f42733b140
2025-11-01 19:56:25.661 [main] INFO  com.alibaba.nacos.common.remote.client - [69c2e32a-df80-457f-8e52-49be6fc69b1e_config-0] Register server push request handler:com.alibaba.nacos.client.config.impl.ClientWorker$ConfigRpcTransportClient$$Lambda$587/0x000001f42733b560
2025-11-01 19:56:25.661 [main] INFO  com.alibaba.nacos.common.remote.client - [69c2e32a-df80-457f-8e52-49be6fc69b1e_config-0] Registry connection listener to current client:com.alibaba.nacos.client.config.impl.ClientWorker$ConfigRpcTransportClient$1
2025-11-01 19:56:25.661 [main] INFO  com.alibaba.nacos.common.remote.client - [69c2e32a-df80-457f-8e52-49be6fc69b1e_config-0] RpcClient init, ServerListFactory = com.alibaba.nacos.client.config.impl.ClientWorker$ConfigRpcTransportClient$2
2025-11-01 19:56:25.666 [main] INFO  com.alibaba.nacos.common.remote.client - [69c2e32a-df80-457f-8e52-49be6fc69b1e_config-0] Try to connect to server on start up, server: {serverIp = '127.0.0.1', server main port = 8848}
2025-11-01 19:56:25.685 [main] INFO  c.a.nacos.common.remote.client.grpc.GrpcClient - grpc client connection server:127.0.0.1 ip,serverPort:9848,grpcTslConfig:{"sslProvider":"OPENSSL","enableTls":false,"mutualAuthEnable":false,"trustAll":false}
2025-11-01 19:56:26.279 [main] INFO  com.alibaba.nacos.common.remote.client - [69c2e32a-df80-457f-8e52-49be6fc69b1e_config-0] Success to connect to server [127.0.0.1:8848] on start up, connectionId = 1761998186123_127.0.0.1_14400
2025-11-01 19:56:26.279 [com.alibaba.nacos.client.remote.worker] INFO  com.alibaba.nacos.common.remote.client - [69c2e32a-df80-457f-8e52-49be6fc69b1e_config-0] Notify connected event to listeners.
2025-11-01 19:56:26.279 [com.alibaba.nacos.client.remote.worker] INFO  com.alibaba.nacos.client.config.impl.ClientWorker - [69c2e32a-df80-457f-8e52-49be6fc69b1e_config-0] Connected,notify listen context...
2025-11-01 19:56:26.280 [main] INFO  com.alibaba.nacos.common.remote.client - [69c2e32a-df80-457f-8e52-49be6fc69b1e_config-0] Register server push request handler:com.alibaba.nacos.common.remote.client.RpcClient$ConnectResetRequestHandler
2025-11-01 19:56:26.280 [main] INFO  com.alibaba.nacos.common.remote.client - [69c2e32a-df80-457f-8e52-49be6fc69b1e_config-0] Register server push request handler:com.alibaba.nacos.common.remote.client.RpcClient$$Lambda$607/0x000001f427448cb8
2025-11-01 19:56:26.295 [main] INFO  com.alibaba.nacos.client.config.impl.Limiter - limitTime:5.0
2025-11-01 19:56:26.303 [main] INFO  com.alibaba.nacos.client.config.utils.JvmUtil - isMultiInstance:false
2025-11-01 19:56:26.312 [main] WARN  c.a.cloud.nacos.client.NacosPropertySourceBuilder - Ignore the empty nacos configuration and get it based on dataId[xiaohashu-auth.yaml] & group[DEFAULT_GROUP]
2025-11-01 19:56:26.318 [main] INFO  o.s.c.b.c.PropertySourceBootstrapConfiguration - Located property source: [BootstrapPropertySource {name='bootstrapProperties-xiaohashu-auth-dev.yaml,DEFAULT_GROUP'}, BootstrapPropertySource {name='bootstrapProperties-xiaohashu-auth.yaml,DEFAULT_GROUP'}, BootstrapPropertySource {name='bootstrapProperties-xiaohashu-auth,DEFAULT_GROUP'}]
2025-11-01 19:56:26.336 [main] WARN  com.alibaba.nacos.client.logging.NacosLogging - Load Logback Configuration of Nacos fail, message: Could not initialize Logback Nacos logging from classpath:nacos-logback.xml
2025-11-01 19:56:26.337 [main] INFO  c.q.xiaohashu.auth.XiaohashuAuthApplication - The following 1 profile is active: "dev"
2025-11-01 19:56:26.703 [main] INFO  o.s.d.r.config.RepositoryConfigurationDelegate - Multiple Spring Data modules found, entering strict repository configuration mode
2025-11-01 19:56:26.704 [main] INFO  o.s.d.r.config.RepositoryConfigurationDelegate - Bootstrapping Spring Data Redis repositories in DEFAULT mode.
2025-11-01 19:56:26.717 [main] INFO  o.s.d.r.config.RepositoryConfigurationDelegate - Finished Spring Data repository scanning in 5 ms. Found 0 Redis repository interfaces.
2025-11-01 19:56:26.798 [main] INFO  o.springframework.cloud.context.scope.GenericScope - BeanFactory id=d318223d-eebf-31c7-94b8-6b089eb2914b
2025-11-01 19:56:26.807 [main] INFO  o.s.c.s.PostProcessorRegistrationDelegate$BeanPostProcessorChecker - Bean 'com.quanxiaoha.xiaohashu.user.api.UserFeignApi' of type [org.springframework.cloud.openfeign.FeignClientFactoryBean] is not eligible for getting processed by all BeanPostProcessors (for example: not eligible for auto-proxying)
2025-11-01 19:56:27.002 [main] INFO  o.s.boot.web.embedded.tomcat.TomcatWebServer - Tomcat initialized with port(s): 8080 (http)
2025-11-01 19:56:27.008 [main] INFO  org.apache.catalina.core.StandardService - Starting service [Tomcat]
2025-11-01 19:56:27.009 [main] INFO  org.apache.catalina.core.StandardEngine - Starting Servlet engine: [Apache Tomcat/10.1.5]
2025-11-01 19:56:27.073 [main] INFO  o.a.c.core.ContainerBase.[Tomcat].[localhost].[/] - Initializing Spring embedded WebApplicationContext
2025-11-01 19:56:27.073 [main] INFO  o.s.b.w.s.c.ServletWebServerApplicationContext - Root WebApplicationContext: initialization completed in 726 ms
2025-11-01 19:56:27.282 [main] INFO  o.s.cloud.openfeign.FeignClientFactoryBean - For 'xiaohashu-user' URL not provided. Will try picking an instance via load-balancing.
2025-11-01 19:56:28.634 [main] INFO  org.springframework.cloud.commons.util.InetUtils - Cannot determine local hostname
2025-11-01 19:56:30.028 [main] INFO  org.springframework.cloud.commons.util.InetUtils - Cannot determine local hostname
2025-11-01 19:56:30.041 [main] WARN  o.s.c.l.c.LoadBalancerCacheAutoConfiguration$LoadBalancerCaffeineWarnLogger - Spring Cloud LoadBalancer is currently working with the default cache. While this cache implementation is useful for development and tests, it's recommended to use Caffeine cache in production.You can switch to using Caffeine cache, by adding it and org.springframework.cache.caffeine.CaffeineCacheManager to the classpath.
2025-11-01 19:56:30.075 [main] INFO  o.s.boot.web.embedded.tomcat.TomcatWebServer - Tomcat started on port(s): 8080 (http) with context path ''
2025-11-01 19:56:30.078 [main] INFO  com.alibaba.nacos.client.naming - initializer namespace from ans.namespace attribute : null
2025-11-01 19:56:30.078 [main] INFO  com.alibaba.nacos.client.naming - initializer namespace from ALIBABA_ALIWARE_NAMESPACE attribute :null
2025-11-01 19:56:30.078 [main] INFO  com.alibaba.nacos.client.naming - initializer namespace from namespace attribute :null
2025-11-01 19:56:30.082 [main] INFO  c.a.n.p.auth.spi.client.ClientAuthPluginManager - [ClientAuthPluginManager] Load ClientAuthService com.alibaba.nacos.client.auth.impl.NacosClientAuthServiceImpl success.
2025-11-01 19:56:30.082 [main] INFO  c.a.n.p.auth.spi.client.ClientAuthPluginManager - [ClientAuthPluginManager] Load ClientAuthService com.alibaba.nacos.client.auth.ram.RamClientAuthServiceImpl success.
2025-11-01 19:56:30.084 [main] INFO  com.alibaba.nacos.common.remote.client - [RpcClientFactory] create a new rpc client of eb2c5391-0a2f-4285-a4db-44d6e5575376
2025-11-01 19:56:30.085 [main] INFO  com.alibaba.nacos.common.remote.client - [eb2c5391-0a2f-4285-a4db-44d6e5575376] RpcClient init, ServerListFactory = com.alibaba.nacos.client.naming.core.ServerListManager
2025-11-01 19:56:30.085 [main] INFO  com.alibaba.nacos.common.remote.client - [eb2c5391-0a2f-4285-a4db-44d6e5575376] Registry connection listener to current client:com.alibaba.nacos.client.naming.remote.gprc.redo.NamingGrpcRedoService
2025-11-01 19:56:30.085 [main] INFO  com.alibaba.nacos.common.remote.client - [eb2c5391-0a2f-4285-a4db-44d6e5575376] Register server push request handler:com.alibaba.nacos.client.naming.remote.gprc.NamingPushRequestHandler
2025-11-01 19:56:30.086 [main] INFO  com.alibaba.nacos.common.remote.client - [eb2c5391-0a2f-4285-a4db-44d6e5575376] Try to connect to server on start up, server: {serverIp = '127.0.0.1', server main port = 8848}
2025-11-01 19:56:30.086 [main] INFO  c.a.nacos.common.remote.client.grpc.GrpcClient - grpc client connection server:127.0.0.1 ip,serverPort:9848,grpcTslConfig:{"sslProvider":"OPENSSL","enableTls":false,"mutualAuthEnable":false,"trustAll":false}
2025-11-01 19:56:30.198 [main] INFO  com.alibaba.nacos.common.remote.client - [eb2c5391-0a2f-4285-a4db-44d6e5575376] Success to connect to server [127.0.0.1:8848] on start up, connectionId = 1761998190088_127.0.0.1_14403
2025-11-01 19:56:30.198 [main] INFO  com.alibaba.nacos.common.remote.client - [eb2c5391-0a2f-4285-a4db-44d6e5575376] Register server push request handler:com.alibaba.nacos.common.remote.client.RpcClient$ConnectResetRequestHandler
2025-11-01 19:56:30.198 [main] INFO  com.alibaba.nacos.common.remote.client - [eb2c5391-0a2f-4285-a4db-44d6e5575376] Register server push request handler:com.alibaba.nacos.common.remote.client.RpcClient$$Lambda$607/0x000001f427448cb8
2025-11-01 19:56:30.198 [com.alibaba.nacos.client.remote.worker] INFO  com.alibaba.nacos.common.remote.client - [eb2c5391-0a2f-4285-a4db-44d6e5575376] Notify connected event to listeners.
2025-11-01 19:56:30.198 [com.alibaba.nacos.client.remote.worker] INFO  com.alibaba.nacos.client.naming - Grpc connection connect
2025-11-01 19:56:30.199 [main] INFO  com.alibaba.nacos.client.naming - [REGISTER-SERVICE] xiaohashu registering service xiaohashu-auth with instance Instance{instanceId='null', ip='192.168.134.1', port=8080, weight=1.0, healthy=true, enabled=true, ephemeral=true, clusterName='DEFAULT', serviceName='null', metadata={IPv6=null, preserved.register.source=SPRING_CLOUD}}
2025-11-01 19:56:30.208 [main] INFO  c.a.cloud.nacos.registry.NacosServiceRegistry - nacos registry, DEFAULT_GROUP xiaohashu-auth 192.168.134.1:8080 register finished
2025-11-01 19:56:31.360 [main] INFO  org.springframework.cloud.commons.util.InetUtils - Cannot determine local hostname
2025-11-01 19:56:31.372 [main] INFO  c.q.xiaohashu.auth.XiaohashuAuthApplication - Started XiaohashuAuthApplication in 8.671 seconds (process running for 9.223)
2025-11-01 19:56:31.374 [main] INFO  com.alibaba.nacos.client.config.impl.CacheData - nacos.cache.data.init.snapshot = true 
2025-11-01 19:56:31.374 [main] INFO  com.alibaba.nacos.client.config.impl.ClientWorker - [fixed-xiaohashu-127.0.0.1_8848] [subscribe] xiaohashu-auth.yaml+DEFAULT_GROUP+xiaohashu
2025-11-01 19:56:31.377 [main] INFO  com.alibaba.nacos.client.config.impl.CacheData - [fixed-xiaohashu-127.0.0.1_8848] [add-listener] ok, tenant=xiaohashu, dataId=xiaohashu-auth.yaml, group=DEFAULT_GROUP, cnt=1
2025-11-01 19:56:31.377 [main] INFO  c.a.cloud.nacos.refresh.NacosContextRefresher - [Nacos Config] Listening config: dataId=xiaohashu-auth.yaml, group=DEFAULT_GROUP
2025-11-01 19:56:31.377 [main] INFO  com.alibaba.nacos.client.config.impl.ClientWorker - [fixed-xiaohashu-127.0.0.1_8848] [subscribe] xiaohashu-auth-dev.yaml+DEFAULT_GROUP+xiaohashu
2025-11-01 19:56:31.378 [main] INFO  com.alibaba.nacos.client.config.impl.CacheData - [fixed-xiaohashu-127.0.0.1_8848] [add-listener] ok, tenant=xiaohashu, dataId=xiaohashu-auth-dev.yaml, group=DEFAULT_GROUP, cnt=1
2025-11-01 19:56:31.378 [main] INFO  c.a.cloud.nacos.refresh.NacosContextRefresher - [Nacos Config] Listening config: dataId=xiaohashu-auth-dev.yaml, group=DEFAULT_GROUP
2025-11-01 19:56:31.378 [main] INFO  com.alibaba.nacos.client.config.impl.ClientWorker - [fixed-xiaohashu-127.0.0.1_8848] [subscribe] xiaohashu-auth+DEFAULT_GROUP+xiaohashu
2025-11-01 19:56:31.378 [main] INFO  com.alibaba.nacos.client.config.impl.CacheData - [fixed-xiaohashu-127.0.0.1_8848] [add-listener] ok, tenant=xiaohashu, dataId=xiaohashu-auth, group=DEFAULT_GROUP, cnt=1
2025-11-01 19:56:31.378 [main] INFO  c.a.cloud.nacos.refresh.NacosContextRefresher - [Nacos Config] Listening config: dataId=xiaohashu-auth, group=DEFAULT_GROUP
2025-11-01 19:57:08.805 [http-nio-8080-exec-1] INFO  o.a.c.core.ContainerBase.[Tomcat].[localhost].[/] - Initializing Spring DispatcherServlet 'dispatcherServlet'
2025-11-01 19:57:08.805 [http-nio-8080-exec-1] INFO  org.springframework.web.servlet.DispatcherServlet - Initializing Servlet 'dispatcherServlet'
2025-11-01 19:57:08.806 [http-nio-8080-exec-1] INFO  org.springframework.web.servlet.DispatcherServlet - Completed initialization in 1 ms
2025-11-01 19:57:08.808 [http-nio-8080-exec-1] INFO  c.q.x.auth.filter.HeaderUserId2ContextFilter - ## HeaderUserId2ContextFilter, 用户 ID: 11
2025-11-01 19:57:08.808 [http-nio-8080-exec-1] INFO  c.q.x.auth.filter.HeaderUserId2ContextFilter - ===== 设置 userId 到 ThreadLocal 中， 用户 ID: 11
2025-11-01 19:57:08.857 [http-nio-8080-exec-1] INFO  c.q.f.b.operationlog.aspect.ApiOperationLogAspect - ====== 请求开始: [修改密码], 入参: {"newPassword":"123456"}, 请求类: AuthController, 请求方法: updatePassword =================================== 
2025-11-01 19:57:08.972 [http-nio-8080-exec-1] INFO  com.alibaba.nacos.client.naming - [SUBSCRIBE-SERVICE] service:xiaohashu-user, group:DEFAULT_GROUP, clusters: 
2025-11-01 19:57:08.980 [http-nio-8080-exec-1] INFO  com.alibaba.nacos.client.naming - init new ips(1) service: DEFAULT_GROUP@@xiaohashu-user -> [{"ip":"192.168.134.1","port":8082,"weight":1.0,"healthy":true,"enabled":true,"ephemeral":true,"clusterName":"DEFAULT","serviceName":"DEFAULT_GROUP@@xiaohashu-user","metadata":{"preserved.register.source":"SPRING_CLOUD"},"ipDeleteTimeout":30000,"instanceHeartBeatTimeOut":15000,"instanceHeartBeatInterval":5000}]
2025-11-01 19:57:08.981 [http-nio-8080-exec-1] INFO  com.alibaba.nacos.client.naming - current ips:(1) service: DEFAULT_GROUP@@xiaohashu-user -> [{"ip":"192.168.134.1","port":8082,"weight":1.0,"healthy":true,"enabled":true,"ephemeral":true,"clusterName":"DEFAULT","serviceName":"DEFAULT_GROUP@@xiaohashu-user","metadata":{"preserved.register.source":"SPRING_CLOUD"},"ipDeleteTimeout":30000,"instanceHeartBeatTimeOut":15000,"instanceHeartBeatInterval":5000}]
2025-11-01 19:57:09.205 [http-nio-8080-exec-1] INFO  c.q.f.b.operationlog.aspect.ApiOperationLogAspect - ====== 请求结束: [修改密码], 耗时: 349ms, 出参: {"success":true,"message":null,"errorCode":null,"data":null} =================================== 
2025-11-01 19:57:09.213 [http-nio-8080-exec-1] INFO  c.q.x.auth.filter.HeaderUserId2ContextFilter - ===== 删除 ThreadLocal， userId: 11
2025-11-01 19:57:09.518 [nacos-grpc-client-executor-127.0.0.1-14] INFO  com.alibaba.nacos.common.remote.client - [eb2c5391-0a2f-4285-a4db-44d6e5575376] Receive server push request, request = NotifySubscriberRequest, requestId = 49
2025-11-01 19:57:09.519 [nacos-grpc-client-executor-127.0.0.1-14] INFO  com.alibaba.nacos.common.remote.client - [eb2c5391-0a2f-4285-a4db-44d6e5575376] Ack server push request, request = NotifySubscriberRequest, requestId = 49
2025-11-01 19:58:38.067 [main] WARN  com.alibaba.nacos.client.logging.NacosLogging - Load Logback Configuration of Nacos fail, message: Could not initialize Logback Nacos logging from classpath:nacos-logback.xml
2025-11-01 19:58:38.107 [main] WARN  com.alibaba.nacos.client.logging.NacosLogging - Load Logback Configuration of Nacos fail, message: Could not initialize Logback Nacos logging from classpath:nacos-logback.xml
2025-11-01 19:58:38.271 [main] WARN  com.alibaba.nacos.client.logging.NacosLogging - Load Logback Configuration of Nacos fail, message: Could not initialize Logback Nacos logging from classpath:nacos-logback.xml
2025-11-01 19:58:38.272 [main] INFO  com.alibaba.nacos.client.utils.ParamUtil - [settings] [req-serv] nacos-server port:8848
2025-11-01 19:58:38.272 [main] INFO  com.alibaba.nacos.client.utils.ParamUtil - [settings] [http-client] connect timeout:1000
2025-11-01 19:58:38.276 [main] INFO  com.alibaba.nacos.client.utils.ParamUtil - PER_TASK_CONFIG_SIZE: 3000.0
2025-11-01 19:58:38.291 [main] INFO  c.a.n.p.auth.spi.client.ClientAuthPluginManager - [ClientAuthPluginManager] Load ClientAuthService com.alibaba.nacos.client.auth.impl.NacosClientAuthServiceImpl success.
2025-11-01 19:58:38.292 [main] INFO  c.a.n.p.auth.spi.client.ClientAuthPluginManager - [ClientAuthPluginManager] Load ClientAuthService com.alibaba.nacos.client.auth.ram.RamClientAuthServiceImpl success.
2025-11-01 19:58:38.293 [main] INFO  c.a.n.client.auth.ram.identify.CredentialWatcher - null No credential found
2025-11-01 19:58:39.624 [main] WARN  com.alibaba.nacos.client.logging.NacosLogging - Load Logback Configuration of Nacos fail, message: Could not initialize Logback Nacos logging from classpath:nacos-logback.xml
2025-11-01 19:58:39.633 [main] INFO  c.a.n.client.config.impl.LocalConfigInfoProcessor - LOCAL_SNAPSHOT_PATH:C:\Users\hp\nacos\config
2025-11-01 19:58:39.635 [main] INFO  com.alibaba.nacos.common.remote.client - [RpcClientFactory] create a new rpc client of 8d58a9ed-3f5e-4ba9-b6e9-cc215fd463e1_config-0
2025-11-01 19:58:39.645 [main] INFO  com.alibaba.nacos.common.remote.client - [8d58a9ed-3f5e-4ba9-b6e9-cc215fd463e1_config-0] Register server push request handler:com.alibaba.nacos.client.config.impl.ClientWorker$ConfigRpcTransportClient$$Lambda$586/0x0000029fb033ca58
2025-11-01 19:58:39.645 [main] INFO  com.alibaba.nacos.common.remote.client - [8d58a9ed-3f5e-4ba9-b6e9-cc215fd463e1_config-0] Register server push request handler:com.alibaba.nacos.client.config.impl.ClientWorker$ConfigRpcTransportClient$$Lambda$587/0x0000029fb033ce78
2025-11-01 19:58:39.645 [main] INFO  com.alibaba.nacos.common.remote.client - [8d58a9ed-3f5e-4ba9-b6e9-cc215fd463e1_config-0] Registry connection listener to current client:com.alibaba.nacos.client.config.impl.ClientWorker$ConfigRpcTransportClient$1
2025-11-01 19:58:39.645 [main] INFO  com.alibaba.nacos.common.remote.client - [8d58a9ed-3f5e-4ba9-b6e9-cc215fd463e1_config-0] RpcClient init, ServerListFactory = com.alibaba.nacos.client.config.impl.ClientWorker$ConfigRpcTransportClient$2
2025-11-01 19:58:39.651 [main] INFO  com.alibaba.nacos.common.remote.client - [8d58a9ed-3f5e-4ba9-b6e9-cc215fd463e1_config-0] Try to connect to server on start up, server: {serverIp = '127.0.0.1', server main port = 8848}
2025-11-01 19:58:39.676 [main] INFO  c.a.nacos.common.remote.client.grpc.GrpcClient - grpc client connection server:127.0.0.1 ip,serverPort:9848,grpcTslConfig:{"sslProvider":"OPENSSL","enableTls":false,"mutualAuthEnable":false,"trustAll":false}
2025-11-01 19:58:40.350 [main] INFO  com.alibaba.nacos.common.remote.client - [8d58a9ed-3f5e-4ba9-b6e9-cc215fd463e1_config-0] Success to connect to server [127.0.0.1:8848] on start up, connectionId = 1761998320192_127.0.0.1_14564
2025-11-01 19:58:40.350 [com.alibaba.nacos.client.remote.worker] INFO  com.alibaba.nacos.common.remote.client - [8d58a9ed-3f5e-4ba9-b6e9-cc215fd463e1_config-0] Notify connected event to listeners.
2025-11-01 19:58:40.350 [com.alibaba.nacos.client.remote.worker] INFO  com.alibaba.nacos.client.config.impl.ClientWorker - [8d58a9ed-3f5e-4ba9-b6e9-cc215fd463e1_config-0] Connected,notify listen context...
2025-11-01 19:58:40.351 [main] INFO  com.alibaba.nacos.common.remote.client - [8d58a9ed-3f5e-4ba9-b6e9-cc215fd463e1_config-0] Register server push request handler:com.alibaba.nacos.common.remote.client.RpcClient$ConnectResetRequestHandler
2025-11-01 19:58:40.351 [main] INFO  com.alibaba.nacos.common.remote.client - [8d58a9ed-3f5e-4ba9-b6e9-cc215fd463e1_config-0] Register server push request handler:com.alibaba.nacos.common.remote.client.RpcClient$$Lambda$607/0x0000029fb044b978
2025-11-01 19:58:40.374 [main] INFO  com.alibaba.nacos.client.config.impl.Limiter - limitTime:5.0
2025-11-01 19:58:40.384 [main] INFO  com.alibaba.nacos.client.config.utils.JvmUtil - isMultiInstance:false
2025-11-01 19:58:40.392 [main] WARN  c.a.cloud.nacos.client.NacosPropertySourceBuilder - Ignore the empty nacos configuration and get it based on dataId[xiaohashu-auth.yaml] & group[DEFAULT_GROUP]
2025-11-01 19:58:40.396 [main] INFO  o.s.c.b.c.PropertySourceBootstrapConfiguration - Located property source: [BootstrapPropertySource {name='bootstrapProperties-xiaohashu-auth-dev.yaml,DEFAULT_GROUP'}, BootstrapPropertySource {name='bootstrapProperties-xiaohashu-auth.yaml,DEFAULT_GROUP'}, BootstrapPropertySource {name='bootstrapProperties-xiaohashu-auth,DEFAULT_GROUP'}]
2025-11-01 19:58:40.414 [main] WARN  com.alibaba.nacos.client.logging.NacosLogging - Load Logback Configuration of Nacos fail, message: Could not initialize Logback Nacos logging from classpath:nacos-logback.xml
2025-11-01 19:58:40.415 [main] INFO  c.q.xiaohashu.auth.XiaohashuAuthApplication - The following 1 profile is active: "dev"
2025-11-01 19:58:40.830 [main] INFO  o.s.d.r.config.RepositoryConfigurationDelegate - Multiple Spring Data modules found, entering strict repository configuration mode
2025-11-01 19:58:40.831 [main] INFO  o.s.d.r.config.RepositoryConfigurationDelegate - Bootstrapping Spring Data Redis repositories in DEFAULT mode.
2025-11-01 19:58:40.845 [main] INFO  o.s.d.r.config.RepositoryConfigurationDelegate - Finished Spring Data repository scanning in 6 ms. Found 0 Redis repository interfaces.
2025-11-01 19:58:40.938 [main] INFO  o.springframework.cloud.context.scope.GenericScope - BeanFactory id=d318223d-eebf-31c7-94b8-6b089eb2914b
2025-11-01 19:58:40.948 [main] INFO  o.s.c.s.PostProcessorRegistrationDelegate$BeanPostProcessorChecker - Bean 'com.quanxiaoha.xiaohashu.user.api.UserFeignApi' of type [org.springframework.cloud.openfeign.FeignClientFactoryBean] is not eligible for getting processed by all BeanPostProcessors (for example: not eligible for auto-proxying)
2025-11-01 19:58:41.197 [main] INFO  o.s.boot.web.embedded.tomcat.TomcatWebServer - Tomcat initialized with port(s): 8080 (http)
2025-11-01 19:58:41.204 [main] INFO  org.apache.catalina.core.StandardService - Starting service [Tomcat]
2025-11-01 19:58:41.204 [main] INFO  org.apache.catalina.core.StandardEngine - Starting Servlet engine: [Apache Tomcat/10.1.5]
2025-11-01 19:58:41.273 [main] INFO  o.a.c.core.ContainerBase.[Tomcat].[localhost].[/] - Initializing Spring embedded WebApplicationContext
2025-11-01 19:58:41.274 [main] INFO  o.s.b.w.s.c.ServletWebServerApplicationContext - Root WebApplicationContext: initialization completed in 851 ms
2025-11-01 19:58:41.537 [main] INFO  o.s.cloud.openfeign.FeignClientFactoryBean - For 'xiaohashu-user' URL not provided. Will try picking an instance via load-balancing.
2025-11-01 19:58:42.933 [main] INFO  org.springframework.cloud.commons.util.InetUtils - Cannot determine local hostname
2025-11-01 19:58:44.365 [main] INFO  org.springframework.cloud.commons.util.InetUtils - Cannot determine local hostname
2025-11-01 19:58:44.380 [main] WARN  o.s.c.l.c.LoadBalancerCacheAutoConfiguration$LoadBalancerCaffeineWarnLogger - Spring Cloud LoadBalancer is currently working with the default cache. While this cache implementation is useful for development and tests, it's recommended to use Caffeine cache in production.You can switch to using Caffeine cache, by adding it and org.springframework.cache.caffeine.CaffeineCacheManager to the classpath.
2025-11-01 19:58:44.419 [main] INFO  o.s.boot.web.embedded.tomcat.TomcatWebServer - Tomcat started on port(s): 8080 (http) with context path ''
2025-11-01 19:58:44.422 [main] INFO  com.alibaba.nacos.client.naming - initializer namespace from ans.namespace attribute : null
2025-11-01 19:58:44.422 [main] INFO  com.alibaba.nacos.client.naming - initializer namespace from ALIBABA_ALIWARE_NAMESPACE attribute :null
2025-11-01 19:58:44.422 [main] INFO  com.alibaba.nacos.client.naming - initializer namespace from namespace attribute :null
2025-11-01 19:58:44.427 [main] INFO  c.a.n.p.auth.spi.client.ClientAuthPluginManager - [ClientAuthPluginManager] Load ClientAuthService com.alibaba.nacos.client.auth.impl.NacosClientAuthServiceImpl success.
2025-11-01 19:58:44.427 [main] INFO  c.a.n.p.auth.spi.client.ClientAuthPluginManager - [ClientAuthPluginManager] Load ClientAuthService com.alibaba.nacos.client.auth.ram.RamClientAuthServiceImpl success.
2025-11-01 19:58:44.429 [main] INFO  com.alibaba.nacos.common.remote.client - [RpcClientFactory] create a new rpc client of 2e448858-e4d2-4a99-aa0c-32b957a4be09
2025-11-01 19:58:44.430 [main] INFO  com.alibaba.nacos.common.remote.client - [2e448858-e4d2-4a99-aa0c-32b957a4be09] RpcClient init, ServerListFactory = com.alibaba.nacos.client.naming.core.ServerListManager
2025-11-01 19:58:44.431 [main] INFO  com.alibaba.nacos.common.remote.client - [2e448858-e4d2-4a99-aa0c-32b957a4be09] Registry connection listener to current client:com.alibaba.nacos.client.naming.remote.gprc.redo.NamingGrpcRedoService
2025-11-01 19:58:44.431 [main] INFO  com.alibaba.nacos.common.remote.client - [2e448858-e4d2-4a99-aa0c-32b957a4be09] Register server push request handler:com.alibaba.nacos.client.naming.remote.gprc.NamingPushRequestHandler
2025-11-01 19:58:44.431 [main] INFO  com.alibaba.nacos.common.remote.client - [2e448858-e4d2-4a99-aa0c-32b957a4be09] Try to connect to server on start up, server: {serverIp = '127.0.0.1', server main port = 8848}
2025-11-01 19:58:44.431 [main] INFO  c.a.nacos.common.remote.client.grpc.GrpcClient - grpc client connection server:127.0.0.1 ip,serverPort:9848,grpcTslConfig:{"sslProvider":"OPENSSL","enableTls":false,"mutualAuthEnable":false,"trustAll":false}
2025-11-01 19:58:44.550 [main] INFO  com.alibaba.nacos.common.remote.client - [2e448858-e4d2-4a99-aa0c-32b957a4be09] Success to connect to server [127.0.0.1:8848] on start up, connectionId = 1761998324435_127.0.0.1_14567
2025-11-01 19:58:44.550 [main] INFO  com.alibaba.nacos.common.remote.client - [2e448858-e4d2-4a99-aa0c-32b957a4be09] Register server push request handler:com.alibaba.nacos.common.remote.client.RpcClient$ConnectResetRequestHandler
2025-11-01 19:58:44.550 [com.alibaba.nacos.client.remote.worker] INFO  com.alibaba.nacos.common.remote.client - [2e448858-e4d2-4a99-aa0c-32b957a4be09] Notify connected event to listeners.
2025-11-01 19:58:44.550 [main] INFO  com.alibaba.nacos.common.remote.client - [2e448858-e4d2-4a99-aa0c-32b957a4be09] Register server push request handler:com.alibaba.nacos.common.remote.client.RpcClient$$Lambda$607/0x0000029fb044b978
2025-11-01 19:58:44.550 [com.alibaba.nacos.client.remote.worker] INFO  com.alibaba.nacos.client.naming - Grpc connection connect
2025-11-01 19:58:44.551 [main] INFO  com.alibaba.nacos.client.naming - [REGISTER-SERVICE] xiaohashu registering service xiaohashu-auth with instance Instance{instanceId='null', ip='192.168.134.1', port=8080, weight=1.0, healthy=true, enabled=true, ephemeral=true, clusterName='DEFAULT', serviceName='null', metadata={IPv6=null, preserved.register.source=SPRING_CLOUD}}
2025-11-01 19:58:44.559 [main] INFO  c.a.cloud.nacos.registry.NacosServiceRegistry - nacos registry, DEFAULT_GROUP xiaohashu-auth 192.168.134.1:8080 register finished
2025-11-01 19:58:45.721 [main] INFO  org.springframework.cloud.commons.util.InetUtils - Cannot determine local hostname
2025-11-01 19:58:45.734 [main] INFO  c.q.xiaohashu.auth.XiaohashuAuthApplication - Started XiaohashuAuthApplication in 9.195 seconds (process running for 10.043)
2025-11-01 19:58:45.736 [main] INFO  com.alibaba.nacos.client.config.impl.CacheData - nacos.cache.data.init.snapshot = true 
2025-11-01 19:58:45.737 [main] INFO  com.alibaba.nacos.client.config.impl.ClientWorker - [fixed-xiaohashu-127.0.0.1_8848] [subscribe] xiaohashu-auth.yaml+DEFAULT_GROUP+xiaohashu
2025-11-01 19:58:45.741 [main] INFO  com.alibaba.nacos.client.config.impl.CacheData - [fixed-xiaohashu-127.0.0.1_8848] [add-listener] ok, tenant=xiaohashu, dataId=xiaohashu-auth.yaml, group=DEFAULT_GROUP, cnt=1
2025-11-01 19:58:45.741 [main] INFO  c.a.cloud.nacos.refresh.NacosContextRefresher - [Nacos Config] Listening config: dataId=xiaohashu-auth.yaml, group=DEFAULT_GROUP
2025-11-01 19:58:45.742 [main] INFO  com.alibaba.nacos.client.config.impl.ClientWorker - [fixed-xiaohashu-127.0.0.1_8848] [subscribe] xiaohashu-auth-dev.yaml+DEFAULT_GROUP+xiaohashu
2025-11-01 19:58:45.742 [main] INFO  com.alibaba.nacos.client.config.impl.CacheData - [fixed-xiaohashu-127.0.0.1_8848] [add-listener] ok, tenant=xiaohashu, dataId=xiaohashu-auth-dev.yaml, group=DEFAULT_GROUP, cnt=1
2025-11-01 19:58:45.742 [main] INFO  c.a.cloud.nacos.refresh.NacosContextRefresher - [Nacos Config] Listening config: dataId=xiaohashu-auth-dev.yaml, group=DEFAULT_GROUP
2025-11-01 19:58:45.744 [main] INFO  com.alibaba.nacos.client.config.impl.ClientWorker - [fixed-xiaohashu-127.0.0.1_8848] [subscribe] xiaohashu-auth+DEFAULT_GROUP+xiaohashu
2025-11-01 19:58:45.744 [main] INFO  com.alibaba.nacos.client.config.impl.CacheData - [fixed-xiaohashu-127.0.0.1_8848] [add-listener] ok, tenant=xiaohashu, dataId=xiaohashu-auth, group=DEFAULT_GROUP, cnt=1
2025-11-01 19:58:45.744 [main] INFO  c.a.cloud.nacos.refresh.NacosContextRefresher - [Nacos Config] Listening config: dataId=xiaohashu-auth, group=DEFAULT_GROUP
2025-11-01 19:59:56.768 [http-nio-8080-exec-1] INFO  o.a.c.core.ContainerBase.[Tomcat].[localhost].[/] - Initializing Spring DispatcherServlet 'dispatcherServlet'
2025-11-01 19:59:56.769 [http-nio-8080-exec-1] INFO  org.springframework.web.servlet.DispatcherServlet - Initializing Servlet 'dispatcherServlet'
2025-11-01 19:59:56.770 [http-nio-8080-exec-1] INFO  org.springframework.web.servlet.DispatcherServlet - Completed initialization in 1 ms
2025-11-01 19:59:58.759 [http-nio-8080-exec-1] INFO  c.q.x.auth.filter.HeaderUserId2ContextFilter - ## HeaderUserId2ContextFilter, 用户 ID: 11
2025-11-01 20:00:00.901 [http-nio-8080-exec-1] INFO  c.q.x.auth.filter.HeaderUserId2ContextFilter - ===== 设置 userId 到 ThreadLocal 中， 用户 ID: 11
2025-11-01 20:00:09.256 [http-nio-8080-exec-1] INFO  c.q.f.b.operationlog.aspect.ApiOperationLogAspect - ====== 请求开始: [修改密码], 入参: {"newPassword":"123456"}, 请求类: AuthController, 请求方法: updatePassword =================================== 
2025-11-01 20:05:22.376 [Thread-2] WARN  c.alibaba.nacos.common.http.HttpClientBeanHolder - [HttpClientBeanHolder] Start destroying common HttpClient
2025-11-01 20:05:22.377 [Thread-9] WARN  com.alibaba.nacos.common.notify.NotifyCenter - [NotifyCenter] Start destroying Publisher
2025-11-01 20:05:22.377 [Thread-9] WARN  com.alibaba.nacos.common.notify.NotifyCenter - [NotifyCenter] Destruction of the end
2025-11-01 20:05:22.377 [Thread-2] WARN  c.alibaba.nacos.common.http.HttpClientBeanHolder - [HttpClientBeanHolder] Destruction of the end
2025-11-01 20:05:22.401 [http-nio-8080-exec-1] INFO  com.alibaba.nacos.client.naming - [SUBSCRIBE-SERVICE] service:xiaohashu-user, group:DEFAULT_GROUP, clusters: 
2025-11-01 20:05:22.411 [http-nio-8080-exec-1] INFO  com.alibaba.nacos.client.naming - init new ips(1) service: DEFAULT_GROUP@@xiaohashu-user -> [{"ip":"192.168.134.1","port":8082,"weight":1.0,"healthy":true,"enabled":true,"ephemeral":true,"clusterName":"DEFAULT","serviceName":"DEFAULT_GROUP@@xiaohashu-user","metadata":{"preserved.register.source":"SPRING_CLOUD"},"ipDeleteTimeout":30000,"instanceHeartBeatTimeOut":15000,"instanceHeartBeatInterval":5000}]
2025-11-01 20:05:22.412 [http-nio-8080-exec-1] INFO  com.alibaba.nacos.client.naming - current ips:(1) service: DEFAULT_GROUP@@xiaohashu-user -> [{"ip":"192.168.134.1","port":8082,"weight":1.0,"healthy":true,"enabled":true,"ephemeral":true,"clusterName":"DEFAULT","serviceName":"DEFAULT_GROUP@@xiaohashu-user","metadata":{"preserved.register.source":"SPRING_CLOUD"},"ipDeleteTimeout":30000,"instanceHeartBeatTimeOut":15000,"instanceHeartBeatInterval":5000}]
2025-11-01 20:05:22.921 [nacos-grpc-client-executor-127.0.0.1-36] INFO  com.alibaba.nacos.common.remote.client - [2e448858-e4d2-4a99-aa0c-32b957a4be09] Receive server push request, request = NotifySubscriberRequest, requestId = 52
2025-11-01 20:05:22.922 [nacos-grpc-client-executor-127.0.0.1-36] INFO  com.alibaba.nacos.client.naming - removed ips(1) service: DEFAULT_GROUP@@xiaohashu-user -> [{"ip":"192.168.134.1","port":8082,"weight":1.0,"healthy":true,"enabled":true,"ephemeral":true,"clusterName":"DEFAULT","serviceName":"DEFAULT_GROUP@@xiaohashu-user","metadata":{"preserved.register.source":"SPRING_CLOUD"},"ipDeleteTimeout":30000,"instanceHeartBeatTimeOut":15000,"instanceHeartBeatInterval":5000}]
2025-11-01 20:05:22.922 [nacos-grpc-client-executor-127.0.0.1-36] INFO  com.alibaba.nacos.client.naming - current ips:(0) service: DEFAULT_GROUP@@xiaohashu-user -> []
2025-11-01 20:05:22.922 [nacos-grpc-client-executor-127.0.0.1-36] INFO  com.alibaba.nacos.common.remote.client - [2e448858-e4d2-4a99-aa0c-32b957a4be09] Ack server push request, request = NotifySubscriberRequest, requestId = 52
2025-11-01 20:05:24.435 [http-nio-8080-exec-1] ERROR c.q.x.auth.exception.GlobalExceptionHandler - /password/update request error, 
feign.RetryableException: Connection refused: no further information executing POST http://xiaohashu-user/user/password/update
	at feign.FeignException.errorExecuting(FeignException.java:277)
	at feign.SynchronousMethodHandler.executeAndDecode(SynchronousMethodHandler.java:112)
	at feign.SynchronousMethodHandler.invoke(SynchronousMethodHandler.java:72)
	at feign.ReflectiveFeign$FeignInvocationHandler.invoke(ReflectiveFeign.java:98)
	at jdk.proxy2/jdk.proxy2.$Proxy95.updatePassword(Unknown Source)
	at com.quanxiaoha.xiaohashu.auth.rpc.UserRpcService.updatePassword(UserRpcService.java:69)
	at com.quanxiaoha.xiaohashu.auth.service.impl.AuthServiceImpl.updatePassword(AuthServiceImpl.java:150)
	at com.quanxiaoha.xiaohashu.auth.controller.AuthController.updatePassword(AuthController.java:39)
	at java.base/jdk.internal.reflect.NativeMethodAccessorImpl.invoke0(Native Method)
	at java.base/jdk.internal.reflect.NativeMethodAccessorImpl.invoke(NativeMethodAccessorImpl.java:77)
	at java.base/jdk.internal.reflect.DelegatingMethodAccessorImpl.invoke(DelegatingMethodAccessorImpl.java:43)
	at java.base/java.lang.reflect.Method.invoke(Method.java:568)
	at org.springframework.aop.support.AopUtils.invokeJoinpointUsingReflection(AopUtils.java:343)
	at org.springframework.aop.framework.ReflectiveMethodInvocation.invokeJoinpoint(ReflectiveMethodInvocation.java:196)
	at org.springframework.aop.framework.ReflectiveMethodInvocation.proceed(ReflectiveMethodInvocation.java:163)
	at org.springframework.aop.framework.CglibAopProxy$CglibMethodInvocation.proceed(CglibAopProxy.java:752)
	at org.springframework.aop.aspectj.MethodInvocationProceedingJoinPoint.proceed(MethodInvocationProceedingJoinPoint.java:89)
	at com.quanxiaoha.framework.biz.operationlog.aspect.ApiOperationLogAspect.doAround(ApiOperationLogAspect.java:53)
	at java.base/jdk.internal.reflect.NativeMethodAccessorImpl.invoke0(Native Method)
	at java.base/jdk.internal.reflect.NativeMethodAccessorImpl.invoke(NativeMethodAccessorImpl.java:77)
	at java.base/jdk.internal.reflect.DelegatingMethodAccessorImpl.invoke(DelegatingMethodAccessorImpl.java:43)
	at java.base/java.lang.reflect.Method.invoke(Method.java:568)
	at org.springframework.aop.aspectj.AbstractAspectJAdvice.invokeAdviceMethodWithGivenArgs(AbstractAspectJAdvice.java:633)
	at org.springframework.aop.aspectj.AbstractAspectJAdvice.invokeAdviceMethod(AbstractAspectJAdvice.java:623)
	at org.springframework.aop.aspectj.AspectJAroundAdvice.invoke(AspectJAroundAdvice.java:71)
	at org.springframework.aop.framework.ReflectiveMethodInvocation.proceed(ReflectiveMethodInvocation.java:173)
	at org.springframework.aop.framework.CglibAopProxy$CglibMethodInvocation.proceed(CglibAopProxy.java:752)
	at org.springframework.aop.interceptor.ExposeInvocationInterceptor.invoke(ExposeInvocationInterceptor.java:97)
	at org.springframework.aop.framework.ReflectiveMethodInvocation.proceed(ReflectiveMethodInvocation.java:184)
	at org.springframework.aop.framework.CglibAopProxy$CglibMethodInvocation.proceed(CglibAopProxy.java:752)
	at org.springframework.aop.framework.CglibAopProxy$DynamicAdvisedInterceptor.intercept(CglibAopProxy.java:703)
	at com.quanxiaoha.xiaohashu.auth.controller.AuthController$$SpringCGLIB$$0.updatePassword(<generated>)
	at java.base/jdk.internal.reflect.NativeMethodAccessorImpl.invoke0(Native Method)
	at java.base/jdk.internal.reflect.NativeMethodAccessorImpl.invoke(NativeMethodAccessorImpl.java:77)
	at java.base/jdk.internal.reflect.DelegatingMethodAccessorImpl.invoke(DelegatingMethodAccessorImpl.java:43)
	at java.base/java.lang.reflect.Method.invoke(Method.java:568)
	at org.springframework.web.method.support.InvocableHandlerMethod.doInvoke(InvocableHandlerMethod.java:207)
	at org.springframework.web.method.support.InvocableHandlerMethod.invokeForRequest(InvocableHandlerMethod.java:152)
	at org.springframework.web.servlet.mvc.method.annotation.ServletInvocableHandlerMethod.invokeAndHandle(ServletInvocableHandlerMethod.java:117)
	at org.springframework.web.servlet.mvc.method.annotation.RequestMappingHandlerAdapter.invokeHandlerMethod(RequestMappingHandlerAdapter.java:884)
	at org.springframework.web.servlet.mvc.method.annotation.RequestMappingHandlerAdapter.handleInternal(RequestMappingHandlerAdapter.java:797)
	at org.springframework.web.servlet.mvc.method.AbstractHandlerMethodAdapter.handle(AbstractHandlerMethodAdapter.java:87)
	at org.springframework.web.servlet.DispatcherServlet.doDispatch(DispatcherServlet.java:1080)
	at org.springframework.web.servlet.DispatcherServlet.doService(DispatcherServlet.java:973)
	at org.springframework.web.servlet.FrameworkServlet.processRequest(FrameworkServlet.java:1011)
	at org.springframework.web.servlet.FrameworkServlet.doPost(FrameworkServlet.java:914)
	at jakarta.servlet.http.HttpServlet.service(HttpServlet.java:547)
	at org.springframework.web.servlet.FrameworkServlet.service(FrameworkServlet.java:885)
	at jakarta.servlet.http.HttpServlet.service(HttpServlet.java:614)
	at org.apache.catalina.core.ApplicationFilterChain.internalDoFilter(ApplicationFilterChain.java:223)
	at org.apache.catalina.core.ApplicationFilterChain.doFilter(ApplicationFilterChain.java:158)
	at org.apache.tomcat.websocket.server.WsFilter.doFilter(WsFilter.java:53)
	at org.apache.catalina.core.ApplicationFilterChain.internalDoFilter(ApplicationFilterChain.java:185)
	at org.apache.catalina.core.ApplicationFilterChain.doFilter(ApplicationFilterChain.java:158)
	at com.quanxiaoha.xiaohashu.auth.filter.HeaderUserId2ContextFilter.doFilterInternal(HeaderUserId2ContextFilter.java:46)
	at org.springframework.web.filter.OncePerRequestFilter.doFilter(OncePerRequestFilter.java:116)
	at org.apache.catalina.core.ApplicationFilterChain.internalDoFilter(ApplicationFilterChain.java:185)
	at org.apache.catalina.core.ApplicationFilterChain.doFilter(ApplicationFilterChain.java:158)
	at org.springframework.web.filter.RequestContextFilter.doFilterInternal(RequestContextFilter.java:100)
	at org.springframework.web.filter.OncePerRequestFilter.doFilter(OncePerRequestFilter.java:116)
	at org.apache.catalina.core.ApplicationFilterChain.internalDoFilter(ApplicationFilterChain.java:185)
	at org.apache.catalina.core.ApplicationFilterChain.doFilter(ApplicationFilterChain.java:158)
	at cn.dev33.satoken.filter.SaPathCheckFilterForJakartaServlet.doFilter(SaPathCheckFilterForJakartaServlet.java:55)
	at org.apache.catalina.core.ApplicationFilterChain.internalDoFilter(ApplicationFilterChain.java:185)
	at org.apache.catalina.core.ApplicationFilterChain.doFilter(ApplicationFilterChain.java:158)
	at org.springframework.web.filter.FormContentFilter.doFilterInternal(FormContentFilter.java:93)
	at org.springframework.web.filter.OncePerRequestFilter.doFilter(OncePerRequestFilter.java:116)
	at org.apache.catalina.core.ApplicationFilterChain.internalDoFilter(ApplicationFilterChain.java:185)
	at org.apache.catalina.core.ApplicationFilterChain.doFilter(ApplicationFilterChain.java:158)
	at org.springframework.web.filter.CharacterEncodingFilter.doFilterInternal(CharacterEncodingFilter.java:201)
	at org.springframework.web.filter.OncePerRequestFilter.doFilter(OncePerRequestFilter.java:116)
	at org.apache.catalina.core.ApplicationFilterChain.internalDoFilter(ApplicationFilterChain.java:185)
	at org.apache.catalina.core.ApplicationFilterChain.doFilter(ApplicationFilterChain.java:158)
	at org.apache.catalina.core.StandardWrapperValve.invoke(StandardWrapperValve.java:177)
	at org.apache.catalina.core.StandardContextValve.invoke(StandardContextValve.java:97)
	at org.apache.catalina.authenticator.AuthenticatorBase.invoke(AuthenticatorBase.java:542)
	at org.apache.catalina.core.StandardHostValve.invoke(StandardHostValve.java:119)
	at org.apache.catalina.valves.ErrorReportValve.invoke(ErrorReportValve.java:92)
	at org.apache.catalina.core.StandardEngineValve.invoke(StandardEngineValve.java:78)
	at org.apache.catalina.connector.CoyoteAdapter.service(CoyoteAdapter.java:357)
	at org.apache.coyote.http11.Http11Processor.service(Http11Processor.java:400)
	at org.apache.coyote.AbstractProcessorLight.process(AbstractProcessorLight.java:65)
	at org.apache.coyote.AbstractProtocol$ConnectionHandler.process(AbstractProtocol.java:859)
	at org.apache.tomcat.util.net.NioEndpoint$SocketProcessor.doRun(NioEndpoint.java:1734)
	at org.apache.tomcat.util.net.SocketProcessorBase.run(SocketProcessorBase.java:52)
	at org.apache.tomcat.util.threads.ThreadPoolExecutor.runWorker(ThreadPoolExecutor.java:1191)
	at org.apache.tomcat.util.threads.ThreadPoolExecutor$Worker.run(ThreadPoolExecutor.java:659)
	at org.apache.tomcat.util.threads.TaskThread$WrappingRunnable.run(TaskThread.java:61)
	at java.base/java.lang.Thread.run(Thread.java:842)
Caused by: java.net.ConnectException: Connection refused: no further information
	at java.base/sun.nio.ch.Net.pollConnect(Native Method)
	at java.base/sun.nio.ch.Net.pollConnectNow(Net.java:672)
	at java.base/sun.nio.ch.NioSocketImpl.timedFinishConnect(NioSocketImpl.java:554)
	at java.base/sun.nio.ch.NioSocketImpl.connect(NioSocketImpl.java:602)
	at java.base/java.net.Socket.connect(Socket.java:633)
	at java.base/sun.net.NetworkClient.doConnect(NetworkClient.java:178)
	at java.base/sun.net.www.http.HttpClient.openServer(HttpClient.java:534)
	at java.base/sun.net.www.http.HttpClient.openServer(HttpClient.java:639)
	at java.base/sun.net.www.http.HttpClient.<init>(HttpClient.java:282)
	at java.base/sun.net.www.http.HttpClient.New(HttpClient.java:387)
	at java.base/sun.net.www.http.HttpClient.New(HttpClient.java:409)
	at java.base/sun.net.www.protocol.http.HttpURLConnection.getNewHttpClient(HttpURLConnection.java:1308)
	at java.base/sun.net.www.protocol.http.HttpURLConnection.plainConnect0(HttpURLConnection.java:1241)
	at java.base/sun.net.www.protocol.http.HttpURLConnection.plainConnect(HttpURLConnection.java:1127)
	at java.base/sun.net.www.protocol.http.HttpURLConnection.connect(HttpURLConnection.java:1056)
	at java.base/sun.net.www.protocol.http.HttpURLConnection.getOutputStream0(HttpURLConnection.java:1450)
	at java.base/sun.net.www.protocol.http.HttpURLConnection.getOutputStream(HttpURLConnection.java:1421)
	at feign.Client$Default.convertAndSend(Client.java:219)
	at feign.Client$Default.execute(Client.java:105)
	at org.springframework.cloud.openfeign.loadbalancer.LoadBalancerUtils.executeWithLoadBalancerLifecycleProcessing(LoadBalancerUtils.java:56)
	at org.springframework.cloud.openfeign.loadbalancer.LoadBalancerUtils.executeWithLoadBalancerLifecycleProcessing(LoadBalancerUtils.java:91)
	at org.springframework.cloud.openfeign.loadbalancer.FeignBlockingLoadBalancerClient.execute(FeignBlockingLoadBalancerClient.java:134)
	at feign.SynchronousMethodHandler.executeAndDecode(SynchronousMethodHandler.java:102)
	... 87 common frames omitted
2025-11-01 20:05:24.445 [http-nio-8080-exec-1] INFO  c.q.x.auth.filter.HeaderUserId2ContextFilter - ===== 删除 ThreadLocal， userId: 11
2025-11-01 20:05:24.488 [SpringApplicationShutdownHook] INFO  c.a.cloud.nacos.registry.NacosServiceRegistry - De-registering from Nacos Server now...
2025-11-01 20:05:24.488 [SpringApplicationShutdownHook] INFO  com.alibaba.nacos.client.naming - [DEREGISTER-SERVICE] xiaohashu deregistering service xiaohashu-auth with instance: Instance{instanceId='null', ip='192.168.134.1', port=8080, weight=1.0, healthy=true, enabled=true, ephemeral=true, clusterName='DEFAULT', serviceName='null', metadata={}}
2025-11-01 20:05:24.492 [SpringApplicationShutdownHook] INFO  c.a.cloud.nacos.registry.NacosServiceRegistry - De-registration finished.
2025-11-01 20:05:24.492 [SpringApplicationShutdownHook] INFO  com.alibaba.nacos.client.naming - com.alibaba.nacos.client.naming.cache.ServiceInfoHolder do shutdown begin
2025-11-01 20:05:24.492 [SpringApplicationShutdownHook] INFO  com.alibaba.nacos.client.naming - com.alibaba.nacos.client.naming.backups.FailoverReactor do shutdown begin
2025-11-01 20:05:24.492 [SpringApplicationShutdownHook] INFO  com.alibaba.nacos.client.naming - com.alibaba.nacos.client.naming.backups.FailoverReactor do shutdown stop
2025-11-01 20:05:24.492 [SpringApplicationShutdownHook] INFO  com.alibaba.nacos.client.naming - com.alibaba.nacos.client.naming.cache.ServiceInfoHolder do shutdown stop
2025-11-01 20:05:24.492 [SpringApplicationShutdownHook] INFO  com.alibaba.nacos.client.naming - com.alibaba.nacos.client.naming.remote.NamingClientProxyDelegate do shutdown begin
2025-11-01 20:05:24.492 [SpringApplicationShutdownHook] INFO  com.alibaba.nacos.client.naming - com.alibaba.nacos.client.naming.core.ServiceInfoUpdateService do shutdown begin
2025-11-01 20:05:24.492 [SpringApplicationShutdownHook] INFO  com.alibaba.nacos.client.naming - com.alibaba.nacos.client.naming.core.ServiceInfoUpdateService do shutdown stop
2025-11-01 20:05:24.492 [SpringApplicationShutdownHook] INFO  com.alibaba.nacos.client.naming - com.alibaba.nacos.client.naming.core.ServerListManager do shutdown begin
2025-11-01 20:05:24.492 [SpringApplicationShutdownHook] WARN  com.alibaba.nacos.client.naming - [NamingHttpClientManager] Start destroying NacosRestTemplate
2025-11-01 20:05:24.492 [SpringApplicationShutdownHook] WARN  com.alibaba.nacos.client.naming - [NamingHttpClientManager] Destruction of the end
2025-11-01 20:05:24.492 [SpringApplicationShutdownHook] INFO  com.alibaba.nacos.client.naming - com.alibaba.nacos.client.naming.core.ServerListManager do shutdown stop
2025-11-01 20:05:24.492 [SpringApplicationShutdownHook] INFO  com.alibaba.nacos.client.naming - com.alibaba.nacos.client.naming.remote.http.NamingHttpClientProxy do shutdown begin
2025-11-01 20:05:24.492 [SpringApplicationShutdownHook] WARN  com.alibaba.nacos.client.naming - [NamingHttpClientManager] Start destroying NacosRestTemplate
2025-11-01 20:05:24.492 [SpringApplicationShutdownHook] WARN  com.alibaba.nacos.client.naming - [NamingHttpClientManager] Destruction of the end
2025-11-01 20:05:24.492 [SpringApplicationShutdownHook] INFO  com.alibaba.nacos.client.naming - com.alibaba.nacos.client.naming.remote.http.NamingHttpClientProxy do shutdown stop
2025-11-01 20:05:24.492 [SpringApplicationShutdownHook] INFO  com.alibaba.nacos.common.remote.client - Shutdown rpc client, set status to shutdown
2025-11-01 20:05:24.492 [SpringApplicationShutdownHook] INFO  com.alibaba.nacos.common.remote.client - Shutdown client event executor java.util.concurrent.ScheduledThreadPoolExecutor@3e316ba7[Running, pool size = 2, active threads = 2, queued tasks = 0, completed tasks = 0]
2025-11-01 20:05:24.493 [SpringApplicationShutdownHook] INFO  com.alibaba.nacos.common.remote.client - Close current connection 1761998324435_127.0.0.1_14567
2025-11-01 20:05:24.494 [nacos-grpc-client-executor-127.0.0.1-38] INFO  c.a.nacos.common.remote.client.grpc.GrpcClient - [1761998324435_127.0.0.1_14567]Ignore complete event,isRunning:false,isAbandon=false
2025-11-01 20:05:24.496 [SpringApplicationShutdownHook] INFO  c.a.nacos.common.remote.client.grpc.GrpcClient - Shutdown grpc executor java.util.concurrent.ThreadPoolExecutor@14922212[Running, pool size = 6, active threads = 0, queued tasks = 0, completed tasks = 39]
2025-11-01 20:05:24.496 [SpringApplicationShutdownHook] INFO  com.alibaba.nacos.client.naming - Shutdown grpc redo service executor java.util.concurrent.ScheduledThreadPoolExecutor@590c12f4[Running, pool size = 1, active threads = 0, queued tasks = 1, completed tasks = 32]
2025-11-01 20:05:24.496 [SpringApplicationShutdownHook] INFO  c.a.n.client.auth.ram.identify.CredentialWatcher - [null] CredentialWatcher is stopped
2025-11-01 20:05:24.496 [SpringApplicationShutdownHook] INFO  c.a.n.client.auth.ram.identify.CredentialService - [null] CredentialService is freed
2025-11-01 20:05:24.496 [SpringApplicationShutdownHook] INFO  com.alibaba.nacos.client.naming - com.alibaba.nacos.client.naming.remote.NamingClientProxyDelegate do shutdown stop
2025-11-01 20:07:30.159 [main] WARN  com.alibaba.nacos.client.logging.NacosLogging - Load Logback Configuration of Nacos fail, message: Could not initialize Logback Nacos logging from classpath:nacos-logback.xml
2025-11-01 20:07:30.207 [main] WARN  com.alibaba.nacos.client.logging.NacosLogging - Load Logback Configuration of Nacos fail, message: Could not initialize Logback Nacos logging from classpath:nacos-logback.xml
2025-11-01 20:07:30.406 [main] WARN  com.alibaba.nacos.client.logging.NacosLogging - Load Logback Configuration of Nacos fail, message: Could not initialize Logback Nacos logging from classpath:nacos-logback.xml
2025-11-01 20:07:30.407 [main] INFO  com.alibaba.nacos.client.utils.ParamUtil - [settings] [req-serv] nacos-server port:8848
2025-11-01 20:07:30.411 [main] INFO  com.alibaba.nacos.client.utils.ParamUtil - [settings] [http-client] connect timeout:1000
2025-11-01 20:07:30.412 [main] INFO  com.alibaba.nacos.client.utils.ParamUtil - PER_TASK_CONFIG_SIZE: 3000.0
2025-11-01 20:07:30.428 [main] INFO  c.a.n.p.auth.spi.client.ClientAuthPluginManager - [ClientAuthPluginManager] Load ClientAuthService com.alibaba.nacos.client.auth.impl.NacosClientAuthServiceImpl success.
2025-11-01 20:07:30.428 [main] INFO  c.a.n.p.auth.spi.client.ClientAuthPluginManager - [ClientAuthPluginManager] Load ClientAuthService com.alibaba.nacos.client.auth.ram.RamClientAuthServiceImpl success.
2025-11-01 20:07:30.430 [main] INFO  c.a.n.client.auth.ram.identify.CredentialWatcher - null No credential found
2025-11-01 20:07:31.711 [main] WARN  com.alibaba.nacos.client.logging.NacosLogging - Load Logback Configuration of Nacos fail, message: Could not initialize Logback Nacos logging from classpath:nacos-logback.xml
2025-11-01 20:07:31.721 [main] INFO  c.a.n.client.config.impl.LocalConfigInfoProcessor - LOCAL_SNAPSHOT_PATH:C:\Users\hp\nacos\config
2025-11-01 20:07:31.723 [main] INFO  com.alibaba.nacos.common.remote.client - [RpcClientFactory] create a new rpc client of fbd0d5fb-d490-4b6f-a5c6-289b777fc604_config-0
2025-11-01 20:07:31.735 [main] INFO  com.alibaba.nacos.common.remote.client - [fbd0d5fb-d490-4b6f-a5c6-289b777fc604_config-0] Register server push request handler:com.alibaba.nacos.client.config.impl.ClientWorker$ConfigRpcTransportClient$$Lambda$586/0x000001e29133d150
2025-11-01 20:07:31.735 [main] INFO  com.alibaba.nacos.common.remote.client - [fbd0d5fb-d490-4b6f-a5c6-289b777fc604_config-0] Register server push request handler:com.alibaba.nacos.client.config.impl.ClientWorker$ConfigRpcTransportClient$$Lambda$587/0x000001e29133d570
2025-11-01 20:07:31.736 [main] INFO  com.alibaba.nacos.common.remote.client - [fbd0d5fb-d490-4b6f-a5c6-289b777fc604_config-0] Registry connection listener to current client:com.alibaba.nacos.client.config.impl.ClientWorker$ConfigRpcTransportClient$1
2025-11-01 20:07:31.736 [main] INFO  com.alibaba.nacos.common.remote.client - [fbd0d5fb-d490-4b6f-a5c6-289b777fc604_config-0] RpcClient init, ServerListFactory = com.alibaba.nacos.client.config.impl.ClientWorker$ConfigRpcTransportClient$2
2025-11-01 20:07:31.743 [main] INFO  com.alibaba.nacos.common.remote.client - [fbd0d5fb-d490-4b6f-a5c6-289b777fc604_config-0] Try to connect to server on start up, server: {serverIp = '127.0.0.1', server main port = 8848}
2025-11-01 20:07:31.772 [main] INFO  c.a.nacos.common.remote.client.grpc.GrpcClient - grpc client connection server:127.0.0.1 ip,serverPort:9848,grpcTslConfig:{"sslProvider":"OPENSSL","enableTls":false,"mutualAuthEnable":false,"trustAll":false}
2025-11-01 20:07:32.568 [main] INFO  com.alibaba.nacos.common.remote.client - [fbd0d5fb-d490-4b6f-a5c6-289b777fc604_config-0] Success to connect to server [127.0.0.1:8848] on start up, connectionId = 1761998852395_127.0.0.1_14879
2025-11-01 20:07:32.568 [com.alibaba.nacos.client.remote.worker] INFO  com.alibaba.nacos.common.remote.client - [fbd0d5fb-d490-4b6f-a5c6-289b777fc604_config-0] Notify connected event to listeners.
2025-11-01 20:07:32.568 [com.alibaba.nacos.client.remote.worker] INFO  com.alibaba.nacos.client.config.impl.ClientWorker - [fbd0d5fb-d490-4b6f-a5c6-289b777fc604_config-0] Connected,notify listen context...
2025-11-01 20:07:32.569 [main] INFO  com.alibaba.nacos.common.remote.client - [fbd0d5fb-d490-4b6f-a5c6-289b777fc604_config-0] Register server push request handler:com.alibaba.nacos.common.remote.client.RpcClient$ConnectResetRequestHandler
2025-11-01 20:07:32.569 [main] INFO  com.alibaba.nacos.common.remote.client - [fbd0d5fb-d490-4b6f-a5c6-289b777fc604_config-0] Register server push request handler:com.alibaba.nacos.common.remote.client.RpcClient$$Lambda$607/0x000001e29144c6e8
2025-11-01 20:07:32.595 [main] INFO  com.alibaba.nacos.client.config.impl.Limiter - limitTime:5.0
2025-11-01 20:07:32.607 [main] INFO  com.alibaba.nacos.client.config.utils.JvmUtil - isMultiInstance:false
2025-11-01 20:07:32.615 [main] WARN  c.a.cloud.nacos.client.NacosPropertySourceBuilder - Ignore the empty nacos configuration and get it based on dataId[xiaohashu-auth.yaml] & group[DEFAULT_GROUP]
2025-11-01 20:07:32.621 [main] INFO  o.s.c.b.c.PropertySourceBootstrapConfiguration - Located property source: [BootstrapPropertySource {name='bootstrapProperties-xiaohashu-auth-dev.yaml,DEFAULT_GROUP'}, BootstrapPropertySource {name='bootstrapProperties-xiaohashu-auth.yaml,DEFAULT_GROUP'}, BootstrapPropertySource {name='bootstrapProperties-xiaohashu-auth,DEFAULT_GROUP'}]
2025-11-01 20:07:32.640 [main] WARN  com.alibaba.nacos.client.logging.NacosLogging - Load Logback Configuration of Nacos fail, message: Could not initialize Logback Nacos logging from classpath:nacos-logback.xml
2025-11-01 20:07:32.640 [main] INFO  c.q.xiaohashu.auth.XiaohashuAuthApplication - The following 1 profile is active: "dev"
2025-11-01 20:07:33.106 [main] INFO  o.s.d.r.config.RepositoryConfigurationDelegate - Multiple Spring Data modules found, entering strict repository configuration mode
2025-11-01 20:07:33.109 [main] INFO  o.s.d.r.config.RepositoryConfigurationDelegate - Bootstrapping Spring Data Redis repositories in DEFAULT mode.
2025-11-01 20:07:33.125 [main] INFO  o.s.d.r.config.RepositoryConfigurationDelegate - Finished Spring Data repository scanning in 6 ms. Found 0 Redis repository interfaces.
2025-11-01 20:07:33.236 [main] INFO  o.springframework.cloud.context.scope.GenericScope - BeanFactory id=d318223d-eebf-31c7-94b8-6b089eb2914b
2025-11-01 20:07:33.248 [main] INFO  o.s.c.s.PostProcessorRegistrationDelegate$BeanPostProcessorChecker - Bean 'com.quanxiaoha.xiaohashu.user.api.UserFeignApi' of type [org.springframework.cloud.openfeign.FeignClientFactoryBean] is not eligible for getting processed by all BeanPostProcessors (for example: not eligible for auto-proxying)
2025-11-01 20:07:33.525 [main] INFO  o.s.boot.web.embedded.tomcat.TomcatWebServer - Tomcat initialized with port(s): 8080 (http)
2025-11-01 20:07:33.532 [main] INFO  org.apache.catalina.core.StandardService - Starting service [Tomcat]
2025-11-01 20:07:33.533 [main] INFO  org.apache.catalina.core.StandardEngine - Starting Servlet engine: [Apache Tomcat/10.1.5]
2025-11-01 20:07:33.611 [main] INFO  o.a.c.core.ContainerBase.[Tomcat].[localhost].[/] - Initializing Spring embedded WebApplicationContext
2025-11-01 20:07:33.612 [main] INFO  o.s.b.w.s.c.ServletWebServerApplicationContext - Root WebApplicationContext: initialization completed in 959 ms
2025-11-01 20:07:33.935 [main] INFO  o.s.cloud.openfeign.FeignClientFactoryBean - For 'xiaohashu-user' URL not provided. Will try picking an instance via load-balancing.
2025-11-01 20:07:38.576 [Thread-2] WARN  c.alibaba.nacos.common.http.HttpClientBeanHolder - [HttpClientBeanHolder] Start destroying common HttpClient
2025-11-01 20:07:38.576 [Thread-9] WARN  com.alibaba.nacos.common.notify.NotifyCenter - [NotifyCenter] Start destroying Publisher
2025-11-01 20:07:38.577 [Thread-9] WARN  com.alibaba.nacos.common.notify.NotifyCenter - [NotifyCenter] Destruction of the end
2025-11-01 20:07:38.577 [Thread-2] WARN  c.alibaba.nacos.common.http.HttpClientBeanHolder - [HttpClientBeanHolder] Destruction of the end
2025-11-01 20:07:39.953 [main] INFO  org.springframework.cloud.commons.util.InetUtils - Cannot determine local hostname
2025-11-01 20:07:41.405 [main] INFO  org.springframework.cloud.commons.util.InetUtils - Cannot determine local hostname
2025-11-01 20:07:41.420 [main] WARN  o.s.c.l.c.LoadBalancerCacheAutoConfiguration$LoadBalancerCaffeineWarnLogger - Spring Cloud LoadBalancer is currently working with the default cache. While this cache implementation is useful for development and tests, it's recommended to use Caffeine cache in production.You can switch to using Caffeine cache, by adding it and org.springframework.cache.caffeine.CaffeineCacheManager to the classpath.
2025-11-01 20:07:41.460 [main] INFO  o.s.boot.web.embedded.tomcat.TomcatWebServer - Tomcat started on port(s): 8080 (http) with context path ''
2025-11-01 20:07:41.463 [main] INFO  com.alibaba.nacos.client.naming - initializer namespace from ans.namespace attribute : null
2025-11-01 20:07:41.464 [main] INFO  com.alibaba.nacos.client.naming - initializer namespace from ALIBABA_ALIWARE_NAMESPACE attribute :null
2025-11-01 20:07:41.464 [main] INFO  com.alibaba.nacos.client.naming - initializer namespace from namespace attribute :null
2025-11-01 20:07:41.469 [main] INFO  c.a.n.p.auth.spi.client.ClientAuthPluginManager - [ClientAuthPluginManager] Load ClientAuthService com.alibaba.nacos.client.auth.impl.NacosClientAuthServiceImpl success.
2025-11-01 20:07:41.469 [main] INFO  c.a.n.p.auth.spi.client.ClientAuthPluginManager - [ClientAuthPluginManager] Load ClientAuthService com.alibaba.nacos.client.auth.ram.RamClientAuthServiceImpl success.
2025-11-01 20:07:41.471 [main] INFO  com.alibaba.nacos.common.remote.client - [RpcClientFactory] create a new rpc client of 2db52225-bb6a-49e8-9ece-316ed00746b2
2025-11-01 20:07:41.473 [main] INFO  com.alibaba.nacos.common.remote.client - [2db52225-bb6a-49e8-9ece-316ed00746b2] RpcClient init, ServerListFactory = com.alibaba.nacos.client.naming.core.ServerListManager
2025-11-01 20:07:41.473 [main] INFO  com.alibaba.nacos.common.remote.client - [2db52225-bb6a-49e8-9ece-316ed00746b2] Registry connection listener to current client:com.alibaba.nacos.client.naming.remote.gprc.redo.NamingGrpcRedoService
2025-11-01 20:07:41.473 [main] INFO  com.alibaba.nacos.common.remote.client - [2db52225-bb6a-49e8-9ece-316ed00746b2] Register server push request handler:com.alibaba.nacos.client.naming.remote.gprc.NamingPushRequestHandler
2025-11-01 20:07:41.473 [main] INFO  com.alibaba.nacos.common.remote.client - [2db52225-bb6a-49e8-9ece-316ed00746b2] Try to connect to server on start up, server: {serverIp = '127.0.0.1', server main port = 8848}
2025-11-01 20:07:41.473 [main] INFO  c.a.nacos.common.remote.client.grpc.GrpcClient - grpc client connection server:127.0.0.1 ip,serverPort:9848,grpcTslConfig:{"sslProvider":"OPENSSL","enableTls":false,"mutualAuthEnable":false,"trustAll":false}
2025-11-01 20:07:41.595 [main] INFO  com.alibaba.nacos.common.remote.client - [2db52225-bb6a-49e8-9ece-316ed00746b2] Success to connect to server [127.0.0.1:8848] on start up, connectionId = 1761998861477_127.0.0.1_14883
2025-11-01 20:07:41.595 [main] INFO  com.alibaba.nacos.common.remote.client - [2db52225-bb6a-49e8-9ece-316ed00746b2] Register server push request handler:com.alibaba.nacos.common.remote.client.RpcClient$ConnectResetRequestHandler
2025-11-01 20:07:41.595 [main] INFO  com.alibaba.nacos.common.remote.client - [2db52225-bb6a-49e8-9ece-316ed00746b2] Register server push request handler:com.alibaba.nacos.common.remote.client.RpcClient$$Lambda$607/0x000001e29144c6e8
2025-11-01 20:07:41.595 [com.alibaba.nacos.client.remote.worker] INFO  com.alibaba.nacos.common.remote.client - [2db52225-bb6a-49e8-9ece-316ed00746b2] Notify connected event to listeners.
2025-11-01 20:07:41.595 [com.alibaba.nacos.client.remote.worker] INFO  com.alibaba.nacos.client.naming - Grpc connection connect
2025-11-01 20:07:41.596 [main] INFO  com.alibaba.nacos.client.naming - [REGISTER-SERVICE] xiaohashu registering service xiaohashu-auth with instance Instance{instanceId='null', ip='192.168.134.1', port=8080, weight=1.0, healthy=true, enabled=true, ephemeral=true, clusterName='DEFAULT', serviceName='null', metadata={IPv6=null, preserved.register.source=SPRING_CLOUD}}
2025-11-01 20:07:41.605 [main] INFO  c.a.cloud.nacos.registry.NacosServiceRegistry - nacos registry, DEFAULT_GROUP xiaohashu-auth 192.168.134.1:8080 register finished
2025-11-01 20:07:42.798 [main] INFO  org.springframework.cloud.commons.util.InetUtils - Cannot determine local hostname
2025-11-01 20:07:42.810 [main] INFO  c.q.xiaohashu.auth.XiaohashuAuthApplication - Started XiaohashuAuthApplication in 14.351 seconds (process running for 15.085)
2025-11-01 20:07:42.812 [main] INFO  com.alibaba.nacos.client.config.impl.CacheData - nacos.cache.data.init.snapshot = true 
2025-11-01 20:07:42.813 [main] INFO  com.alibaba.nacos.client.config.impl.ClientWorker - [fixed-xiaohashu-127.0.0.1_8848] [subscribe] xiaohashu-auth.yaml+DEFAULT_GROUP+xiaohashu
2025-11-01 20:07:42.817 [main] INFO  com.alibaba.nacos.client.config.impl.CacheData - [fixed-xiaohashu-127.0.0.1_8848] [add-listener] ok, tenant=xiaohashu, dataId=xiaohashu-auth.yaml, group=DEFAULT_GROUP, cnt=1
2025-11-01 20:07:42.817 [main] INFO  c.a.cloud.nacos.refresh.NacosContextRefresher - [Nacos Config] Listening config: dataId=xiaohashu-auth.yaml, group=DEFAULT_GROUP
2025-11-01 20:07:42.817 [main] INFO  com.alibaba.nacos.client.config.impl.ClientWorker - [fixed-xiaohashu-127.0.0.1_8848] [subscribe] xiaohashu-auth-dev.yaml+DEFAULT_GROUP+xiaohashu
2025-11-01 20:07:42.817 [main] INFO  com.alibaba.nacos.client.config.impl.CacheData - [fixed-xiaohashu-127.0.0.1_8848] [add-listener] ok, tenant=xiaohashu, dataId=xiaohashu-auth-dev.yaml, group=DEFAULT_GROUP, cnt=1
2025-11-01 20:07:42.817 [main] INFO  c.a.cloud.nacos.refresh.NacosContextRefresher - [Nacos Config] Listening config: dataId=xiaohashu-auth-dev.yaml, group=DEFAULT_GROUP
2025-11-01 20:07:42.818 [main] INFO  com.alibaba.nacos.client.config.impl.ClientWorker - [fixed-xiaohashu-127.0.0.1_8848] [subscribe] xiaohashu-auth+DEFAULT_GROUP+xiaohashu
2025-11-01 20:07:42.818 [main] INFO  com.alibaba.nacos.client.config.impl.CacheData - [fixed-xiaohashu-127.0.0.1_8848] [add-listener] ok, tenant=xiaohashu, dataId=xiaohashu-auth, group=DEFAULT_GROUP, cnt=1
2025-11-01 20:07:42.818 [main] INFO  c.a.cloud.nacos.refresh.NacosContextRefresher - [Nacos Config] Listening config: dataId=xiaohashu-auth, group=DEFAULT_GROUP
2025-11-01 20:07:42.834 [SpringApplicationShutdownHook] INFO  c.a.cloud.nacos.registry.NacosServiceRegistry - De-registering from Nacos Server now...
2025-11-01 20:07:42.834 [SpringApplicationShutdownHook] INFO  com.alibaba.nacos.client.naming - [DEREGISTER-SERVICE] xiaohashu deregistering service xiaohashu-auth with instance: Instance{instanceId='null', ip='192.168.134.1', port=8080, weight=1.0, healthy=true, enabled=true, ephemeral=true, clusterName='DEFAULT', serviceName='null', metadata={}}
2025-11-01 20:07:42.838 [SpringApplicationShutdownHook] INFO  c.a.cloud.nacos.registry.NacosServiceRegistry - De-registration finished.
2025-11-01 20:07:42.838 [SpringApplicationShutdownHook] INFO  com.alibaba.nacos.client.naming - com.alibaba.nacos.client.naming.cache.ServiceInfoHolder do shutdown begin
2025-11-01 20:07:42.839 [SpringApplicationShutdownHook] INFO  com.alibaba.nacos.client.naming - com.alibaba.nacos.client.naming.backups.FailoverReactor do shutdown begin
2025-11-01 20:07:43.175 [SpringApplicationShutdownHook] INFO  com.alibaba.nacos.client.naming - com.alibaba.nacos.client.naming.backups.FailoverReactor do shutdown stop
2025-11-01 20:07:43.175 [SpringApplicationShutdownHook] INFO  com.alibaba.nacos.client.naming - com.alibaba.nacos.client.naming.cache.ServiceInfoHolder do shutdown stop
2025-11-01 20:07:43.175 [SpringApplicationShutdownHook] INFO  com.alibaba.nacos.client.naming - com.alibaba.nacos.client.naming.remote.NamingClientProxyDelegate do shutdown begin
2025-11-01 20:07:43.175 [SpringApplicationShutdownHook] INFO  com.alibaba.nacos.client.naming - com.alibaba.nacos.client.naming.core.ServiceInfoUpdateService do shutdown begin
2025-11-01 20:07:43.176 [SpringApplicationShutdownHook] INFO  com.alibaba.nacos.client.naming - com.alibaba.nacos.client.naming.core.ServiceInfoUpdateService do shutdown stop
2025-11-01 20:07:43.176 [SpringApplicationShutdownHook] INFO  com.alibaba.nacos.client.naming - com.alibaba.nacos.client.naming.core.ServerListManager do shutdown begin
2025-11-01 20:07:43.176 [SpringApplicationShutdownHook] WARN  com.alibaba.nacos.client.naming - [NamingHttpClientManager] Start destroying NacosRestTemplate
2025-11-01 20:07:43.176 [SpringApplicationShutdownHook] WARN  com.alibaba.nacos.client.naming - [NamingHttpClientManager] Destruction of the end
2025-11-01 20:07:43.176 [SpringApplicationShutdownHook] INFO  com.alibaba.nacos.client.naming - com.alibaba.nacos.client.naming.core.ServerListManager do shutdown stop
2025-11-01 20:07:43.176 [SpringApplicationShutdownHook] INFO  com.alibaba.nacos.client.naming - com.alibaba.nacos.client.naming.remote.http.NamingHttpClientProxy do shutdown begin
2025-11-01 20:07:43.176 [SpringApplicationShutdownHook] WARN  com.alibaba.nacos.client.naming - [NamingHttpClientManager] Start destroying NacosRestTemplate
2025-11-01 20:07:43.176 [SpringApplicationShutdownHook] WARN  com.alibaba.nacos.client.naming - [NamingHttpClientManager] Destruction of the end
2025-11-01 20:07:43.176 [SpringApplicationShutdownHook] INFO  com.alibaba.nacos.client.naming - com.alibaba.nacos.client.naming.remote.http.NamingHttpClientProxy do shutdown stop
2025-11-01 20:07:43.176 [SpringApplicationShutdownHook] INFO  com.alibaba.nacos.common.remote.client - Shutdown rpc client, set status to shutdown
2025-11-01 20:07:43.176 [SpringApplicationShutdownHook] INFO  com.alibaba.nacos.common.remote.client - Shutdown client event executor java.util.concurrent.ScheduledThreadPoolExecutor@7b3a0063[Running, pool size = 2, active threads = 2, queued tasks = 0, completed tasks = 0]
2025-11-01 20:07:43.176 [SpringApplicationShutdownHook] INFO  com.alibaba.nacos.common.remote.client - Close current connection 1761998861477_127.0.0.1_14883
2025-11-01 20:07:43.178 [nacos-grpc-client-executor-127.0.0.1-9] INFO  c.a.nacos.common.remote.client.grpc.GrpcClient - [1761998861477_127.0.0.1_14883]Ignore complete event,isRunning:false,isAbandon=false
2025-11-01 20:07:43.179 [SpringApplicationShutdownHook] INFO  c.a.nacos.common.remote.client.grpc.GrpcClient - Shutdown grpc executor java.util.concurrent.ThreadPoolExecutor@5419b966[Running, pool size = 10, active threads = 0, queued tasks = 0, completed tasks = 10]
2025-11-01 20:07:43.179 [SpringApplicationShutdownHook] INFO  com.alibaba.nacos.client.naming - Shutdown grpc redo service executor java.util.concurrent.ScheduledThreadPoolExecutor@6145da65[Running, pool size = 1, active threads = 0, queued tasks = 1, completed tasks = 0]
2025-11-01 20:07:43.179 [SpringApplicationShutdownHook] INFO  c.a.n.client.auth.ram.identify.CredentialWatcher - [null] CredentialWatcher is stopped
2025-11-01 20:07:43.179 [SpringApplicationShutdownHook] INFO  c.a.n.client.auth.ram.identify.CredentialService - [null] CredentialService is freed
2025-11-01 20:07:43.179 [SpringApplicationShutdownHook] INFO  com.alibaba.nacos.client.naming - com.alibaba.nacos.client.naming.remote.NamingClientProxyDelegate do shutdown stop
2025-11-01 20:07:47.766 [main] WARN  com.alibaba.nacos.client.logging.NacosLogging - Load Logback Configuration of Nacos fail, message: Could not initialize Logback Nacos logging from classpath:nacos-logback.xml
2025-11-01 20:07:47.814 [main] WARN  com.alibaba.nacos.client.logging.NacosLogging - Load Logback Configuration of Nacos fail, message: Could not initialize Logback Nacos logging from classpath:nacos-logback.xml
2025-11-01 20:07:48.013 [main] WARN  com.alibaba.nacos.client.logging.NacosLogging - Load Logback Configuration of Nacos fail, message: Could not initialize Logback Nacos logging from classpath:nacos-logback.xml
2025-11-01 20:07:48.015 [main] INFO  com.alibaba.nacos.client.utils.ParamUtil - [settings] [req-serv] nacos-server port:8848
2025-11-01 20:07:48.015 [main] INFO  com.alibaba.nacos.client.utils.ParamUtil - [settings] [http-client] connect timeout:1000
2025-11-01 20:07:48.015 [main] INFO  com.alibaba.nacos.client.utils.ParamUtil - PER_TASK_CONFIG_SIZE: 3000.0
2025-11-01 20:07:48.038 [main] INFO  c.a.n.p.auth.spi.client.ClientAuthPluginManager - [ClientAuthPluginManager] Load ClientAuthService com.alibaba.nacos.client.auth.impl.NacosClientAuthServiceImpl success.
2025-11-01 20:07:48.038 [main] INFO  c.a.n.p.auth.spi.client.ClientAuthPluginManager - [ClientAuthPluginManager] Load ClientAuthService com.alibaba.nacos.client.auth.ram.RamClientAuthServiceImpl success.
2025-11-01 20:07:48.040 [main] INFO  c.a.n.client.auth.ram.identify.CredentialWatcher - null No credential found
2025-11-01 20:07:49.357 [main] WARN  com.alibaba.nacos.client.logging.NacosLogging - Load Logback Configuration of Nacos fail, message: Could not initialize Logback Nacos logging from classpath:nacos-logback.xml
2025-11-01 20:07:49.368 [main] INFO  c.a.n.client.config.impl.LocalConfigInfoProcessor - LOCAL_SNAPSHOT_PATH:C:\Users\hp\nacos\config
2025-11-01 20:07:49.370 [main] INFO  com.alibaba.nacos.common.remote.client - [RpcClientFactory] create a new rpc client of 39ab23eb-a266-4e49-bcf3-fa7e4ce5a96d_config-0
2025-11-01 20:07:49.381 [main] INFO  com.alibaba.nacos.common.remote.client - [39ab23eb-a266-4e49-bcf3-fa7e4ce5a96d_config-0] Register server push request handler:com.alibaba.nacos.client.config.impl.ClientWorker$ConfigRpcTransportClient$$Lambda$586/0x000001dd0133cf58
2025-11-01 20:07:49.381 [main] INFO  com.alibaba.nacos.common.remote.client - [39ab23eb-a266-4e49-bcf3-fa7e4ce5a96d_config-0] Register server push request handler:com.alibaba.nacos.client.config.impl.ClientWorker$ConfigRpcTransportClient$$Lambda$587/0x000001dd0133d378
2025-11-01 20:07:49.382 [main] INFO  com.alibaba.nacos.common.remote.client - [39ab23eb-a266-4e49-bcf3-fa7e4ce5a96d_config-0] Registry connection listener to current client:com.alibaba.nacos.client.config.impl.ClientWorker$ConfigRpcTransportClient$1
2025-11-01 20:07:49.382 [main] INFO  com.alibaba.nacos.common.remote.client - [39ab23eb-a266-4e49-bcf3-fa7e4ce5a96d_config-0] RpcClient init, ServerListFactory = com.alibaba.nacos.client.config.impl.ClientWorker$ConfigRpcTransportClient$2
2025-11-01 20:07:49.388 [main] INFO  com.alibaba.nacos.common.remote.client - [39ab23eb-a266-4e49-bcf3-fa7e4ce5a96d_config-0] Try to connect to server on start up, server: {serverIp = '127.0.0.1', server main port = 8848}
2025-11-01 20:07:49.415 [main] INFO  c.a.nacos.common.remote.client.grpc.GrpcClient - grpc client connection server:127.0.0.1 ip,serverPort:9848,grpcTslConfig:{"sslProvider":"OPENSSL","enableTls":false,"mutualAuthEnable":false,"trustAll":false}
2025-11-01 20:07:50.159 [main] INFO  com.alibaba.nacos.common.remote.client - [39ab23eb-a266-4e49-bcf3-fa7e4ce5a96d_config-0] Success to connect to server [127.0.0.1:8848] on start up, connectionId = 1761998869995_127.0.0.1_14894
2025-11-01 20:07:50.159 [com.alibaba.nacos.client.remote.worker] INFO  com.alibaba.nacos.common.remote.client - [39ab23eb-a266-4e49-bcf3-fa7e4ce5a96d_config-0] Notify connected event to listeners.
2025-11-01 20:07:50.159 [com.alibaba.nacos.client.remote.worker] INFO  com.alibaba.nacos.client.config.impl.ClientWorker - [39ab23eb-a266-4e49-bcf3-fa7e4ce5a96d_config-0] Connected,notify listen context...
2025-11-01 20:07:50.160 [main] INFO  com.alibaba.nacos.common.remote.client - [39ab23eb-a266-4e49-bcf3-fa7e4ce5a96d_config-0] Register server push request handler:com.alibaba.nacos.common.remote.client.RpcClient$ConnectResetRequestHandler
2025-11-01 20:07:50.160 [main] INFO  com.alibaba.nacos.common.remote.client - [39ab23eb-a266-4e49-bcf3-fa7e4ce5a96d_config-0] Register server push request handler:com.alibaba.nacos.common.remote.client.RpcClient$$Lambda$607/0x000001dd0144b978
2025-11-01 20:07:50.187 [main] INFO  com.alibaba.nacos.client.config.impl.Limiter - limitTime:5.0
2025-11-01 20:07:50.197 [main] INFO  com.alibaba.nacos.client.config.utils.JvmUtil - isMultiInstance:false
2025-11-01 20:07:50.206 [main] WARN  c.a.cloud.nacos.client.NacosPropertySourceBuilder - Ignore the empty nacos configuration and get it based on dataId[xiaohashu-auth.yaml] & group[DEFAULT_GROUP]
2025-11-01 20:07:50.212 [main] INFO  o.s.c.b.c.PropertySourceBootstrapConfiguration - Located property source: [BootstrapPropertySource {name='bootstrapProperties-xiaohashu-auth-dev.yaml,DEFAULT_GROUP'}, BootstrapPropertySource {name='bootstrapProperties-xiaohashu-auth.yaml,DEFAULT_GROUP'}, BootstrapPropertySource {name='bootstrapProperties-xiaohashu-auth,DEFAULT_GROUP'}]
2025-11-01 20:07:50.232 [main] WARN  com.alibaba.nacos.client.logging.NacosLogging - Load Logback Configuration of Nacos fail, message: Could not initialize Logback Nacos logging from classpath:nacos-logback.xml
2025-11-01 20:07:50.233 [main] INFO  c.q.xiaohashu.auth.XiaohashuAuthApplication - The following 1 profile is active: "dev"
2025-11-01 20:07:50.694 [main] INFO  o.s.d.r.config.RepositoryConfigurationDelegate - Multiple Spring Data modules found, entering strict repository configuration mode
2025-11-01 20:07:50.696 [main] INFO  o.s.d.r.config.RepositoryConfigurationDelegate - Bootstrapping Spring Data Redis repositories in DEFAULT mode.
2025-11-01 20:07:50.714 [main] INFO  o.s.d.r.config.RepositoryConfigurationDelegate - Finished Spring Data repository scanning in 7 ms. Found 0 Redis repository interfaces.
2025-11-01 20:07:50.828 [main] INFO  o.springframework.cloud.context.scope.GenericScope - BeanFactory id=d318223d-eebf-31c7-94b8-6b089eb2914b
2025-11-01 20:07:50.839 [main] INFO  o.s.c.s.PostProcessorRegistrationDelegate$BeanPostProcessorChecker - Bean 'com.quanxiaoha.xiaohashu.user.api.UserFeignApi' of type [org.springframework.cloud.openfeign.FeignClientFactoryBean] is not eligible for getting processed by all BeanPostProcessors (for example: not eligible for auto-proxying)
2025-11-01 20:07:51.102 [main] INFO  o.s.boot.web.embedded.tomcat.TomcatWebServer - Tomcat initialized with port(s): 8080 (http)
2025-11-01 20:07:51.109 [main] INFO  org.apache.catalina.core.StandardService - Starting service [Tomcat]
2025-11-01 20:07:51.109 [main] INFO  org.apache.catalina.core.StandardEngine - Starting Servlet engine: [Apache Tomcat/10.1.5]
2025-11-01 20:07:51.184 [main] INFO  o.a.c.core.ContainerBase.[Tomcat].[localhost].[/] - Initializing Spring embedded WebApplicationContext
2025-11-01 20:07:51.185 [main] INFO  o.s.b.w.s.c.ServletWebServerApplicationContext - Root WebApplicationContext: initialization completed in 939 ms
2025-11-01 20:07:51.478 [main] INFO  o.s.cloud.openfeign.FeignClientFactoryBean - For 'xiaohashu-user' URL not provided. Will try picking an instance via load-balancing.
2025-11-01 20:08:51.166 [main] INFO  org.springframework.cloud.commons.util.InetUtils - Cannot determine local hostname
2025-11-01 20:08:59.429 [Thread-2] WARN  c.alibaba.nacos.common.http.HttpClientBeanHolder - [HttpClientBeanHolder] Start destroying common HttpClient
2025-11-01 20:08:59.429 [Thread-9] WARN  com.alibaba.nacos.common.notify.NotifyCenter - [NotifyCenter] Start destroying Publisher
2025-11-01 20:08:59.430 [Thread-9] WARN  com.alibaba.nacos.common.notify.NotifyCenter - [NotifyCenter] Destruction of the end
2025-11-01 20:08:59.430 [Thread-2] WARN  c.alibaba.nacos.common.http.HttpClientBeanHolder - [HttpClientBeanHolder] Destruction of the end
2025-11-01 20:09:00.671 [main] INFO  org.springframework.cloud.commons.util.InetUtils - Cannot determine local hostname
2025-11-01 20:09:00.691 [main] WARN  o.s.c.l.c.LoadBalancerCacheAutoConfiguration$LoadBalancerCaffeineWarnLogger - Spring Cloud LoadBalancer is currently working with the default cache. While this cache implementation is useful for development and tests, it's recommended to use Caffeine cache in production.You can switch to using Caffeine cache, by adding it and org.springframework.cache.caffeine.CaffeineCacheManager to the classpath.
2025-11-01 20:09:00.742 [main] INFO  o.s.boot.web.embedded.tomcat.TomcatWebServer - Tomcat started on port(s): 8080 (http) with context path ''
2025-11-01 20:09:00.746 [main] INFO  com.alibaba.nacos.client.naming - initializer namespace from ans.namespace attribute : null
2025-11-01 20:09:00.747 [main] INFO  com.alibaba.nacos.client.naming - initializer namespace from ALIBABA_ALIWARE_NAMESPACE attribute :null
2025-11-01 20:09:00.747 [main] INFO  com.alibaba.nacos.client.naming - initializer namespace from namespace attribute :null
2025-11-01 20:09:00.752 [main] INFO  c.a.n.p.auth.spi.client.ClientAuthPluginManager - [ClientAuthPluginManager] Load ClientAuthService com.alibaba.nacos.client.auth.impl.NacosClientAuthServiceImpl success.
2025-11-01 20:09:00.752 [main] INFO  c.a.n.p.auth.spi.client.ClientAuthPluginManager - [ClientAuthPluginManager] Load ClientAuthService com.alibaba.nacos.client.auth.ram.RamClientAuthServiceImpl success.
2025-11-01 20:09:00.755 [main] INFO  com.alibaba.nacos.common.remote.client - [RpcClientFactory] create a new rpc client of ec309185-9a57-4e84-a0f5-f3e579425d9a
2025-11-01 20:09:00.756 [main] INFO  com.alibaba.nacos.common.remote.client - [ec309185-9a57-4e84-a0f5-f3e579425d9a] RpcClient init, ServerListFactory = com.alibaba.nacos.client.naming.core.ServerListManager
2025-11-01 20:09:00.756 [main] INFO  com.alibaba.nacos.common.remote.client - [ec309185-9a57-4e84-a0f5-f3e579425d9a] Registry connection listener to current client:com.alibaba.nacos.client.naming.remote.gprc.redo.NamingGrpcRedoService
2025-11-01 20:09:00.756 [main] INFO  com.alibaba.nacos.common.remote.client - [ec309185-9a57-4e84-a0f5-f3e579425d9a] Register server push request handler:com.alibaba.nacos.client.naming.remote.gprc.NamingPushRequestHandler
2025-11-01 20:09:00.757 [main] INFO  com.alibaba.nacos.common.remote.client - [ec309185-9a57-4e84-a0f5-f3e579425d9a] Try to connect to server on start up, server: {serverIp = '127.0.0.1', server main port = 8848}
2025-11-01 20:09:00.757 [main] INFO  c.a.nacos.common.remote.client.grpc.GrpcClient - grpc client connection server:127.0.0.1 ip,serverPort:9848,grpcTslConfig:{"sslProvider":"OPENSSL","enableTls":false,"mutualAuthEnable":false,"trustAll":false}
2025-11-01 20:09:00.872 [main] INFO  com.alibaba.nacos.common.remote.client - [ec309185-9a57-4e84-a0f5-f3e579425d9a] Success to connect to server [127.0.0.1:8848] on start up, connectionId = 1761998940762_127.0.0.1_14923
2025-11-01 20:09:00.872 [com.alibaba.nacos.client.remote.worker] INFO  com.alibaba.nacos.common.remote.client - [ec309185-9a57-4e84-a0f5-f3e579425d9a] Notify connected event to listeners.
2025-11-01 20:09:00.872 [com.alibaba.nacos.client.remote.worker] INFO  com.alibaba.nacos.client.naming - Grpc connection connect
2025-11-01 20:09:00.873 [main] INFO  com.alibaba.nacos.common.remote.client - [ec309185-9a57-4e84-a0f5-f3e579425d9a] Register server push request handler:com.alibaba.nacos.common.remote.client.RpcClient$ConnectResetRequestHandler
2025-11-01 20:09:00.873 [main] INFO  com.alibaba.nacos.common.remote.client - [ec309185-9a57-4e84-a0f5-f3e579425d9a] Register server push request handler:com.alibaba.nacos.common.remote.client.RpcClient$$Lambda$607/0x000001dd0144b978
2025-11-01 20:09:00.876 [main] INFO  com.alibaba.nacos.client.naming - [REGISTER-SERVICE] xiaohashu registering service xiaohashu-auth with instance Instance{instanceId='null', ip='192.168.134.1', port=8080, weight=1.0, healthy=true, enabled=true, ephemeral=true, clusterName='DEFAULT', serviceName='null', metadata={IPv6=null, preserved.register.source=SPRING_CLOUD}}
2025-11-01 20:09:00.895 [main] INFO  c.a.cloud.nacos.registry.NacosServiceRegistry - nacos registry, DEFAULT_GROUP xiaohashu-auth 192.168.134.1:8080 register finished
2025-11-01 20:09:02.108 [main] INFO  org.springframework.cloud.commons.util.InetUtils - Cannot determine local hostname
2025-11-01 20:09:02.123 [main] INFO  c.q.xiaohashu.auth.XiaohashuAuthApplication - Started XiaohashuAuthApplication in 76.038 seconds (process running for 76.818)
2025-11-01 20:09:02.127 [main] INFO  com.alibaba.nacos.client.config.impl.CacheData - nacos.cache.data.init.snapshot = true 
2025-11-01 20:09:02.127 [main] INFO  com.alibaba.nacos.client.config.impl.ClientWorker - [fixed-xiaohashu-127.0.0.1_8848] [subscribe] xiaohashu-auth.yaml+DEFAULT_GROUP+xiaohashu
2025-11-01 20:09:02.134 [main] INFO  com.alibaba.nacos.client.config.impl.CacheData - [fixed-xiaohashu-127.0.0.1_8848] [add-listener] ok, tenant=xiaohashu, dataId=xiaohashu-auth.yaml, group=DEFAULT_GROUP, cnt=1
2025-11-01 20:09:02.134 [main] INFO  c.a.cloud.nacos.refresh.NacosContextRefresher - [Nacos Config] Listening config: dataId=xiaohashu-auth.yaml, group=DEFAULT_GROUP
2025-11-01 20:09:02.135 [main] INFO  com.alibaba.nacos.client.config.impl.ClientWorker - [fixed-xiaohashu-127.0.0.1_8848] [subscribe] xiaohashu-auth-dev.yaml+DEFAULT_GROUP+xiaohashu
2025-11-01 20:09:02.135 [main] INFO  com.alibaba.nacos.client.config.impl.CacheData - [fixed-xiaohashu-127.0.0.1_8848] [add-listener] ok, tenant=xiaohashu, dataId=xiaohashu-auth-dev.yaml, group=DEFAULT_GROUP, cnt=1
2025-11-01 20:09:02.135 [main] INFO  c.a.cloud.nacos.refresh.NacosContextRefresher - [Nacos Config] Listening config: dataId=xiaohashu-auth-dev.yaml, group=DEFAULT_GROUP
2025-11-01 20:09:02.137 [main] INFO  com.alibaba.nacos.client.config.impl.ClientWorker - [fixed-xiaohashu-127.0.0.1_8848] [subscribe] xiaohashu-auth+DEFAULT_GROUP+xiaohashu
2025-11-01 20:09:02.137 [main] INFO  com.alibaba.nacos.client.config.impl.CacheData - [fixed-xiaohashu-127.0.0.1_8848] [add-listener] ok, tenant=xiaohashu, dataId=xiaohashu-auth, group=DEFAULT_GROUP, cnt=1
2025-11-01 20:09:02.137 [main] INFO  c.a.cloud.nacos.refresh.NacosContextRefresher - [Nacos Config] Listening config: dataId=xiaohashu-auth, group=DEFAULT_GROUP
2025-11-01 20:09:02.152 [SpringApplicationShutdownHook] INFO  c.a.cloud.nacos.registry.NacosServiceRegistry - De-registering from Nacos Server now...
2025-11-01 20:09:02.152 [SpringApplicationShutdownHook] INFO  com.alibaba.nacos.client.naming - [DEREGISTER-SERVICE] xiaohashu deregistering service xiaohashu-auth with instance: Instance{instanceId='null', ip='192.168.134.1', port=8080, weight=1.0, healthy=true, enabled=true, ephemeral=true, clusterName='DEFAULT', serviceName='null', metadata={}}
2025-11-01 20:09:02.156 [SpringApplicationShutdownHook] INFO  c.a.cloud.nacos.registry.NacosServiceRegistry - De-registration finished.
2025-11-01 20:09:02.156 [SpringApplicationShutdownHook] INFO  com.alibaba.nacos.client.naming - com.alibaba.nacos.client.naming.cache.ServiceInfoHolder do shutdown begin
2025-11-01 20:09:02.156 [SpringApplicationShutdownHook] INFO  com.alibaba.nacos.client.naming - com.alibaba.nacos.client.naming.backups.FailoverReactor do shutdown begin
2025-11-01 20:09:02.489 [SpringApplicationShutdownHook] INFO  com.alibaba.nacos.client.naming - com.alibaba.nacos.client.naming.backups.FailoverReactor do shutdown stop
2025-11-01 20:09:02.489 [SpringApplicationShutdownHook] INFO  com.alibaba.nacos.client.naming - com.alibaba.nacos.client.naming.cache.ServiceInfoHolder do shutdown stop
2025-11-01 20:09:02.489 [SpringApplicationShutdownHook] INFO  com.alibaba.nacos.client.naming - com.alibaba.nacos.client.naming.remote.NamingClientProxyDelegate do shutdown begin
2025-11-01 20:09:02.489 [SpringApplicationShutdownHook] INFO  com.alibaba.nacos.client.naming - com.alibaba.nacos.client.naming.core.ServiceInfoUpdateService do shutdown begin
2025-11-01 20:09:02.490 [SpringApplicationShutdownHook] INFO  com.alibaba.nacos.client.naming - com.alibaba.nacos.client.naming.core.ServiceInfoUpdateService do shutdown stop
2025-11-01 20:09:02.490 [SpringApplicationShutdownHook] INFO  com.alibaba.nacos.client.naming - com.alibaba.nacos.client.naming.core.ServerListManager do shutdown begin
2025-11-01 20:09:02.490 [SpringApplicationShutdownHook] WARN  com.alibaba.nacos.client.naming - [NamingHttpClientManager] Start destroying NacosRestTemplate
2025-11-01 20:09:02.490 [SpringApplicationShutdownHook] WARN  com.alibaba.nacos.client.naming - [NamingHttpClientManager] Destruction of the end
2025-11-01 20:09:02.490 [SpringApplicationShutdownHook] INFO  com.alibaba.nacos.client.naming - com.alibaba.nacos.client.naming.core.ServerListManager do shutdown stop
2025-11-01 20:09:02.490 [SpringApplicationShutdownHook] INFO  com.alibaba.nacos.client.naming - com.alibaba.nacos.client.naming.remote.http.NamingHttpClientProxy do shutdown begin
2025-11-01 20:09:02.490 [SpringApplicationShutdownHook] WARN  com.alibaba.nacos.client.naming - [NamingHttpClientManager] Start destroying NacosRestTemplate
2025-11-01 20:09:02.490 [SpringApplicationShutdownHook] WARN  com.alibaba.nacos.client.naming - [NamingHttpClientManager] Destruction of the end
2025-11-01 20:09:02.491 [SpringApplicationShutdownHook] INFO  com.alibaba.nacos.client.naming - com.alibaba.nacos.client.naming.remote.http.NamingHttpClientProxy do shutdown stop
2025-11-01 20:09:02.491 [SpringApplicationShutdownHook] INFO  com.alibaba.nacos.common.remote.client - Shutdown rpc client, set status to shutdown
2025-11-01 20:09:02.491 [SpringApplicationShutdownHook] INFO  com.alibaba.nacos.common.remote.client - Shutdown client event executor java.util.concurrent.ScheduledThreadPoolExecutor@1f74f015[Running, pool size = 2, active threads = 2, queued tasks = 0, completed tasks = 0]
2025-11-01 20:09:02.491 [SpringApplicationShutdownHook] INFO  com.alibaba.nacos.common.remote.client - Close current connection 1761998940762_127.0.0.1_14923
2025-11-01 20:09:02.493 [nacos-grpc-client-executor-127.0.0.1-7] INFO  c.a.nacos.common.remote.client.grpc.GrpcClient - [1761998940762_127.0.0.1_14923]Ignore complete event,isRunning:false,isAbandon=false
2025-11-01 20:09:02.494 [SpringApplicationShutdownHook] INFO  c.a.nacos.common.remote.client.grpc.GrpcClient - Shutdown grpc executor java.util.concurrent.ThreadPoolExecutor@cd50f82[Running, pool size = 8, active threads = 0, queued tasks = 0, completed tasks = 8]
2025-11-01 20:09:02.494 [SpringApplicationShutdownHook] INFO  com.alibaba.nacos.client.naming - Shutdown grpc redo service executor java.util.concurrent.ScheduledThreadPoolExecutor@d2843e5[Running, pool size = 1, active threads = 0, queued tasks = 1, completed tasks = 0]
2025-11-01 20:09:02.494 [SpringApplicationShutdownHook] INFO  c.a.n.client.auth.ram.identify.CredentialWatcher - [null] CredentialWatcher is stopped
2025-11-01 20:09:02.494 [SpringApplicationShutdownHook] INFO  c.a.n.client.auth.ram.identify.CredentialService - [null] CredentialService is freed
2025-11-01 20:09:02.494 [SpringApplicationShutdownHook] INFO  com.alibaba.nacos.client.naming - com.alibaba.nacos.client.naming.remote.NamingClientProxyDelegate do shutdown stop
2025-11-01 20:10:22.692 [main] WARN  com.alibaba.nacos.client.logging.NacosLogging - Load Logback Configuration of Nacos fail, message: Could not initialize Logback Nacos logging from classpath:nacos-logback.xml
2025-11-01 20:10:22.731 [main] WARN  com.alibaba.nacos.client.logging.NacosLogging - Load Logback Configuration of Nacos fail, message: Could not initialize Logback Nacos logging from classpath:nacos-logback.xml
2025-11-01 20:10:22.893 [main] WARN  com.alibaba.nacos.client.logging.NacosLogging - Load Logback Configuration of Nacos fail, message: Could not initialize Logback Nacos logging from classpath:nacos-logback.xml
2025-11-01 20:10:22.894 [main] INFO  com.alibaba.nacos.client.utils.ParamUtil - [settings] [req-serv] nacos-server port:8848
2025-11-01 20:10:22.894 [main] INFO  com.alibaba.nacos.client.utils.ParamUtil - [settings] [http-client] connect timeout:1000
2025-11-01 20:10:22.898 [main] INFO  com.alibaba.nacos.client.utils.ParamUtil - PER_TASK_CONFIG_SIZE: 3000.0
2025-11-01 20:10:22.915 [main] INFO  c.a.n.p.auth.spi.client.ClientAuthPluginManager - [ClientAuthPluginManager] Load ClientAuthService com.alibaba.nacos.client.auth.impl.NacosClientAuthServiceImpl success.
2025-11-01 20:10:22.915 [main] INFO  c.a.n.p.auth.spi.client.ClientAuthPluginManager - [ClientAuthPluginManager] Load ClientAuthService com.alibaba.nacos.client.auth.ram.RamClientAuthServiceImpl success.
2025-11-01 20:10:22.917 [main] INFO  c.a.n.client.auth.ram.identify.CredentialWatcher - null No credential found
2025-11-01 20:10:24.145 [main] WARN  com.alibaba.nacos.client.logging.NacosLogging - Load Logback Configuration of Nacos fail, message: Could not initialize Logback Nacos logging from classpath:nacos-logback.xml
2025-11-01 20:10:24.154 [main] INFO  c.a.n.client.config.impl.LocalConfigInfoProcessor - LOCAL_SNAPSHOT_PATH:C:\Users\hp\nacos\config
2025-11-01 20:10:24.156 [main] INFO  com.alibaba.nacos.common.remote.client - [RpcClientFactory] create a new rpc client of cdd405b3-8928-494c-a368-1fe1610b4029_config-0
2025-11-01 20:10:24.166 [main] INFO  com.alibaba.nacos.common.remote.client - [cdd405b3-8928-494c-a368-1fe1610b4029_config-0] Register server push request handler:com.alibaba.nacos.client.config.impl.ClientWorker$ConfigRpcTransportClient$$Lambda$586/0x000001ba3433d410
2025-11-01 20:10:24.166 [main] INFO  com.alibaba.nacos.common.remote.client - [cdd405b3-8928-494c-a368-1fe1610b4029_config-0] Register server push request handler:com.alibaba.nacos.client.config.impl.ClientWorker$ConfigRpcTransportClient$$Lambda$587/0x000001ba3433d830
2025-11-01 20:10:24.166 [main] INFO  com.alibaba.nacos.common.remote.client - [cdd405b3-8928-494c-a368-1fe1610b4029_config-0] Registry connection listener to current client:com.alibaba.nacos.client.config.impl.ClientWorker$ConfigRpcTransportClient$1
2025-11-01 20:10:24.167 [main] INFO  com.alibaba.nacos.common.remote.client - [cdd405b3-8928-494c-a368-1fe1610b4029_config-0] RpcClient init, ServerListFactory = com.alibaba.nacos.client.config.impl.ClientWorker$ConfigRpcTransportClient$2
2025-11-01 20:10:24.172 [main] INFO  com.alibaba.nacos.common.remote.client - [cdd405b3-8928-494c-a368-1fe1610b4029_config-0] Try to connect to server on start up, server: {serverIp = '127.0.0.1', server main port = 8848}
2025-11-01 20:10:24.196 [main] INFO  c.a.nacos.common.remote.client.grpc.GrpcClient - grpc client connection server:127.0.0.1 ip,serverPort:9848,grpcTslConfig:{"sslProvider":"OPENSSL","enableTls":false,"mutualAuthEnable":false,"trustAll":false}
2025-11-01 20:10:24.841 [main] INFO  com.alibaba.nacos.common.remote.client - [cdd405b3-8928-494c-a368-1fe1610b4029_config-0] Success to connect to server [127.0.0.1:8848] on start up, connectionId = 1761999024679_127.0.0.1_14972
2025-11-01 20:10:24.841 [com.alibaba.nacos.client.remote.worker] INFO  com.alibaba.nacos.common.remote.client - [cdd405b3-8928-494c-a368-1fe1610b4029_config-0] Notify connected event to listeners.
2025-11-01 20:10:24.841 [com.alibaba.nacos.client.remote.worker] INFO  com.alibaba.nacos.client.config.impl.ClientWorker - [cdd405b3-8928-494c-a368-1fe1610b4029_config-0] Connected,notify listen context...
2025-11-01 20:10:24.842 [main] INFO  com.alibaba.nacos.common.remote.client - [cdd405b3-8928-494c-a368-1fe1610b4029_config-0] Register server push request handler:com.alibaba.nacos.common.remote.client.RpcClient$ConnectResetRequestHandler
2025-11-01 20:10:24.842 [main] INFO  com.alibaba.nacos.common.remote.client - [cdd405b3-8928-494c-a368-1fe1610b4029_config-0] Register server push request handler:com.alibaba.nacos.common.remote.client.RpcClient$$Lambda$607/0x000001ba3444d220
2025-11-01 20:10:24.862 [main] INFO  com.alibaba.nacos.client.config.impl.Limiter - limitTime:5.0
2025-11-01 20:10:24.870 [main] INFO  com.alibaba.nacos.client.config.utils.JvmUtil - isMultiInstance:false
2025-11-01 20:10:24.880 [main] WARN  c.a.cloud.nacos.client.NacosPropertySourceBuilder - Ignore the empty nacos configuration and get it based on dataId[xiaohashu-auth.yaml] & group[DEFAULT_GROUP]
2025-11-01 20:10:24.884 [main] INFO  o.s.c.b.c.PropertySourceBootstrapConfiguration - Located property source: [BootstrapPropertySource {name='bootstrapProperties-xiaohashu-auth-dev.yaml,DEFAULT_GROUP'}, BootstrapPropertySource {name='bootstrapProperties-xiaohashu-auth.yaml,DEFAULT_GROUP'}, BootstrapPropertySource {name='bootstrapProperties-xiaohashu-auth,DEFAULT_GROUP'}]
2025-11-01 20:10:24.903 [main] WARN  com.alibaba.nacos.client.logging.NacosLogging - Load Logback Configuration of Nacos fail, message: Could not initialize Logback Nacos logging from classpath:nacos-logback.xml
2025-11-01 20:10:24.904 [main] INFO  c.q.xiaohashu.auth.XiaohashuAuthApplication - The following 1 profile is active: "dev"
2025-11-01 20:10:25.324 [main] INFO  o.s.d.r.config.RepositoryConfigurationDelegate - Multiple Spring Data modules found, entering strict repository configuration mode
2025-11-01 20:10:25.326 [main] INFO  o.s.d.r.config.RepositoryConfigurationDelegate - Bootstrapping Spring Data Redis repositories in DEFAULT mode.
2025-11-01 20:10:25.339 [main] INFO  o.s.d.r.config.RepositoryConfigurationDelegate - Finished Spring Data repository scanning in 5 ms. Found 0 Redis repository interfaces.
2025-11-01 20:10:25.441 [main] INFO  o.springframework.cloud.context.scope.GenericScope - BeanFactory id=d318223d-eebf-31c7-94b8-6b089eb2914b
2025-11-01 20:10:25.451 [main] INFO  o.s.c.s.PostProcessorRegistrationDelegate$BeanPostProcessorChecker - Bean 'com.quanxiaoha.xiaohashu.user.api.UserFeignApi' of type [org.springframework.cloud.openfeign.FeignClientFactoryBean] is not eligible for getting processed by all BeanPostProcessors (for example: not eligible for auto-proxying)
2025-11-01 20:10:25.696 [main] INFO  o.s.boot.web.embedded.tomcat.TomcatWebServer - Tomcat initialized with port(s): 8080 (http)
2025-11-01 20:10:25.702 [main] INFO  org.apache.catalina.core.StandardService - Starting service [Tomcat]
2025-11-01 20:10:25.702 [main] INFO  org.apache.catalina.core.StandardEngine - Starting Servlet engine: [Apache Tomcat/10.1.5]
2025-11-01 20:10:25.771 [main] INFO  o.a.c.core.ContainerBase.[Tomcat].[localhost].[/] - Initializing Spring embedded WebApplicationContext
2025-11-01 20:10:25.771 [main] INFO  o.s.b.w.s.c.ServletWebServerApplicationContext - Root WebApplicationContext: initialization completed in 853 ms
2025-11-01 20:10:26.024 [main] INFO  o.s.cloud.openfeign.FeignClientFactoryBean - For 'xiaohashu-user' URL not provided. Will try picking an instance via load-balancing.
2025-11-01 20:10:27.434 [main] INFO  org.springframework.cloud.commons.util.InetUtils - Cannot determine local hostname
2025-11-01 20:10:28.857 [main] INFO  org.springframework.cloud.commons.util.InetUtils - Cannot determine local hostname
2025-11-01 20:10:28.873 [main] WARN  o.s.c.l.c.LoadBalancerCacheAutoConfiguration$LoadBalancerCaffeineWarnLogger - Spring Cloud LoadBalancer is currently working with the default cache. While this cache implementation is useful for development and tests, it's recommended to use Caffeine cache in production.You can switch to using Caffeine cache, by adding it and org.springframework.cache.caffeine.CaffeineCacheManager to the classpath.
2025-11-01 20:10:28.912 [main] INFO  o.s.boot.web.embedded.tomcat.TomcatWebServer - Tomcat started on port(s): 8080 (http) with context path ''
2025-11-01 20:10:28.914 [main] INFO  com.alibaba.nacos.client.naming - initializer namespace from ans.namespace attribute : null
2025-11-01 20:10:28.914 [main] INFO  com.alibaba.nacos.client.naming - initializer namespace from ALIBABA_ALIWARE_NAMESPACE attribute :null
2025-11-01 20:10:28.915 [main] INFO  com.alibaba.nacos.client.naming - initializer namespace from namespace attribute :null
2025-11-01 20:10:28.919 [main] INFO  c.a.n.p.auth.spi.client.ClientAuthPluginManager - [ClientAuthPluginManager] Load ClientAuthService com.alibaba.nacos.client.auth.impl.NacosClientAuthServiceImpl success.
2025-11-01 20:10:28.919 [main] INFO  c.a.n.p.auth.spi.client.ClientAuthPluginManager - [ClientAuthPluginManager] Load ClientAuthService com.alibaba.nacos.client.auth.ram.RamClientAuthServiceImpl success.
2025-11-01 20:10:28.921 [main] INFO  com.alibaba.nacos.common.remote.client - [RpcClientFactory] create a new rpc client of b87ba6fe-377e-420a-9591-924cd1f458f8
2025-11-01 20:10:28.922 [main] INFO  com.alibaba.nacos.common.remote.client - [b87ba6fe-377e-420a-9591-924cd1f458f8] RpcClient init, ServerListFactory = com.alibaba.nacos.client.naming.core.ServerListManager
2025-11-01 20:10:28.922 [main] INFO  com.alibaba.nacos.common.remote.client - [b87ba6fe-377e-420a-9591-924cd1f458f8] Registry connection listener to current client:com.alibaba.nacos.client.naming.remote.gprc.redo.NamingGrpcRedoService
2025-11-01 20:10:28.923 [main] INFO  com.alibaba.nacos.common.remote.client - [b87ba6fe-377e-420a-9591-924cd1f458f8] Register server push request handler:com.alibaba.nacos.client.naming.remote.gprc.NamingPushRequestHandler
2025-11-01 20:10:28.923 [main] INFO  com.alibaba.nacos.common.remote.client - [b87ba6fe-377e-420a-9591-924cd1f458f8] Try to connect to server on start up, server: {serverIp = '127.0.0.1', server main port = 8848}
2025-11-01 20:10:28.923 [main] INFO  c.a.nacos.common.remote.client.grpc.GrpcClient - grpc client connection server:127.0.0.1 ip,serverPort:9848,grpcTslConfig:{"sslProvider":"OPENSSL","enableTls":false,"mutualAuthEnable":false,"trustAll":false}
2025-11-01 20:10:29.045 [main] INFO  com.alibaba.nacos.common.remote.client - [b87ba6fe-377e-420a-9591-924cd1f458f8] Success to connect to server [127.0.0.1:8848] on start up, connectionId = 1761999028927_127.0.0.1_1040
2025-11-01 20:10:29.045 [com.alibaba.nacos.client.remote.worker] INFO  com.alibaba.nacos.common.remote.client - [b87ba6fe-377e-420a-9591-924cd1f458f8] Notify connected event to listeners.
2025-11-01 20:10:29.046 [com.alibaba.nacos.client.remote.worker] INFO  com.alibaba.nacos.client.naming - Grpc connection connect
2025-11-01 20:10:29.046 [main] INFO  com.alibaba.nacos.common.remote.client - [b87ba6fe-377e-420a-9591-924cd1f458f8] Register server push request handler:com.alibaba.nacos.common.remote.client.RpcClient$ConnectResetRequestHandler
2025-11-01 20:10:29.046 [main] INFO  com.alibaba.nacos.common.remote.client - [b87ba6fe-377e-420a-9591-924cd1f458f8] Register server push request handler:com.alibaba.nacos.common.remote.client.RpcClient$$Lambda$607/0x000001ba3444d220
2025-11-01 20:10:29.046 [main] INFO  com.alibaba.nacos.client.naming - [REGISTER-SERVICE] xiaohashu registering service xiaohashu-auth with instance Instance{instanceId='null', ip='192.168.134.1', port=8080, weight=1.0, healthy=true, enabled=true, ephemeral=true, clusterName='DEFAULT', serviceName='null', metadata={IPv6=null, preserved.register.source=SPRING_CLOUD}}
2025-11-01 20:10:29.055 [main] INFO  c.a.cloud.nacos.registry.NacosServiceRegistry - nacos registry, DEFAULT_GROUP xiaohashu-auth 192.168.134.1:8080 register finished
2025-11-01 20:10:30.221 [main] INFO  org.springframework.cloud.commons.util.InetUtils - Cannot determine local hostname
2025-11-01 20:10:30.233 [main] INFO  c.q.xiaohashu.auth.XiaohashuAuthApplication - Started XiaohashuAuthApplication in 9.127 seconds (process running for 9.716)
2025-11-01 20:10:30.235 [main] INFO  com.alibaba.nacos.client.config.impl.CacheData - nacos.cache.data.init.snapshot = true 
2025-11-01 20:10:30.235 [main] INFO  com.alibaba.nacos.client.config.impl.ClientWorker - [fixed-xiaohashu-127.0.0.1_8848] [subscribe] xiaohashu-auth.yaml+DEFAULT_GROUP+xiaohashu
2025-11-01 20:10:30.239 [main] INFO  com.alibaba.nacos.client.config.impl.CacheData - [fixed-xiaohashu-127.0.0.1_8848] [add-listener] ok, tenant=xiaohashu, dataId=xiaohashu-auth.yaml, group=DEFAULT_GROUP, cnt=1
2025-11-01 20:10:30.239 [main] INFO  c.a.cloud.nacos.refresh.NacosContextRefresher - [Nacos Config] Listening config: dataId=xiaohashu-auth.yaml, group=DEFAULT_GROUP
2025-11-01 20:10:30.240 [main] INFO  com.alibaba.nacos.client.config.impl.ClientWorker - [fixed-xiaohashu-127.0.0.1_8848] [subscribe] xiaohashu-auth-dev.yaml+DEFAULT_GROUP+xiaohashu
2025-11-01 20:10:30.240 [main] INFO  com.alibaba.nacos.client.config.impl.CacheData - [fixed-xiaohashu-127.0.0.1_8848] [add-listener] ok, tenant=xiaohashu, dataId=xiaohashu-auth-dev.yaml, group=DEFAULT_GROUP, cnt=1
2025-11-01 20:10:30.240 [main] INFO  c.a.cloud.nacos.refresh.NacosContextRefresher - [Nacos Config] Listening config: dataId=xiaohashu-auth-dev.yaml, group=DEFAULT_GROUP
2025-11-01 20:10:30.240 [main] INFO  com.alibaba.nacos.client.config.impl.ClientWorker - [fixed-xiaohashu-127.0.0.1_8848] [subscribe] xiaohashu-auth+DEFAULT_GROUP+xiaohashu
2025-11-01 20:10:30.240 [main] INFO  com.alibaba.nacos.client.config.impl.CacheData - [fixed-xiaohashu-127.0.0.1_8848] [add-listener] ok, tenant=xiaohashu, dataId=xiaohashu-auth, group=DEFAULT_GROUP, cnt=1
2025-11-01 20:10:30.240 [main] INFO  c.a.cloud.nacos.refresh.NacosContextRefresher - [Nacos Config] Listening config: dataId=xiaohashu-auth, group=DEFAULT_GROUP
2025-11-01 20:11:08.645 [http-nio-8080-exec-2] INFO  o.a.c.core.ContainerBase.[Tomcat].[localhost].[/] - Initializing Spring DispatcherServlet 'dispatcherServlet'
2025-11-01 20:11:08.645 [http-nio-8080-exec-2] INFO  org.springframework.web.servlet.DispatcherServlet - Initializing Servlet 'dispatcherServlet'
2025-11-01 20:11:08.646 [http-nio-8080-exec-2] INFO  org.springframework.web.servlet.DispatcherServlet - Completed initialization in 1 ms
2025-11-01 20:11:16.954 [http-nio-8080-exec-2] INFO  c.q.x.auth.filter.HeaderUserId2ContextFilter - ## HeaderUserId2ContextFilter, 用户 ID: 11
2025-11-01 20:11:22.716 [http-nio-8080-exec-2] INFO  c.q.x.auth.filter.HeaderUserId2ContextFilter - ===== 设置 userId 到 ThreadLocal 中， 用户 ID: 11
2025-11-01 20:11:30.268 [http-nio-8080-exec-2] INFO  c.q.f.b.operationlog.aspect.ApiOperationLogAspect - ====== 请求开始: [修改密码], 入参: {"newPassword":"123456"}, 请求类: AuthController, 请求方法: updatePassword =================================== 
2025-11-01 20:11:47.727 [http-nio-8080-exec-2] INFO  c.q.x.auth.interceptor.FeignRequestInterceptor - ########## feign 请求设置请求头 userId: 11
2025-11-01 20:11:47.769 [http-nio-8080-exec-2] INFO  com.alibaba.nacos.client.naming - [SUBSCRIBE-SERVICE] service:xiaohashu-user, group:DEFAULT_GROUP, clusters: 
2025-11-01 20:11:47.776 [http-nio-8080-exec-2] INFO  com.alibaba.nacos.client.naming - init new ips(0) service: DEFAULT_GROUP@@xiaohashu-user -> []
2025-11-01 20:11:47.777 [http-nio-8080-exec-2] INFO  com.alibaba.nacos.client.naming - current ips:(0) service: DEFAULT_GROUP@@xiaohashu-user -> []
2025-11-01 20:11:47.783 [http-nio-8080-exec-2] WARN  o.s.cloud.loadbalancer.core.RoundRobinLoadBalancer - No servers available for service: xiaohashu-user
2025-11-01 20:11:47.785 [http-nio-8080-exec-2] WARN  o.s.c.o.l.FeignBlockingLoadBalancerClient - Load balancer does not contain an instance for the service xiaohashu-user
2025-11-01 20:11:47.790 [http-nio-8080-exec-2] ERROR c.q.x.auth.exception.GlobalExceptionHandler - /password/update request error, 
feign.FeignException$ServiceUnavailable: [503] during [POST] to [http://xiaohashu-user/user/password/update] [UserFeignApi#updatePassword(UpdateUserPasswordReqDTO)]: [Load balancer does not contain an instance for the service xiaohashu-user]
	at feign.FeignException.serverErrorStatus(FeignException.java:265)
	at feign.FeignException.errorStatus(FeignException.java:206)
	at feign.FeignException.errorStatus(FeignException.java:194)
	at feign.FeignException.errorStatus(FeignException.java:171)
	at feign.codec.ErrorDecoder$Default.decode(ErrorDecoder.java:92)
	at feign.ResponseHandler.decodeError(ResponseHandler.java:136)
	at feign.ResponseHandler.handleResponse(ResponseHandler.java:70)
	at feign.SynchronousMethodHandler.executeAndDecode(SynchronousMethodHandler.java:116)
	at feign.SynchronousMethodHandler.invoke(SynchronousMethodHandler.java:72)
	at feign.ReflectiveFeign$FeignInvocationHandler.invoke(ReflectiveFeign.java:98)
	at jdk.proxy2/jdk.proxy2.$Proxy95.updatePassword(Unknown Source)
	at com.quanxiaoha.xiaohashu.auth.rpc.UserRpcService.updatePassword(UserRpcService.java:69)
	at com.quanxiaoha.xiaohashu.auth.service.impl.AuthServiceImpl.updatePassword(AuthServiceImpl.java:150)
	at com.quanxiaoha.xiaohashu.auth.controller.AuthController.updatePassword(AuthController.java:39)
	at java.base/jdk.internal.reflect.NativeMethodAccessorImpl.invoke0(Native Method)
	at java.base/jdk.internal.reflect.NativeMethodAccessorImpl.invoke(NativeMethodAccessorImpl.java:77)
	at java.base/jdk.internal.reflect.DelegatingMethodAccessorImpl.invoke(DelegatingMethodAccessorImpl.java:43)
	at java.base/java.lang.reflect.Method.invoke(Method.java:568)
	at org.springframework.aop.support.AopUtils.invokeJoinpointUsingReflection(AopUtils.java:343)
	at org.springframework.aop.framework.ReflectiveMethodInvocation.invokeJoinpoint(ReflectiveMethodInvocation.java:196)
	at org.springframework.aop.framework.ReflectiveMethodInvocation.proceed(ReflectiveMethodInvocation.java:163)
	at org.springframework.aop.framework.CglibAopProxy$CglibMethodInvocation.proceed(CglibAopProxy.java:752)
	at org.springframework.aop.aspectj.MethodInvocationProceedingJoinPoint.proceed(MethodInvocationProceedingJoinPoint.java:89)
	at com.quanxiaoha.framework.biz.operationlog.aspect.ApiOperationLogAspect.doAround(ApiOperationLogAspect.java:53)
	at java.base/jdk.internal.reflect.NativeMethodAccessorImpl.invoke0(Native Method)
	at java.base/jdk.internal.reflect.NativeMethodAccessorImpl.invoke(NativeMethodAccessorImpl.java:77)
	at java.base/jdk.internal.reflect.DelegatingMethodAccessorImpl.invoke(DelegatingMethodAccessorImpl.java:43)
	at java.base/java.lang.reflect.Method.invoke(Method.java:568)
	at org.springframework.aop.aspectj.AbstractAspectJAdvice.invokeAdviceMethodWithGivenArgs(AbstractAspectJAdvice.java:633)
	at org.springframework.aop.aspectj.AbstractAspectJAdvice.invokeAdviceMethod(AbstractAspectJAdvice.java:623)
	at org.springframework.aop.aspectj.AspectJAroundAdvice.invoke(AspectJAroundAdvice.java:71)
	at org.springframework.aop.framework.ReflectiveMethodInvocation.proceed(ReflectiveMethodInvocation.java:173)
	at org.springframework.aop.framework.CglibAopProxy$CglibMethodInvocation.proceed(CglibAopProxy.java:752)
	at org.springframework.aop.interceptor.ExposeInvocationInterceptor.invoke(ExposeInvocationInterceptor.java:97)
	at org.springframework.aop.framework.ReflectiveMethodInvocation.proceed(ReflectiveMethodInvocation.java:184)
	at org.springframework.aop.framework.CglibAopProxy$CglibMethodInvocation.proceed(CglibAopProxy.java:752)
	at org.springframework.aop.framework.CglibAopProxy$DynamicAdvisedInterceptor.intercept(CglibAopProxy.java:703)
	at com.quanxiaoha.xiaohashu.auth.controller.AuthController$$SpringCGLIB$$0.updatePassword(<generated>)
	at java.base/jdk.internal.reflect.NativeMethodAccessorImpl.invoke0(Native Method)
	at java.base/jdk.internal.reflect.NativeMethodAccessorImpl.invoke(NativeMethodAccessorImpl.java:77)
	at java.base/jdk.internal.reflect.DelegatingMethodAccessorImpl.invoke(DelegatingMethodAccessorImpl.java:43)
	at java.base/java.lang.reflect.Method.invoke(Method.java:568)
	at org.springframework.web.method.support.InvocableHandlerMethod.doInvoke(InvocableHandlerMethod.java:207)
	at org.springframework.web.method.support.InvocableHandlerMethod.invokeForRequest(InvocableHandlerMethod.java:152)
	at org.springframework.web.servlet.mvc.method.annotation.ServletInvocableHandlerMethod.invokeAndHandle(ServletInvocableHandlerMethod.java:117)
	at org.springframework.web.servlet.mvc.method.annotation.RequestMappingHandlerAdapter.invokeHandlerMethod(RequestMappingHandlerAdapter.java:884)
	at org.springframework.web.servlet.mvc.method.annotation.RequestMappingHandlerAdapter.handleInternal(RequestMappingHandlerAdapter.java:797)
	at org.springframework.web.servlet.mvc.method.AbstractHandlerMethodAdapter.handle(AbstractHandlerMethodAdapter.java:87)
	at org.springframework.web.servlet.DispatcherServlet.doDispatch(DispatcherServlet.java:1080)
	at org.springframework.web.servlet.DispatcherServlet.doService(DispatcherServlet.java:973)
	at org.springframework.web.servlet.FrameworkServlet.processRequest(FrameworkServlet.java:1011)
	at org.springframework.web.servlet.FrameworkServlet.doPost(FrameworkServlet.java:914)
	at jakarta.servlet.http.HttpServlet.service(HttpServlet.java:547)
	at org.springframework.web.servlet.FrameworkServlet.service(FrameworkServlet.java:885)
	at jakarta.servlet.http.HttpServlet.service(HttpServlet.java:614)
	at org.apache.catalina.core.ApplicationFilterChain.internalDoFilter(ApplicationFilterChain.java:223)
	at org.apache.catalina.core.ApplicationFilterChain.doFilter(ApplicationFilterChain.java:158)
	at org.apache.tomcat.websocket.server.WsFilter.doFilter(WsFilter.java:53)
	at org.apache.catalina.core.ApplicationFilterChain.internalDoFilter(ApplicationFilterChain.java:185)
	at org.apache.catalina.core.ApplicationFilterChain.doFilter(ApplicationFilterChain.java:158)
	at com.quanxiaoha.xiaohashu.auth.filter.HeaderUserId2ContextFilter.doFilterInternal(HeaderUserId2ContextFilter.java:47)
	at org.springframework.web.filter.OncePerRequestFilter.doFilter(OncePerRequestFilter.java:116)
	at org.apache.catalina.core.ApplicationFilterChain.internalDoFilter(ApplicationFilterChain.java:185)
	at org.apache.catalina.core.ApplicationFilterChain.doFilter(ApplicationFilterChain.java:158)
	at org.springframework.web.filter.RequestContextFilter.doFilterInternal(RequestContextFilter.java:100)
	at org.springframework.web.filter.OncePerRequestFilter.doFilter(OncePerRequestFilter.java:116)
	at org.apache.catalina.core.ApplicationFilterChain.internalDoFilter(ApplicationFilterChain.java:185)
	at org.apache.catalina.core.ApplicationFilterChain.doFilter(ApplicationFilterChain.java:158)
	at cn.dev33.satoken.filter.SaPathCheckFilterForJakartaServlet.doFilter(SaPathCheckFilterForJakartaServlet.java:55)
	at org.apache.catalina.core.ApplicationFilterChain.internalDoFilter(ApplicationFilterChain.java:185)
	at org.apache.catalina.core.ApplicationFilterChain.doFilter(ApplicationFilterChain.java:158)
	at org.springframework.web.filter.FormContentFilter.doFilterInternal(FormContentFilter.java:93)
	at org.springframework.web.filter.OncePerRequestFilter.doFilter(OncePerRequestFilter.java:116)
	at org.apache.catalina.core.ApplicationFilterChain.internalDoFilter(ApplicationFilterChain.java:185)
	at org.apache.catalina.core.ApplicationFilterChain.doFilter(ApplicationFilterChain.java:158)
	at org.springframework.web.filter.CharacterEncodingFilter.doFilterInternal(CharacterEncodingFilter.java:201)
	at org.springframework.web.filter.OncePerRequestFilter.doFilter(OncePerRequestFilter.java:116)
	at org.apache.catalina.core.ApplicationFilterChain.internalDoFilter(ApplicationFilterChain.java:185)
	at org.apache.catalina.core.ApplicationFilterChain.doFilter(ApplicationFilterChain.java:158)
	at org.apache.catalina.core.StandardWrapperValve.invoke(StandardWrapperValve.java:177)
	at org.apache.catalina.core.StandardContextValve.invoke(StandardContextValve.java:97)
	at org.apache.catalina.authenticator.AuthenticatorBase.invoke(AuthenticatorBase.java:542)
	at org.apache.catalina.core.StandardHostValve.invoke(StandardHostValve.java:119)
	at org.apache.catalina.valves.ErrorReportValve.invoke(ErrorReportValve.java:92)
	at org.apache.catalina.core.StandardEngineValve.invoke(StandardEngineValve.java:78)
	at org.apache.catalina.connector.CoyoteAdapter.service(CoyoteAdapter.java:357)
	at org.apache.coyote.http11.Http11Processor.service(Http11Processor.java:400)
	at org.apache.coyote.AbstractProcessorLight.process(AbstractProcessorLight.java:65)
	at org.apache.coyote.AbstractProtocol$ConnectionHandler.process(AbstractProtocol.java:859)
	at org.apache.tomcat.util.net.NioEndpoint$SocketProcessor.doRun(NioEndpoint.java:1734)
	at org.apache.tomcat.util.net.SocketProcessorBase.run(SocketProcessorBase.java:52)
	at org.apache.tomcat.util.threads.ThreadPoolExecutor.runWorker(ThreadPoolExecutor.java:1191)
	at org.apache.tomcat.util.threads.ThreadPoolExecutor$Worker.run(ThreadPoolExecutor.java:659)
	at org.apache.tomcat.util.threads.TaskThread$WrappingRunnable.run(TaskThread.java:61)
	at java.base/java.lang.Thread.run(Thread.java:842)
2025-11-01 20:11:47.798 [http-nio-8080-exec-2] INFO  c.q.x.auth.filter.HeaderUserId2ContextFilter - ===== 删除 ThreadLocal， userId: 11
2025-11-01 20:11:48.338 [nacos-grpc-client-executor-127.0.0.1-20] INFO  com.alibaba.nacos.common.remote.client - [b87ba6fe-377e-420a-9591-924cd1f458f8] Receive server push request, request = NotifySubscriberRequest, requestId = 55
2025-11-01 20:11:48.339 [nacos-grpc-client-executor-127.0.0.1-20] INFO  com.alibaba.nacos.common.remote.client - [b87ba6fe-377e-420a-9591-924cd1f458f8] Ack server push request, request = NotifySubscriberRequest, requestId = 55
2025-11-01 20:13:18.004 [Thread-2] WARN  c.alibaba.nacos.common.http.HttpClientBeanHolder - [HttpClientBeanHolder] Start destroying common HttpClient
2025-11-01 20:13:18.004 [Thread-9] WARN  com.alibaba.nacos.common.notify.NotifyCenter - [NotifyCenter] Start destroying Publisher
2025-11-01 20:13:18.004 [Thread-9] WARN  com.alibaba.nacos.common.notify.NotifyCenter - [NotifyCenter] Destruction of the end
2025-11-01 20:13:18.005 [Thread-2] WARN  c.alibaba.nacos.common.http.HttpClientBeanHolder - [HttpClientBeanHolder] Destruction of the end
2025-11-01 20:13:18.026 [SpringApplicationShutdownHook] INFO  c.a.cloud.nacos.registry.NacosServiceRegistry - De-registering from Nacos Server now...
2025-11-01 20:13:18.026 [SpringApplicationShutdownHook] INFO  com.alibaba.nacos.client.naming - [DEREGISTER-SERVICE] xiaohashu deregistering service xiaohashu-auth with instance: Instance{instanceId='null', ip='192.168.134.1', port=8080, weight=1.0, healthy=true, enabled=true, ephemeral=true, clusterName='DEFAULT', serviceName='null', metadata={}}
2025-11-01 20:13:18.029 [SpringApplicationShutdownHook] INFO  c.a.cloud.nacos.registry.NacosServiceRegistry - De-registration finished.
2025-11-01 20:13:18.029 [SpringApplicationShutdownHook] INFO  com.alibaba.nacos.client.naming - com.alibaba.nacos.client.naming.cache.ServiceInfoHolder do shutdown begin
2025-11-01 20:13:18.029 [SpringApplicationShutdownHook] INFO  com.alibaba.nacos.client.naming - com.alibaba.nacos.client.naming.backups.FailoverReactor do shutdown begin
2025-11-01 20:13:18.029 [SpringApplicationShutdownHook] INFO  com.alibaba.nacos.client.naming - com.alibaba.nacos.client.naming.backups.FailoverReactor do shutdown stop
2025-11-01 20:13:18.029 [SpringApplicationShutdownHook] INFO  com.alibaba.nacos.client.naming - com.alibaba.nacos.client.naming.cache.ServiceInfoHolder do shutdown stop
2025-11-01 20:13:18.029 [SpringApplicationShutdownHook] INFO  com.alibaba.nacos.client.naming - com.alibaba.nacos.client.naming.remote.NamingClientProxyDelegate do shutdown begin
2025-11-01 20:13:18.029 [SpringApplicationShutdownHook] INFO  com.alibaba.nacos.client.naming - com.alibaba.nacos.client.naming.core.ServiceInfoUpdateService do shutdown begin
2025-11-01 20:13:18.029 [SpringApplicationShutdownHook] INFO  com.alibaba.nacos.client.naming - com.alibaba.nacos.client.naming.core.ServiceInfoUpdateService do shutdown stop
2025-11-01 20:13:18.029 [SpringApplicationShutdownHook] INFO  com.alibaba.nacos.client.naming - com.alibaba.nacos.client.naming.core.ServerListManager do shutdown begin
2025-11-01 20:13:18.029 [SpringApplicationShutdownHook] WARN  com.alibaba.nacos.client.naming - [NamingHttpClientManager] Start destroying NacosRestTemplate
2025-11-01 20:13:18.029 [SpringApplicationShutdownHook] WARN  com.alibaba.nacos.client.naming - [NamingHttpClientManager] Destruction of the end
2025-11-01 20:13:18.029 [SpringApplicationShutdownHook] INFO  com.alibaba.nacos.client.naming - com.alibaba.nacos.client.naming.core.ServerListManager do shutdown stop
2025-11-01 20:13:18.029 [SpringApplicationShutdownHook] INFO  com.alibaba.nacos.client.naming - com.alibaba.nacos.client.naming.remote.http.NamingHttpClientProxy do shutdown begin
2025-11-01 20:13:18.029 [SpringApplicationShutdownHook] WARN  com.alibaba.nacos.client.naming - [NamingHttpClientManager] Start destroying NacosRestTemplate
2025-11-01 20:13:18.029 [SpringApplicationShutdownHook] WARN  com.alibaba.nacos.client.naming - [NamingHttpClientManager] Destruction of the end
2025-11-01 20:13:18.029 [SpringApplicationShutdownHook] INFO  com.alibaba.nacos.client.naming - com.alibaba.nacos.client.naming.remote.http.NamingHttpClientProxy do shutdown stop
2025-11-01 20:13:18.029 [SpringApplicationShutdownHook] INFO  com.alibaba.nacos.common.remote.client - Shutdown rpc client, set status to shutdown
2025-11-01 20:13:18.029 [SpringApplicationShutdownHook] INFO  com.alibaba.nacos.common.remote.client - Shutdown client event executor java.util.concurrent.ScheduledThreadPoolExecutor@6089687[Running, pool size = 2, active threads = 2, queued tasks = 0, completed tasks = 0]
2025-11-01 20:13:18.029 [SpringApplicationShutdownHook] INFO  com.alibaba.nacos.common.remote.client - Close current connection 1761999028927_127.0.0.1_1040
2025-11-01 20:13:18.031 [nacos-grpc-client-executor-127.0.0.1-40] INFO  c.a.nacos.common.remote.client.grpc.GrpcClient - [1761999028927_127.0.0.1_1040]Ignore complete event,isRunning:false,isAbandon=false
2025-11-01 20:13:18.032 [SpringApplicationShutdownHook] INFO  c.a.nacos.common.remote.client.grpc.GrpcClient - Shutdown grpc executor java.util.concurrent.ThreadPoolExecutor@517aea8f[Running, pool size = 4, active threads = 0, queued tasks = 0, completed tasks = 41]
2025-11-01 20:13:18.032 [SpringApplicationShutdownHook] INFO  com.alibaba.nacos.client.naming - Shutdown grpc redo service executor java.util.concurrent.ScheduledThreadPoolExecutor@26209c42[Running, pool size = 1, active threads = 0, queued tasks = 1, completed tasks = 49]
2025-11-01 20:13:18.032 [SpringApplicationShutdownHook] INFO  c.a.n.client.auth.ram.identify.CredentialWatcher - [null] CredentialWatcher is stopped
2025-11-01 20:13:18.032 [SpringApplicationShutdownHook] INFO  c.a.n.client.auth.ram.identify.CredentialService - [null] CredentialService is freed
2025-11-01 20:13:18.033 [SpringApplicationShutdownHook] INFO  com.alibaba.nacos.client.naming - com.alibaba.nacos.client.naming.remote.NamingClientProxyDelegate do shutdown stop
2025-11-01 20:13:21.879 [main] WARN  com.alibaba.nacos.client.logging.NacosLogging - Load Logback Configuration of Nacos fail, message: Could not initialize Logback Nacos logging from classpath:nacos-logback.xml
2025-11-01 20:13:21.914 [main] WARN  com.alibaba.nacos.client.logging.NacosLogging - Load Logback Configuration of Nacos fail, message: Could not initialize Logback Nacos logging from classpath:nacos-logback.xml
2025-11-01 20:13:22.076 [main] WARN  com.alibaba.nacos.client.logging.NacosLogging - Load Logback Configuration of Nacos fail, message: Could not initialize Logback Nacos logging from classpath:nacos-logback.xml
2025-11-01 20:13:22.077 [main] INFO  com.alibaba.nacos.client.utils.ParamUtil - [settings] [req-serv] nacos-server port:8848
2025-11-01 20:13:22.077 [main] INFO  com.alibaba.nacos.client.utils.ParamUtil - [settings] [http-client] connect timeout:1000
2025-11-01 20:13:22.077 [main] INFO  com.alibaba.nacos.client.utils.ParamUtil - PER_TASK_CONFIG_SIZE: 3000.0
2025-11-01 20:13:22.088 [main] INFO  c.a.n.p.auth.spi.client.ClientAuthPluginManager - [ClientAuthPluginManager] Load ClientAuthService com.alibaba.nacos.client.auth.impl.NacosClientAuthServiceImpl success.
2025-11-01 20:13:22.088 [main] INFO  c.a.n.p.auth.spi.client.ClientAuthPluginManager - [ClientAuthPluginManager] Load ClientAuthService com.alibaba.nacos.client.auth.ram.RamClientAuthServiceImpl success.
2025-11-01 20:13:22.093 [main] INFO  c.a.n.client.auth.ram.identify.CredentialWatcher - null No credential found
2025-11-01 20:13:23.415 [main] WARN  com.alibaba.nacos.client.logging.NacosLogging - Load Logback Configuration of Nacos fail, message: Could not initialize Logback Nacos logging from classpath:nacos-logback.xml
2025-11-01 20:13:23.423 [main] INFO  c.a.n.client.config.impl.LocalConfigInfoProcessor - LOCAL_SNAPSHOT_PATH:C:\Users\hp\nacos\config
2025-11-01 20:13:23.425 [main] INFO  com.alibaba.nacos.common.remote.client - [RpcClientFactory] create a new rpc client of b0cdd894-df6b-4121-b1c8-fe4904c11eb3_config-0
2025-11-01 20:13:23.433 [main] INFO  com.alibaba.nacos.common.remote.client - [b0cdd894-df6b-4121-b1c8-fe4904c11eb3_config-0] Register server push request handler:com.alibaba.nacos.client.config.impl.ClientWorker$ConfigRpcTransportClient$$Lambda$586/0x000001400133ab10
2025-11-01 20:13:23.433 [main] INFO  com.alibaba.nacos.common.remote.client - [b0cdd894-df6b-4121-b1c8-fe4904c11eb3_config-0] Register server push request handler:com.alibaba.nacos.client.config.impl.ClientWorker$ConfigRpcTransportClient$$Lambda$587/0x000001400133af30
2025-11-01 20:13:23.434 [main] INFO  com.alibaba.nacos.common.remote.client - [b0cdd894-df6b-4121-b1c8-fe4904c11eb3_config-0] Registry connection listener to current client:com.alibaba.nacos.client.config.impl.ClientWorker$ConfigRpcTransportClient$1
2025-11-01 20:13:23.434 [main] INFO  com.alibaba.nacos.common.remote.client - [b0cdd894-df6b-4121-b1c8-fe4904c11eb3_config-0] RpcClient init, ServerListFactory = com.alibaba.nacos.client.config.impl.ClientWorker$ConfigRpcTransportClient$2
2025-11-01 20:13:23.438 [main] INFO  com.alibaba.nacos.common.remote.client - [b0cdd894-df6b-4121-b1c8-fe4904c11eb3_config-0] Try to connect to server on start up, server: {serverIp = '127.0.0.1', server main port = 8848}
2025-11-01 20:13:23.458 [main] INFO  c.a.nacos.common.remote.client.grpc.GrpcClient - grpc client connection server:127.0.0.1 ip,serverPort:9848,grpcTslConfig:{"sslProvider":"OPENSSL","enableTls":false,"mutualAuthEnable":false,"trustAll":false}
2025-11-01 20:13:24.093 [main] INFO  com.alibaba.nacos.common.remote.client - [b0cdd894-df6b-4121-b1c8-fe4904c11eb3_config-0] Success to connect to server [127.0.0.1:8848] on start up, connectionId = 1761999203944_127.0.0.1_1178
2025-11-01 20:13:24.093 [com.alibaba.nacos.client.remote.worker] INFO  com.alibaba.nacos.common.remote.client - [b0cdd894-df6b-4121-b1c8-fe4904c11eb3_config-0] Notify connected event to listeners.
2025-11-01 20:13:24.093 [main] INFO  com.alibaba.nacos.common.remote.client - [b0cdd894-df6b-4121-b1c8-fe4904c11eb3_config-0] Register server push request handler:com.alibaba.nacos.common.remote.client.RpcClient$ConnectResetRequestHandler
2025-11-01 20:13:24.093 [com.alibaba.nacos.client.remote.worker] INFO  com.alibaba.nacos.client.config.impl.ClientWorker - [b0cdd894-df6b-4121-b1c8-fe4904c11eb3_config-0] Connected,notify listen context...
2025-11-01 20:13:24.093 [main] INFO  com.alibaba.nacos.common.remote.client - [b0cdd894-df6b-4121-b1c8-fe4904c11eb3_config-0] Register server push request handler:com.alibaba.nacos.common.remote.client.RpcClient$$Lambda$607/0x0000014001448668
2025-11-01 20:13:24.108 [main] INFO  com.alibaba.nacos.client.config.impl.Limiter - limitTime:5.0
2025-11-01 20:13:24.117 [main] INFO  com.alibaba.nacos.client.config.utils.JvmUtil - isMultiInstance:false
2025-11-01 20:13:24.125 [main] WARN  c.a.cloud.nacos.client.NacosPropertySourceBuilder - Ignore the empty nacos configuration and get it based on dataId[xiaohashu-auth.yaml] & group[DEFAULT_GROUP]
2025-11-01 20:13:24.129 [main] INFO  o.s.c.b.c.PropertySourceBootstrapConfiguration - Located property source: [BootstrapPropertySource {name='bootstrapProperties-xiaohashu-auth-dev.yaml,DEFAULT_GROUP'}, BootstrapPropertySource {name='bootstrapProperties-xiaohashu-auth.yaml,DEFAULT_GROUP'}, BootstrapPropertySource {name='bootstrapProperties-xiaohashu-auth,DEFAULT_GROUP'}]
2025-11-01 20:13:24.146 [main] WARN  com.alibaba.nacos.client.logging.NacosLogging - Load Logback Configuration of Nacos fail, message: Could not initialize Logback Nacos logging from classpath:nacos-logback.xml
2025-11-01 20:13:24.146 [main] INFO  c.q.xiaohashu.auth.XiaohashuAuthApplication - The following 1 profile is active: "dev"
2025-11-01 20:13:24.513 [main] INFO  o.s.d.r.config.RepositoryConfigurationDelegate - Multiple Spring Data modules found, entering strict repository configuration mode
2025-11-01 20:13:24.514 [main] INFO  o.s.d.r.config.RepositoryConfigurationDelegate - Bootstrapping Spring Data Redis repositories in DEFAULT mode.
2025-11-01 20:13:24.527 [main] INFO  o.s.d.r.config.RepositoryConfigurationDelegate - Finished Spring Data repository scanning in 5 ms. Found 0 Redis repository interfaces.
2025-11-01 20:13:24.610 [main] INFO  o.springframework.cloud.context.scope.GenericScope - BeanFactory id=d318223d-eebf-31c7-94b8-6b089eb2914b
2025-11-01 20:13:24.619 [main] INFO  o.s.c.s.PostProcessorRegistrationDelegate$BeanPostProcessorChecker - Bean 'com.quanxiaoha.xiaohashu.user.api.UserFeignApi' of type [org.springframework.cloud.openfeign.FeignClientFactoryBean] is not eligible for getting processed by all BeanPostProcessors (for example: not eligible for auto-proxying)
2025-11-01 20:13:24.840 [main] INFO  o.s.boot.web.embedded.tomcat.TomcatWebServer - Tomcat initialized with port(s): 8080 (http)
2025-11-01 20:13:24.845 [main] INFO  org.apache.catalina.core.StandardService - Starting service [Tomcat]
2025-11-01 20:13:24.845 [main] INFO  org.apache.catalina.core.StandardEngine - Starting Servlet engine: [Apache Tomcat/10.1.5]
2025-11-01 20:13:24.908 [main] INFO  o.a.c.core.ContainerBase.[Tomcat].[localhost].[/] - Initializing Spring embedded WebApplicationContext
2025-11-01 20:13:24.908 [main] INFO  o.s.b.w.s.c.ServletWebServerApplicationContext - Root WebApplicationContext: initialization completed in 754 ms
2025-11-01 20:13:25.110 [main] INFO  o.s.cloud.openfeign.FeignClientFactoryBean - For 'xiaohashu-user' URL not provided. Will try picking an instance via load-balancing.
2025-11-01 20:13:26.476 [main] INFO  org.springframework.cloud.commons.util.InetUtils - Cannot determine local hostname
2025-11-01 20:13:27.870 [main] INFO  org.springframework.cloud.commons.util.InetUtils - Cannot determine local hostname
2025-11-01 20:13:27.882 [main] WARN  o.s.c.l.c.LoadBalancerCacheAutoConfiguration$LoadBalancerCaffeineWarnLogger - Spring Cloud LoadBalancer is currently working with the default cache. While this cache implementation is useful for development and tests, it's recommended to use Caffeine cache in production.You can switch to using Caffeine cache, by adding it and org.springframework.cache.caffeine.CaffeineCacheManager to the classpath.
2025-11-01 20:13:27.921 [main] INFO  o.s.boot.web.embedded.tomcat.TomcatWebServer - Tomcat started on port(s): 8080 (http) with context path ''
2025-11-01 20:13:27.924 [main] INFO  com.alibaba.nacos.client.naming - initializer namespace from ans.namespace attribute : null
2025-11-01 20:13:27.924 [main] INFO  com.alibaba.nacos.client.naming - initializer namespace from ALIBABA_ALIWARE_NAMESPACE attribute :null
2025-11-01 20:13:27.924 [main] INFO  com.alibaba.nacos.client.naming - initializer namespace from namespace attribute :null
2025-11-01 20:13:27.928 [main] INFO  c.a.n.p.auth.spi.client.ClientAuthPluginManager - [ClientAuthPluginManager] Load ClientAuthService com.alibaba.nacos.client.auth.impl.NacosClientAuthServiceImpl success.
2025-11-01 20:13:27.928 [main] INFO  c.a.n.p.auth.spi.client.ClientAuthPluginManager - [ClientAuthPluginManager] Load ClientAuthService com.alibaba.nacos.client.auth.ram.RamClientAuthServiceImpl success.
2025-11-01 20:13:27.930 [main] INFO  com.alibaba.nacos.common.remote.client - [RpcClientFactory] create a new rpc client of 2916d5fa-549a-4cec-b1a8-26aa4ba4c1eb
2025-11-01 20:13:27.931 [main] INFO  com.alibaba.nacos.common.remote.client - [2916d5fa-549a-4cec-b1a8-26aa4ba4c1eb] RpcClient init, ServerListFactory = com.alibaba.nacos.client.naming.core.ServerListManager
2025-11-01 20:13:27.931 [main] INFO  com.alibaba.nacos.common.remote.client - [2916d5fa-549a-4cec-b1a8-26aa4ba4c1eb] Registry connection listener to current client:com.alibaba.nacos.client.naming.remote.gprc.redo.NamingGrpcRedoService
2025-11-01 20:13:27.931 [main] INFO  com.alibaba.nacos.common.remote.client - [2916d5fa-549a-4cec-b1a8-26aa4ba4c1eb] Register server push request handler:com.alibaba.nacos.client.naming.remote.gprc.NamingPushRequestHandler
2025-11-01 20:13:27.931 [main] INFO  com.alibaba.nacos.common.remote.client - [2916d5fa-549a-4cec-b1a8-26aa4ba4c1eb] Try to connect to server on start up, server: {serverIp = '127.0.0.1', server main port = 8848}
2025-11-01 20:13:27.931 [main] INFO  c.a.nacos.common.remote.client.grpc.GrpcClient - grpc client connection server:127.0.0.1 ip,serverPort:9848,grpcTslConfig:{"sslProvider":"OPENSSL","enableTls":false,"mutualAuthEnable":false,"trustAll":false}
2025-11-01 20:13:28.042 [main] INFO  com.alibaba.nacos.common.remote.client - [2916d5fa-549a-4cec-b1a8-26aa4ba4c1eb] Success to connect to server [127.0.0.1:8848] on start up, connectionId = 1761999207935_127.0.0.1_1179
2025-11-01 20:13:28.042 [main] INFO  com.alibaba.nacos.common.remote.client - [2916d5fa-549a-4cec-b1a8-26aa4ba4c1eb] Register server push request handler:com.alibaba.nacos.common.remote.client.RpcClient$ConnectResetRequestHandler
2025-11-01 20:13:28.042 [main] INFO  com.alibaba.nacos.common.remote.client - [2916d5fa-549a-4cec-b1a8-26aa4ba4c1eb] Register server push request handler:com.alibaba.nacos.common.remote.client.RpcClient$$Lambda$607/0x0000014001448668
2025-11-01 20:13:28.042 [com.alibaba.nacos.client.remote.worker] INFO  com.alibaba.nacos.common.remote.client - [2916d5fa-549a-4cec-b1a8-26aa4ba4c1eb] Notify connected event to listeners.
2025-11-01 20:13:28.042 [com.alibaba.nacos.client.remote.worker] INFO  com.alibaba.nacos.client.naming - Grpc connection connect
2025-11-01 20:13:28.043 [main] INFO  com.alibaba.nacos.client.naming - [REGISTER-SERVICE] xiaohashu registering service xiaohashu-auth with instance Instance{instanceId='null', ip='192.168.134.1', port=8080, weight=1.0, healthy=true, enabled=true, ephemeral=true, clusterName='DEFAULT', serviceName='null', metadata={IPv6=null, preserved.register.source=SPRING_CLOUD}}
2025-11-01 20:13:28.053 [main] INFO  c.a.cloud.nacos.registry.NacosServiceRegistry - nacos registry, DEFAULT_GROUP xiaohashu-auth 192.168.134.1:8080 register finished
2025-11-01 20:13:29.210 [main] INFO  org.springframework.cloud.commons.util.InetUtils - Cannot determine local hostname
2025-11-01 20:13:29.221 [main] INFO  c.q.xiaohashu.auth.XiaohashuAuthApplication - Started XiaohashuAuthApplication in 8.873 seconds (process running for 9.362)
2025-11-01 20:13:29.223 [main] INFO  com.alibaba.nacos.client.config.impl.CacheData - nacos.cache.data.init.snapshot = true 
2025-11-01 20:13:29.224 [main] INFO  com.alibaba.nacos.client.config.impl.ClientWorker - [fixed-xiaohashu-127.0.0.1_8848] [subscribe] xiaohashu-auth.yaml+DEFAULT_GROUP+xiaohashu
2025-11-01 20:13:29.227 [main] INFO  com.alibaba.nacos.client.config.impl.CacheData - [fixed-xiaohashu-127.0.0.1_8848] [add-listener] ok, tenant=xiaohashu, dataId=xiaohashu-auth.yaml, group=DEFAULT_GROUP, cnt=1
2025-11-01 20:13:29.227 [main] INFO  c.a.cloud.nacos.refresh.NacosContextRefresher - [Nacos Config] Listening config: dataId=xiaohashu-auth.yaml, group=DEFAULT_GROUP
2025-11-01 20:13:29.228 [main] INFO  com.alibaba.nacos.client.config.impl.ClientWorker - [fixed-xiaohashu-127.0.0.1_8848] [subscribe] xiaohashu-auth-dev.yaml+DEFAULT_GROUP+xiaohashu
2025-11-01 20:13:29.228 [main] INFO  com.alibaba.nacos.client.config.impl.CacheData - [fixed-xiaohashu-127.0.0.1_8848] [add-listener] ok, tenant=xiaohashu, dataId=xiaohashu-auth-dev.yaml, group=DEFAULT_GROUP, cnt=1
2025-11-01 20:13:29.228 [main] INFO  c.a.cloud.nacos.refresh.NacosContextRefresher - [Nacos Config] Listening config: dataId=xiaohashu-auth-dev.yaml, group=DEFAULT_GROUP
2025-11-01 20:13:29.229 [main] INFO  com.alibaba.nacos.client.config.impl.ClientWorker - [fixed-xiaohashu-127.0.0.1_8848] [subscribe] xiaohashu-auth+DEFAULT_GROUP+xiaohashu
2025-11-01 20:13:29.229 [main] INFO  com.alibaba.nacos.client.config.impl.CacheData - [fixed-xiaohashu-127.0.0.1_8848] [add-listener] ok, tenant=xiaohashu, dataId=xiaohashu-auth, group=DEFAULT_GROUP, cnt=1
2025-11-01 20:13:29.229 [main] INFO  c.a.cloud.nacos.refresh.NacosContextRefresher - [Nacos Config] Listening config: dataId=xiaohashu-auth, group=DEFAULT_GROUP
2025-11-01 20:13:55.075 [http-nio-8080-exec-1] INFO  o.a.c.core.ContainerBase.[Tomcat].[localhost].[/] - Initializing Spring DispatcherServlet 'dispatcherServlet'
2025-11-01 20:13:55.075 [http-nio-8080-exec-1] INFO  org.springframework.web.servlet.DispatcherServlet - Initializing Servlet 'dispatcherServlet'
2025-11-01 20:13:55.076 [http-nio-8080-exec-1] INFO  org.springframework.web.servlet.DispatcherServlet - Completed initialization in 1 ms
2025-11-01 20:13:55.080 [http-nio-8080-exec-1] INFO  c.q.x.auth.filter.HeaderUserId2ContextFilter - ## HeaderUserId2ContextFilter, 用户 ID: 11
2025-11-01 20:13:55.080 [http-nio-8080-exec-1] INFO  c.q.x.auth.filter.HeaderUserId2ContextFilter - ===== 设置 userId 到 ThreadLocal 中， 用户 ID: 11
2025-11-01 20:13:55.134 [http-nio-8080-exec-1] INFO  c.q.f.b.operationlog.aspect.ApiOperationLogAspect - ====== 请求开始: [修改密码], 入参: {"newPassword":"123456"}, 请求类: AuthController, 请求方法: updatePassword =================================== 
2025-11-01 20:13:55.212 [http-nio-8080-exec-1] INFO  c.q.x.auth.interceptor.FeignRequestInterceptor - ########## feign 请求设置请求头 userId: 11
2025-11-01 20:13:55.246 [http-nio-8080-exec-1] INFO  com.alibaba.nacos.client.naming - [SUBSCRIBE-SERVICE] service:xiaohashu-user, group:DEFAULT_GROUP, clusters: 
2025-11-01 20:13:55.256 [http-nio-8080-exec-1] INFO  com.alibaba.nacos.client.naming - init new ips(1) service: DEFAULT_GROUP@@xiaohashu-user -> [{"ip":"192.168.134.1","port":8082,"weight":1.0,"healthy":true,"enabled":true,"ephemeral":true,"clusterName":"DEFAULT","serviceName":"DEFAULT_GROUP@@xiaohashu-user","metadata":{"preserved.register.source":"SPRING_CLOUD"},"instanceHeartBeatInterval":5000,"instanceHeartBeatTimeOut":15000,"ipDeleteTimeout":30000}]
2025-11-01 20:13:55.257 [http-nio-8080-exec-1] INFO  com.alibaba.nacos.client.naming - current ips:(1) service: DEFAULT_GROUP@@xiaohashu-user -> [{"ip":"192.168.134.1","port":8082,"weight":1.0,"healthy":true,"enabled":true,"ephemeral":true,"clusterName":"DEFAULT","serviceName":"DEFAULT_GROUP@@xiaohashu-user","metadata":{"preserved.register.source":"SPRING_CLOUD"},"instanceHeartBeatInterval":5000,"instanceHeartBeatTimeOut":15000,"ipDeleteTimeout":30000}]
2025-11-01 20:13:55.482 [http-nio-8080-exec-1] INFO  c.q.f.b.operationlog.aspect.ApiOperationLogAspect - ====== 请求结束: [修改密码], 耗时: 348ms, 出参: {"success":true,"message":null,"errorCode":null,"data":null} =================================== 
2025-11-01 20:13:55.489 [http-nio-8080-exec-1] INFO  c.q.x.auth.filter.HeaderUserId2ContextFilter - ===== 删除 ThreadLocal， userId: 11
2025-11-01 20:13:55.802 [nacos-grpc-client-executor-127.0.0.1-15] INFO  com.alibaba.nacos.common.remote.client - [2916d5fa-549a-4cec-b1a8-26aa4ba4c1eb] Receive server push request, request = NotifySubscriberRequest, requestId = 57
2025-11-01 20:13:55.802 [nacos-grpc-client-executor-127.0.0.1-15] INFO  com.alibaba.nacos.common.remote.client - [2916d5fa-549a-4cec-b1a8-26aa4ba4c1eb] Ack server push request, request = NotifySubscriberRequest, requestId = 57
