2025-11-02 19:16:29.748 [main] WARN  com.alibaba.nacos.client.logging.NacosLogging - Load Logback Configuration of Nacos fail, message: Could not initialize Logback Nacos logging from classpath:nacos-logback.xml
2025-11-02 19:16:29.792 [main] WARN  com.alibaba.nacos.client.logging.NacosLogging - Load Logback Configuration of Nacos fail, message: Could not initialize Logback Nacos logging from classpath:nacos-logback.xml
2025-11-02 19:16:31.211 [main] WARN  com.alibaba.nacos.client.logging.NacosLogging - Load Logback Configuration of Nacos fail, message: Could not initialize Logback Nacos logging from classpath:nacos-logback.xml
2025-11-02 19:16:31.221 [main] WARN  com.alibaba.nacos.client.logging.NacosLogging - Load Logback Configuration of Nacos fail, message: Could not initialize Logback Nacos logging from classpath:nacos-logback.xml
2025-11-02 19:16:31.222 [main] INFO  c.q.x.d.i.g.b.XiaohashuDistributedIdGeneratorBizApplication - The following 1 profile is active: "dev"
2025-11-02 19:16:31.525 [main] INFO  o.springframework.cloud.context.scope.GenericScope - BeanFactory id=4e024b7c-a386-3d4d-8556-6f7fdda71af2
2025-11-02 19:16:31.678 [main] INFO  o.s.boot.web.embedded.tomcat.TomcatWebServer - Tomcat initialized with port(s): 8085 (http)
2025-11-02 19:16:31.684 [main] INFO  org.apache.catalina.core.StandardService - Starting service [Tomcat]
2025-11-02 19:16:31.684 [main] INFO  org.apache.catalina.core.StandardEngine - Starting Servlet engine: [Apache Tomcat/10.1.5]
2025-11-02 19:16:31.758 [main] INFO  o.a.c.core.ContainerBase.[Tomcat].[localhost].[/] - Initializing Spring embedded WebApplicationContext
2025-11-02 19:16:31.758 [main] INFO  o.s.b.w.s.c.ServletWebServerApplicationContext - Root WebApplicationContext: initialization completed in 530 ms
2025-11-02 19:16:33.161 [main] INFO  org.springframework.cloud.commons.util.InetUtils - Cannot determine local hostname
2025-11-02 19:16:34.620 [main] INFO  org.springframework.cloud.commons.util.InetUtils - Cannot determine local hostname
2025-11-02 19:16:34.664 [main] INFO  o.s.boot.web.embedded.tomcat.TomcatWebServer - Tomcat started on port(s): 8085 (http) with context path ''
2025-11-02 19:16:34.668 [main] WARN  com.alibaba.nacos.client.logging.NacosLogging - Load Logback Configuration of Nacos fail, message: Could not initialize Logback Nacos logging from classpath:nacos-logback.xml
2025-11-02 19:16:34.668 [main] INFO  com.alibaba.nacos.client.naming - initializer namespace from ans.namespace attribute : null
2025-11-02 19:16:34.669 [main] INFO  com.alibaba.nacos.client.naming - initializer namespace from ALIBABA_ALIWARE_NAMESPACE attribute :null
2025-11-02 19:16:34.669 [main] INFO  com.alibaba.nacos.client.naming - initializer namespace from namespace attribute :null
2025-11-02 19:16:34.683 [main] INFO  com.alibaba.nacos.client.utils.ParamUtil - [settings] [req-serv] nacos-server port:8848
2025-11-02 19:16:34.684 [main] INFO  com.alibaba.nacos.client.utils.ParamUtil - [settings] [http-client] connect timeout:1000
2025-11-02 19:16:34.684 [main] INFO  com.alibaba.nacos.client.utils.ParamUtil - PER_TASK_CONFIG_SIZE: 3000.0
2025-11-02 19:16:34.687 [main] INFO  c.a.n.p.auth.spi.client.ClientAuthPluginManager - [ClientAuthPluginManager] Load ClientAuthService com.alibaba.nacos.client.auth.impl.NacosClientAuthServiceImpl success.
2025-11-02 19:16:34.687 [main] INFO  c.a.n.p.auth.spi.client.ClientAuthPluginManager - [ClientAuthPluginManager] Load ClientAuthService com.alibaba.nacos.client.auth.ram.RamClientAuthServiceImpl success.
2025-11-02 19:16:34.689 [main] INFO  c.a.n.client.auth.ram.identify.CredentialWatcher - null No credential found
2025-11-02 19:16:34.693 [main] INFO  com.alibaba.nacos.common.remote.client - [RpcClientFactory] create a new rpc client of bf86f639-1ae5-47a2-a02d-9152885ea3ac
2025-11-02 19:16:34.705 [main] INFO  com.alibaba.nacos.common.remote.client - [bf86f639-1ae5-47a2-a02d-9152885ea3ac] RpcClient init, ServerListFactory = com.alibaba.nacos.client.naming.core.ServerListManager
2025-11-02 19:16:34.705 [main] INFO  com.alibaba.nacos.common.remote.client - [bf86f639-1ae5-47a2-a02d-9152885ea3ac] Registry connection listener to current client:com.alibaba.nacos.client.naming.remote.gprc.redo.NamingGrpcRedoService
2025-11-02 19:16:34.705 [main] INFO  com.alibaba.nacos.common.remote.client - [bf86f639-1ae5-47a2-a02d-9152885ea3ac] Register server push request handler:com.alibaba.nacos.client.naming.remote.gprc.NamingPushRequestHandler
2025-11-02 19:16:34.707 [main] INFO  com.alibaba.nacos.common.remote.client - [bf86f639-1ae5-47a2-a02d-9152885ea3ac] Try to connect to server on start up, server: {serverIp = '127.0.0.1', server main port = 8848}
2025-11-02 19:16:34.731 [main] INFO  c.a.nacos.common.remote.client.grpc.GrpcClient - grpc client connection server:127.0.0.1 ip,serverPort:9848,grpcTslConfig:{"sslProvider":"OPENSSL","enableTls":false,"mutualAuthEnable":false,"trustAll":false}
2025-11-02 19:16:35.477 [main] INFO  com.alibaba.nacos.common.remote.client - [bf86f639-1ae5-47a2-a02d-9152885ea3ac] Success to connect to server [127.0.0.1:8848] on start up, connectionId = 1762082195310_127.0.0.1_7400
2025-11-02 19:16:35.477 [com.alibaba.nacos.client.remote.worker] INFO  com.alibaba.nacos.common.remote.client - [bf86f639-1ae5-47a2-a02d-9152885ea3ac] Notify connected event to listeners.
2025-11-02 19:16:35.477 [com.alibaba.nacos.client.remote.worker] INFO  com.alibaba.nacos.client.naming - Grpc connection connect
2025-11-02 19:16:35.477 [main] INFO  com.alibaba.nacos.common.remote.client - [bf86f639-1ae5-47a2-a02d-9152885ea3ac] Register server push request handler:com.alibaba.nacos.common.remote.client.RpcClient$ConnectResetRequestHandler
2025-11-02 19:16:35.477 [main] INFO  com.alibaba.nacos.common.remote.client - [bf86f639-1ae5-47a2-a02d-9152885ea3ac] Register server push request handler:com.alibaba.nacos.common.remote.client.RpcClient$$Lambda$908/0x000001e201580cc0
2025-11-02 19:16:35.478 [main] INFO  com.alibaba.nacos.client.naming - [REGISTER-SERVICE] xiaohashu registering service xiaohashu-distributed-id-generator with instance Instance{instanceId='null', ip='192.168.134.1', port=8085, weight=1.0, healthy=true, enabled=true, ephemeral=true, clusterName='DEFAULT', serviceName='null', metadata={IPv6=null, preserved.register.source=SPRING_CLOUD}}
2025-11-02 19:16:35.489 [main] INFO  c.a.cloud.nacos.registry.NacosServiceRegistry - nacos registry, DEFAULT_GROUP xiaohashu-distributed-id-generator 192.168.134.1:8085 register finished
2025-11-02 19:16:36.692 [main] INFO  org.springframework.cloud.commons.util.InetUtils - Cannot determine local hostname
2025-11-02 19:16:36.697 [main] INFO  c.q.x.d.i.g.b.XiaohashuDistributedIdGeneratorBizApplication - Started XiaohashuDistributedIdGeneratorBizApplication in 8.754 seconds (process running for 9.592)
2025-11-02 19:49:38.880 [main] WARN  com.alibaba.nacos.client.logging.NacosLogging - Load Logback Configuration of Nacos fail, message: Could not initialize Logback Nacos logging from classpath:nacos-logback.xml
2025-11-02 19:49:38.913 [main] WARN  com.alibaba.nacos.client.logging.NacosLogging - Load Logback Configuration of Nacos fail, message: Could not initialize Logback Nacos logging from classpath:nacos-logback.xml
2025-11-02 19:49:40.314 [main] WARN  com.alibaba.nacos.client.logging.NacosLogging - Load Logback Configuration of Nacos fail, message: Could not initialize Logback Nacos logging from classpath:nacos-logback.xml
2025-11-02 19:49:40.322 [main] WARN  com.alibaba.nacos.client.logging.NacosLogging - Load Logback Configuration of Nacos fail, message: Could not initialize Logback Nacos logging from classpath:nacos-logback.xml
2025-11-02 19:49:40.322 [main] INFO  c.q.x.d.i.g.b.XiaohashuDistributedIdGeneratorBizApplication - The following 1 profile is active: "dev"
2025-11-02 19:49:40.594 [main] INFO  o.springframework.cloud.context.scope.GenericScope - BeanFactory id=418f91a1-6f80-3310-b2d9-2cc1eabea236
2025-11-02 19:49:40.735 [main] INFO  o.s.boot.web.embedded.tomcat.TomcatWebServer - Tomcat initialized with port(s): 8085 (http)
2025-11-02 19:49:40.741 [main] INFO  org.apache.catalina.core.StandardService - Starting service [Tomcat]
2025-11-02 19:49:40.742 [main] INFO  org.apache.catalina.core.StandardEngine - Starting Servlet engine: [Apache Tomcat/10.1.5]
2025-11-02 19:49:40.812 [main] INFO  o.a.c.core.ContainerBase.[Tomcat].[localhost].[/] - Initializing Spring embedded WebApplicationContext
2025-11-02 19:49:40.812 [main] INFO  o.s.b.w.s.c.ServletWebServerApplicationContext - Root WebApplicationContext: initialization completed in 483 ms
2025-11-02 19:49:40.880 [main] INFO  com.alibaba.druid.pool.DruidDataSource - {dataSource-1} inited
2025-11-02 19:49:40.908 [main] INFO  c.q.x.d.i.g.biz.core.segment.SegmentIDGenImpl - Init ...
2025-11-02 19:49:40.909 [main] INFO  c.q.x.d.i.g.biz.core.segment.SegmentIDGenImpl - update cache from db
2025-11-02 19:49:41.029 [main] INFO  c.q.x.d.i.g.biz.core.segment.SegmentIDGenImpl - Add tag leaf-segment-test from db to IdCache, SegmentBuffer SegmentBuffer{key='leaf-segment-test', segments=[Segment(value:0,max:0,step:0), Segment(value:0,max:0,step:0)], currentPos=0, nextReady=false, initOk=false, threadRunning=false, step=0, minStep=0, updateTimestamp=0}
2025-11-02 19:49:41.029 [main] INFO  org.perf4j.TimingLogger - start[1762084180910] time[119] tag[updateCacheFromDb]
2025-11-02 19:49:41.030 [main] INFO  c.q.x.d.id.generator.biz.service.SegmentService - Segment Service Init Successfully
2025-11-02 19:49:41.053 [main] INFO  c.q.x.d.i.g.biz.core.snowflake.SnowflakeIDGenImpl - twepoch:1288834974657 ,ip:192.168.134.1 ,zkAddress:127.0.0.1:2181 port:2222
2025-11-02 19:49:41.078 [main] WARN  org.apache.curator.CuratorZookeeperClient - session timeout [6000] is less than connection timeout [10000]
2025-11-02 19:49:41.086 [main] INFO  o.a.curator.framework.imps.CuratorFrameworkImpl - Starting
2025-11-02 19:49:41.090 [main] INFO  org.apache.zookeeper.ZooKeeper - Client environment:zookeeper.version=3.6.0--b4c89dc7f6083829e18fae6e446907ae0b1f22d7, built on 02/25/2020 14:38 GMT
2025-11-02 19:49:41.090 [main] INFO  org.apache.zookeeper.ZooKeeper - Client environment:host.name=LAPTOP-QR8TII6M
2025-11-02 19:49:41.090 [main] INFO  org.apache.zookeeper.ZooKeeper - Client environment:java.version=17.0.12
2025-11-02 19:49:41.090 [main] INFO  org.apache.zookeeper.ZooKeeper - Client environment:java.vendor=Oracle Corporation
2025-11-02 19:49:41.090 [main] INFO  org.apache.zookeeper.ZooKeeper - Client environment:java.home=D:\JAVA\jdk17.0.12
2025-11-02 19:49:41.090 [main] INFO  org.apache.zookeeper.ZooKeeper - Client environment:java.class.path=E:\xiaohashu\xiaohashu-distributed-id-generator\xiaohashu-distributed-id-generator-biz\target\classes;E:\xiaohashu\xiaoha-framework\xiaoha-commom\target\classes;D:\maven_repository\org\projectlombok\lombok\1.18.30\lombok-1.18.30.jar;D:\maven_repository\com\fasterxml\jackson\core\jackson-databind\2.16.1\jackson-databind-2.16.1.jar;D:\maven_repository\com\fasterxml\jackson\core\jackson-annotations\2.14.1\jackson-annotations-2.14.1.jar;D:\maven_repository\com\fasterxml\jackson\core\jackson-core\2.16.1\jackson-core-2.16.1.jar;D:\maven_repository\com\fasterxml\jackson\datatype\jackson-datatype-jsr310\2.14.1\jackson-datatype-jsr310-2.14.1.jar;D:\maven_repository\jakarta\validation\jakarta.validation-api\3.0.2\jakarta.validation-api-3.0.2.jar;D:\maven_repository\org\hibernate\validator\hibernate-validator\8.0.0.Final\hibernate-validator-8.0.0.Final.jar;D:\maven_repository\org\jboss\logging\jboss-logging\3.5.0.Final\jboss-logging-3.5.0.Final.jar;D:\maven_repository\com\fasterxml\classmate\1.5.1\classmate-1.5.1.jar;D:\maven_repository\org\springframework\boot\spring-boot-starter-web\3.0.2\spring-boot-starter-web-3.0.2.jar;D:\maven_repository\org\springframework\boot\spring-boot-starter\3.0.2\spring-boot-starter-3.0.2.jar;D:\maven_repository\org\springframework\boot\spring-boot\3.0.2\spring-boot-3.0.2.jar;D:\maven_repository\org\springframework\boot\spring-boot-autoconfigure\3.0.2\spring-boot-autoconfigure-3.0.2.jar;D:\maven_repository\org\springframework\boot\spring-boot-starter-logging\3.0.2\spring-boot-starter-logging-3.0.2.jar;D:\maven_repository\ch\qos\logback\logback-classic\1.4.5\logback-classic-1.4.5.jar;D:\maven_repository\ch\qos\logback\logback-core\1.4.5\logback-core-1.4.5.jar;D:\maven_repository\org\apache\logging\log4j\log4j-to-slf4j\2.19.0\log4j-to-slf4j-2.19.0.jar;D:\maven_repository\org\apache\logging\log4j\log4j-api\2.19.0\log4j-api-2.19.0.jar;D:\maven_repository\org\slf4j\jul-to-slf4j\2.0.6\jul-to-slf4j-2.0.6.jar;D:\maven_repository\jakarta\annotation\jakarta.annotation-api\2.1.1\jakarta.annotation-api-2.1.1.jar;D:\maven_repository\org\yaml\snakeyaml\1.33\snakeyaml-1.33.jar;D:\maven_repository\org\springframework\boot\spring-boot-starter-json\3.0.2\spring-boot-starter-json-3.0.2.jar;D:\maven_repository\com\fasterxml\jackson\datatype\jackson-datatype-jdk8\2.14.1\jackson-datatype-jdk8-2.14.1.jar;D:\maven_repository\com\fasterxml\jackson\module\jackson-module-parameter-names\2.14.1\jackson-module-parameter-names-2.14.1.jar;D:\maven_repository\org\springframework\boot\spring-boot-starter-tomcat\3.0.2\spring-boot-starter-tomcat-3.0.2.jar;D:\maven_repository\org\apache\tomcat\embed\tomcat-embed-core\10.1.5\tomcat-embed-core-10.1.5.jar;D:\maven_repository\org\apache\tomcat\embed\tomcat-embed-el\10.1.5\tomcat-embed-el-10.1.5.jar;D:\maven_repository\org\apache\tomcat\embed\tomcat-embed-websocket\10.1.5\tomcat-embed-websocket-10.1.5.jar;D:\maven_repository\org\springframework\spring-web\6.0.4\spring-web-6.0.4.jar;D:\maven_repository\org\springframework\spring-beans\6.0.4\spring-beans-6.0.4.jar;D:\maven_repository\io\micrometer\micrometer-observation\1.10.3\micrometer-observation-1.10.3.jar;D:\maven_repository\io\micrometer\micrometer-commons\1.10.3\micrometer-commons-1.10.3.jar;D:\maven_repository\org\springframework\spring-webmvc\6.0.4\spring-webmvc-6.0.4.jar;D:\maven_repository\org\springframework\spring-aop\6.0.4\spring-aop-6.0.4.jar;D:\maven_repository\org\springframework\spring-context\6.0.4\spring-context-6.0.4.jar;D:\maven_repository\org\springframework\spring-expression\6.0.4\spring-expression-6.0.4.jar;D:\maven_repository\org\slf4j\slf4j-api\2.0.6\slf4j-api-2.0.6.jar;D:\maven_repository\org\springframework\spring-core\6.0.4\spring-core-6.0.4.jar;D:\maven_repository\org\springframework\spring-jcl\6.0.4\spring-jcl-6.0.4.jar;D:\maven_repository\org\springframework\cloud\spring-cloud-starter-bootstrap\4.0.0\spring-cloud-starter-bootstrap-4.0.0.jar;D:\maven_repository\org\springframework\cloud\spring-cloud-starter\4.0.0\spring-cloud-starter-4.0.0.jar;D:\maven_repository\org\springframework\security\spring-security-rsa\1.0.11.RELEASE\spring-security-rsa-1.0.11.RELEASE.jar;D:\maven_repository\org\bouncycastle\bcpkix-jdk15on\1.69\bcpkix-jdk15on-1.69.jar;D:\maven_repository\org\bouncycastle\bcprov-jdk15on\1.69\bcprov-jdk15on-1.69.jar;D:\maven_repository\org\bouncycastle\bcutil-jdk15on\1.69\bcutil-jdk15on-1.69.jar;D:\maven_repository\com\alibaba\cloud\spring-cloud-starter-alibaba-nacos-discovery\2022.0.0.0\spring-cloud-starter-alibaba-nacos-discovery-2022.0.0.0.jar;D:\maven_repository\com\alibaba\cloud\spring-cloud-alibaba-commons\2022.0.0.0\spring-cloud-alibaba-commons-2022.0.0.0.jar;D:\maven_repository\com\alibaba\nacos\nacos-client\2.2.1\nacos-client-2.2.1.jar;D:\maven_repository\com\alibaba\nacos\nacos-auth-plugin\2.2.1\nacos-auth-plugin-2.2.1.jar;D:\maven_repository\com\alibaba\nacos\nacos-encryption-plugin\2.2.1\nacos-encryption-plugin-2.2.1.jar;D:\maven_repository\commons-codec\commons-codec\1.15\commons-codec-1.15.jar;D:\maven_repository\org\apache\httpcomponents\httpasyncclient\4.1.5\httpasyncclient-4.1.5.jar;D:\maven_repository\org\apache\httpcomponents\httpcore\4.4.16\httpcore-4.4.16.jar;D:\maven_repository\org\apache\httpcomponents\httpcore-nio\4.4.16\httpcore-nio-4.4.16.jar;D:\maven_repository\org\apache\httpcomponents\httpclient\4.5.14\httpclient-4.5.14.jar;D:\maven_repository\io\prometheus\simpleclient\0.16.0\simpleclient-0.16.0.jar;D:\maven_repository\io\prometheus\simpleclient_tracer_otel\0.16.0\simpleclient_tracer_otel-0.16.0.jar;D:\maven_repository\io\prometheus\simpleclient_tracer_common\0.16.0\simpleclient_tracer_common-0.16.0.jar;D:\maven_repository\io\prometheus\simpleclient_tracer_otel_agent\0.16.0\simpleclient_tracer_otel_agent-0.16.0.jar;D:\maven_repository\com\alibaba\spring\spring-context-support\1.0.11\spring-context-support-1.0.11.jar;D:\maven_repository\org\springframework\cloud\spring-cloud-commons\4.0.0\spring-cloud-commons-4.0.0.jar;D:\maven_repository\org\springframework\security\spring-security-crypto\6.0.1\spring-security-crypto-6.0.1.jar;D:\maven_repository\org\springframework\cloud\spring-cloud-context\4.0.0\spring-cloud-context-4.0.0.jar;D:\maven_repository\commons-io\commons-io\2.4\commons-io-2.4.jar;D:\maven_repository\org\perf4j\perf4j\0.9.16\perf4j-0.9.16.jar;D:\maven_repository\mysql\mysql-connector-java\8.0.29\mysql-connector-java-8.0.29.jar;D:\maven_repository\com\google\protobuf\protobuf-java\3.19.4\protobuf-java-3.19.4.jar;D:\maven_repository\com\alibaba\druid\1.0.18\druid-1.0.18.jar;D:\maven_repository\org\mybatis\mybatis\3.3.0\mybatis-3.3.0.jar;D:\maven_repository\org\apache\curator\curator-recipes\2.6.0\curator-recipes-2.6.0.jar;D:\maven_repository\org\apache\curator\curator-framework\5.1.0\curator-framework-5.1.0.jar;D:\maven_repository\org\apache\curator\curator-client\5.1.0\curator-client-5.1.0.jar;D:\maven_repository\com\google\guava\guava\33.0.0-jre\guava-33.0.0-jre.jar;D:\maven_repository\com\google\guava\failureaccess\1.0.2\failureaccess-1.0.2.jar;D:\maven_repository\com\google\guava\listenablefuture\9999.0-empty-to-avoid-conflict-with-guava\listenablefuture-9999.0-empty-to-avoid-conflict-with-guava.jar;D:\maven_repository\com\google\code\findbugs\jsr305\3.0.2\jsr305-3.0.2.jar;D:\maven_repository\org\checkerframework\checker-qual\3.41.0\checker-qual-3.41.0.jar;D:\maven_repository\com\google\errorprone\error_prone_annotations\2.23.0\error_prone_annotations-2.23.0.jar;D:\maven_repository\com\google\j2objc\j2objc-annotations\2.8\j2objc-annotations-2.8.jar;D:\maven_repository\org\apache\zookeeper\zookeeper\3.6.0\zookeeper-3.6.0.jar;D:\maven_repository\commons-lang\commons-lang\2.6\commons-lang-2.6.jar;D:\maven_repository\org\apache\zookeeper\zookeeper-jute\3.6.0\zookeeper-jute-3.6.0.jar;D:\maven_repository\org\apache\yetus\audience-annotations\0.5.0\audience-annotations-0.5.0.jar;D:\maven_repository\io\netty\netty-handler\4.1.87.Final\netty-handler-4.1.87.Final.jar;D:\maven_repository\io\netty\netty-common\4.1.87.Final\netty-common-4.1.87.Final.jar;D:\maven_repository\io\netty\netty-resolver\4.1.87.Final\netty-resolver-4.1.87.Final.jar;D:\maven_repository\io\netty\netty-buffer\4.1.87.Final\netty-buffer-4.1.87.Final.jar;D:\maven_repository\io\netty\netty-transport\4.1.87.Final\netty-transport-4.1.87.Final.jar;D:\maven_repository\io\netty\netty-transport-native-unix-common\4.1.87.Final\netty-transport-native-unix-common-4.1.87.Final.jar;D:\maven_repository\io\netty\netty-codec\4.1.87.Final\netty-codec-4.1.87.Final.jar;D:\maven_repository\io\netty\netty-transport-native-epoll\4.1.87.Final\netty-transport-native-epoll-4.1.87.Final.jar;D:\maven_repository\io\netty\netty-transport-classes-epoll\4.1.87.Final\netty-transport-classes-epoll-4.1.87.Final.jar
2025-11-02 19:49:41.090 [main] INFO  org.apache.zookeeper.ZooKeeper - Client environment:java.library.path=D:\JAVA\jdk17.0.12\bin;C:\windows\Sun\Java\bin;C:\windows\system32;C:\windows;C:\Program Files\Common Files\Oracle\Java\javapath;E:\x_2\system\programs;C:\Program Files (x86)\Thermo\Foundation\x64;C:\Program Files (x86)\Thermo\Foundation;D:\python\Scripts;D:\python;D:\虚拟机\bin;D:\JAVA\jdk17.0.12\bin;C:\ProgramData\Oracle\Java\javapath;C:\windows\system32;C:\windows;C:\windows\System32\Wbem;C:\windows\System32\WindowsPowerShell\v1.0;C:\windows\System32\OpenSSH;C:\Program Files\Microsoft SQL Server\150\Tools\Binn;C:\Program Files\dotnet;C:\Program Files (x86)\Windows Kits\10\Windows Performance Toolkit;C:\Program Files\MySQL\MySQL Server 5.7\bin;C:\Program Files\Bandizip;D:\Git\cmd;C:\Program Files (x86)\Microsoft SQL Server\110\DTS\Binn;C:\Program Files (x86)\Microsoft SQL Server\110\Tools\Binn;C:\Program Files (x86)\Microsoft SQL Server\110\Tools\Binn\ManagementStudio;C:\Program Files (x86)\Microsoft Visual Studio 10.0\Common7\IDE\PrivateAssemblies;D:\apache-maven-3.9.0-bin\apache-maven-3.9.0\bin;E:\Vue;E:\Vue\node_global\node_modules;E:\JMeter\apache-jmeter-5.6.3\bin;E:\jdk\bin;;C:\Program Files\Docker\Docker\resources\bin;E:\spss_model\ext\bin\spss.TMWBServer\bin;E:\spss_model\MPICH2\bin;E:\spss_model\TABI;C:\Users\hp\AppData\Local\Microsoft\WindowsApps;C:\Users\hp\AppData\Local\Programs\Microsoft VS Code Insiders\bin;C:\Users\hp\.dotnet\tools;D:\JAVA\IntelliJ IDEA 2021.1.3\bin;D:\C语言之后？\Microsoft VS Code\bin;D:\python\PyCharm Community Edition 2024.2.1\bin;E:\Vue\node_global;C:\Users\hp\AppData\Local\Programs\Ollama;E:\Ollama;.
2025-11-02 19:49:41.090 [main] INFO  org.apache.zookeeper.ZooKeeper - Client environment:java.io.tmpdir=C:\Users\hp\AppData\Local\Temp\
2025-11-02 19:49:41.090 [main] INFO  org.apache.zookeeper.ZooKeeper - Client environment:java.compiler=<NA>
2025-11-02 19:49:41.090 [main] INFO  org.apache.zookeeper.ZooKeeper - Client environment:os.name=Windows 11
2025-11-02 19:49:41.090 [main] INFO  org.apache.zookeeper.ZooKeeper - Client environment:os.arch=amd64
2025-11-02 19:49:41.090 [main] INFO  org.apache.zookeeper.ZooKeeper - Client environment:os.version=10.0
2025-11-02 19:49:41.091 [main] INFO  org.apache.zookeeper.ZooKeeper - Client environment:user.name=hp
2025-11-02 19:49:41.091 [main] INFO  org.apache.zookeeper.ZooKeeper - Client environment:user.home=C:\Users\hp
2025-11-02 19:49:41.091 [main] INFO  org.apache.zookeeper.ZooKeeper - Client environment:user.dir=E:\xiaohashu
2025-11-02 19:49:41.091 [main] INFO  org.apache.zookeeper.ZooKeeper - Client environment:os.memory.free=116MB
2025-11-02 19:49:41.091 [main] INFO  org.apache.zookeeper.ZooKeeper - Client environment:os.memory.max=4008MB
2025-11-02 19:49:41.091 [main] INFO  org.apache.zookeeper.ZooKeeper - Client environment:os.memory.total=154MB
2025-11-02 19:49:41.092 [main] INFO  org.apache.zookeeper.ZooKeeper - Initiating client connection, connectString=127.0.0.1:2181 sessionTimeout=6000 watcher=org.apache.curator.ConnectionState@245253d8
2025-11-02 19:49:41.094 [main] INFO  org.apache.zookeeper.common.X509Util - Setting -D jdk.tls.rejectClientInitiatedRenegotiation=true to disable client-initiated TLS renegotiation
2025-11-02 19:49:41.105 [main] INFO  org.apache.zookeeper.ClientCnxnSocket - jute.maxbuffer value is 1048575 Bytes
2025-11-02 19:49:41.108 [main] INFO  org.apache.zookeeper.ClientCnxn - zookeeper.request.timeout value is 0. feature enabled=false
2025-11-02 19:49:41.113 [main] INFO  o.a.curator.framework.imps.CuratorFrameworkImpl - Default schema
2025-11-02 19:49:41.114 [main-SendThread(127.0.0.1:2181)] INFO  org.apache.zookeeper.ClientCnxn - Opening socket connection to server activate.navicat.com/127.0.0.1:2181.
2025-11-02 19:49:41.114 [main-SendThread(127.0.0.1:2181)] INFO  org.apache.zookeeper.ClientCnxn - SASL config status: Will not attempt to authenticate using SASL (unknown error)
2025-11-02 19:49:41.115 [main-SendThread(127.0.0.1:2181)] INFO  org.apache.zookeeper.ClientCnxn - Socket connection established, initiating session, client: /127.0.0.1:9264, server: activate.navicat.com/127.0.0.1:2181
2025-11-02 19:49:41.122 [main-SendThread(127.0.0.1:2181)] INFO  org.apache.zookeeper.ClientCnxn - Session establishment complete on server activate.navicat.com/127.0.0.1:2181, session id = 0x10000bf43c30002, negotiated timeout = 6000
2025-11-02 19:49:41.126 [main-EventThread] INFO  o.a.curator.framework.state.ConnectionStateManager - State change: CONNECTED
2025-11-02 19:49:41.132 [main-EventThread] INFO  org.apache.curator.framework.imps.EnsembleTracker - New config event received: {}
2025-11-02 19:49:41.132 [main-EventThread] INFO  org.apache.curator.framework.imps.EnsembleTracker - New config event received: {}
2025-11-02 19:49:41.161 [main] INFO  c.q.x.d.i.g.b.c.snowflake.SnowflakeZookeeperHolder - file exists status is true
2025-11-02 19:49:41.167 [main] INFO  c.q.x.d.i.g.b.c.snowflake.SnowflakeZookeeperHolder - update file cache workerID is 0
2025-11-02 19:49:41.168 [main] INFO  c.q.x.d.i.g.b.c.snowflake.SnowflakeZookeeperHolder - [Old NODE]find forever node have this endpoint ip-192.168.134.1 port-2222 workid-0 childnode and start SUCCESS
2025-11-02 19:49:41.168 [main] INFO  c.q.x.d.i.g.biz.core.snowflake.SnowflakeIDGenImpl - START SUCCESS USE ZK WORKERID-0
2025-11-02 19:49:41.168 [main] INFO  c.q.x.d.id.generator.biz.service.SnowflakeService - Snowflake Service Init Successfully
2025-11-02 19:49:42.523 [main] INFO  org.springframework.cloud.commons.util.InetUtils - Cannot determine local hostname
2025-11-02 19:49:43.939 [main] INFO  org.springframework.cloud.commons.util.InetUtils - Cannot determine local hostname
2025-11-02 19:49:43.974 [main] INFO  o.s.boot.web.embedded.tomcat.TomcatWebServer - Tomcat started on port(s): 8085 (http) with context path ''
2025-11-02 19:49:43.979 [main] WARN  com.alibaba.nacos.client.logging.NacosLogging - Load Logback Configuration of Nacos fail, message: Could not initialize Logback Nacos logging from classpath:nacos-logback.xml
2025-11-02 19:49:43.979 [main] INFO  com.alibaba.nacos.client.naming - initializer namespace from ans.namespace attribute : null
2025-11-02 19:49:43.979 [main] INFO  com.alibaba.nacos.client.naming - initializer namespace from ALIBABA_ALIWARE_NAMESPACE attribute :null
2025-11-02 19:49:43.979 [main] INFO  com.alibaba.nacos.client.naming - initializer namespace from namespace attribute :null
2025-11-02 19:49:43.993 [main] INFO  com.alibaba.nacos.client.utils.ParamUtil - [settings] [req-serv] nacos-server port:8848
2025-11-02 19:49:43.993 [main] INFO  com.alibaba.nacos.client.utils.ParamUtil - [settings] [http-client] connect timeout:1000
2025-11-02 19:49:43.993 [main] INFO  com.alibaba.nacos.client.utils.ParamUtil - PER_TASK_CONFIG_SIZE: 3000.0
2025-11-02 19:49:43.996 [main] INFO  c.a.n.p.auth.spi.client.ClientAuthPluginManager - [ClientAuthPluginManager] Load ClientAuthService com.alibaba.nacos.client.auth.impl.NacosClientAuthServiceImpl success.
2025-11-02 19:49:43.996 [main] INFO  c.a.n.p.auth.spi.client.ClientAuthPluginManager - [ClientAuthPluginManager] Load ClientAuthService com.alibaba.nacos.client.auth.ram.RamClientAuthServiceImpl success.
2025-11-02 19:49:43.997 [main] INFO  c.a.n.client.auth.ram.identify.CredentialWatcher - null No credential found
2025-11-02 19:49:44.001 [main] INFO  com.alibaba.nacos.common.remote.client - [RpcClientFactory] create a new rpc client of 9a31168a-adf6-435c-8fea-d7eb0f679694
2025-11-02 19:49:44.010 [main] INFO  com.alibaba.nacos.common.remote.client - [9a31168a-adf6-435c-8fea-d7eb0f679694] RpcClient init, ServerListFactory = com.alibaba.nacos.client.naming.core.ServerListManager
2025-11-02 19:49:44.010 [main] INFO  com.alibaba.nacos.common.remote.client - [9a31168a-adf6-435c-8fea-d7eb0f679694] Registry connection listener to current client:com.alibaba.nacos.client.naming.remote.gprc.redo.NamingGrpcRedoService
2025-11-02 19:49:44.010 [main] INFO  com.alibaba.nacos.common.remote.client - [9a31168a-adf6-435c-8fea-d7eb0f679694] Register server push request handler:com.alibaba.nacos.client.naming.remote.gprc.NamingPushRequestHandler
2025-11-02 19:49:44.012 [main] INFO  com.alibaba.nacos.common.remote.client - [9a31168a-adf6-435c-8fea-d7eb0f679694] Try to connect to server on start up, server: {serverIp = '127.0.0.1', server main port = 8848}
2025-11-02 19:49:44.015 [main] INFO  c.a.nacos.common.remote.client.grpc.GrpcClient - grpc client connection server:127.0.0.1 ip,serverPort:9848,grpcTslConfig:{"sslProvider":"OPENSSL","enableTls":false,"mutualAuthEnable":false,"trustAll":false}
2025-11-02 19:49:44.735 [main] INFO  com.alibaba.nacos.common.remote.client - [9a31168a-adf6-435c-8fea-d7eb0f679694] Success to connect to server [127.0.0.1:8848] on start up, connectionId = 1762084184578_127.0.0.1_9265
2025-11-02 19:49:44.735 [com.alibaba.nacos.client.remote.worker] INFO  com.alibaba.nacos.common.remote.client - [9a31168a-adf6-435c-8fea-d7eb0f679694] Notify connected event to listeners.
2025-11-02 19:49:44.735 [com.alibaba.nacos.client.remote.worker] INFO  com.alibaba.nacos.client.naming - Grpc connection connect
2025-11-02 19:49:44.735 [main] INFO  com.alibaba.nacos.common.remote.client - [9a31168a-adf6-435c-8fea-d7eb0f679694] Register server push request handler:com.alibaba.nacos.common.remote.client.RpcClient$ConnectResetRequestHandler
2025-11-02 19:49:44.736 [main] INFO  com.alibaba.nacos.common.remote.client - [9a31168a-adf6-435c-8fea-d7eb0f679694] Register server push request handler:com.alibaba.nacos.common.remote.client.RpcClient$$Lambda$979/0x000001694a6798f8
2025-11-02 19:49:44.736 [main] INFO  com.alibaba.nacos.client.naming - [REGISTER-SERVICE] xiaohashu registering service xiaohashu-distributed-id-generator with instance Instance{instanceId='null', ip='192.168.134.1', port=8085, weight=1.0, healthy=true, enabled=true, ephemeral=true, clusterName='DEFAULT', serviceName='null', metadata={IPv6=null, preserved.register.source=SPRING_CLOUD}}
2025-11-02 19:49:44.746 [main] INFO  c.a.cloud.nacos.registry.NacosServiceRegistry - nacos registry, DEFAULT_GROUP xiaohashu-distributed-id-generator 192.168.134.1:8085 register finished
2025-11-02 19:49:45.951 [main] INFO  org.springframework.cloud.commons.util.InetUtils - Cannot determine local hostname
2025-11-02 19:49:45.956 [main] INFO  c.q.x.d.i.g.b.XiaohashuDistributedIdGeneratorBizApplication - Started XiaohashuDistributedIdGeneratorBizApplication in 8.691 seconds (process running for 9.233)
2025-11-02 19:50:18.060 [http-nio-8085-exec-1] INFO  o.a.c.core.ContainerBase.[Tomcat].[localhost].[/] - Initializing Spring DispatcherServlet 'dispatcherServlet'
2025-11-02 19:50:18.060 [http-nio-8085-exec-1] INFO  org.springframework.web.servlet.DispatcherServlet - Initializing Servlet 'dispatcherServlet'
2025-11-02 19:50:18.061 [http-nio-8085-exec-1] INFO  org.springframework.web.servlet.DispatcherServlet - Completed initialization in 1 ms
2025-11-02 19:50:27.893 [http-nio-8085-exec-5] INFO  org.perf4j.TimingLogger - start[1762084227886] time[7] tag[updateSegmentFromDb] message[leaf-segment-test Segment(value:2001,max:4001,step:2000)]
2025-11-02 19:50:27.893 [http-nio-8085-exec-5] INFO  c.q.x.d.i.g.biz.core.segment.SegmentIDGenImpl - Init buffer. Update leafkey leaf-segment-test Segment(value:2001,max:4001,step:2000) from db
2025-11-02 19:50:41.033 [check-idCache-thread] INFO  c.q.x.d.i.g.biz.core.segment.SegmentIDGenImpl - update cache from db
2025-11-02 19:50:41.037 [check-idCache-thread] INFO  org.perf4j.TimingLogger - start[1762084241033] time[3] tag[updateCacheFromDb]
2025-11-02 19:51:41.043 [check-idCache-thread] INFO  c.q.x.d.i.g.biz.core.segment.SegmentIDGenImpl - update cache from db
2025-11-02 19:51:41.049 [check-idCache-thread] INFO  org.perf4j.TimingLogger - start[1762084301043] time[5] tag[updateCacheFromDb]
2025-11-02 19:52:41.060 [check-idCache-thread] INFO  c.q.x.d.i.g.biz.core.segment.SegmentIDGenImpl - update cache from db
2025-11-02 19:52:41.062 [check-idCache-thread] INFO  org.perf4j.TimingLogger - start[1762084361060] time[1] tag[updateCacheFromDb]
2025-11-02 19:53:41.070 [check-idCache-thread] INFO  c.q.x.d.i.g.biz.core.segment.SegmentIDGenImpl - update cache from db
2025-11-02 19:53:41.071 [check-idCache-thread] INFO  org.perf4j.TimingLogger - start[1762084421070] time[1] tag[updateCacheFromDb]
2025-11-02 19:54:41.074 [check-idCache-thread] INFO  c.q.x.d.i.g.biz.core.segment.SegmentIDGenImpl - update cache from db
2025-11-02 19:54:41.076 [check-idCache-thread] INFO  org.perf4j.TimingLogger - start[1762084481074] time[2] tag[updateCacheFromDb]
2025-11-02 19:55:41.079 [check-idCache-thread] INFO  c.q.x.d.i.g.biz.core.segment.SegmentIDGenImpl - update cache from db
2025-11-02 19:55:41.081 [check-idCache-thread] INFO  org.perf4j.TimingLogger - start[1762084541079] time[1] tag[updateCacheFromDb]
2025-11-02 19:56:41.090 [check-idCache-thread] INFO  c.q.x.d.i.g.biz.core.segment.SegmentIDGenImpl - update cache from db
2025-11-02 19:56:41.092 [check-idCache-thread] INFO  org.perf4j.TimingLogger - start[1762084601090] time[1] tag[updateCacheFromDb]
2025-11-02 19:56:46.678 [Thread-Segment-Update-0] INFO  org.perf4j.TimingLogger - start[1762084606671] time[6] tag[updateSegmentFromDb] message[leaf-segment-test Segment(value:4001,max:6001,step:2000)]
2025-11-02 19:56:46.679 [Thread-Segment-Update-0] INFO  c.q.x.d.i.g.biz.core.segment.SegmentIDGenImpl - update segment leaf-segment-test from db Segment(value:4001,max:6001,step:2000)
2025-11-02 19:56:46.843 [Thread-Segment-Update-1] INFO  c.q.x.d.i.g.biz.core.segment.SegmentIDGenImpl - leafKey[leaf-segment-test], step[2000], duration[0.00mins], nextStep[4000]
2025-11-02 19:56:46.852 [Thread-Segment-Update-1] INFO  org.perf4j.TimingLogger - start[1762084606841] time[10] tag[updateSegmentFromDb] message[leaf-segment-test Segment(value:6001,max:10001,step:4000)]
2025-11-02 19:56:46.853 [Thread-Segment-Update-1] INFO  c.q.x.d.i.g.biz.core.segment.SegmentIDGenImpl - update segment leaf-segment-test from db Segment(value:6001,max:10001,step:4000)
2025-11-02 19:56:46.949 [Thread-Segment-Update-2] INFO  c.q.x.d.i.g.biz.core.segment.SegmentIDGenImpl - leafKey[leaf-segment-test], step[4000], duration[0.00mins], nextStep[8000]
2025-11-02 19:56:46.961 [Thread-Segment-Update-2] INFO  org.perf4j.TimingLogger - start[1762084606946] time[14] tag[updateSegmentFromDb] message[leaf-segment-test Segment(value:10001,max:18001,step:8000)]
2025-11-02 19:56:46.961 [Thread-Segment-Update-2] INFO  c.q.x.d.i.g.biz.core.segment.SegmentIDGenImpl - update segment leaf-segment-test from db Segment(value:10001,max:18001,step:8000)
2025-11-02 19:56:47.241 [Thread-Segment-Update-3] INFO  c.q.x.d.i.g.biz.core.segment.SegmentIDGenImpl - leafKey[leaf-segment-test], step[8000], duration[0.00mins], nextStep[16000]
2025-11-02 19:56:47.267 [Thread-Segment-Update-3] INFO  org.perf4j.TimingLogger - start[1762084607241] time[25] tag[updateSegmentFromDb] message[leaf-segment-test Segment(value:18001,max:34001,step:16000)]
2025-11-02 19:56:47.267 [Thread-Segment-Update-3] INFO  c.q.x.d.i.g.biz.core.segment.SegmentIDGenImpl - update segment leaf-segment-test from db Segment(value:18001,max:34001,step:16000)
2025-11-02 19:56:47.729 [Thread-Segment-Update-4] INFO  c.q.x.d.i.g.biz.core.segment.SegmentIDGenImpl - leafKey[leaf-segment-test], step[16000], duration[0.01mins], nextStep[32000]
2025-11-02 19:56:47.755 [Thread-Segment-Update-4] INFO  org.perf4j.TimingLogger - start[1762084607722] time[33] tag[updateSegmentFromDb] message[leaf-segment-test Segment(value:34001,max:66001,step:32000)]
2025-11-02 19:56:47.756 [Thread-Segment-Update-4] INFO  c.q.x.d.i.g.biz.core.segment.SegmentIDGenImpl - update segment leaf-segment-test from db Segment(value:34001,max:66001,step:32000)
2025-11-02 19:56:48.604 [Thread-Segment-Update-4] INFO  c.q.x.d.i.g.biz.core.segment.SegmentIDGenImpl - leafKey[leaf-segment-test], step[32000], duration[0.01mins], nextStep[64000]
2025-11-02 19:56:48.611 [Thread-Segment-Update-4] INFO  org.perf4j.TimingLogger - start[1762084608604] time[7] tag[updateSegmentFromDb] message[leaf-segment-test Segment(value:66001,max:130001,step:64000)]
2025-11-02 19:56:48.611 [Thread-Segment-Update-4] INFO  c.q.x.d.i.g.biz.core.segment.SegmentIDGenImpl - update segment leaf-segment-test from db Segment(value:66001,max:130001,step:64000)
2025-11-02 19:56:49.926 [Thread-Segment-Update-4] INFO  c.q.x.d.i.g.biz.core.segment.SegmentIDGenImpl - leafKey[leaf-segment-test], step[64000], duration[0.02mins], nextStep[128000]
2025-11-02 19:56:49.935 [Thread-Segment-Update-4] INFO  org.perf4j.TimingLogger - start[1762084609925] time[9] tag[updateSegmentFromDb] message[leaf-segment-test Segment(value:130001,max:258001,step:128000)]
2025-11-02 19:56:49.935 [Thread-Segment-Update-4] INFO  c.q.x.d.i.g.biz.core.segment.SegmentIDGenImpl - update segment leaf-segment-test from db Segment(value:130001,max:258001,step:128000)
2025-11-02 19:56:52.581 [Thread-Segment-Update-4] INFO  c.q.x.d.i.g.biz.core.segment.SegmentIDGenImpl - leafKey[leaf-segment-test], step[128000], duration[0.04mins], nextStep[256000]
2025-11-02 19:56:52.588 [Thread-Segment-Update-4] INFO  org.perf4j.TimingLogger - start[1762084612581] time[6] tag[updateSegmentFromDb] message[leaf-segment-test Segment(value:258001,max:514001,step:256000)]
2025-11-02 19:56:52.588 [Thread-Segment-Update-4] INFO  c.q.x.d.i.g.biz.core.segment.SegmentIDGenImpl - update segment leaf-segment-test from db Segment(value:258001,max:514001,step:256000)
2025-11-02 19:56:58.060 [Thread-Segment-Update-4] INFO  c.q.x.d.i.g.biz.core.segment.SegmentIDGenImpl - leafKey[leaf-segment-test], step[256000], duration[0.09mins], nextStep[512000]
2025-11-02 19:56:58.065 [Thread-Segment-Update-4] INFO  org.perf4j.TimingLogger - start[1762084618060] time[5] tag[updateSegmentFromDb] message[leaf-segment-test Segment(value:514001,max:1026001,step:512000)]
2025-11-02 19:56:58.065 [Thread-Segment-Update-4] INFO  c.q.x.d.i.g.biz.core.segment.SegmentIDGenImpl - update segment leaf-segment-test from db Segment(value:514001,max:1026001,step:512000)
2025-11-02 19:57:10.004 [Thread-Segment-Update-4] INFO  c.q.x.d.i.g.biz.core.segment.SegmentIDGenImpl - leafKey[leaf-segment-test], step[512000], duration[0.20mins], nextStep[512000]
2025-11-02 19:57:10.010 [Thread-Segment-Update-4] INFO  org.perf4j.TimingLogger - start[1762084630004] time[6] tag[updateSegmentFromDb] message[leaf-segment-test Segment(value:1026001,max:1538001,step:512000)]
2025-11-02 19:57:10.010 [Thread-Segment-Update-4] INFO  c.q.x.d.i.g.biz.core.segment.SegmentIDGenImpl - update segment leaf-segment-test from db Segment(value:1026001,max:1538001,step:512000)
2025-11-02 19:57:34.130 [Thread-Segment-Update-4] INFO  c.q.x.d.i.g.biz.core.segment.SegmentIDGenImpl - leafKey[leaf-segment-test], step[512000], duration[0.40mins], nextStep[512000]
2025-11-02 19:57:34.139 [Thread-Segment-Update-4] INFO  org.perf4j.TimingLogger - start[1762084654130] time[8] tag[updateSegmentFromDb] message[leaf-segment-test Segment(value:1538001,max:2050001,step:512000)]
2025-11-02 19:57:34.139 [Thread-Segment-Update-4] INFO  c.q.x.d.i.g.biz.core.segment.SegmentIDGenImpl - update segment leaf-segment-test from db Segment(value:1538001,max:2050001,step:512000)
2025-11-02 19:57:41.106 [check-idCache-thread] INFO  c.q.x.d.i.g.biz.core.segment.SegmentIDGenImpl - update cache from db
2025-11-02 19:57:41.110 [check-idCache-thread] INFO  org.perf4j.TimingLogger - start[1762084661106] time[3] tag[updateCacheFromDb]
2025-11-02 19:58:41.116 [check-idCache-thread] INFO  c.q.x.d.i.g.biz.core.segment.SegmentIDGenImpl - update cache from db
2025-11-02 19:58:41.117 [check-idCache-thread] INFO  org.perf4j.TimingLogger - start[1762084721116] time[1] tag[updateCacheFromDb]
2025-11-02 19:59:41.123 [check-idCache-thread] INFO  c.q.x.d.i.g.biz.core.segment.SegmentIDGenImpl - update cache from db
2025-11-02 19:59:41.124 [check-idCache-thread] INFO  org.perf4j.TimingLogger - start[1762084781123] time[1] tag[updateCacheFromDb]
2025-11-02 20:00:41.137 [check-idCache-thread] INFO  c.q.x.d.i.g.biz.core.segment.SegmentIDGenImpl - update cache from db
2025-11-02 20:00:41.137 [check-idCache-thread] INFO  org.perf4j.TimingLogger - start[1762084841137] time[1] tag[updateCacheFromDb]
2025-11-02 20:01:41.147 [check-idCache-thread] INFO  c.q.x.d.i.g.biz.core.segment.SegmentIDGenImpl - update cache from db
2025-11-02 20:01:41.150 [check-idCache-thread] INFO  org.perf4j.TimingLogger - start[1762084901147] time[2] tag[updateCacheFromDb]
2025-11-02 20:02:41.153 [check-idCache-thread] INFO  c.q.x.d.i.g.biz.core.segment.SegmentIDGenImpl - update cache from db
2025-11-02 20:02:41.154 [check-idCache-thread] INFO  org.perf4j.TimingLogger - start[1762084961153] time[1] tag[updateCacheFromDb]
2025-11-02 20:03:41.164 [check-idCache-thread] INFO  c.q.x.d.i.g.biz.core.segment.SegmentIDGenImpl - update cache from db
2025-11-02 20:03:41.166 [check-idCache-thread] INFO  org.perf4j.TimingLogger - start[1762085021164] time[2] tag[updateCacheFromDb]
2025-11-02 20:04:41.178 [check-idCache-thread] INFO  c.q.x.d.i.g.biz.core.segment.SegmentIDGenImpl - update cache from db
2025-11-02 20:04:41.180 [check-idCache-thread] INFO  org.perf4j.TimingLogger - start[1762085081178] time[1] tag[updateCacheFromDb]
2025-11-02 20:05:41.186 [check-idCache-thread] INFO  c.q.x.d.i.g.biz.core.segment.SegmentIDGenImpl - update cache from db
2025-11-02 20:05:41.188 [check-idCache-thread] INFO  org.perf4j.TimingLogger - start[1762085141186] time[1] tag[updateCacheFromDb]
2025-11-02 20:06:41.200 [check-idCache-thread] INFO  c.q.x.d.i.g.biz.core.segment.SegmentIDGenImpl - update cache from db
2025-11-02 20:06:41.201 [check-idCache-thread] INFO  org.perf4j.TimingLogger - start[1762085201200] time[1] tag[updateCacheFromDb]
2025-11-02 20:07:41.213 [check-idCache-thread] INFO  c.q.x.d.i.g.biz.core.segment.SegmentIDGenImpl - update cache from db
2025-11-02 20:07:41.214 [check-idCache-thread] INFO  org.perf4j.TimingLogger - start[1762085261213] time[1] tag[updateCacheFromDb]
2025-11-02 20:08:41.219 [check-idCache-thread] INFO  c.q.x.d.i.g.biz.core.segment.SegmentIDGenImpl - update cache from db
2025-11-02 20:08:41.221 [check-idCache-thread] INFO  org.perf4j.TimingLogger - start[1762085321219] time[1] tag[updateCacheFromDb]
2025-11-02 20:09:41.228 [check-idCache-thread] INFO  c.q.x.d.i.g.biz.core.segment.SegmentIDGenImpl - update cache from db
2025-11-02 20:09:41.229 [check-idCache-thread] INFO  org.perf4j.TimingLogger - start[1762085381229] time[1] tag[updateCacheFromDb]
2025-11-02 20:10:41.239 [check-idCache-thread] INFO  c.q.x.d.i.g.biz.core.segment.SegmentIDGenImpl - update cache from db
2025-11-02 20:10:41.241 [check-idCache-thread] INFO  c.q.x.d.i.g.biz.core.segment.SegmentIDGenImpl - Add tag leaf-segment-xiaohashu-id from db to IdCache, SegmentBuffer SegmentBuffer{key='leaf-segment-xiaohashu-id', segments=[Segment(value:0,max:0,step:0), Segment(value:0,max:0,step:0)], currentPos=0, nextReady=false, initOk=false, threadRunning=false, step=0, minStep=0, updateTimestamp=0}
2025-11-02 20:10:41.241 [check-idCache-thread] INFO  org.perf4j.TimingLogger - start[1762085441239] time[1] tag[updateCacheFromDb]
2025-11-02 20:11:41.248 [check-idCache-thread] INFO  c.q.x.d.i.g.biz.core.segment.SegmentIDGenImpl - update cache from db
2025-11-02 20:11:41.250 [check-idCache-thread] INFO  org.perf4j.TimingLogger - start[1762085501248] time[1] tag[updateCacheFromDb]
2025-11-02 20:12:41.256 [check-idCache-thread] INFO  c.q.x.d.i.g.biz.core.segment.SegmentIDGenImpl - update cache from db
2025-11-02 20:12:41.258 [check-idCache-thread] INFO  org.perf4j.TimingLogger - start[1762085561257] time[1] tag[updateCacheFromDb]
2025-11-02 20:13:41.266 [check-idCache-thread] INFO  c.q.x.d.i.g.biz.core.segment.SegmentIDGenImpl - update cache from db
2025-11-02 20:13:41.267 [check-idCache-thread] INFO  org.perf4j.TimingLogger - start[1762085621267] time[1] tag[updateCacheFromDb]
2025-11-02 20:14:41.282 [check-idCache-thread] INFO  c.q.x.d.i.g.biz.core.segment.SegmentIDGenImpl - update cache from db
2025-11-02 20:14:41.283 [check-idCache-thread] INFO  org.perf4j.TimingLogger - start[1762085681282] time[1] tag[updateCacheFromDb]
2025-11-02 20:15:41.291 [check-idCache-thread] INFO  c.q.x.d.i.g.biz.core.segment.SegmentIDGenImpl - update cache from db
2025-11-02 20:15:41.293 [check-idCache-thread] INFO  org.perf4j.TimingLogger - start[1762085741291] time[1] tag[updateCacheFromDb]
2025-11-02 20:16:41.304 [check-idCache-thread] INFO  c.q.x.d.i.g.biz.core.segment.SegmentIDGenImpl - update cache from db
2025-11-02 20:16:41.305 [check-idCache-thread] INFO  org.perf4j.TimingLogger - start[1762085801304] time[1] tag[updateCacheFromDb]
2025-11-02 20:17:41.309 [check-idCache-thread] INFO  c.q.x.d.i.g.biz.core.segment.SegmentIDGenImpl - update cache from db
2025-11-02 20:17:41.312 [check-idCache-thread] INFO  org.perf4j.TimingLogger - start[1762085861309] time[3] tag[updateCacheFromDb]
2025-11-02 20:18:41.315 [check-idCache-thread] INFO  c.q.x.d.i.g.biz.core.segment.SegmentIDGenImpl - update cache from db
2025-11-02 20:18:41.317 [check-idCache-thread] INFO  org.perf4j.TimingLogger - start[1762085921315] time[1] tag[updateCacheFromDb]
2025-11-02 20:19:41.323 [check-idCache-thread] INFO  c.q.x.d.i.g.biz.core.segment.SegmentIDGenImpl - update cache from db
2025-11-02 20:19:41.325 [check-idCache-thread] INFO  org.perf4j.TimingLogger - start[1762085981323] time[1] tag[updateCacheFromDb]
2025-11-02 20:34:19.819 [main] WARN  com.alibaba.nacos.client.logging.NacosLogging - Load Logback Configuration of Nacos fail, message: Could not initialize Logback Nacos logging from classpath:nacos-logback.xml
2025-11-02 20:34:19.858 [main] WARN  com.alibaba.nacos.client.logging.NacosLogging - Load Logback Configuration of Nacos fail, message: Could not initialize Logback Nacos logging from classpath:nacos-logback.xml
2025-11-02 20:34:21.249 [main] WARN  com.alibaba.nacos.client.logging.NacosLogging - Load Logback Configuration of Nacos fail, message: Could not initialize Logback Nacos logging from classpath:nacos-logback.xml
2025-11-02 20:34:21.259 [main] WARN  com.alibaba.nacos.client.logging.NacosLogging - Load Logback Configuration of Nacos fail, message: Could not initialize Logback Nacos logging from classpath:nacos-logback.xml
2025-11-02 20:34:21.259 [main] INFO  c.q.x.d.i.g.b.XiaohashuDistributedIdGeneratorBizApplication - The following 1 profile is active: "dev"
2025-11-02 20:34:21.595 [main] INFO  o.springframework.cloud.context.scope.GenericScope - BeanFactory id=418f91a1-6f80-3310-b2d9-2cc1eabea236
2025-11-02 20:34:21.725 [main] INFO  o.s.boot.web.embedded.tomcat.TomcatWebServer - Tomcat initialized with port(s): 8085 (http)
2025-11-02 20:34:21.731 [main] INFO  org.apache.catalina.core.StandardService - Starting service [Tomcat]
2025-11-02 20:34:21.731 [main] INFO  org.apache.catalina.core.StandardEngine - Starting Servlet engine: [Apache Tomcat/10.1.5]
2025-11-02 20:34:21.797 [main] INFO  o.a.c.core.ContainerBase.[Tomcat].[localhost].[/] - Initializing Spring embedded WebApplicationContext
2025-11-02 20:34:21.797 [main] INFO  o.s.b.w.s.c.ServletWebServerApplicationContext - Root WebApplicationContext: initialization completed in 530 ms
2025-11-02 20:34:21.867 [main] INFO  com.alibaba.druid.pool.DruidDataSource - {dataSource-1} inited
2025-11-02 20:34:21.900 [main] INFO  c.q.x.d.i.g.biz.core.segment.SegmentIDGenImpl - Init ...
2025-11-02 20:34:21.900 [main] INFO  c.q.x.d.i.g.biz.core.segment.SegmentIDGenImpl - update cache from db
2025-11-02 20:34:21.995 [main] INFO  c.q.x.d.i.g.biz.core.segment.SegmentIDGenImpl - Add tag leaf-segment-test from db to IdCache, SegmentBuffer SegmentBuffer{key='leaf-segment-test', segments=[Segment(value:0,max:0,step:0), Segment(value:0,max:0,step:0)], currentPos=0, nextReady=false, initOk=false, threadRunning=false, step=0, minStep=0, updateTimestamp=0}
2025-11-02 20:34:21.995 [main] INFO  c.q.x.d.i.g.biz.core.segment.SegmentIDGenImpl - Add tag leaf-segment-xiaohashu-id from db to IdCache, SegmentBuffer SegmentBuffer{key='leaf-segment-xiaohashu-id', segments=[Segment(value:0,max:0,step:0), Segment(value:0,max:0,step:0)], currentPos=0, nextReady=false, initOk=false, threadRunning=false, step=0, minStep=0, updateTimestamp=0}
2025-11-02 20:34:21.995 [main] INFO  org.perf4j.TimingLogger - start[1762086861901] time[94] tag[updateCacheFromDb]
2025-11-02 20:34:21.996 [main] INFO  c.q.x.d.id.generator.biz.service.SegmentService - Segment Service Init Successfully
2025-11-02 20:34:22.014 [main] INFO  c.q.x.d.i.g.biz.core.snowflake.SnowflakeIDGenImpl - twepoch:1288834974657 ,ip:192.168.134.1 ,zkAddress:127.0.0.1:2181 port:2222
2025-11-02 20:34:22.031 [main] WARN  org.apache.curator.CuratorZookeeperClient - session timeout [6000] is less than connection timeout [10000]
2025-11-02 20:34:22.037 [main] INFO  o.a.curator.framework.imps.CuratorFrameworkImpl - Starting
2025-11-02 20:34:22.048 [main] INFO  org.apache.zookeeper.ZooKeeper - Client environment:zookeeper.version=3.6.0--b4c89dc7f6083829e18fae6e446907ae0b1f22d7, built on 02/25/2020 14:38 GMT
2025-11-02 20:34:22.048 [main] INFO  org.apache.zookeeper.ZooKeeper - Client environment:host.name=LAPTOP-QR8TII6M
2025-11-02 20:34:22.048 [main] INFO  org.apache.zookeeper.ZooKeeper - Client environment:java.version=17.0.12
2025-11-02 20:34:22.048 [main] INFO  org.apache.zookeeper.ZooKeeper - Client environment:java.vendor=Oracle Corporation
2025-11-02 20:34:22.048 [main] INFO  org.apache.zookeeper.ZooKeeper - Client environment:java.home=D:\JAVA\jdk17.0.12
2025-11-02 20:34:22.048 [main] INFO  org.apache.zookeeper.ZooKeeper - Client environment:java.class.path=E:\xiaohashu\xiaohashu-distributed-id-generator\xiaohashu-distributed-id-generator-biz\target\classes;E:\xiaohashu\xiaoha-framework\xiaoha-commom\target\classes;D:\maven_repository\org\projectlombok\lombok\1.18.30\lombok-1.18.30.jar;D:\maven_repository\com\fasterxml\jackson\core\jackson-databind\2.16.1\jackson-databind-2.16.1.jar;D:\maven_repository\com\fasterxml\jackson\core\jackson-annotations\2.14.1\jackson-annotations-2.14.1.jar;D:\maven_repository\com\fasterxml\jackson\core\jackson-core\2.16.1\jackson-core-2.16.1.jar;D:\maven_repository\com\fasterxml\jackson\datatype\jackson-datatype-jsr310\2.14.1\jackson-datatype-jsr310-2.14.1.jar;D:\maven_repository\jakarta\validation\jakarta.validation-api\3.0.2\jakarta.validation-api-3.0.2.jar;D:\maven_repository\org\hibernate\validator\hibernate-validator\8.0.0.Final\hibernate-validator-8.0.0.Final.jar;D:\maven_repository\org\jboss\logging\jboss-logging\3.5.0.Final\jboss-logging-3.5.0.Final.jar;D:\maven_repository\com\fasterxml\classmate\1.5.1\classmate-1.5.1.jar;D:\maven_repository\org\springframework\boot\spring-boot-starter-web\3.0.2\spring-boot-starter-web-3.0.2.jar;D:\maven_repository\org\springframework\boot\spring-boot-starter\3.0.2\spring-boot-starter-3.0.2.jar;D:\maven_repository\org\springframework\boot\spring-boot\3.0.2\spring-boot-3.0.2.jar;D:\maven_repository\org\springframework\boot\spring-boot-autoconfigure\3.0.2\spring-boot-autoconfigure-3.0.2.jar;D:\maven_repository\org\springframework\boot\spring-boot-starter-logging\3.0.2\spring-boot-starter-logging-3.0.2.jar;D:\maven_repository\ch\qos\logback\logback-classic\1.4.5\logback-classic-1.4.5.jar;D:\maven_repository\ch\qos\logback\logback-core\1.4.5\logback-core-1.4.5.jar;D:\maven_repository\org\apache\logging\log4j\log4j-to-slf4j\2.19.0\log4j-to-slf4j-2.19.0.jar;D:\maven_repository\org\apache\logging\log4j\log4j-api\2.19.0\log4j-api-2.19.0.jar;D:\maven_repository\org\slf4j\jul-to-slf4j\2.0.6\jul-to-slf4j-2.0.6.jar;D:\maven_repository\jakarta\annotation\jakarta.annotation-api\2.1.1\jakarta.annotation-api-2.1.1.jar;D:\maven_repository\org\yaml\snakeyaml\1.33\snakeyaml-1.33.jar;D:\maven_repository\org\springframework\boot\spring-boot-starter-json\3.0.2\spring-boot-starter-json-3.0.2.jar;D:\maven_repository\com\fasterxml\jackson\datatype\jackson-datatype-jdk8\2.14.1\jackson-datatype-jdk8-2.14.1.jar;D:\maven_repository\com\fasterxml\jackson\module\jackson-module-parameter-names\2.14.1\jackson-module-parameter-names-2.14.1.jar;D:\maven_repository\org\springframework\boot\spring-boot-starter-tomcat\3.0.2\spring-boot-starter-tomcat-3.0.2.jar;D:\maven_repository\org\apache\tomcat\embed\tomcat-embed-core\10.1.5\tomcat-embed-core-10.1.5.jar;D:\maven_repository\org\apache\tomcat\embed\tomcat-embed-el\10.1.5\tomcat-embed-el-10.1.5.jar;D:\maven_repository\org\apache\tomcat\embed\tomcat-embed-websocket\10.1.5\tomcat-embed-websocket-10.1.5.jar;D:\maven_repository\org\springframework\spring-web\6.0.4\spring-web-6.0.4.jar;D:\maven_repository\org\springframework\spring-beans\6.0.4\spring-beans-6.0.4.jar;D:\maven_repository\io\micrometer\micrometer-observation\1.10.3\micrometer-observation-1.10.3.jar;D:\maven_repository\io\micrometer\micrometer-commons\1.10.3\micrometer-commons-1.10.3.jar;D:\maven_repository\org\springframework\spring-webmvc\6.0.4\spring-webmvc-6.0.4.jar;D:\maven_repository\org\springframework\spring-aop\6.0.4\spring-aop-6.0.4.jar;D:\maven_repository\org\springframework\spring-context\6.0.4\spring-context-6.0.4.jar;D:\maven_repository\org\springframework\spring-expression\6.0.4\spring-expression-6.0.4.jar;D:\maven_repository\org\slf4j\slf4j-api\2.0.6\slf4j-api-2.0.6.jar;D:\maven_repository\org\springframework\spring-core\6.0.4\spring-core-6.0.4.jar;D:\maven_repository\org\springframework\spring-jcl\6.0.4\spring-jcl-6.0.4.jar;D:\maven_repository\org\springframework\cloud\spring-cloud-starter-bootstrap\4.0.0\spring-cloud-starter-bootstrap-4.0.0.jar;D:\maven_repository\org\springframework\cloud\spring-cloud-starter\4.0.0\spring-cloud-starter-4.0.0.jar;D:\maven_repository\org\springframework\security\spring-security-rsa\1.0.11.RELEASE\spring-security-rsa-1.0.11.RELEASE.jar;D:\maven_repository\org\bouncycastle\bcpkix-jdk15on\1.69\bcpkix-jdk15on-1.69.jar;D:\maven_repository\org\bouncycastle\bcprov-jdk15on\1.69\bcprov-jdk15on-1.69.jar;D:\maven_repository\org\bouncycastle\bcutil-jdk15on\1.69\bcutil-jdk15on-1.69.jar;D:\maven_repository\com\alibaba\cloud\spring-cloud-starter-alibaba-nacos-discovery\2022.0.0.0\spring-cloud-starter-alibaba-nacos-discovery-2022.0.0.0.jar;D:\maven_repository\com\alibaba\cloud\spring-cloud-alibaba-commons\2022.0.0.0\spring-cloud-alibaba-commons-2022.0.0.0.jar;D:\maven_repository\com\alibaba\nacos\nacos-client\2.2.1\nacos-client-2.2.1.jar;D:\maven_repository\com\alibaba\nacos\nacos-auth-plugin\2.2.1\nacos-auth-plugin-2.2.1.jar;D:\maven_repository\com\alibaba\nacos\nacos-encryption-plugin\2.2.1\nacos-encryption-plugin-2.2.1.jar;D:\maven_repository\commons-codec\commons-codec\1.15\commons-codec-1.15.jar;D:\maven_repository\org\apache\httpcomponents\httpasyncclient\4.1.5\httpasyncclient-4.1.5.jar;D:\maven_repository\org\apache\httpcomponents\httpcore\4.4.16\httpcore-4.4.16.jar;D:\maven_repository\org\apache\httpcomponents\httpcore-nio\4.4.16\httpcore-nio-4.4.16.jar;D:\maven_repository\org\apache\httpcomponents\httpclient\4.5.14\httpclient-4.5.14.jar;D:\maven_repository\io\prometheus\simpleclient\0.16.0\simpleclient-0.16.0.jar;D:\maven_repository\io\prometheus\simpleclient_tracer_otel\0.16.0\simpleclient_tracer_otel-0.16.0.jar;D:\maven_repository\io\prometheus\simpleclient_tracer_common\0.16.0\simpleclient_tracer_common-0.16.0.jar;D:\maven_repository\io\prometheus\simpleclient_tracer_otel_agent\0.16.0\simpleclient_tracer_otel_agent-0.16.0.jar;D:\maven_repository\com\alibaba\spring\spring-context-support\1.0.11\spring-context-support-1.0.11.jar;D:\maven_repository\org\springframework\cloud\spring-cloud-commons\4.0.0\spring-cloud-commons-4.0.0.jar;D:\maven_repository\org\springframework\security\spring-security-crypto\6.0.1\spring-security-crypto-6.0.1.jar;D:\maven_repository\org\springframework\cloud\spring-cloud-context\4.0.0\spring-cloud-context-4.0.0.jar;D:\maven_repository\commons-io\commons-io\2.4\commons-io-2.4.jar;D:\maven_repository\org\perf4j\perf4j\0.9.16\perf4j-0.9.16.jar;D:\maven_repository\mysql\mysql-connector-java\8.0.29\mysql-connector-java-8.0.29.jar;D:\maven_repository\com\google\protobuf\protobuf-java\3.19.4\protobuf-java-3.19.4.jar;D:\maven_repository\com\alibaba\druid\1.0.18\druid-1.0.18.jar;D:\maven_repository\org\mybatis\mybatis\3.3.0\mybatis-3.3.0.jar;D:\maven_repository\org\apache\curator\curator-recipes\2.6.0\curator-recipes-2.6.0.jar;D:\maven_repository\org\apache\curator\curator-framework\5.1.0\curator-framework-5.1.0.jar;D:\maven_repository\org\apache\curator\curator-client\5.1.0\curator-client-5.1.0.jar;D:\maven_repository\com\google\guava\guava\33.0.0-jre\guava-33.0.0-jre.jar;D:\maven_repository\com\google\guava\failureaccess\1.0.2\failureaccess-1.0.2.jar;D:\maven_repository\com\google\guava\listenablefuture\9999.0-empty-to-avoid-conflict-with-guava\listenablefuture-9999.0-empty-to-avoid-conflict-with-guava.jar;D:\maven_repository\com\google\code\findbugs\jsr305\3.0.2\jsr305-3.0.2.jar;D:\maven_repository\org\checkerframework\checker-qual\3.41.0\checker-qual-3.41.0.jar;D:\maven_repository\com\google\errorprone\error_prone_annotations\2.23.0\error_prone_annotations-2.23.0.jar;D:\maven_repository\com\google\j2objc\j2objc-annotations\2.8\j2objc-annotations-2.8.jar;D:\maven_repository\org\apache\zookeeper\zookeeper\3.6.0\zookeeper-3.6.0.jar;D:\maven_repository\commons-lang\commons-lang\2.6\commons-lang-2.6.jar;D:\maven_repository\org\apache\zookeeper\zookeeper-jute\3.6.0\zookeeper-jute-3.6.0.jar;D:\maven_repository\org\apache\yetus\audience-annotations\0.5.0\audience-annotations-0.5.0.jar;D:\maven_repository\io\netty\netty-handler\4.1.87.Final\netty-handler-4.1.87.Final.jar;D:\maven_repository\io\netty\netty-common\4.1.87.Final\netty-common-4.1.87.Final.jar;D:\maven_repository\io\netty\netty-resolver\4.1.87.Final\netty-resolver-4.1.87.Final.jar;D:\maven_repository\io\netty\netty-buffer\4.1.87.Final\netty-buffer-4.1.87.Final.jar;D:\maven_repository\io\netty\netty-transport\4.1.87.Final\netty-transport-4.1.87.Final.jar;D:\maven_repository\io\netty\netty-transport-native-unix-common\4.1.87.Final\netty-transport-native-unix-common-4.1.87.Final.jar;D:\maven_repository\io\netty\netty-codec\4.1.87.Final\netty-codec-4.1.87.Final.jar;D:\maven_repository\io\netty\netty-transport-native-epoll\4.1.87.Final\netty-transport-native-epoll-4.1.87.Final.jar;D:\maven_repository\io\netty\netty-transport-classes-epoll\4.1.87.Final\netty-transport-classes-epoll-4.1.87.Final.jar
2025-11-02 20:34:22.048 [main] INFO  org.apache.zookeeper.ZooKeeper - Client environment:java.library.path=D:\JAVA\jdk17.0.12\bin;C:\windows\Sun\Java\bin;C:\windows\system32;C:\windows;C:\Program Files\Common Files\Oracle\Java\javapath;E:\x_2\system\programs;C:\Program Files (x86)\Thermo\Foundation\x64;C:\Program Files (x86)\Thermo\Foundation;D:\python\Scripts;D:\python;D:\虚拟机\bin;D:\JAVA\jdk17.0.12\bin;C:\ProgramData\Oracle\Java\javapath;C:\windows\system32;C:\windows;C:\windows\System32\Wbem;C:\windows\System32\WindowsPowerShell\v1.0;C:\windows\System32\OpenSSH;C:\Program Files\Microsoft SQL Server\150\Tools\Binn;C:\Program Files\dotnet;C:\Program Files (x86)\Windows Kits\10\Windows Performance Toolkit;C:\Program Files\MySQL\MySQL Server 5.7\bin;C:\Program Files\Bandizip;D:\Git\cmd;C:\Program Files (x86)\Microsoft SQL Server\110\DTS\Binn;C:\Program Files (x86)\Microsoft SQL Server\110\Tools\Binn;C:\Program Files (x86)\Microsoft SQL Server\110\Tools\Binn\ManagementStudio;C:\Program Files (x86)\Microsoft Visual Studio 10.0\Common7\IDE\PrivateAssemblies;D:\apache-maven-3.9.0-bin\apache-maven-3.9.0\bin;E:\Vue;E:\Vue\node_global\node_modules;E:\JMeter\apache-jmeter-5.6.3\bin;E:\jdk\bin;;C:\Program Files\Docker\Docker\resources\bin;E:\spss_model\ext\bin\spss.TMWBServer\bin;E:\spss_model\MPICH2\bin;E:\spss_model\TABI;C:\Users\hp\AppData\Local\Microsoft\WindowsApps;C:\Users\hp\AppData\Local\Programs\Microsoft VS Code Insiders\bin;C:\Users\hp\.dotnet\tools;D:\JAVA\IntelliJ IDEA 2021.1.3\bin;D:\C语言之后？\Microsoft VS Code\bin;D:\python\PyCharm Community Edition 2024.2.1\bin;E:\Vue\node_global;C:\Users\hp\AppData\Local\Programs\Ollama;E:\Ollama;.
2025-11-02 20:34:22.048 [main] INFO  org.apache.zookeeper.ZooKeeper - Client environment:java.io.tmpdir=C:\Users\hp\AppData\Local\Temp\
2025-11-02 20:34:22.048 [main] INFO  org.apache.zookeeper.ZooKeeper - Client environment:java.compiler=<NA>
2025-11-02 20:34:22.048 [main] INFO  org.apache.zookeeper.ZooKeeper - Client environment:os.name=Windows 11
2025-11-02 20:34:22.048 [main] INFO  org.apache.zookeeper.ZooKeeper - Client environment:os.arch=amd64
2025-11-02 20:34:22.048 [main] INFO  org.apache.zookeeper.ZooKeeper - Client environment:os.version=10.0
2025-11-02 20:34:22.048 [main] INFO  org.apache.zookeeper.ZooKeeper - Client environment:user.name=hp
2025-11-02 20:34:22.048 [main] INFO  org.apache.zookeeper.ZooKeeper - Client environment:user.home=C:\Users\hp
2025-11-02 20:34:22.049 [main] INFO  org.apache.zookeeper.ZooKeeper - Client environment:user.dir=E:\xiaohashu
2025-11-02 20:34:22.049 [main] INFO  org.apache.zookeeper.ZooKeeper - Client environment:os.memory.free=117MB
2025-11-02 20:34:22.049 [main] INFO  org.apache.zookeeper.ZooKeeper - Client environment:os.memory.max=4008MB
2025-11-02 20:34:22.049 [main] INFO  org.apache.zookeeper.ZooKeeper - Client environment:os.memory.total=154MB
2025-11-02 20:34:22.051 [main] INFO  org.apache.zookeeper.ZooKeeper - Initiating client connection, connectString=127.0.0.1:2181 sessionTimeout=6000 watcher=org.apache.curator.ConnectionState@245253d8
2025-11-02 20:34:22.052 [main] INFO  org.apache.zookeeper.common.X509Util - Setting -D jdk.tls.rejectClientInitiatedRenegotiation=true to disable client-initiated TLS renegotiation
2025-11-02 20:34:22.062 [main] INFO  org.apache.zookeeper.ClientCnxnSocket - jute.maxbuffer value is 1048575 Bytes
2025-11-02 20:34:22.064 [main] INFO  org.apache.zookeeper.ClientCnxn - zookeeper.request.timeout value is 0. feature enabled=false
2025-11-02 20:34:22.070 [main-SendThread(127.0.0.1:2181)] INFO  org.apache.zookeeper.ClientCnxn - Opening socket connection to server activate.navicat.com/127.0.0.1:2181.
2025-11-02 20:34:22.070 [main-SendThread(127.0.0.1:2181)] INFO  org.apache.zookeeper.ClientCnxn - SASL config status: Will not attempt to authenticate using SASL (unknown error)
2025-11-02 20:34:22.071 [main] INFO  o.a.curator.framework.imps.CuratorFrameworkImpl - Default schema
2025-11-02 20:34:22.072 [main-SendThread(127.0.0.1:2181)] INFO  org.apache.zookeeper.ClientCnxn - Socket connection established, initiating session, client: /127.0.0.1:8690, server: activate.navicat.com/127.0.0.1:2181
2025-11-02 20:34:22.082 [main-SendThread(127.0.0.1:2181)] INFO  org.apache.zookeeper.ClientCnxn - Session establishment complete on server activate.navicat.com/127.0.0.1:2181, session id = 0x10000bf43c30003, negotiated timeout = 6000
2025-11-02 20:34:22.086 [main-EventThread] INFO  o.a.curator.framework.state.ConnectionStateManager - State change: CONNECTED
2025-11-02 20:34:22.094 [main-EventThread] INFO  org.apache.curator.framework.imps.EnsembleTracker - New config event received: {}
2025-11-02 20:34:22.094 [main-EventThread] INFO  org.apache.curator.framework.imps.EnsembleTracker - New config event received: {}
2025-11-02 20:34:22.128 [main] INFO  c.q.x.d.i.g.b.c.snowflake.SnowflakeZookeeperHolder - file exists status is true
2025-11-02 20:34:22.137 [main] INFO  c.q.x.d.i.g.b.c.snowflake.SnowflakeZookeeperHolder - update file cache workerID is 0
2025-11-02 20:34:22.137 [main] INFO  c.q.x.d.i.g.b.c.snowflake.SnowflakeZookeeperHolder - [Old NODE]find forever node have this endpoint ip-192.168.134.1 port-2222 workid-0 childnode and start SUCCESS
2025-11-02 20:34:22.137 [main] INFO  c.q.x.d.i.g.biz.core.snowflake.SnowflakeIDGenImpl - START SUCCESS USE ZK WORKERID-0
2025-11-02 20:34:22.137 [main] INFO  c.q.x.d.id.generator.biz.service.SnowflakeService - Snowflake Service Init Successfully
2025-11-02 20:34:23.500 [main] INFO  org.springframework.cloud.commons.util.InetUtils - Cannot determine local hostname
2025-11-02 20:34:24.906 [main] INFO  org.springframework.cloud.commons.util.InetUtils - Cannot determine local hostname
2025-11-02 20:34:24.934 [main] INFO  o.s.boot.web.embedded.tomcat.TomcatWebServer - Tomcat started on port(s): 8085 (http) with context path ''
2025-11-02 20:34:24.938 [main] WARN  com.alibaba.nacos.client.logging.NacosLogging - Load Logback Configuration of Nacos fail, message: Could not initialize Logback Nacos logging from classpath:nacos-logback.xml
2025-11-02 20:34:24.939 [main] INFO  com.alibaba.nacos.client.naming - initializer namespace from ans.namespace attribute : null
2025-11-02 20:34:24.939 [main] INFO  com.alibaba.nacos.client.naming - initializer namespace from ALIBABA_ALIWARE_NAMESPACE attribute :null
2025-11-02 20:34:24.939 [main] INFO  com.alibaba.nacos.client.naming - initializer namespace from namespace attribute :null
2025-11-02 20:34:24.949 [main] INFO  com.alibaba.nacos.client.utils.ParamUtil - [settings] [req-serv] nacos-server port:8848
2025-11-02 20:34:24.949 [main] INFO  com.alibaba.nacos.client.utils.ParamUtil - [settings] [http-client] connect timeout:1000
2025-11-02 20:34:24.951 [main] INFO  com.alibaba.nacos.client.utils.ParamUtil - PER_TASK_CONFIG_SIZE: 3000.0
2025-11-02 20:34:24.953 [main] INFO  c.a.n.p.auth.spi.client.ClientAuthPluginManager - [ClientAuthPluginManager] Load ClientAuthService com.alibaba.nacos.client.auth.impl.NacosClientAuthServiceImpl success.
2025-11-02 20:34:24.953 [main] INFO  c.a.n.p.auth.spi.client.ClientAuthPluginManager - [ClientAuthPluginManager] Load ClientAuthService com.alibaba.nacos.client.auth.ram.RamClientAuthServiceImpl success.
2025-11-02 20:34:24.955 [main] INFO  c.a.n.client.auth.ram.identify.CredentialWatcher - null No credential found
2025-11-02 20:34:24.957 [main] INFO  com.alibaba.nacos.common.remote.client - [RpcClientFactory] create a new rpc client of df976fa5-ce08-4585-9143-2dd0456c5f6e
2025-11-02 20:34:24.965 [main] INFO  com.alibaba.nacos.common.remote.client - [df976fa5-ce08-4585-9143-2dd0456c5f6e] RpcClient init, ServerListFactory = com.alibaba.nacos.client.naming.core.ServerListManager
2025-11-02 20:34:24.965 [main] INFO  com.alibaba.nacos.common.remote.client - [df976fa5-ce08-4585-9143-2dd0456c5f6e] Registry connection listener to current client:com.alibaba.nacos.client.naming.remote.gprc.redo.NamingGrpcRedoService
2025-11-02 20:34:24.965 [main] INFO  com.alibaba.nacos.common.remote.client - [df976fa5-ce08-4585-9143-2dd0456c5f6e] Register server push request handler:com.alibaba.nacos.client.naming.remote.gprc.NamingPushRequestHandler
2025-11-02 20:34:24.967 [main] INFO  com.alibaba.nacos.common.remote.client - [df976fa5-ce08-4585-9143-2dd0456c5f6e] Try to connect to server on start up, server: {serverIp = '127.0.0.1', server main port = 8848}
2025-11-02 20:34:24.970 [main] INFO  c.a.nacos.common.remote.client.grpc.GrpcClient - grpc client connection server:127.0.0.1 ip,serverPort:9848,grpcTslConfig:{"sslProvider":"OPENSSL","enableTls":false,"mutualAuthEnable":false,"trustAll":false}
2025-11-02 20:34:25.621 [main] INFO  com.alibaba.nacos.common.remote.client - [df976fa5-ce08-4585-9143-2dd0456c5f6e] Success to connect to server [127.0.0.1:8848] on start up, connectionId = 1762086865468_127.0.0.1_8691
2025-11-02 20:34:25.622 [com.alibaba.nacos.client.remote.worker] INFO  com.alibaba.nacos.common.remote.client - [df976fa5-ce08-4585-9143-2dd0456c5f6e] Notify connected event to listeners.
2025-11-02 20:34:25.622 [com.alibaba.nacos.client.remote.worker] INFO  com.alibaba.nacos.client.naming - Grpc connection connect
2025-11-02 20:34:25.622 [main] INFO  com.alibaba.nacos.common.remote.client - [df976fa5-ce08-4585-9143-2dd0456c5f6e] Register server push request handler:com.alibaba.nacos.common.remote.client.RpcClient$ConnectResetRequestHandler
2025-11-02 20:34:25.622 [main] INFO  com.alibaba.nacos.common.remote.client - [df976fa5-ce08-4585-9143-2dd0456c5f6e] Register server push request handler:com.alibaba.nacos.common.remote.client.RpcClient$$Lambda$979/0x000001dc01679170
2025-11-02 20:34:25.623 [main] INFO  com.alibaba.nacos.client.naming - [REGISTER-SERVICE] xiaohashu registering service xiaohashu-distributed-id-generator with instance Instance{instanceId='null', ip='192.168.134.1', port=8085, weight=1.0, healthy=true, enabled=true, ephemeral=true, clusterName='DEFAULT', serviceName='null', metadata={IPv6=null, preserved.register.source=SPRING_CLOUD}}
2025-11-02 20:34:25.632 [main] INFO  c.a.cloud.nacos.registry.NacosServiceRegistry - nacos registry, DEFAULT_GROUP xiaohashu-distributed-id-generator 192.168.134.1:8085 register finished
2025-11-02 20:34:26.833 [main] INFO  org.springframework.cloud.commons.util.InetUtils - Cannot determine local hostname
2025-11-02 20:34:26.840 [main] INFO  c.q.x.d.i.g.b.XiaohashuDistributedIdGeneratorBizApplication - Started XiaohashuDistributedIdGeneratorBizApplication in 8.629 seconds (process running for 9.217)
2025-11-02 20:35:21.997 [check-idCache-thread] INFO  c.q.x.d.i.g.biz.core.segment.SegmentIDGenImpl - update cache from db
2025-11-02 20:35:22.004 [check-idCache-thread] INFO  org.perf4j.TimingLogger - start[1762086921997] time[6] tag[updateCacheFromDb]
2025-11-02 20:36:22.009 [check-idCache-thread] INFO  c.q.x.d.i.g.biz.core.segment.SegmentIDGenImpl - update cache from db
2025-11-02 20:36:22.013 [check-idCache-thread] INFO  org.perf4j.TimingLogger - start[1762086982009] time[4] tag[updateCacheFromDb]
2025-11-02 20:37:22.024 [check-idCache-thread] INFO  c.q.x.d.i.g.biz.core.segment.SegmentIDGenImpl - update cache from db
2025-11-02 20:37:22.026 [check-idCache-thread] INFO  org.perf4j.TimingLogger - start[1762087042024] time[1] tag[updateCacheFromDb]
2025-11-02 20:38:22.041 [check-idCache-thread] INFO  c.q.x.d.i.g.biz.core.segment.SegmentIDGenImpl - update cache from db
2025-11-02 20:38:22.042 [check-idCache-thread] INFO  org.perf4j.TimingLogger - start[1762087102041] time[1] tag[updateCacheFromDb]
2025-11-02 20:39:22.051 [check-idCache-thread] INFO  c.q.x.d.i.g.biz.core.segment.SegmentIDGenImpl - update cache from db
2025-11-02 20:39:22.052 [check-idCache-thread] INFO  org.perf4j.TimingLogger - start[1762087162051] time[1] tag[updateCacheFromDb]
2025-11-02 20:40:22.057 [check-idCache-thread] INFO  c.q.x.d.i.g.biz.core.segment.SegmentIDGenImpl - update cache from db
2025-11-02 20:40:22.059 [check-idCache-thread] INFO  org.perf4j.TimingLogger - start[1762087222057] time[1] tag[updateCacheFromDb]
2025-11-02 20:41:22.074 [check-idCache-thread] INFO  c.q.x.d.i.g.biz.core.segment.SegmentIDGenImpl - update cache from db
2025-11-02 20:41:22.077 [check-idCache-thread] INFO  org.perf4j.TimingLogger - start[1762087282074] time[2] tag[updateCacheFromDb]
2025-11-02 20:42:22.084 [check-idCache-thread] INFO  c.q.x.d.i.g.biz.core.segment.SegmentIDGenImpl - update cache from db
2025-11-02 20:42:22.086 [check-idCache-thread] INFO  org.perf4j.TimingLogger - start[1762087342084] time[1] tag[updateCacheFromDb]
2025-11-02 20:43:22.100 [check-idCache-thread] INFO  c.q.x.d.i.g.biz.core.segment.SegmentIDGenImpl - update cache from db
2025-11-02 20:43:22.103 [check-idCache-thread] INFO  org.perf4j.TimingLogger - start[1762087402100] time[2] tag[updateCacheFromDb]
2025-11-02 20:44:22.106 [check-idCache-thread] INFO  c.q.x.d.i.g.biz.core.segment.SegmentIDGenImpl - update cache from db
2025-11-02 20:44:22.108 [check-idCache-thread] INFO  org.perf4j.TimingLogger - start[1762087462106] time[1] tag[updateCacheFromDb]
2025-11-02 20:45:22.121 [check-idCache-thread] INFO  c.q.x.d.i.g.biz.core.segment.SegmentIDGenImpl - update cache from db
2025-11-02 20:45:22.123 [check-idCache-thread] INFO  org.perf4j.TimingLogger - start[1762087522121] time[1] tag[updateCacheFromDb]
2025-11-02 20:46:22.139 [check-idCache-thread] INFO  c.q.x.d.i.g.biz.core.segment.SegmentIDGenImpl - update cache from db
2025-11-02 20:46:22.140 [check-idCache-thread] INFO  org.perf4j.TimingLogger - start[1762087582139] time[2] tag[updateCacheFromDb]
2025-11-02 20:53:01.279 [main] WARN  com.alibaba.nacos.client.logging.NacosLogging - Load Logback Configuration of Nacos fail, message: Could not initialize Logback Nacos logging from classpath:nacos-logback.xml
2025-11-02 20:53:01.316 [main] WARN  com.alibaba.nacos.client.logging.NacosLogging - Load Logback Configuration of Nacos fail, message: Could not initialize Logback Nacos logging from classpath:nacos-logback.xml
2025-11-02 20:53:02.747 [main] WARN  com.alibaba.nacos.client.logging.NacosLogging - Load Logback Configuration of Nacos fail, message: Could not initialize Logback Nacos logging from classpath:nacos-logback.xml
2025-11-02 20:53:02.754 [main] WARN  com.alibaba.nacos.client.logging.NacosLogging - Load Logback Configuration of Nacos fail, message: Could not initialize Logback Nacos logging from classpath:nacos-logback.xml
2025-11-02 20:53:02.755 [main] INFO  c.q.x.d.i.g.b.XiaohashuDistributedIdGeneratorBizApplication - The following 1 profile is active: "dev"
2025-11-02 20:53:03.054 [main] INFO  o.springframework.cloud.context.scope.GenericScope - BeanFactory id=418f91a1-6f80-3310-b2d9-2cc1eabea236
2025-11-02 20:53:03.183 [main] INFO  o.s.boot.web.embedded.tomcat.TomcatWebServer - Tomcat initialized with port(s): 8085 (http)
2025-11-02 20:53:03.188 [main] INFO  org.apache.catalina.core.StandardService - Starting service [Tomcat]
2025-11-02 20:53:03.188 [main] INFO  org.apache.catalina.core.StandardEngine - Starting Servlet engine: [Apache Tomcat/10.1.5]
2025-11-02 20:53:03.252 [main] INFO  o.a.c.core.ContainerBase.[Tomcat].[localhost].[/] - Initializing Spring embedded WebApplicationContext
2025-11-02 20:53:03.252 [main] INFO  o.s.b.w.s.c.ServletWebServerApplicationContext - Root WebApplicationContext: initialization completed in 489 ms
2025-11-02 20:53:03.318 [main] INFO  com.alibaba.druid.pool.DruidDataSource - {dataSource-1} inited
2025-11-02 20:53:03.347 [main] INFO  c.q.x.d.i.g.biz.core.segment.SegmentIDGenImpl - Init ...
2025-11-02 20:53:03.347 [main] INFO  c.q.x.d.i.g.biz.core.segment.SegmentIDGenImpl - update cache from db
2025-11-02 20:53:03.436 [main] INFO  c.q.x.d.i.g.biz.core.segment.SegmentIDGenImpl - Add tag leaf-segment-test from db to IdCache, SegmentBuffer SegmentBuffer{key='leaf-segment-test', segments=[Segment(value:0,max:0,step:0), Segment(value:0,max:0,step:0)], currentPos=0, nextReady=false, initOk=false, threadRunning=false, step=0, minStep=0, updateTimestamp=0}
2025-11-02 20:53:03.436 [main] INFO  c.q.x.d.i.g.biz.core.segment.SegmentIDGenImpl - Add tag leaf-segment-xiaohashu-id from db to IdCache, SegmentBuffer SegmentBuffer{key='leaf-segment-xiaohashu-id', segments=[Segment(value:0,max:0,step:0), Segment(value:0,max:0,step:0)], currentPos=0, nextReady=false, initOk=false, threadRunning=false, step=0, minStep=0, updateTimestamp=0}
2025-11-02 20:53:03.436 [main] INFO  org.perf4j.TimingLogger - start[1762087983348] time[87] tag[updateCacheFromDb]
2025-11-02 20:53:03.436 [main] INFO  c.q.x.d.id.generator.biz.service.SegmentService - Segment Service Init Successfully
2025-11-02 20:53:03.452 [main] INFO  c.q.x.d.i.g.biz.core.snowflake.SnowflakeIDGenImpl - twepoch:1288834974657 ,ip:192.168.134.1 ,zkAddress:127.0.0.1:2181 port:2222
2025-11-02 20:53:03.469 [main] WARN  org.apache.curator.CuratorZookeeperClient - session timeout [6000] is less than connection timeout [10000]
2025-11-02 20:53:03.477 [main] INFO  o.a.curator.framework.imps.CuratorFrameworkImpl - Starting
2025-11-02 20:53:03.480 [main] INFO  org.apache.zookeeper.ZooKeeper - Client environment:zookeeper.version=3.6.0--b4c89dc7f6083829e18fae6e446907ae0b1f22d7, built on 02/25/2020 14:38 GMT
2025-11-02 20:53:03.480 [main] INFO  org.apache.zookeeper.ZooKeeper - Client environment:host.name=LAPTOP-QR8TII6M
2025-11-02 20:53:03.480 [main] INFO  org.apache.zookeeper.ZooKeeper - Client environment:java.version=17.0.12
2025-11-02 20:53:03.480 [main] INFO  org.apache.zookeeper.ZooKeeper - Client environment:java.vendor=Oracle Corporation
2025-11-02 20:53:03.480 [main] INFO  org.apache.zookeeper.ZooKeeper - Client environment:java.home=D:\JAVA\jdk17.0.12
2025-11-02 20:53:03.480 [main] INFO  org.apache.zookeeper.ZooKeeper - Client environment:java.class.path=E:\xiaohashu\xiaohashu-distributed-id-generator\xiaohashu-distributed-id-generator-biz\target\classes;E:\xiaohashu\xiaoha-framework\xiaoha-commom\target\classes;D:\maven_repository\org\projectlombok\lombok\1.18.30\lombok-1.18.30.jar;D:\maven_repository\com\fasterxml\jackson\core\jackson-databind\2.16.1\jackson-databind-2.16.1.jar;D:\maven_repository\com\fasterxml\jackson\core\jackson-annotations\2.14.1\jackson-annotations-2.14.1.jar;D:\maven_repository\com\fasterxml\jackson\core\jackson-core\2.16.1\jackson-core-2.16.1.jar;D:\maven_repository\com\fasterxml\jackson\datatype\jackson-datatype-jsr310\2.14.1\jackson-datatype-jsr310-2.14.1.jar;D:\maven_repository\jakarta\validation\jakarta.validation-api\3.0.2\jakarta.validation-api-3.0.2.jar;D:\maven_repository\org\hibernate\validator\hibernate-validator\8.0.0.Final\hibernate-validator-8.0.0.Final.jar;D:\maven_repository\org\jboss\logging\jboss-logging\3.5.0.Final\jboss-logging-3.5.0.Final.jar;D:\maven_repository\com\fasterxml\classmate\1.5.1\classmate-1.5.1.jar;D:\maven_repository\org\springframework\boot\spring-boot-starter-web\3.0.2\spring-boot-starter-web-3.0.2.jar;D:\maven_repository\org\springframework\boot\spring-boot-starter\3.0.2\spring-boot-starter-3.0.2.jar;D:\maven_repository\org\springframework\boot\spring-boot\3.0.2\spring-boot-3.0.2.jar;D:\maven_repository\org\springframework\boot\spring-boot-autoconfigure\3.0.2\spring-boot-autoconfigure-3.0.2.jar;D:\maven_repository\org\springframework\boot\spring-boot-starter-logging\3.0.2\spring-boot-starter-logging-3.0.2.jar;D:\maven_repository\ch\qos\logback\logback-classic\1.4.5\logback-classic-1.4.5.jar;D:\maven_repository\ch\qos\logback\logback-core\1.4.5\logback-core-1.4.5.jar;D:\maven_repository\org\apache\logging\log4j\log4j-to-slf4j\2.19.0\log4j-to-slf4j-2.19.0.jar;D:\maven_repository\org\apache\logging\log4j\log4j-api\2.19.0\log4j-api-2.19.0.jar;D:\maven_repository\org\slf4j\jul-to-slf4j\2.0.6\jul-to-slf4j-2.0.6.jar;D:\maven_repository\jakarta\annotation\jakarta.annotation-api\2.1.1\jakarta.annotation-api-2.1.1.jar;D:\maven_repository\org\yaml\snakeyaml\1.33\snakeyaml-1.33.jar;D:\maven_repository\org\springframework\boot\spring-boot-starter-json\3.0.2\spring-boot-starter-json-3.0.2.jar;D:\maven_repository\com\fasterxml\jackson\datatype\jackson-datatype-jdk8\2.14.1\jackson-datatype-jdk8-2.14.1.jar;D:\maven_repository\com\fasterxml\jackson\module\jackson-module-parameter-names\2.14.1\jackson-module-parameter-names-2.14.1.jar;D:\maven_repository\org\springframework\boot\spring-boot-starter-tomcat\3.0.2\spring-boot-starter-tomcat-3.0.2.jar;D:\maven_repository\org\apache\tomcat\embed\tomcat-embed-core\10.1.5\tomcat-embed-core-10.1.5.jar;D:\maven_repository\org\apache\tomcat\embed\tomcat-embed-el\10.1.5\tomcat-embed-el-10.1.5.jar;D:\maven_repository\org\apache\tomcat\embed\tomcat-embed-websocket\10.1.5\tomcat-embed-websocket-10.1.5.jar;D:\maven_repository\org\springframework\spring-web\6.0.4\spring-web-6.0.4.jar;D:\maven_repository\org\springframework\spring-beans\6.0.4\spring-beans-6.0.4.jar;D:\maven_repository\io\micrometer\micrometer-observation\1.10.3\micrometer-observation-1.10.3.jar;D:\maven_repository\io\micrometer\micrometer-commons\1.10.3\micrometer-commons-1.10.3.jar;D:\maven_repository\org\springframework\spring-webmvc\6.0.4\spring-webmvc-6.0.4.jar;D:\maven_repository\org\springframework\spring-aop\6.0.4\spring-aop-6.0.4.jar;D:\maven_repository\org\springframework\spring-context\6.0.4\spring-context-6.0.4.jar;D:\maven_repository\org\springframework\spring-expression\6.0.4\spring-expression-6.0.4.jar;D:\maven_repository\org\slf4j\slf4j-api\2.0.6\slf4j-api-2.0.6.jar;D:\maven_repository\org\springframework\spring-core\6.0.4\spring-core-6.0.4.jar;D:\maven_repository\org\springframework\spring-jcl\6.0.4\spring-jcl-6.0.4.jar;D:\maven_repository\org\springframework\cloud\spring-cloud-starter-bootstrap\4.0.0\spring-cloud-starter-bootstrap-4.0.0.jar;D:\maven_repository\org\springframework\cloud\spring-cloud-starter\4.0.0\spring-cloud-starter-4.0.0.jar;D:\maven_repository\org\springframework\security\spring-security-rsa\1.0.11.RELEASE\spring-security-rsa-1.0.11.RELEASE.jar;D:\maven_repository\org\bouncycastle\bcpkix-jdk15on\1.69\bcpkix-jdk15on-1.69.jar;D:\maven_repository\org\bouncycastle\bcprov-jdk15on\1.69\bcprov-jdk15on-1.69.jar;D:\maven_repository\org\bouncycastle\bcutil-jdk15on\1.69\bcutil-jdk15on-1.69.jar;D:\maven_repository\com\alibaba\cloud\spring-cloud-starter-alibaba-nacos-discovery\2022.0.0.0\spring-cloud-starter-alibaba-nacos-discovery-2022.0.0.0.jar;D:\maven_repository\com\alibaba\cloud\spring-cloud-alibaba-commons\2022.0.0.0\spring-cloud-alibaba-commons-2022.0.0.0.jar;D:\maven_repository\com\alibaba\nacos\nacos-client\2.2.1\nacos-client-2.2.1.jar;D:\maven_repository\com\alibaba\nacos\nacos-auth-plugin\2.2.1\nacos-auth-plugin-2.2.1.jar;D:\maven_repository\com\alibaba\nacos\nacos-encryption-plugin\2.2.1\nacos-encryption-plugin-2.2.1.jar;D:\maven_repository\commons-codec\commons-codec\1.15\commons-codec-1.15.jar;D:\maven_repository\org\apache\httpcomponents\httpasyncclient\4.1.5\httpasyncclient-4.1.5.jar;D:\maven_repository\org\apache\httpcomponents\httpcore\4.4.16\httpcore-4.4.16.jar;D:\maven_repository\org\apache\httpcomponents\httpcore-nio\4.4.16\httpcore-nio-4.4.16.jar;D:\maven_repository\org\apache\httpcomponents\httpclient\4.5.14\httpclient-4.5.14.jar;D:\maven_repository\io\prometheus\simpleclient\0.16.0\simpleclient-0.16.0.jar;D:\maven_repository\io\prometheus\simpleclient_tracer_otel\0.16.0\simpleclient_tracer_otel-0.16.0.jar;D:\maven_repository\io\prometheus\simpleclient_tracer_common\0.16.0\simpleclient_tracer_common-0.16.0.jar;D:\maven_repository\io\prometheus\simpleclient_tracer_otel_agent\0.16.0\simpleclient_tracer_otel_agent-0.16.0.jar;D:\maven_repository\com\alibaba\spring\spring-context-support\1.0.11\spring-context-support-1.0.11.jar;D:\maven_repository\org\springframework\cloud\spring-cloud-commons\4.0.0\spring-cloud-commons-4.0.0.jar;D:\maven_repository\org\springframework\security\spring-security-crypto\6.0.1\spring-security-crypto-6.0.1.jar;D:\maven_repository\org\springframework\cloud\spring-cloud-context\4.0.0\spring-cloud-context-4.0.0.jar;D:\maven_repository\commons-io\commons-io\2.4\commons-io-2.4.jar;D:\maven_repository\org\perf4j\perf4j\0.9.16\perf4j-0.9.16.jar;D:\maven_repository\mysql\mysql-connector-java\8.0.29\mysql-connector-java-8.0.29.jar;D:\maven_repository\com\google\protobuf\protobuf-java\3.19.4\protobuf-java-3.19.4.jar;D:\maven_repository\com\alibaba\druid\1.0.18\druid-1.0.18.jar;D:\maven_repository\org\mybatis\mybatis\3.3.0\mybatis-3.3.0.jar;D:\maven_repository\org\apache\curator\curator-recipes\2.6.0\curator-recipes-2.6.0.jar;D:\maven_repository\org\apache\curator\curator-framework\5.1.0\curator-framework-5.1.0.jar;D:\maven_repository\org\apache\curator\curator-client\5.1.0\curator-client-5.1.0.jar;D:\maven_repository\com\google\guava\guava\33.0.0-jre\guava-33.0.0-jre.jar;D:\maven_repository\com\google\guava\failureaccess\1.0.2\failureaccess-1.0.2.jar;D:\maven_repository\com\google\guava\listenablefuture\9999.0-empty-to-avoid-conflict-with-guava\listenablefuture-9999.0-empty-to-avoid-conflict-with-guava.jar;D:\maven_repository\com\google\code\findbugs\jsr305\3.0.2\jsr305-3.0.2.jar;D:\maven_repository\org\checkerframework\checker-qual\3.41.0\checker-qual-3.41.0.jar;D:\maven_repository\com\google\errorprone\error_prone_annotations\2.23.0\error_prone_annotations-2.23.0.jar;D:\maven_repository\com\google\j2objc\j2objc-annotations\2.8\j2objc-annotations-2.8.jar;D:\maven_repository\org\apache\zookeeper\zookeeper\3.6.0\zookeeper-3.6.0.jar;D:\maven_repository\commons-lang\commons-lang\2.6\commons-lang-2.6.jar;D:\maven_repository\org\apache\zookeeper\zookeeper-jute\3.6.0\zookeeper-jute-3.6.0.jar;D:\maven_repository\org\apache\yetus\audience-annotations\0.5.0\audience-annotations-0.5.0.jar;D:\maven_repository\io\netty\netty-handler\4.1.87.Final\netty-handler-4.1.87.Final.jar;D:\maven_repository\io\netty\netty-common\4.1.87.Final\netty-common-4.1.87.Final.jar;D:\maven_repository\io\netty\netty-resolver\4.1.87.Final\netty-resolver-4.1.87.Final.jar;D:\maven_repository\io\netty\netty-buffer\4.1.87.Final\netty-buffer-4.1.87.Final.jar;D:\maven_repository\io\netty\netty-transport\4.1.87.Final\netty-transport-4.1.87.Final.jar;D:\maven_repository\io\netty\netty-transport-native-unix-common\4.1.87.Final\netty-transport-native-unix-common-4.1.87.Final.jar;D:\maven_repository\io\netty\netty-codec\4.1.87.Final\netty-codec-4.1.87.Final.jar;D:\maven_repository\io\netty\netty-transport-native-epoll\4.1.87.Final\netty-transport-native-epoll-4.1.87.Final.jar;D:\maven_repository\io\netty\netty-transport-classes-epoll\4.1.87.Final\netty-transport-classes-epoll-4.1.87.Final.jar
2025-11-02 20:53:03.480 [main] INFO  org.apache.zookeeper.ZooKeeper - Client environment:java.library.path=D:\JAVA\jdk17.0.12\bin;C:\windows\Sun\Java\bin;C:\windows\system32;C:\windows;C:\Program Files\Common Files\Oracle\Java\javapath;E:\x_2\system\programs;C:\Program Files (x86)\Thermo\Foundation\x64;C:\Program Files (x86)\Thermo\Foundation;D:\python\Scripts;D:\python;D:\虚拟机\bin;D:\JAVA\jdk17.0.12\bin;C:\ProgramData\Oracle\Java\javapath;C:\windows\system32;C:\windows;C:\windows\System32\Wbem;C:\windows\System32\WindowsPowerShell\v1.0;C:\windows\System32\OpenSSH;C:\Program Files\Microsoft SQL Server\150\Tools\Binn;C:\Program Files\dotnet;C:\Program Files (x86)\Windows Kits\10\Windows Performance Toolkit;C:\Program Files\MySQL\MySQL Server 5.7\bin;C:\Program Files\Bandizip;D:\Git\cmd;C:\Program Files (x86)\Microsoft SQL Server\110\DTS\Binn;C:\Program Files (x86)\Microsoft SQL Server\110\Tools\Binn;C:\Program Files (x86)\Microsoft SQL Server\110\Tools\Binn\ManagementStudio;C:\Program Files (x86)\Microsoft Visual Studio 10.0\Common7\IDE\PrivateAssemblies;D:\apache-maven-3.9.0-bin\apache-maven-3.9.0\bin;E:\Vue;E:\Vue\node_global\node_modules;E:\JMeter\apache-jmeter-5.6.3\bin;E:\jdk\bin;;C:\Program Files\Docker\Docker\resources\bin;E:\spss_model\ext\bin\spss.TMWBServer\bin;E:\spss_model\MPICH2\bin;E:\spss_model\TABI;C:\Users\hp\AppData\Local\Microsoft\WindowsApps;C:\Users\hp\AppData\Local\Programs\Microsoft VS Code Insiders\bin;C:\Users\hp\.dotnet\tools;D:\JAVA\IntelliJ IDEA 2021.1.3\bin;D:\C语言之后？\Microsoft VS Code\bin;D:\python\PyCharm Community Edition 2024.2.1\bin;E:\Vue\node_global;C:\Users\hp\AppData\Local\Programs\Ollama;E:\Ollama;.
2025-11-02 20:53:03.480 [main] INFO  org.apache.zookeeper.ZooKeeper - Client environment:java.io.tmpdir=C:\Users\hp\AppData\Local\Temp\
2025-11-02 20:53:03.480 [main] INFO  org.apache.zookeeper.ZooKeeper - Client environment:java.compiler=<NA>
2025-11-02 20:53:03.480 [main] INFO  org.apache.zookeeper.ZooKeeper - Client environment:os.name=Windows 11
2025-11-02 20:53:03.480 [main] INFO  org.apache.zookeeper.ZooKeeper - Client environment:os.arch=amd64
2025-11-02 20:53:03.480 [main] INFO  org.apache.zookeeper.ZooKeeper - Client environment:os.version=10.0
2025-11-02 20:53:03.480 [main] INFO  org.apache.zookeeper.ZooKeeper - Client environment:user.name=hp
2025-11-02 20:53:03.480 [main] INFO  org.apache.zookeeper.ZooKeeper - Client environment:user.home=C:\Users\hp
2025-11-02 20:53:03.480 [main] INFO  org.apache.zookeeper.ZooKeeper - Client environment:user.dir=E:\xiaohashu
2025-11-02 20:53:03.480 [main] INFO  org.apache.zookeeper.ZooKeeper - Client environment:os.memory.free=117MB
2025-11-02 20:53:03.480 [main] INFO  org.apache.zookeeper.ZooKeeper - Client environment:os.memory.max=4008MB
2025-11-02 20:53:03.480 [main] INFO  org.apache.zookeeper.ZooKeeper - Client environment:os.memory.total=154MB
2025-11-02 20:53:03.483 [main] INFO  org.apache.zookeeper.ZooKeeper - Initiating client connection, connectString=127.0.0.1:2181 sessionTimeout=6000 watcher=org.apache.curator.ConnectionState@245253d8
2025-11-02 20:53:03.484 [main] INFO  org.apache.zookeeper.common.X509Util - Setting -D jdk.tls.rejectClientInitiatedRenegotiation=true to disable client-initiated TLS renegotiation
2025-11-02 20:53:03.492 [main] INFO  org.apache.zookeeper.ClientCnxnSocket - jute.maxbuffer value is 1048575 Bytes
2025-11-02 20:53:03.496 [main] INFO  org.apache.zookeeper.ClientCnxn - zookeeper.request.timeout value is 0. feature enabled=false
2025-11-02 20:53:03.500 [main-SendThread(127.0.0.1:2181)] INFO  org.apache.zookeeper.ClientCnxn - Opening socket connection to server activate.navicat.com/127.0.0.1:2181.
2025-11-02 20:53:03.500 [main-SendThread(127.0.0.1:2181)] INFO  org.apache.zookeeper.ClientCnxn - SASL config status: Will not attempt to authenticate using SASL (unknown error)
2025-11-02 20:53:03.500 [main] INFO  o.a.curator.framework.imps.CuratorFrameworkImpl - Default schema
2025-11-02 20:53:03.502 [main-SendThread(127.0.0.1:2181)] INFO  org.apache.zookeeper.ClientCnxn - Socket connection established, initiating session, client: /127.0.0.1:11656, server: activate.navicat.com/127.0.0.1:2181
2025-11-02 20:53:03.508 [main-SendThread(127.0.0.1:2181)] INFO  org.apache.zookeeper.ClientCnxn - Session establishment complete on server activate.navicat.com/127.0.0.1:2181, session id = 0x10000bf43c30004, negotiated timeout = 6000
2025-11-02 20:53:03.510 [main-EventThread] INFO  o.a.curator.framework.state.ConnectionStateManager - State change: CONNECTED
2025-11-02 20:53:03.517 [main-EventThread] INFO  org.apache.curator.framework.imps.EnsembleTracker - New config event received: {}
2025-11-02 20:53:03.517 [main-EventThread] INFO  org.apache.curator.framework.imps.EnsembleTracker - New config event received: {}
2025-11-02 20:53:03.554 [main] INFO  c.q.x.d.i.g.b.c.snowflake.SnowflakeZookeeperHolder - file exists status is true
2025-11-02 20:53:03.563 [main] INFO  c.q.x.d.i.g.b.c.snowflake.SnowflakeZookeeperHolder - update file cache workerID is 0
2025-11-02 20:53:03.563 [main] INFO  c.q.x.d.i.g.b.c.snowflake.SnowflakeZookeeperHolder - [Old NODE]find forever node have this endpoint ip-192.168.134.1 port-2222 workid-0 childnode and start SUCCESS
2025-11-02 20:53:03.563 [main] INFO  c.q.x.d.i.g.biz.core.snowflake.SnowflakeIDGenImpl - START SUCCESS USE ZK WORKERID-0
2025-11-02 20:53:03.563 [main] INFO  c.q.x.d.id.generator.biz.service.SnowflakeService - Snowflake Service Init Successfully
2025-11-02 20:53:04.932 [main] INFO  org.springframework.cloud.commons.util.InetUtils - Cannot determine local hostname
2025-11-02 20:53:06.362 [main] INFO  org.springframework.cloud.commons.util.InetUtils - Cannot determine local hostname
2025-11-02 20:53:06.400 [main] INFO  o.s.boot.web.embedded.tomcat.TomcatWebServer - Tomcat started on port(s): 8085 (http) with context path ''
2025-11-02 20:53:06.405 [main] WARN  com.alibaba.nacos.client.logging.NacosLogging - Load Logback Configuration of Nacos fail, message: Could not initialize Logback Nacos logging from classpath:nacos-logback.xml
2025-11-02 20:53:06.405 [main] INFO  com.alibaba.nacos.client.naming - initializer namespace from ans.namespace attribute : null
2025-11-02 20:53:06.406 [main] INFO  com.alibaba.nacos.client.naming - initializer namespace from ALIBABA_ALIWARE_NAMESPACE attribute :null
2025-11-02 20:53:06.406 [main] INFO  com.alibaba.nacos.client.naming - initializer namespace from namespace attribute :null
2025-11-02 20:53:06.419 [main] INFO  com.alibaba.nacos.client.utils.ParamUtil - [settings] [req-serv] nacos-server port:8848
2025-11-02 20:53:06.419 [main] INFO  com.alibaba.nacos.client.utils.ParamUtil - [settings] [http-client] connect timeout:1000
2025-11-02 20:53:06.419 [main] INFO  com.alibaba.nacos.client.utils.ParamUtil - PER_TASK_CONFIG_SIZE: 3000.0
2025-11-02 20:53:06.422 [main] INFO  c.a.n.p.auth.spi.client.ClientAuthPluginManager - [ClientAuthPluginManager] Load ClientAuthService com.alibaba.nacos.client.auth.impl.NacosClientAuthServiceImpl success.
2025-11-02 20:53:06.422 [main] INFO  c.a.n.p.auth.spi.client.ClientAuthPluginManager - [ClientAuthPluginManager] Load ClientAuthService com.alibaba.nacos.client.auth.ram.RamClientAuthServiceImpl success.
2025-11-02 20:53:06.423 [main] INFO  c.a.n.client.auth.ram.identify.CredentialWatcher - null No credential found
2025-11-02 20:53:06.427 [main] INFO  com.alibaba.nacos.common.remote.client - [RpcClientFactory] create a new rpc client of bbed2582-a50e-4536-83ad-866e29468dea
2025-11-02 20:53:06.436 [main] INFO  com.alibaba.nacos.common.remote.client - [bbed2582-a50e-4536-83ad-866e29468dea] RpcClient init, ServerListFactory = com.alibaba.nacos.client.naming.core.ServerListManager
2025-11-02 20:53:06.436 [main] INFO  com.alibaba.nacos.common.remote.client - [bbed2582-a50e-4536-83ad-866e29468dea] Registry connection listener to current client:com.alibaba.nacos.client.naming.remote.gprc.redo.NamingGrpcRedoService
2025-11-02 20:53:06.436 [main] INFO  com.alibaba.nacos.common.remote.client - [bbed2582-a50e-4536-83ad-866e29468dea] Register server push request handler:com.alibaba.nacos.client.naming.remote.gprc.NamingPushRequestHandler
2025-11-02 20:53:06.438 [main] INFO  com.alibaba.nacos.common.remote.client - [bbed2582-a50e-4536-83ad-866e29468dea] Try to connect to server on start up, server: {serverIp = '127.0.0.1', server main port = 8848}
2025-11-02 20:53:06.440 [main] INFO  c.a.nacos.common.remote.client.grpc.GrpcClient - grpc client connection server:127.0.0.1 ip,serverPort:9848,grpcTslConfig:{"sslProvider":"OPENSSL","enableTls":false,"mutualAuthEnable":false,"trustAll":false}
2025-11-02 20:53:07.170 [main] INFO  com.alibaba.nacos.common.remote.client - [bbed2582-a50e-4536-83ad-866e29468dea] Success to connect to server [127.0.0.1:8848] on start up, connectionId = 1762087987020_127.0.0.1_11661
2025-11-02 20:53:07.171 [com.alibaba.nacos.client.remote.worker] INFO  com.alibaba.nacos.common.remote.client - [bbed2582-a50e-4536-83ad-866e29468dea] Notify connected event to listeners.
2025-11-02 20:53:07.171 [com.alibaba.nacos.client.remote.worker] INFO  com.alibaba.nacos.client.naming - Grpc connection connect
2025-11-02 20:53:07.171 [main] INFO  com.alibaba.nacos.common.remote.client - [bbed2582-a50e-4536-83ad-866e29468dea] Register server push request handler:com.alibaba.nacos.common.remote.client.RpcClient$ConnectResetRequestHandler
2025-11-02 20:53:07.171 [main] INFO  com.alibaba.nacos.common.remote.client - [bbed2582-a50e-4536-83ad-866e29468dea] Register server push request handler:com.alibaba.nacos.common.remote.client.RpcClient$$Lambda$979/0x0000019ea5679170
2025-11-02 20:53:07.172 [main] INFO  com.alibaba.nacos.client.naming - [REGISTER-SERVICE] xiaohashu registering service xiaohashu-distributed-id-generator with instance Instance{instanceId='null', ip='192.168.134.1', port=8085, weight=1.0, healthy=true, enabled=true, ephemeral=true, clusterName='DEFAULT', serviceName='null', metadata={IPv6=null, preserved.register.source=SPRING_CLOUD}}
2025-11-02 20:53:07.181 [main] INFO  c.a.cloud.nacos.registry.NacosServiceRegistry - nacos registry, DEFAULT_GROUP xiaohashu-distributed-id-generator 192.168.134.1:8085 register finished
2025-11-02 20:53:08.388 [main] INFO  org.springframework.cloud.commons.util.InetUtils - Cannot determine local hostname
2025-11-02 20:53:08.393 [main] INFO  c.q.x.d.i.g.b.XiaohashuDistributedIdGeneratorBizApplication - Started XiaohashuDistributedIdGeneratorBizApplication in 8.697 seconds (process running for 9.147)
2025-11-02 20:54:03.452 [check-idCache-thread] INFO  c.q.x.d.i.g.biz.core.segment.SegmentIDGenImpl - update cache from db
2025-11-02 20:54:03.456 [check-idCache-thread] INFO  org.perf4j.TimingLogger - start[1762088043452] time[5] tag[updateCacheFromDb]
2025-11-02 20:55:03.464 [check-idCache-thread] INFO  c.q.x.d.i.g.biz.core.segment.SegmentIDGenImpl - update cache from db
2025-11-02 20:55:03.466 [check-idCache-thread] INFO  org.perf4j.TimingLogger - start[1762088103464] time[2] tag[updateCacheFromDb]
2025-11-02 20:56:03.480 [check-idCache-thread] INFO  c.q.x.d.i.g.biz.core.segment.SegmentIDGenImpl - update cache from db
2025-11-02 20:56:03.482 [check-idCache-thread] INFO  org.perf4j.TimingLogger - start[1762088163480] time[2] tag[updateCacheFromDb]
2025-11-02 20:57:03.490 [check-idCache-thread] INFO  c.q.x.d.i.g.biz.core.segment.SegmentIDGenImpl - update cache from db
2025-11-02 20:57:03.492 [check-idCache-thread] INFO  org.perf4j.TimingLogger - start[1762088223490] time[1] tag[updateCacheFromDb]
2025-11-02 20:58:03.498 [check-idCache-thread] INFO  c.q.x.d.i.g.biz.core.segment.SegmentIDGenImpl - update cache from db
2025-11-02 20:58:03.500 [check-idCache-thread] INFO  org.perf4j.TimingLogger - start[1762088283498] time[1] tag[updateCacheFromDb]
2025-11-02 20:59:03.511 [check-idCache-thread] INFO  c.q.x.d.i.g.biz.core.segment.SegmentIDGenImpl - update cache from db
2025-11-02 20:59:03.512 [check-idCache-thread] INFO  org.perf4j.TimingLogger - start[1762088343512] time[1] tag[updateCacheFromDb]
2025-11-02 21:00:03.526 [check-idCache-thread] INFO  c.q.x.d.i.g.biz.core.segment.SegmentIDGenImpl - update cache from db
2025-11-02 21:00:03.527 [check-idCache-thread] INFO  org.perf4j.TimingLogger - start[1762088403526] time[1] tag[updateCacheFromDb]
2025-11-02 21:01:03.533 [check-idCache-thread] INFO  c.q.x.d.i.g.biz.core.segment.SegmentIDGenImpl - update cache from db
2025-11-02 21:01:03.536 [check-idCache-thread] INFO  org.perf4j.TimingLogger - start[1762088463534] time[2] tag[updateCacheFromDb]
2025-11-02 21:02:03.546 [check-idCache-thread] INFO  c.q.x.d.i.g.biz.core.segment.SegmentIDGenImpl - update cache from db
2025-11-02 21:02:03.547 [check-idCache-thread] INFO  org.perf4j.TimingLogger - start[1762088523546] time[1] tag[updateCacheFromDb]
2025-11-02 21:03:03.560 [check-idCache-thread] INFO  c.q.x.d.i.g.biz.core.segment.SegmentIDGenImpl - update cache from db
2025-11-02 21:03:03.562 [check-idCache-thread] INFO  org.perf4j.TimingLogger - start[1762088583560] time[1] tag[updateCacheFromDb]
2025-11-02 21:04:03.563 [check-idCache-thread] INFO  c.q.x.d.i.g.biz.core.segment.SegmentIDGenImpl - update cache from db
2025-11-02 21:04:03.565 [check-idCache-thread] INFO  org.perf4j.TimingLogger - start[1762088643564] time[1] tag[updateCacheFromDb]
2025-11-02 21:05:03.577 [check-idCache-thread] INFO  c.q.x.d.i.g.biz.core.segment.SegmentIDGenImpl - update cache from db
2025-11-02 21:05:03.578 [check-idCache-thread] INFO  org.perf4j.TimingLogger - start[1762088703577] time[1] tag[updateCacheFromDb]
2025-11-02 21:06:03.579 [check-idCache-thread] INFO  c.q.x.d.i.g.biz.core.segment.SegmentIDGenImpl - update cache from db
2025-11-02 21:06:03.582 [check-idCache-thread] INFO  org.perf4j.TimingLogger - start[1762088763580] time[2] tag[updateCacheFromDb]
2025-11-02 21:07:03.595 [check-idCache-thread] INFO  c.q.x.d.i.g.biz.core.segment.SegmentIDGenImpl - update cache from db
2025-11-02 21:07:03.598 [check-idCache-thread] INFO  org.perf4j.TimingLogger - start[1762088823596] time[1] tag[updateCacheFromDb]
2025-11-02 21:08:03.609 [check-idCache-thread] INFO  c.q.x.d.i.g.biz.core.segment.SegmentIDGenImpl - update cache from db
2025-11-02 21:08:03.610 [check-idCache-thread] INFO  org.perf4j.TimingLogger - start[1762088883609] time[1] tag[updateCacheFromDb]
2025-11-02 21:09:03.612 [check-idCache-thread] INFO  c.q.x.d.i.g.biz.core.segment.SegmentIDGenImpl - update cache from db
2025-11-02 21:09:03.613 [check-idCache-thread] INFO  org.perf4j.TimingLogger - start[1762088943612] time[1] tag[updateCacheFromDb]
2025-11-02 21:10:03.618 [check-idCache-thread] INFO  c.q.x.d.i.g.biz.core.segment.SegmentIDGenImpl - update cache from db
2025-11-02 21:10:03.619 [check-idCache-thread] INFO  org.perf4j.TimingLogger - start[1762089003619] time[1] tag[updateCacheFromDb]
2025-11-02 21:11:03.626 [check-idCache-thread] INFO  c.q.x.d.i.g.biz.core.segment.SegmentIDGenImpl - update cache from db
2025-11-02 21:11:03.629 [check-idCache-thread] INFO  org.perf4j.TimingLogger - start[1762089063626] time[2] tag[updateCacheFromDb]
2025-11-02 21:12:03.640 [check-idCache-thread] INFO  c.q.x.d.i.g.biz.core.segment.SegmentIDGenImpl - update cache from db
2025-11-02 21:12:03.641 [check-idCache-thread] INFO  org.perf4j.TimingLogger - start[1762089123640] time[1] tag[updateCacheFromDb]
2025-11-02 21:12:05.613 [http-nio-8085-exec-1] INFO  org.springframework.web.servlet.DispatcherServlet - Initializing Servlet 'dispatcherServlet'
2025-11-02 21:12:05.615 [http-nio-8085-exec-1] INFO  org.springframework.web.servlet.DispatcherServlet - Completed initialization in 2 ms
2025-11-02 21:12:05.644 [http-nio-8085-exec-1] INFO  org.perf4j.TimingLogger - start[1762089125638] time[5] tag[updateSegmentFromDb] message[leaf-segment-xiaohashu-id Segment(value:10100,max:12100,step:2000)]
2025-11-02 21:12:05.644 [http-nio-8085-exec-1] INFO  c.q.x.d.i.g.biz.core.segment.SegmentIDGenImpl - Init buffer. Update leafkey leaf-segment-xiaohashu-id Segment(value:10100,max:12100,step:2000) from db
2025-11-02 21:13:03.646 [check-idCache-thread] INFO  c.q.x.d.i.g.biz.core.segment.SegmentIDGenImpl - update cache from db
2025-11-02 21:13:03.647 [check-idCache-thread] INFO  org.perf4j.TimingLogger - start[1762089183646] time[1] tag[updateCacheFromDb]
2025-11-02 21:14:03.653 [check-idCache-thread] INFO  c.q.x.d.i.g.biz.core.segment.SegmentIDGenImpl - update cache from db
2025-11-02 21:14:03.653 [check-idCache-thread] INFO  org.perf4j.TimingLogger - start[1762089243653] time[1] tag[updateCacheFromDb]
2025-11-02 21:15:03.667 [check-idCache-thread] INFO  c.q.x.d.i.g.biz.core.segment.SegmentIDGenImpl - update cache from db
2025-11-02 21:15:03.669 [check-idCache-thread] INFO  org.perf4j.TimingLogger - start[1762089303667] time[1] tag[updateCacheFromDb]
2025-11-02 21:16:03.674 [check-idCache-thread] INFO  c.q.x.d.i.g.biz.core.segment.SegmentIDGenImpl - update cache from db
2025-11-02 21:16:03.676 [check-idCache-thread] INFO  org.perf4j.TimingLogger - start[1762089363674] time[2] tag[updateCacheFromDb]
2025-11-02 21:17:03.684 [check-idCache-thread] INFO  c.q.x.d.i.g.biz.core.segment.SegmentIDGenImpl - update cache from db
2025-11-02 21:17:03.686 [check-idCache-thread] INFO  org.perf4j.TimingLogger - start[1762089423684] time[1] tag[updateCacheFromDb]
2025-11-02 21:18:03.696 [check-idCache-thread] INFO  c.q.x.d.i.g.biz.core.segment.SegmentIDGenImpl - update cache from db
2025-11-02 21:18:03.697 [check-idCache-thread] INFO  org.perf4j.TimingLogger - start[1762089483697] time[1] tag[updateCacheFromDb]
2025-11-02 21:19:03.704 [check-idCache-thread] INFO  c.q.x.d.i.g.biz.core.segment.SegmentIDGenImpl - update cache from db
2025-11-02 21:19:03.705 [check-idCache-thread] INFO  org.perf4j.TimingLogger - start[1762089543704] time[1] tag[updateCacheFromDb]
2025-11-02 21:20:03.719 [check-idCache-thread] INFO  c.q.x.d.i.g.biz.core.segment.SegmentIDGenImpl - update cache from db
2025-11-02 21:20:03.720 [check-idCache-thread] INFO  org.perf4j.TimingLogger - start[1762089603719] time[1] tag[updateCacheFromDb]
2025-11-02 21:21:03.731 [check-idCache-thread] INFO  c.q.x.d.i.g.biz.core.segment.SegmentIDGenImpl - update cache from db
2025-11-02 21:21:03.731 [check-idCache-thread] INFO  org.perf4j.TimingLogger - start[1762089663731] time[1] tag[updateCacheFromDb]
2025-11-02 21:22:03.739 [check-idCache-thread] INFO  c.q.x.d.i.g.biz.core.segment.SegmentIDGenImpl - update cache from db
2025-11-02 21:22:03.740 [check-idCache-thread] INFO  org.perf4j.TimingLogger - start[1762089723739] time[1] tag[updateCacheFromDb]
2025-11-02 21:23:03.747 [check-idCache-thread] INFO  c.q.x.d.i.g.biz.core.segment.SegmentIDGenImpl - update cache from db
2025-11-02 21:23:03.749 [check-idCache-thread] INFO  org.perf4j.TimingLogger - start[1762089783747] time[1] tag[updateCacheFromDb]
