2025-11-03 11:29:12.151 [main] WARN  com.alibaba.nacos.client.logging.NacosLogging - Load Logback Configuration of Nacos fail, message: Could not initialize Logback Nacos logging from classpath:nacos-logback.xml
2025-11-03 11:29:12.194 [main] WARN  com.alibaba.nacos.client.logging.NacosLogging - Load Logback Configuration of Nacos fail, message: Could not initialize Logback Nacos logging from classpath:nacos-logback.xml
2025-11-03 11:29:13.633 [main] WARN  com.alibaba.nacos.client.logging.NacosLogging - Load Logback Configuration of Nacos fail, message: Could not initialize Logback Nacos logging from classpath:nacos-logback.xml
2025-11-03 11:29:13.643 [main] WARN  com.alibaba.nacos.client.logging.NacosLogging - Load Logback Configuration of Nacos fail, message: Could not initialize Logback Nacos logging from classpath:nacos-logback.xml
2025-11-03 11:29:13.643 [main] INFO  c.q.x.d.i.g.b.XiaohashuDistributedIdGeneratorBizApplication - The following 1 profile is active: "dev"
2025-11-03 11:29:13.978 [main] INFO  o.springframework.cloud.context.scope.GenericScope - BeanFactory id=418f91a1-6f80-3310-b2d9-2cc1eabea236
2025-11-03 11:29:14.115 [main] INFO  o.s.boot.web.embedded.tomcat.TomcatWebServer - Tomcat initialized with port(s): 8085 (http)
2025-11-03 11:29:14.120 [main] INFO  org.apache.catalina.core.StandardService - Starting service [Tomcat]
2025-11-03 11:29:14.121 [main] INFO  org.apache.catalina.core.StandardEngine - Starting Servlet engine: [Apache Tomcat/10.1.5]
2025-11-03 11:29:14.199 [main] INFO  o.a.c.core.ContainerBase.[Tomcat].[localhost].[/] - Initializing Spring embedded WebApplicationContext
2025-11-03 11:29:14.199 [main] INFO  o.s.b.w.s.c.ServletWebServerApplicationContext - Root WebApplicationContext: initialization completed in 548 ms
2025-11-03 11:29:14.280 [main] INFO  com.alibaba.druid.pool.DruidDataSource - {dataSource-1} inited
2025-11-03 11:29:14.319 [main] INFO  c.q.x.d.i.g.biz.core.segment.SegmentIDGenImpl - Init ...
2025-11-03 11:29:14.320 [main] INFO  c.q.x.d.i.g.biz.core.segment.SegmentIDGenImpl - update cache from db
2025-11-03 11:29:14.431 [main] INFO  c.q.x.d.i.g.biz.core.segment.SegmentIDGenImpl - Add tag leaf-segment-test from db to IdCache, SegmentBuffer SegmentBuffer{key='leaf-segment-test', segments=[Segment(value:0,max:0,step:0), Segment(value:0,max:0,step:0)], currentPos=0, nextReady=false, initOk=false, threadRunning=false, step=0, minStep=0, updateTimestamp=0}
2025-11-03 11:29:14.431 [main] INFO  c.q.x.d.i.g.biz.core.segment.SegmentIDGenImpl - Add tag leaf-segment-xiaohashu-id from db to IdCache, SegmentBuffer SegmentBuffer{key='leaf-segment-xiaohashu-id', segments=[Segment(value:0,max:0,step:0), Segment(value:0,max:0,step:0)], currentPos=0, nextReady=false, initOk=false, threadRunning=false, step=0, minStep=0, updateTimestamp=0}
2025-11-03 11:29:14.431 [main] INFO  org.perf4j.TimingLogger - start[1762140554321] time[110] tag[updateCacheFromDb]
2025-11-03 11:29:14.432 [main] INFO  c.q.x.d.id.generator.biz.service.SegmentService - Segment Service Init Successfully
2025-11-03 11:29:14.449 [main] INFO  c.q.x.d.i.g.biz.core.snowflake.SnowflakeIDGenImpl - twepoch:1288834974657 ,ip:192.168.134.1 ,zkAddress:127.0.0.1:2181 port:2222
2025-11-03 11:29:14.473 [main] WARN  org.apache.curator.CuratorZookeeperClient - session timeout [6000] is less than connection timeout [10000]
2025-11-03 11:29:14.484 [main] INFO  o.a.curator.framework.imps.CuratorFrameworkImpl - Starting
2025-11-03 11:29:14.584 [main] INFO  org.apache.zookeeper.ZooKeeper - Client environment:zookeeper.version=3.6.0--b4c89dc7f6083829e18fae6e446907ae0b1f22d7, built on 02/25/2020 14:38 GMT
2025-11-03 11:29:14.586 [main] INFO  org.apache.zookeeper.ZooKeeper - Client environment:host.name=host.docker.internal
2025-11-03 11:29:14.586 [main] INFO  org.apache.zookeeper.ZooKeeper - Client environment:java.version=17.0.12
2025-11-03 11:29:14.586 [main] INFO  org.apache.zookeeper.ZooKeeper - Client environment:java.vendor=Oracle Corporation
2025-11-03 11:29:14.586 [main] INFO  org.apache.zookeeper.ZooKeeper - Client environment:java.home=D:\JAVA\jdk17.0.12
2025-11-03 11:29:14.586 [main] INFO  org.apache.zookeeper.ZooKeeper - Client environment:java.class.path=E:\xiaohashu\xiaohashu-distributed-id-generator\xiaohashu-distributed-id-generator-biz\target\classes;E:\xiaohashu\xiaoha-framework\xiaoha-commom\target\classes;D:\maven_repository\org\projectlombok\lombok\1.18.30\lombok-1.18.30.jar;D:\maven_repository\com\fasterxml\jackson\core\jackson-databind\2.16.1\jackson-databind-2.16.1.jar;D:\maven_repository\com\fasterxml\jackson\core\jackson-annotations\2.14.1\jackson-annotations-2.14.1.jar;D:\maven_repository\com\fasterxml\jackson\core\jackson-core\2.16.1\jackson-core-2.16.1.jar;D:\maven_repository\com\fasterxml\jackson\datatype\jackson-datatype-jsr310\2.14.1\jackson-datatype-jsr310-2.14.1.jar;D:\maven_repository\jakarta\validation\jakarta.validation-api\3.0.2\jakarta.validation-api-3.0.2.jar;D:\maven_repository\org\hibernate\validator\hibernate-validator\8.0.0.Final\hibernate-validator-8.0.0.Final.jar;D:\maven_repository\org\jboss\logging\jboss-logging\3.5.0.Final\jboss-logging-3.5.0.Final.jar;D:\maven_repository\com\fasterxml\classmate\1.5.1\classmate-1.5.1.jar;D:\maven_repository\org\springframework\boot\spring-boot-starter-web\3.0.2\spring-boot-starter-web-3.0.2.jar;D:\maven_repository\org\springframework\boot\spring-boot-starter\3.0.2\spring-boot-starter-3.0.2.jar;D:\maven_repository\org\springframework\boot\spring-boot\3.0.2\spring-boot-3.0.2.jar;D:\maven_repository\org\springframework\boot\spring-boot-autoconfigure\3.0.2\spring-boot-autoconfigure-3.0.2.jar;D:\maven_repository\org\springframework\boot\spring-boot-starter-logging\3.0.2\spring-boot-starter-logging-3.0.2.jar;D:\maven_repository\ch\qos\logback\logback-classic\1.4.5\logback-classic-1.4.5.jar;D:\maven_repository\ch\qos\logback\logback-core\1.4.5\logback-core-1.4.5.jar;D:\maven_repository\org\apache\logging\log4j\log4j-to-slf4j\2.19.0\log4j-to-slf4j-2.19.0.jar;D:\maven_repository\org\apache\logging\log4j\log4j-api\2.19.0\log4j-api-2.19.0.jar;D:\maven_repository\org\slf4j\jul-to-slf4j\2.0.6\jul-to-slf4j-2.0.6.jar;D:\maven_repository\jakarta\annotation\jakarta.annotation-api\2.1.1\jakarta.annotation-api-2.1.1.jar;D:\maven_repository\org\yaml\snakeyaml\1.33\snakeyaml-1.33.jar;D:\maven_repository\org\springframework\boot\spring-boot-starter-json\3.0.2\spring-boot-starter-json-3.0.2.jar;D:\maven_repository\com\fasterxml\jackson\datatype\jackson-datatype-jdk8\2.14.1\jackson-datatype-jdk8-2.14.1.jar;D:\maven_repository\com\fasterxml\jackson\module\jackson-module-parameter-names\2.14.1\jackson-module-parameter-names-2.14.1.jar;D:\maven_repository\org\springframework\boot\spring-boot-starter-tomcat\3.0.2\spring-boot-starter-tomcat-3.0.2.jar;D:\maven_repository\org\apache\tomcat\embed\tomcat-embed-core\10.1.5\tomcat-embed-core-10.1.5.jar;D:\maven_repository\org\apache\tomcat\embed\tomcat-embed-el\10.1.5\tomcat-embed-el-10.1.5.jar;D:\maven_repository\org\apache\tomcat\embed\tomcat-embed-websocket\10.1.5\tomcat-embed-websocket-10.1.5.jar;D:\maven_repository\org\springframework\spring-web\6.0.4\spring-web-6.0.4.jar;D:\maven_repository\org\springframework\spring-beans\6.0.4\spring-beans-6.0.4.jar;D:\maven_repository\io\micrometer\micrometer-observation\1.10.3\micrometer-observation-1.10.3.jar;D:\maven_repository\io\micrometer\micrometer-commons\1.10.3\micrometer-commons-1.10.3.jar;D:\maven_repository\org\springframework\spring-webmvc\6.0.4\spring-webmvc-6.0.4.jar;D:\maven_repository\org\springframework\spring-aop\6.0.4\spring-aop-6.0.4.jar;D:\maven_repository\org\springframework\spring-context\6.0.4\spring-context-6.0.4.jar;D:\maven_repository\org\springframework\spring-expression\6.0.4\spring-expression-6.0.4.jar;D:\maven_repository\org\slf4j\slf4j-api\2.0.6\slf4j-api-2.0.6.jar;D:\maven_repository\org\springframework\spring-core\6.0.4\spring-core-6.0.4.jar;D:\maven_repository\org\springframework\spring-jcl\6.0.4\spring-jcl-6.0.4.jar;D:\maven_repository\org\springframework\cloud\spring-cloud-starter-bootstrap\4.0.0\spring-cloud-starter-bootstrap-4.0.0.jar;D:\maven_repository\org\springframework\cloud\spring-cloud-starter\4.0.0\spring-cloud-starter-4.0.0.jar;D:\maven_repository\org\springframework\security\spring-security-rsa\1.0.11.RELEASE\spring-security-rsa-1.0.11.RELEASE.jar;D:\maven_repository\org\bouncycastle\bcpkix-jdk15on\1.69\bcpkix-jdk15on-1.69.jar;D:\maven_repository\org\bouncycastle\bcprov-jdk15on\1.69\bcprov-jdk15on-1.69.jar;D:\maven_repository\org\bouncycastle\bcutil-jdk15on\1.69\bcutil-jdk15on-1.69.jar;D:\maven_repository\com\alibaba\cloud\spring-cloud-starter-alibaba-nacos-discovery\2022.0.0.0\spring-cloud-starter-alibaba-nacos-discovery-2022.0.0.0.jar;D:\maven_repository\com\alibaba\cloud\spring-cloud-alibaba-commons\2022.0.0.0\spring-cloud-alibaba-commons-2022.0.0.0.jar;D:\maven_repository\com\alibaba\nacos\nacos-client\2.2.1\nacos-client-2.2.1.jar;D:\maven_repository\com\alibaba\nacos\nacos-auth-plugin\2.2.1\nacos-auth-plugin-2.2.1.jar;D:\maven_repository\com\alibaba\nacos\nacos-encryption-plugin\2.2.1\nacos-encryption-plugin-2.2.1.jar;D:\maven_repository\commons-codec\commons-codec\1.15\commons-codec-1.15.jar;D:\maven_repository\org\apache\httpcomponents\httpasyncclient\4.1.5\httpasyncclient-4.1.5.jar;D:\maven_repository\org\apache\httpcomponents\httpcore\4.4.16\httpcore-4.4.16.jar;D:\maven_repository\org\apache\httpcomponents\httpcore-nio\4.4.16\httpcore-nio-4.4.16.jar;D:\maven_repository\org\apache\httpcomponents\httpclient\4.5.14\httpclient-4.5.14.jar;D:\maven_repository\io\prometheus\simpleclient\0.16.0\simpleclient-0.16.0.jar;D:\maven_repository\io\prometheus\simpleclient_tracer_otel\0.16.0\simpleclient_tracer_otel-0.16.0.jar;D:\maven_repository\io\prometheus\simpleclient_tracer_common\0.16.0\simpleclient_tracer_common-0.16.0.jar;D:\maven_repository\io\prometheus\simpleclient_tracer_otel_agent\0.16.0\simpleclient_tracer_otel_agent-0.16.0.jar;D:\maven_repository\com\alibaba\spring\spring-context-support\1.0.11\spring-context-support-1.0.11.jar;D:\maven_repository\org\springframework\cloud\spring-cloud-commons\4.0.0\spring-cloud-commons-4.0.0.jar;D:\maven_repository\org\springframework\security\spring-security-crypto\6.0.1\spring-security-crypto-6.0.1.jar;D:\maven_repository\org\springframework\cloud\spring-cloud-context\4.0.0\spring-cloud-context-4.0.0.jar;D:\maven_repository\commons-io\commons-io\2.4\commons-io-2.4.jar;D:\maven_repository\org\perf4j\perf4j\0.9.16\perf4j-0.9.16.jar;D:\maven_repository\mysql\mysql-connector-java\8.0.29\mysql-connector-java-8.0.29.jar;D:\maven_repository\com\google\protobuf\protobuf-java\3.19.4\protobuf-java-3.19.4.jar;D:\maven_repository\com\alibaba\druid\1.0.18\druid-1.0.18.jar;D:\maven_repository\org\mybatis\mybatis\3.3.0\mybatis-3.3.0.jar;D:\maven_repository\org\apache\curator\curator-recipes\2.6.0\curator-recipes-2.6.0.jar;D:\maven_repository\org\apache\curator\curator-framework\5.1.0\curator-framework-5.1.0.jar;D:\maven_repository\org\apache\curator\curator-client\5.1.0\curator-client-5.1.0.jar;D:\maven_repository\com\google\guava\guava\33.0.0-jre\guava-33.0.0-jre.jar;D:\maven_repository\com\google\guava\failureaccess\1.0.2\failureaccess-1.0.2.jar;D:\maven_repository\com\google\guava\listenablefuture\9999.0-empty-to-avoid-conflict-with-guava\listenablefuture-9999.0-empty-to-avoid-conflict-with-guava.jar;D:\maven_repository\com\google\code\findbugs\jsr305\3.0.2\jsr305-3.0.2.jar;D:\maven_repository\org\checkerframework\checker-qual\3.41.0\checker-qual-3.41.0.jar;D:\maven_repository\com\google\errorprone\error_prone_annotations\2.23.0\error_prone_annotations-2.23.0.jar;D:\maven_repository\com\google\j2objc\j2objc-annotations\2.8\j2objc-annotations-2.8.jar;D:\maven_repository\org\apache\zookeeper\zookeeper\3.6.0\zookeeper-3.6.0.jar;D:\maven_repository\commons-lang\commons-lang\2.6\commons-lang-2.6.jar;D:\maven_repository\org\apache\zookeeper\zookeeper-jute\3.6.0\zookeeper-jute-3.6.0.jar;D:\maven_repository\org\apache\yetus\audience-annotations\0.5.0\audience-annotations-0.5.0.jar;D:\maven_repository\io\netty\netty-handler\4.1.87.Final\netty-handler-4.1.87.Final.jar;D:\maven_repository\io\netty\netty-common\4.1.87.Final\netty-common-4.1.87.Final.jar;D:\maven_repository\io\netty\netty-resolver\4.1.87.Final\netty-resolver-4.1.87.Final.jar;D:\maven_repository\io\netty\netty-buffer\4.1.87.Final\netty-buffer-4.1.87.Final.jar;D:\maven_repository\io\netty\netty-transport\4.1.87.Final\netty-transport-4.1.87.Final.jar;D:\maven_repository\io\netty\netty-transport-native-unix-common\4.1.87.Final\netty-transport-native-unix-common-4.1.87.Final.jar;D:\maven_repository\io\netty\netty-codec\4.1.87.Final\netty-codec-4.1.87.Final.jar;D:\maven_repository\io\netty\netty-transport-native-epoll\4.1.87.Final\netty-transport-native-epoll-4.1.87.Final.jar;D:\maven_repository\io\netty\netty-transport-classes-epoll\4.1.87.Final\netty-transport-classes-epoll-4.1.87.Final.jar
2025-11-03 11:29:14.586 [main] INFO  org.apache.zookeeper.ZooKeeper - Client environment:java.library.path=D:\JAVA\jdk17.0.12\bin;C:\windows\Sun\Java\bin;C:\windows\system32;C:\windows;C:\Program Files\Common Files\Oracle\Java\javapath;E:\x_2\system\programs;C:\Program Files (x86)\Thermo\Foundation\x64;C:\Program Files (x86)\Thermo\Foundation;D:\python\Scripts;D:\python;D:\虚拟机\bin;D:\JAVA\jdk17.0.12\bin;C:\ProgramData\Oracle\Java\javapath;C:\windows\system32;C:\windows;C:\windows\System32\Wbem;C:\windows\System32\WindowsPowerShell\v1.0;C:\windows\System32\OpenSSH;C:\Program Files\Microsoft SQL Server\150\Tools\Binn;C:\Program Files\dotnet;C:\Program Files (x86)\Windows Kits\10\Windows Performance Toolkit;C:\Program Files\MySQL\MySQL Server 5.7\bin;C:\Program Files\Bandizip;D:\Git\cmd;C:\Program Files (x86)\Microsoft SQL Server\110\DTS\Binn;C:\Program Files (x86)\Microsoft SQL Server\110\Tools\Binn;C:\Program Files (x86)\Microsoft SQL Server\110\Tools\Binn\ManagementStudio;C:\Program Files (x86)\Microsoft Visual Studio 10.0\Common7\IDE\PrivateAssemblies;D:\apache-maven-3.9.0-bin\apache-maven-3.9.0\bin;E:\Vue;E:\Vue\node_global\node_modules;E:\JMeter\apache-jmeter-5.6.3\bin;E:\jdk\bin;;C:\Program Files\Docker\Docker\resources\bin;E:\spss_model\ext\bin\spss.TMWBServer\bin;E:\spss_model\MPICH2\bin;E:\spss_model\TABI;C:\Users\hp\AppData\Local\Microsoft\WindowsApps;C:\Users\hp\AppData\Local\Programs\Microsoft VS Code Insiders\bin;C:\Users\hp\.dotnet\tools;D:\JAVA\IntelliJ IDEA 2021.1.3\bin;D:\C语言之后？\Microsoft VS Code\bin;D:\python\PyCharm Community Edition 2024.2.1\bin;E:\Vue\node_global;C:\Users\hp\AppData\Local\Programs\Ollama;E:\Ollama;.
2025-11-03 11:29:14.586 [main] INFO  org.apache.zookeeper.ZooKeeper - Client environment:java.io.tmpdir=C:\Users\hp\AppData\Local\Temp\
2025-11-03 11:29:14.586 [main] INFO  org.apache.zookeeper.ZooKeeper - Client environment:java.compiler=<NA>
2025-11-03 11:29:14.586 [main] INFO  org.apache.zookeeper.ZooKeeper - Client environment:os.name=Windows 11
2025-11-03 11:29:14.586 [main] INFO  org.apache.zookeeper.ZooKeeper - Client environment:os.arch=amd64
2025-11-03 11:29:14.586 [main] INFO  org.apache.zookeeper.ZooKeeper - Client environment:os.version=10.0
2025-11-03 11:29:14.586 [main] INFO  org.apache.zookeeper.ZooKeeper - Client environment:user.name=hp
2025-11-03 11:29:14.586 [main] INFO  org.apache.zookeeper.ZooKeeper - Client environment:user.home=C:\Users\hp
2025-11-03 11:29:14.586 [main] INFO  org.apache.zookeeper.ZooKeeper - Client environment:user.dir=E:\xiaohashu
2025-11-03 11:29:14.586 [main] INFO  org.apache.zookeeper.ZooKeeper - Client environment:os.memory.free=99MB
2025-11-03 11:29:14.587 [main] INFO  org.apache.zookeeper.ZooKeeper - Client environment:os.memory.max=4008MB
2025-11-03 11:29:14.587 [main] INFO  org.apache.zookeeper.ZooKeeper - Client environment:os.memory.total=154MB
2025-11-03 11:29:14.589 [main] INFO  org.apache.zookeeper.ZooKeeper - Initiating client connection, connectString=127.0.0.1:2181 sessionTimeout=6000 watcher=org.apache.curator.ConnectionState@245253d8
2025-11-03 11:29:14.591 [main] INFO  org.apache.zookeeper.common.X509Util - Setting -D jdk.tls.rejectClientInitiatedRenegotiation=true to disable client-initiated TLS renegotiation
2025-11-03 11:29:14.600 [main] INFO  org.apache.zookeeper.ClientCnxnSocket - jute.maxbuffer value is 1048575 Bytes
2025-11-03 11:29:14.605 [main] INFO  org.apache.zookeeper.ClientCnxn - zookeeper.request.timeout value is 0. feature enabled=false
2025-11-03 11:29:14.609 [main] INFO  o.a.curator.framework.imps.CuratorFrameworkImpl - Default schema
2025-11-03 11:29:14.618 [main-SendThread(127.0.0.1:2181)] INFO  org.apache.zookeeper.ClientCnxn - Opening socket connection to server activate.navicat.com/127.0.0.1:2181.
2025-11-03 11:29:14.618 [main-SendThread(127.0.0.1:2181)] INFO  org.apache.zookeeper.ClientCnxn - SASL config status: Will not attempt to authenticate using SASL (unknown error)
2025-11-03 11:29:14.621 [main-SendThread(127.0.0.1:2181)] INFO  org.apache.zookeeper.ClientCnxn - Socket connection established, initiating session, client: /127.0.0.1:11453, server: activate.navicat.com/127.0.0.1:2181
2025-11-03 11:29:14.647 [main-SendThread(127.0.0.1:2181)] INFO  org.apache.zookeeper.ClientCnxn - Session establishment complete on server activate.navicat.com/127.0.0.1:2181, session id = 0x10000003b570000, negotiated timeout = 6000
2025-11-03 11:29:14.652 [main-EventThread] INFO  o.a.curator.framework.state.ConnectionStateManager - State change: CONNECTED
2025-11-03 11:29:14.666 [main-EventThread] INFO  org.apache.curator.framework.imps.EnsembleTracker - New config event received: {}
2025-11-03 11:29:14.666 [main-EventThread] INFO  org.apache.curator.framework.imps.EnsembleTracker - New config event received: {}
2025-11-03 11:29:14.707 [main] INFO  c.q.x.d.i.g.b.c.snowflake.SnowflakeZookeeperHolder - file exists status is true
2025-11-03 11:29:14.717 [main] INFO  c.q.x.d.i.g.b.c.snowflake.SnowflakeZookeeperHolder - update file cache workerID is 0
2025-11-03 11:29:14.717 [main] INFO  c.q.x.d.i.g.b.c.snowflake.SnowflakeZookeeperHolder - [Old NODE]find forever node have this endpoint ip-192.168.134.1 port-2222 workid-0 childnode and start SUCCESS
2025-11-03 11:29:14.717 [main] INFO  c.q.x.d.i.g.biz.core.snowflake.SnowflakeIDGenImpl - START SUCCESS USE ZK WORKERID-0
2025-11-03 11:29:14.718 [main] INFO  c.q.x.d.id.generator.biz.service.SnowflakeService - Snowflake Service Init Successfully
2025-11-03 11:29:16.114 [main] INFO  org.springframework.cloud.commons.util.InetUtils - Cannot determine local hostname
2025-11-03 11:29:17.606 [main] INFO  org.springframework.cloud.commons.util.InetUtils - Cannot determine local hostname
2025-11-03 11:29:17.637 [main] WARN  o.s.b.w.s.c.AnnotationConfigServletWebServerApplicationContext - Exception encountered during context initialization - cancelling refresh attempt: org.springframework.context.ApplicationContextException: Failed to start bean 'webServerStartStop'
2025-11-03 11:29:17.639 [main] INFO  org.apache.catalina.core.StandardService - Stopping service [Tomcat]
2025-11-03 11:29:17.655 [main] INFO  o.s.b.a.logging.ConditionEvaluationReportLogger - 

Error starting ApplicationContext. To display the condition evaluation report re-run your application with 'debug' enabled.
2025-11-03 11:29:17.666 [main] ERROR o.s.b.diagnostics.LoggingFailureAnalysisReporter - 

***************************
APPLICATION FAILED TO START
***************************

Description:

Web server failed to start. Port 8085 was already in use.

Action:

Identify and stop the process that's listening on port 8085 or configure this application to listen on another port.

2025-11-03 11:30:51.938 [main] WARN  com.alibaba.nacos.client.logging.NacosLogging - Load Logback Configuration of Nacos fail, message: Could not initialize Logback Nacos logging from classpath:nacos-logback.xml
2025-11-03 11:30:51.972 [main] WARN  com.alibaba.nacos.client.logging.NacosLogging - Load Logback Configuration of Nacos fail, message: Could not initialize Logback Nacos logging from classpath:nacos-logback.xml
2025-11-03 11:30:53.436 [main] WARN  com.alibaba.nacos.client.logging.NacosLogging - Load Logback Configuration of Nacos fail, message: Could not initialize Logback Nacos logging from classpath:nacos-logback.xml
2025-11-03 11:30:53.446 [main] WARN  com.alibaba.nacos.client.logging.NacosLogging - Load Logback Configuration of Nacos fail, message: Could not initialize Logback Nacos logging from classpath:nacos-logback.xml
2025-11-03 11:30:53.447 [main] INFO  c.q.x.d.i.g.b.XiaohashuDistributedIdGeneratorBizApplication - The following 1 profile is active: "dev"
2025-11-03 11:30:53.756 [main] INFO  o.springframework.cloud.context.scope.GenericScope - BeanFactory id=418f91a1-6f80-3310-b2d9-2cc1eabea236
2025-11-03 11:30:53.889 [main] INFO  o.s.boot.web.embedded.tomcat.TomcatWebServer - Tomcat initialized with port(s): 0 (http)
2025-11-03 11:30:53.895 [main] INFO  org.apache.catalina.core.StandardService - Starting service [Tomcat]
2025-11-03 11:30:53.895 [main] INFO  org.apache.catalina.core.StandardEngine - Starting Servlet engine: [Apache Tomcat/10.1.5]
2025-11-03 11:30:53.965 [main] INFO  o.a.c.core.ContainerBase.[Tomcat].[localhost].[/] - Initializing Spring embedded WebApplicationContext
2025-11-03 11:30:53.965 [main] INFO  o.s.b.w.s.c.ServletWebServerApplicationContext - Root WebApplicationContext: initialization completed in 509 ms
2025-11-03 11:30:54.036 [main] INFO  com.alibaba.druid.pool.DruidDataSource - {dataSource-1} inited
2025-11-03 11:30:54.068 [main] INFO  c.q.x.d.i.g.biz.core.segment.SegmentIDGenImpl - Init ...
2025-11-03 11:30:54.069 [main] INFO  c.q.x.d.i.g.biz.core.segment.SegmentIDGenImpl - update cache from db
2025-11-03 11:30:54.164 [main] INFO  c.q.x.d.i.g.biz.core.segment.SegmentIDGenImpl - Add tag leaf-segment-test from db to IdCache, SegmentBuffer SegmentBuffer{key='leaf-segment-test', segments=[Segment(value:0,max:0,step:0), Segment(value:0,max:0,step:0)], currentPos=0, nextReady=false, initOk=false, threadRunning=false, step=0, minStep=0, updateTimestamp=0}
2025-11-03 11:30:54.165 [main] INFO  c.q.x.d.i.g.biz.core.segment.SegmentIDGenImpl - Add tag leaf-segment-xiaohashu-id from db to IdCache, SegmentBuffer SegmentBuffer{key='leaf-segment-xiaohashu-id', segments=[Segment(value:0,max:0,step:0), Segment(value:0,max:0,step:0)], currentPos=0, nextReady=false, initOk=false, threadRunning=false, step=0, minStep=0, updateTimestamp=0}
2025-11-03 11:30:54.165 [main] INFO  org.perf4j.TimingLogger - start[1762140654070] time[94] tag[updateCacheFromDb]
2025-11-03 11:30:54.166 [main] INFO  c.q.x.d.id.generator.biz.service.SegmentService - Segment Service Init Successfully
2025-11-03 11:30:54.185 [main] INFO  c.q.x.d.i.g.biz.core.snowflake.SnowflakeIDGenImpl - twepoch:1288834974657 ,ip:192.168.134.1 ,zkAddress:127.0.0.1:2181 port:2222
2025-11-03 11:30:54.202 [main] WARN  org.apache.curator.CuratorZookeeperClient - session timeout [6000] is less than connection timeout [10000]
2025-11-03 11:30:54.209 [main] INFO  o.a.curator.framework.imps.CuratorFrameworkImpl - Starting
2025-11-03 11:30:54.213 [main] INFO  org.apache.zookeeper.ZooKeeper - Client environment:zookeeper.version=3.6.0--b4c89dc7f6083829e18fae6e446907ae0b1f22d7, built on 02/25/2020 14:38 GMT
2025-11-03 11:30:54.213 [main] INFO  org.apache.zookeeper.ZooKeeper - Client environment:host.name=host.docker.internal
2025-11-03 11:30:54.213 [main] INFO  org.apache.zookeeper.ZooKeeper - Client environment:java.version=17.0.12
2025-11-03 11:30:54.213 [main] INFO  org.apache.zookeeper.ZooKeeper - Client environment:java.vendor=Oracle Corporation
2025-11-03 11:30:54.213 [main] INFO  org.apache.zookeeper.ZooKeeper - Client environment:java.home=D:\JAVA\jdk17.0.12
2025-11-03 11:30:54.213 [main] INFO  org.apache.zookeeper.ZooKeeper - Client environment:java.class.path=E:\xiaohashu\xiaohashu-distributed-id-generator\xiaohashu-distributed-id-generator-biz\target\classes;E:\xiaohashu\xiaoha-framework\xiaoha-commom\target\classes;D:\maven_repository\org\projectlombok\lombok\1.18.30\lombok-1.18.30.jar;D:\maven_repository\com\fasterxml\jackson\core\jackson-databind\2.16.1\jackson-databind-2.16.1.jar;D:\maven_repository\com\fasterxml\jackson\core\jackson-annotations\2.14.1\jackson-annotations-2.14.1.jar;D:\maven_repository\com\fasterxml\jackson\core\jackson-core\2.16.1\jackson-core-2.16.1.jar;D:\maven_repository\com\fasterxml\jackson\datatype\jackson-datatype-jsr310\2.14.1\jackson-datatype-jsr310-2.14.1.jar;D:\maven_repository\jakarta\validation\jakarta.validation-api\3.0.2\jakarta.validation-api-3.0.2.jar;D:\maven_repository\org\hibernate\validator\hibernate-validator\8.0.0.Final\hibernate-validator-8.0.0.Final.jar;D:\maven_repository\org\jboss\logging\jboss-logging\3.5.0.Final\jboss-logging-3.5.0.Final.jar;D:\maven_repository\com\fasterxml\classmate\1.5.1\classmate-1.5.1.jar;D:\maven_repository\org\springframework\boot\spring-boot-starter-web\3.0.2\spring-boot-starter-web-3.0.2.jar;D:\maven_repository\org\springframework\boot\spring-boot-starter\3.0.2\spring-boot-starter-3.0.2.jar;D:\maven_repository\org\springframework\boot\spring-boot\3.0.2\spring-boot-3.0.2.jar;D:\maven_repository\org\springframework\boot\spring-boot-autoconfigure\3.0.2\spring-boot-autoconfigure-3.0.2.jar;D:\maven_repository\org\springframework\boot\spring-boot-starter-logging\3.0.2\spring-boot-starter-logging-3.0.2.jar;D:\maven_repository\ch\qos\logback\logback-classic\1.4.5\logback-classic-1.4.5.jar;D:\maven_repository\ch\qos\logback\logback-core\1.4.5\logback-core-1.4.5.jar;D:\maven_repository\org\apache\logging\log4j\log4j-to-slf4j\2.19.0\log4j-to-slf4j-2.19.0.jar;D:\maven_repository\org\apache\logging\log4j\log4j-api\2.19.0\log4j-api-2.19.0.jar;D:\maven_repository\org\slf4j\jul-to-slf4j\2.0.6\jul-to-slf4j-2.0.6.jar;D:\maven_repository\jakarta\annotation\jakarta.annotation-api\2.1.1\jakarta.annotation-api-2.1.1.jar;D:\maven_repository\org\yaml\snakeyaml\1.33\snakeyaml-1.33.jar;D:\maven_repository\org\springframework\boot\spring-boot-starter-json\3.0.2\spring-boot-starter-json-3.0.2.jar;D:\maven_repository\com\fasterxml\jackson\datatype\jackson-datatype-jdk8\2.14.1\jackson-datatype-jdk8-2.14.1.jar;D:\maven_repository\com\fasterxml\jackson\module\jackson-module-parameter-names\2.14.1\jackson-module-parameter-names-2.14.1.jar;D:\maven_repository\org\springframework\boot\spring-boot-starter-tomcat\3.0.2\spring-boot-starter-tomcat-3.0.2.jar;D:\maven_repository\org\apache\tomcat\embed\tomcat-embed-core\10.1.5\tomcat-embed-core-10.1.5.jar;D:\maven_repository\org\apache\tomcat\embed\tomcat-embed-el\10.1.5\tomcat-embed-el-10.1.5.jar;D:\maven_repository\org\apache\tomcat\embed\tomcat-embed-websocket\10.1.5\tomcat-embed-websocket-10.1.5.jar;D:\maven_repository\org\springframework\spring-web\6.0.4\spring-web-6.0.4.jar;D:\maven_repository\org\springframework\spring-beans\6.0.4\spring-beans-6.0.4.jar;D:\maven_repository\io\micrometer\micrometer-observation\1.10.3\micrometer-observation-1.10.3.jar;D:\maven_repository\io\micrometer\micrometer-commons\1.10.3\micrometer-commons-1.10.3.jar;D:\maven_repository\org\springframework\spring-webmvc\6.0.4\spring-webmvc-6.0.4.jar;D:\maven_repository\org\springframework\spring-aop\6.0.4\spring-aop-6.0.4.jar;D:\maven_repository\org\springframework\spring-context\6.0.4\spring-context-6.0.4.jar;D:\maven_repository\org\springframework\spring-expression\6.0.4\spring-expression-6.0.4.jar;D:\maven_repository\org\slf4j\slf4j-api\2.0.6\slf4j-api-2.0.6.jar;D:\maven_repository\org\springframework\spring-core\6.0.4\spring-core-6.0.4.jar;D:\maven_repository\org\springframework\spring-jcl\6.0.4\spring-jcl-6.0.4.jar;D:\maven_repository\org\springframework\cloud\spring-cloud-starter-bootstrap\4.0.0\spring-cloud-starter-bootstrap-4.0.0.jar;D:\maven_repository\org\springframework\cloud\spring-cloud-starter\4.0.0\spring-cloud-starter-4.0.0.jar;D:\maven_repository\org\springframework\security\spring-security-rsa\1.0.11.RELEASE\spring-security-rsa-1.0.11.RELEASE.jar;D:\maven_repository\org\bouncycastle\bcpkix-jdk15on\1.69\bcpkix-jdk15on-1.69.jar;D:\maven_repository\org\bouncycastle\bcprov-jdk15on\1.69\bcprov-jdk15on-1.69.jar;D:\maven_repository\org\bouncycastle\bcutil-jdk15on\1.69\bcutil-jdk15on-1.69.jar;D:\maven_repository\com\alibaba\cloud\spring-cloud-starter-alibaba-nacos-discovery\2022.0.0.0\spring-cloud-starter-alibaba-nacos-discovery-2022.0.0.0.jar;D:\maven_repository\com\alibaba\cloud\spring-cloud-alibaba-commons\2022.0.0.0\spring-cloud-alibaba-commons-2022.0.0.0.jar;D:\maven_repository\com\alibaba\nacos\nacos-client\2.2.1\nacos-client-2.2.1.jar;D:\maven_repository\com\alibaba\nacos\nacos-auth-plugin\2.2.1\nacos-auth-plugin-2.2.1.jar;D:\maven_repository\com\alibaba\nacos\nacos-encryption-plugin\2.2.1\nacos-encryption-plugin-2.2.1.jar;D:\maven_repository\commons-codec\commons-codec\1.15\commons-codec-1.15.jar;D:\maven_repository\org\apache\httpcomponents\httpasyncclient\4.1.5\httpasyncclient-4.1.5.jar;D:\maven_repository\org\apache\httpcomponents\httpcore\4.4.16\httpcore-4.4.16.jar;D:\maven_repository\org\apache\httpcomponents\httpcore-nio\4.4.16\httpcore-nio-4.4.16.jar;D:\maven_repository\org\apache\httpcomponents\httpclient\4.5.14\httpclient-4.5.14.jar;D:\maven_repository\io\prometheus\simpleclient\0.16.0\simpleclient-0.16.0.jar;D:\maven_repository\io\prometheus\simpleclient_tracer_otel\0.16.0\simpleclient_tracer_otel-0.16.0.jar;D:\maven_repository\io\prometheus\simpleclient_tracer_common\0.16.0\simpleclient_tracer_common-0.16.0.jar;D:\maven_repository\io\prometheus\simpleclient_tracer_otel_agent\0.16.0\simpleclient_tracer_otel_agent-0.16.0.jar;D:\maven_repository\com\alibaba\spring\spring-context-support\1.0.11\spring-context-support-1.0.11.jar;D:\maven_repository\org\springframework\cloud\spring-cloud-commons\4.0.0\spring-cloud-commons-4.0.0.jar;D:\maven_repository\org\springframework\security\spring-security-crypto\6.0.1\spring-security-crypto-6.0.1.jar;D:\maven_repository\org\springframework\cloud\spring-cloud-context\4.0.0\spring-cloud-context-4.0.0.jar;D:\maven_repository\commons-io\commons-io\2.4\commons-io-2.4.jar;D:\maven_repository\org\perf4j\perf4j\0.9.16\perf4j-0.9.16.jar;D:\maven_repository\mysql\mysql-connector-java\8.0.29\mysql-connector-java-8.0.29.jar;D:\maven_repository\com\google\protobuf\protobuf-java\3.19.4\protobuf-java-3.19.4.jar;D:\maven_repository\com\alibaba\druid\1.0.18\druid-1.0.18.jar;D:\maven_repository\org\mybatis\mybatis\3.3.0\mybatis-3.3.0.jar;D:\maven_repository\org\apache\curator\curator-recipes\2.6.0\curator-recipes-2.6.0.jar;D:\maven_repository\org\apache\curator\curator-framework\5.1.0\curator-framework-5.1.0.jar;D:\maven_repository\org\apache\curator\curator-client\5.1.0\curator-client-5.1.0.jar;D:\maven_repository\com\google\guava\guava\33.0.0-jre\guava-33.0.0-jre.jar;D:\maven_repository\com\google\guava\failureaccess\1.0.2\failureaccess-1.0.2.jar;D:\maven_repository\com\google\guava\listenablefuture\9999.0-empty-to-avoid-conflict-with-guava\listenablefuture-9999.0-empty-to-avoid-conflict-with-guava.jar;D:\maven_repository\com\google\code\findbugs\jsr305\3.0.2\jsr305-3.0.2.jar;D:\maven_repository\org\checkerframework\checker-qual\3.41.0\checker-qual-3.41.0.jar;D:\maven_repository\com\google\errorprone\error_prone_annotations\2.23.0\error_prone_annotations-2.23.0.jar;D:\maven_repository\com\google\j2objc\j2objc-annotations\2.8\j2objc-annotations-2.8.jar;D:\maven_repository\org\apache\zookeeper\zookeeper\3.6.0\zookeeper-3.6.0.jar;D:\maven_repository\commons-lang\commons-lang\2.6\commons-lang-2.6.jar;D:\maven_repository\org\apache\zookeeper\zookeeper-jute\3.6.0\zookeeper-jute-3.6.0.jar;D:\maven_repository\org\apache\yetus\audience-annotations\0.5.0\audience-annotations-0.5.0.jar;D:\maven_repository\io\netty\netty-handler\4.1.87.Final\netty-handler-4.1.87.Final.jar;D:\maven_repository\io\netty\netty-common\4.1.87.Final\netty-common-4.1.87.Final.jar;D:\maven_repository\io\netty\netty-resolver\4.1.87.Final\netty-resolver-4.1.87.Final.jar;D:\maven_repository\io\netty\netty-buffer\4.1.87.Final\netty-buffer-4.1.87.Final.jar;D:\maven_repository\io\netty\netty-transport\4.1.87.Final\netty-transport-4.1.87.Final.jar;D:\maven_repository\io\netty\netty-transport-native-unix-common\4.1.87.Final\netty-transport-native-unix-common-4.1.87.Final.jar;D:\maven_repository\io\netty\netty-codec\4.1.87.Final\netty-codec-4.1.87.Final.jar;D:\maven_repository\io\netty\netty-transport-native-epoll\4.1.87.Final\netty-transport-native-epoll-4.1.87.Final.jar;D:\maven_repository\io\netty\netty-transport-classes-epoll\4.1.87.Final\netty-transport-classes-epoll-4.1.87.Final.jar
2025-11-03 11:30:54.214 [main] INFO  org.apache.zookeeper.ZooKeeper - Client environment:java.library.path=D:\JAVA\jdk17.0.12\bin;C:\windows\Sun\Java\bin;C:\windows\system32;C:\windows;C:\Program Files\Common Files\Oracle\Java\javapath;E:\x_2\system\programs;C:\Program Files (x86)\Thermo\Foundation\x64;C:\Program Files (x86)\Thermo\Foundation;D:\python\Scripts;D:\python;D:\虚拟机\bin;D:\JAVA\jdk17.0.12\bin;C:\ProgramData\Oracle\Java\javapath;C:\windows\system32;C:\windows;C:\windows\System32\Wbem;C:\windows\System32\WindowsPowerShell\v1.0;C:\windows\System32\OpenSSH;C:\Program Files\Microsoft SQL Server\150\Tools\Binn;C:\Program Files\dotnet;C:\Program Files (x86)\Windows Kits\10\Windows Performance Toolkit;C:\Program Files\MySQL\MySQL Server 5.7\bin;C:\Program Files\Bandizip;D:\Git\cmd;C:\Program Files (x86)\Microsoft SQL Server\110\DTS\Binn;C:\Program Files (x86)\Microsoft SQL Server\110\Tools\Binn;C:\Program Files (x86)\Microsoft SQL Server\110\Tools\Binn\ManagementStudio;C:\Program Files (x86)\Microsoft Visual Studio 10.0\Common7\IDE\PrivateAssemblies;D:\apache-maven-3.9.0-bin\apache-maven-3.9.0\bin;E:\Vue;E:\Vue\node_global\node_modules;E:\JMeter\apache-jmeter-5.6.3\bin;E:\jdk\bin;;C:\Program Files\Docker\Docker\resources\bin;E:\spss_model\ext\bin\spss.TMWBServer\bin;E:\spss_model\MPICH2\bin;E:\spss_model\TABI;C:\Users\hp\AppData\Local\Microsoft\WindowsApps;C:\Users\hp\AppData\Local\Programs\Microsoft VS Code Insiders\bin;C:\Users\hp\.dotnet\tools;D:\JAVA\IntelliJ IDEA 2021.1.3\bin;D:\C语言之后？\Microsoft VS Code\bin;D:\python\PyCharm Community Edition 2024.2.1\bin;E:\Vue\node_global;C:\Users\hp\AppData\Local\Programs\Ollama;E:\Ollama;.
2025-11-03 11:30:54.214 [main] INFO  org.apache.zookeeper.ZooKeeper - Client environment:java.io.tmpdir=C:\Users\hp\AppData\Local\Temp\
2025-11-03 11:30:54.214 [main] INFO  org.apache.zookeeper.ZooKeeper - Client environment:java.compiler=<NA>
2025-11-03 11:30:54.214 [main] INFO  org.apache.zookeeper.ZooKeeper - Client environment:os.name=Windows 11
2025-11-03 11:30:54.214 [main] INFO  org.apache.zookeeper.ZooKeeper - Client environment:os.arch=amd64
2025-11-03 11:30:54.214 [main] INFO  org.apache.zookeeper.ZooKeeper - Client environment:os.version=10.0
2025-11-03 11:30:54.214 [main] INFO  org.apache.zookeeper.ZooKeeper - Client environment:user.name=hp
2025-11-03 11:30:54.214 [main] INFO  org.apache.zookeeper.ZooKeeper - Client environment:user.home=C:\Users\hp
2025-11-03 11:30:54.214 [main] INFO  org.apache.zookeeper.ZooKeeper - Client environment:user.dir=E:\xiaohashu
2025-11-03 11:30:54.215 [main] INFO  org.apache.zookeeper.ZooKeeper - Client environment:os.memory.free=116MB
2025-11-03 11:30:54.215 [main] INFO  org.apache.zookeeper.ZooKeeper - Client environment:os.memory.max=4008MB
2025-11-03 11:30:54.215 [main] INFO  org.apache.zookeeper.ZooKeeper - Client environment:os.memory.total=154MB
2025-11-03 11:30:54.219 [main] INFO  org.apache.zookeeper.ZooKeeper - Initiating client connection, connectString=127.0.0.1:2181 sessionTimeout=6000 watcher=org.apache.curator.ConnectionState@245253d8
2025-11-03 11:30:54.220 [main] INFO  org.apache.zookeeper.common.X509Util - Setting -D jdk.tls.rejectClientInitiatedRenegotiation=true to disable client-initiated TLS renegotiation
2025-11-03 11:30:54.231 [main] INFO  org.apache.zookeeper.ClientCnxnSocket - jute.maxbuffer value is 1048575 Bytes
2025-11-03 11:30:54.234 [main] INFO  org.apache.zookeeper.ClientCnxn - zookeeper.request.timeout value is 0. feature enabled=false
2025-11-03 11:30:54.237 [main-SendThread(127.0.0.1:2181)] INFO  org.apache.zookeeper.ClientCnxn - Opening socket connection to server activate.navicat.com/127.0.0.1:2181.
2025-11-03 11:30:54.237 [main-SendThread(127.0.0.1:2181)] INFO  org.apache.zookeeper.ClientCnxn - SASL config status: Will not attempt to authenticate using SASL (unknown error)
2025-11-03 11:30:54.239 [main] INFO  o.a.curator.framework.imps.CuratorFrameworkImpl - Default schema
2025-11-03 11:30:54.240 [main-SendThread(127.0.0.1:2181)] INFO  org.apache.zookeeper.ClientCnxn - Socket connection established, initiating session, client: /127.0.0.1:11498, server: activate.navicat.com/127.0.0.1:2181
2025-11-03 11:30:54.249 [main-SendThread(127.0.0.1:2181)] INFO  org.apache.zookeeper.ClientCnxn - Session establishment complete on server activate.navicat.com/127.0.0.1:2181, session id = 0x10000003b570001, negotiated timeout = 6000
2025-11-03 11:30:54.252 [main-EventThread] INFO  o.a.curator.framework.state.ConnectionStateManager - State change: CONNECTED
2025-11-03 11:30:54.263 [main-EventThread] INFO  org.apache.curator.framework.imps.EnsembleTracker - New config event received: {}
2025-11-03 11:30:54.263 [main-EventThread] INFO  org.apache.curator.framework.imps.EnsembleTracker - New config event received: {}
2025-11-03 11:30:54.303 [main] INFO  c.q.x.d.i.g.b.c.snowflake.SnowflakeZookeeperHolder - file exists status is true
2025-11-03 11:30:54.310 [main] INFO  c.q.x.d.i.g.b.c.snowflake.SnowflakeZookeeperHolder - update file cache workerID is 0
2025-11-03 11:30:54.310 [main] INFO  c.q.x.d.i.g.b.c.snowflake.SnowflakeZookeeperHolder - [Old NODE]find forever node have this endpoint ip-192.168.134.1 port-2222 workid-0 childnode and start SUCCESS
2025-11-03 11:30:54.310 [main] INFO  c.q.x.d.i.g.biz.core.snowflake.SnowflakeIDGenImpl - START SUCCESS USE ZK WORKERID-0
2025-11-03 11:30:54.310 [main] INFO  c.q.x.d.id.generator.biz.service.SnowflakeService - Snowflake Service Init Successfully
2025-11-03 11:30:55.704 [main] INFO  org.springframework.cloud.commons.util.InetUtils - Cannot determine local hostname
2025-11-03 11:30:57.167 [main] INFO  org.springframework.cloud.commons.util.InetUtils - Cannot determine local hostname
2025-11-03 11:30:57.225 [main] INFO  o.s.boot.web.embedded.tomcat.TomcatWebServer - Tomcat started on port(s): 11499 (http) with context path ''
2025-11-03 11:30:57.235 [main] WARN  com.alibaba.nacos.client.logging.NacosLogging - Load Logback Configuration of Nacos fail, message: Could not initialize Logback Nacos logging from classpath:nacos-logback.xml
2025-11-03 11:30:57.235 [main] INFO  com.alibaba.nacos.client.naming - initializer namespace from ans.namespace attribute : null
2025-11-03 11:30:57.236 [main] INFO  com.alibaba.nacos.client.naming - initializer namespace from ALIBABA_ALIWARE_NAMESPACE attribute :null
2025-11-03 11:30:57.236 [main] INFO  com.alibaba.nacos.client.naming - initializer namespace from namespace attribute :null
2025-11-03 11:30:57.251 [main] INFO  com.alibaba.nacos.client.utils.ParamUtil - [settings] [req-serv] nacos-server port:8848
2025-11-03 11:30:57.251 [main] INFO  com.alibaba.nacos.client.utils.ParamUtil - [settings] [http-client] connect timeout:1000
2025-11-03 11:30:57.252 [main] INFO  com.alibaba.nacos.client.utils.ParamUtil - PER_TASK_CONFIG_SIZE: 3000.0
2025-11-03 11:30:57.254 [main] INFO  c.a.n.p.auth.spi.client.ClientAuthPluginManager - [ClientAuthPluginManager] Load ClientAuthService com.alibaba.nacos.client.auth.impl.NacosClientAuthServiceImpl success.
2025-11-03 11:30:57.254 [main] INFO  c.a.n.p.auth.spi.client.ClientAuthPluginManager - [ClientAuthPluginManager] Load ClientAuthService com.alibaba.nacos.client.auth.ram.RamClientAuthServiceImpl success.
2025-11-03 11:30:57.256 [main] INFO  c.a.n.client.auth.ram.identify.CredentialWatcher - null No credential found
2025-11-03 11:30:57.260 [main] INFO  com.alibaba.nacos.common.remote.client - [RpcClientFactory] create a new rpc client of 554dc526-93f0-4fb0-8080-ef49f0198349
2025-11-03 11:30:57.270 [main] INFO  com.alibaba.nacos.common.remote.client - [554dc526-93f0-4fb0-8080-ef49f0198349] RpcClient init, ServerListFactory = com.alibaba.nacos.client.naming.core.ServerListManager
2025-11-03 11:30:57.270 [main] INFO  com.alibaba.nacos.common.remote.client - [554dc526-93f0-4fb0-8080-ef49f0198349] Registry connection listener to current client:com.alibaba.nacos.client.naming.remote.gprc.redo.NamingGrpcRedoService
2025-11-03 11:30:57.270 [main] INFO  com.alibaba.nacos.common.remote.client - [554dc526-93f0-4fb0-8080-ef49f0198349] Register server push request handler:com.alibaba.nacos.client.naming.remote.gprc.NamingPushRequestHandler
2025-11-03 11:30:57.272 [main] INFO  com.alibaba.nacos.common.remote.client - [554dc526-93f0-4fb0-8080-ef49f0198349] Try to connect to server on start up, server: {serverIp = '127.0.0.1', server main port = 8848}
2025-11-03 11:30:57.276 [main] INFO  c.a.nacos.common.remote.client.grpc.GrpcClient - grpc client connection server:127.0.0.1 ip,serverPort:9848,grpcTslConfig:{"sslProvider":"OPENSSL","enableTls":false,"mutualAuthEnable":false,"trustAll":false}
2025-11-03 11:30:57.959 [main] INFO  com.alibaba.nacos.common.remote.client - [554dc526-93f0-4fb0-8080-ef49f0198349] Success to connect to server [127.0.0.1:8848] on start up, connectionId = 1762140657812_127.0.0.1_11500
2025-11-03 11:30:57.960 [main] INFO  com.alibaba.nacos.common.remote.client - [554dc526-93f0-4fb0-8080-ef49f0198349] Register server push request handler:com.alibaba.nacos.common.remote.client.RpcClient$ConnectResetRequestHandler
2025-11-03 11:30:57.960 [com.alibaba.nacos.client.remote.worker] INFO  com.alibaba.nacos.common.remote.client - [554dc526-93f0-4fb0-8080-ef49f0198349] Notify connected event to listeners.
2025-11-03 11:30:57.960 [com.alibaba.nacos.client.remote.worker] INFO  com.alibaba.nacos.client.naming - Grpc connection connect
2025-11-03 11:30:57.960 [main] INFO  com.alibaba.nacos.common.remote.client - [554dc526-93f0-4fb0-8080-ef49f0198349] Register server push request handler:com.alibaba.nacos.common.remote.client.RpcClient$$Lambda$979/0x000001f9ba679170
2025-11-03 11:30:57.961 [main] INFO  com.alibaba.nacos.client.naming - [REGISTER-SERVICE] xiaohashu registering service xiaohashu-distributed-id-generator with instance Instance{instanceId='null', ip='192.168.134.1', port=11499, weight=1.0, healthy=true, enabled=true, ephemeral=true, clusterName='DEFAULT', serviceName='null', metadata={IPv6=null, preserved.register.source=SPRING_CLOUD}}
2025-11-03 11:30:57.971 [main] INFO  c.a.cloud.nacos.registry.NacosServiceRegistry - nacos registry, DEFAULT_GROUP xiaohashu-distributed-id-generator 192.168.134.1:11499 register finished
2025-11-03 11:30:59.192 [main] INFO  org.springframework.cloud.commons.util.InetUtils - Cannot determine local hostname
2025-11-03 11:30:59.201 [main] INFO  c.q.x.d.i.g.b.XiaohashuDistributedIdGeneratorBizApplication - Started XiaohashuDistributedIdGeneratorBizApplication in 8.984 seconds (process running for 9.561)
2025-11-03 11:31:54.166 [check-idCache-thread] INFO  c.q.x.d.i.g.biz.core.segment.SegmentIDGenImpl - update cache from db
2025-11-03 11:31:54.169 [check-idCache-thread] INFO  org.perf4j.TimingLogger - start[1762140714166] time[2] tag[updateCacheFromDb]
2025-11-03 11:32:54.181 [check-idCache-thread] INFO  c.q.x.d.i.g.biz.core.segment.SegmentIDGenImpl - update cache from db
2025-11-03 11:32:54.184 [check-idCache-thread] INFO  org.perf4j.TimingLogger - start[1762140774182] time[2] tag[updateCacheFromDb]
2025-11-03 11:33:54.197 [check-idCache-thread] INFO  c.q.x.d.i.g.biz.core.segment.SegmentIDGenImpl - update cache from db
2025-11-03 11:33:54.198 [check-idCache-thread] INFO  org.perf4j.TimingLogger - start[1762140834197] time[1] tag[updateCacheFromDb]
2025-11-03 11:34:54.203 [check-idCache-thread] INFO  c.q.x.d.i.g.biz.core.segment.SegmentIDGenImpl - update cache from db
2025-11-03 11:34:54.205 [check-idCache-thread] INFO  org.perf4j.TimingLogger - start[1762140894203] time[2] tag[updateCacheFromDb]
2025-11-03 11:35:54.219 [check-idCache-thread] INFO  c.q.x.d.i.g.biz.core.segment.SegmentIDGenImpl - update cache from db
2025-11-03 11:35:54.220 [check-idCache-thread] INFO  org.perf4j.TimingLogger - start[1762140954219] time[1] tag[updateCacheFromDb]
2025-11-03 11:36:25.702 [main-SendThread(127.0.0.1:2181)] WARN  org.apache.zookeeper.ClientCnxn - Client session timed out, have not heard from server in 16656ms for session id 0x10000003b570001
2025-11-03 11:36:25.702 [main-SendThread(127.0.0.1:2181)] WARN  org.apache.zookeeper.ClientCnxn - Session 0x10000003b570001 for sever activate.navicat.com/127.0.0.1:2181, Closing socket connection. Attempting reconnect except it is a SessionExpiredException.
org.apache.zookeeper.ClientCnxn$SessionTimeoutException: Client session timed out, have not heard from server in 16656ms for session id 0x10000003b570001
	at org.apache.zookeeper.ClientCnxn$SendThread.run(ClientCnxn.java:1230)
2025-11-03 11:36:25.810 [main-EventThread] INFO  o.a.curator.framework.state.ConnectionStateManager - State change: SUSPENDED
2025-11-03 11:36:27.833 [main-SendThread(127.0.0.1:2181)] INFO  org.apache.zookeeper.ClientCnxn - Opening socket connection to server activate.navicat.com/127.0.0.1:2181.
2025-11-03 11:36:27.834 [main-SendThread(127.0.0.1:2181)] INFO  org.apache.zookeeper.ClientCnxn - SASL config status: Will not attempt to authenticate using SASL (unknown error)
2025-11-03 11:36:27.834 [main-SendThread(127.0.0.1:2181)] INFO  org.apache.zookeeper.ClientCnxn - Socket connection established, initiating session, client: /127.0.0.1:11761, server: activate.navicat.com/127.0.0.1:2181
2025-11-03 11:36:27.843 [main-SendThread(127.0.0.1:2181)] INFO  org.apache.zookeeper.ClientCnxn - Session establishment complete on server activate.navicat.com/127.0.0.1:2181, session id = 0x10000003b570001, negotiated timeout = 6000
2025-11-03 11:36:27.844 [main-EventThread] INFO  o.a.curator.framework.state.ConnectionStateManager - State change: RECONNECTED
2025-11-03 11:36:27.859 [main-EventThread] INFO  org.apache.curator.framework.imps.EnsembleTracker - New config event received: {}
2025-11-03 11:37:08.878 [check-idCache-thread] INFO  c.q.x.d.i.g.biz.core.segment.SegmentIDGenImpl - update cache from db
2025-11-03 11:37:08.880 [check-idCache-thread] INFO  org.perf4j.TimingLogger - start[1762141028878] time[2] tag[updateCacheFromDb]
2025-11-03 11:38:08.888 [check-idCache-thread] INFO  c.q.x.d.i.g.biz.core.segment.SegmentIDGenImpl - update cache from db
2025-11-03 11:38:08.890 [check-idCache-thread] INFO  org.perf4j.TimingLogger - start[1762141088888] time[1] tag[updateCacheFromDb]
2025-11-03 12:45:02.221 [main] WARN  com.alibaba.nacos.client.logging.NacosLogging - Load Logback Configuration of Nacos fail, message: Could not initialize Logback Nacos logging from classpath:nacos-logback.xml
2025-11-03 12:45:02.262 [main] WARN  com.alibaba.nacos.client.logging.NacosLogging - Load Logback Configuration of Nacos fail, message: Could not initialize Logback Nacos logging from classpath:nacos-logback.xml
2025-11-03 12:45:03.760 [main] WARN  com.alibaba.nacos.client.logging.NacosLogging - Load Logback Configuration of Nacos fail, message: Could not initialize Logback Nacos logging from classpath:nacos-logback.xml
2025-11-03 12:45:03.768 [main] WARN  com.alibaba.nacos.client.logging.NacosLogging - Load Logback Configuration of Nacos fail, message: Could not initialize Logback Nacos logging from classpath:nacos-logback.xml
2025-11-03 12:45:03.769 [main] INFO  c.q.x.d.i.g.b.XiaohashuDistributedIdGeneratorBizApplication - The following 1 profile is active: "dev"
2025-11-03 12:45:04.076 [main] INFO  o.springframework.cloud.context.scope.GenericScope - BeanFactory id=418f91a1-6f80-3310-b2d9-2cc1eabea236
2025-11-03 12:45:04.280 [main] INFO  o.s.boot.web.embedded.tomcat.TomcatWebServer - Tomcat initialized with port(s): 8085 (http)
2025-11-03 12:45:04.287 [main] INFO  org.apache.catalina.core.StandardService - Starting service [Tomcat]
2025-11-03 12:45:04.288 [main] INFO  org.apache.catalina.core.StandardEngine - Starting Servlet engine: [Apache Tomcat/10.1.5]
2025-11-03 12:45:04.367 [main] INFO  o.a.c.core.ContainerBase.[Tomcat].[localhost].[/] - Initializing Spring embedded WebApplicationContext
2025-11-03 12:45:04.367 [main] INFO  o.s.b.w.s.c.ServletWebServerApplicationContext - Root WebApplicationContext: initialization completed in 590 ms
2025-11-03 12:45:04.454 [main] INFO  com.alibaba.druid.pool.DruidDataSource - {dataSource-1} inited
2025-11-03 12:45:04.490 [main] INFO  c.q.x.d.i.g.biz.core.segment.SegmentIDGenImpl - Init ...
2025-11-03 12:45:04.490 [main] INFO  c.q.x.d.i.g.biz.core.segment.SegmentIDGenImpl - update cache from db
2025-11-03 12:45:04.589 [main] INFO  c.q.x.d.i.g.biz.core.segment.SegmentIDGenImpl - Add tag leaf-segment-test from db to IdCache, SegmentBuffer SegmentBuffer{key='leaf-segment-test', segments=[Segment(value:0,max:0,step:0), Segment(value:0,max:0,step:0)], currentPos=0, nextReady=false, initOk=false, threadRunning=false, step=0, minStep=0, updateTimestamp=0}
2025-11-03 12:45:04.589 [main] INFO  c.q.x.d.i.g.biz.core.segment.SegmentIDGenImpl - Add tag leaf-segment-xiaohashu-id from db to IdCache, SegmentBuffer SegmentBuffer{key='leaf-segment-xiaohashu-id', segments=[Segment(value:0,max:0,step:0), Segment(value:0,max:0,step:0)], currentPos=0, nextReady=false, initOk=false, threadRunning=false, step=0, minStep=0, updateTimestamp=0}
2025-11-03 12:45:04.589 [main] INFO  org.perf4j.TimingLogger - start[1762145104491] time[96] tag[updateCacheFromDb]
2025-11-03 12:45:04.589 [main] INFO  c.q.x.d.id.generator.biz.service.SegmentService - Segment Service Init Successfully
2025-11-03 12:45:04.609 [main] INFO  c.q.x.d.i.g.biz.core.snowflake.SnowflakeIDGenImpl - twepoch:1288834974657 ,ip:192.168.134.1 ,zkAddress:127.0.0.1:2181 port:2222
2025-11-03 12:45:04.633 [main] WARN  org.apache.curator.CuratorZookeeperClient - session timeout [6000] is less than connection timeout [10000]
2025-11-03 12:45:04.643 [main] INFO  o.a.curator.framework.imps.CuratorFrameworkImpl - Starting
2025-11-03 12:45:04.648 [main] INFO  org.apache.zookeeper.ZooKeeper - Client environment:zookeeper.version=3.6.0--b4c89dc7f6083829e18fae6e446907ae0b1f22d7, built on 02/25/2020 14:38 GMT
2025-11-03 12:45:04.648 [main] INFO  org.apache.zookeeper.ZooKeeper - Client environment:host.name=host.docker.internal
2025-11-03 12:45:04.648 [main] INFO  org.apache.zookeeper.ZooKeeper - Client environment:java.version=17.0.12
2025-11-03 12:45:04.648 [main] INFO  org.apache.zookeeper.ZooKeeper - Client environment:java.vendor=Oracle Corporation
2025-11-03 12:45:04.648 [main] INFO  org.apache.zookeeper.ZooKeeper - Client environment:java.home=D:\JAVA\jdk17.0.12
2025-11-03 12:45:04.648 [main] INFO  org.apache.zookeeper.ZooKeeper - Client environment:java.class.path=E:\xiaohashu\xiaohashu-distributed-id-generator\xiaohashu-distributed-id-generator-biz\target\classes;E:\xiaohashu\xiaoha-framework\xiaoha-commom\target\classes;D:\maven_repository\org\projectlombok\lombok\1.18.30\lombok-1.18.30.jar;D:\maven_repository\com\fasterxml\jackson\core\jackson-databind\2.16.1\jackson-databind-2.16.1.jar;D:\maven_repository\com\fasterxml\jackson\core\jackson-annotations\2.14.1\jackson-annotations-2.14.1.jar;D:\maven_repository\com\fasterxml\jackson\core\jackson-core\2.16.1\jackson-core-2.16.1.jar;D:\maven_repository\com\fasterxml\jackson\datatype\jackson-datatype-jsr310\2.14.1\jackson-datatype-jsr310-2.14.1.jar;D:\maven_repository\jakarta\validation\jakarta.validation-api\3.0.2\jakarta.validation-api-3.0.2.jar;D:\maven_repository\org\hibernate\validator\hibernate-validator\8.0.0.Final\hibernate-validator-8.0.0.Final.jar;D:\maven_repository\org\jboss\logging\jboss-logging\3.5.0.Final\jboss-logging-3.5.0.Final.jar;D:\maven_repository\com\fasterxml\classmate\1.5.1\classmate-1.5.1.jar;D:\maven_repository\org\springframework\boot\spring-boot-starter-web\3.0.2\spring-boot-starter-web-3.0.2.jar;D:\maven_repository\org\springframework\boot\spring-boot-starter\3.0.2\spring-boot-starter-3.0.2.jar;D:\maven_repository\org\springframework\boot\spring-boot\3.0.2\spring-boot-3.0.2.jar;D:\maven_repository\org\springframework\boot\spring-boot-autoconfigure\3.0.2\spring-boot-autoconfigure-3.0.2.jar;D:\maven_repository\org\springframework\boot\spring-boot-starter-logging\3.0.2\spring-boot-starter-logging-3.0.2.jar;D:\maven_repository\ch\qos\logback\logback-classic\1.4.5\logback-classic-1.4.5.jar;D:\maven_repository\ch\qos\logback\logback-core\1.4.5\logback-core-1.4.5.jar;D:\maven_repository\org\apache\logging\log4j\log4j-to-slf4j\2.19.0\log4j-to-slf4j-2.19.0.jar;D:\maven_repository\org\apache\logging\log4j\log4j-api\2.19.0\log4j-api-2.19.0.jar;D:\maven_repository\org\slf4j\jul-to-slf4j\2.0.6\jul-to-slf4j-2.0.6.jar;D:\maven_repository\jakarta\annotation\jakarta.annotation-api\2.1.1\jakarta.annotation-api-2.1.1.jar;D:\maven_repository\org\yaml\snakeyaml\1.33\snakeyaml-1.33.jar;D:\maven_repository\org\springframework\boot\spring-boot-starter-json\3.0.2\spring-boot-starter-json-3.0.2.jar;D:\maven_repository\com\fasterxml\jackson\datatype\jackson-datatype-jdk8\2.14.1\jackson-datatype-jdk8-2.14.1.jar;D:\maven_repository\com\fasterxml\jackson\module\jackson-module-parameter-names\2.14.1\jackson-module-parameter-names-2.14.1.jar;D:\maven_repository\org\springframework\boot\spring-boot-starter-tomcat\3.0.2\spring-boot-starter-tomcat-3.0.2.jar;D:\maven_repository\org\apache\tomcat\embed\tomcat-embed-core\10.1.5\tomcat-embed-core-10.1.5.jar;D:\maven_repository\org\apache\tomcat\embed\tomcat-embed-el\10.1.5\tomcat-embed-el-10.1.5.jar;D:\maven_repository\org\apache\tomcat\embed\tomcat-embed-websocket\10.1.5\tomcat-embed-websocket-10.1.5.jar;D:\maven_repository\org\springframework\spring-web\6.0.4\spring-web-6.0.4.jar;D:\maven_repository\org\springframework\spring-beans\6.0.4\spring-beans-6.0.4.jar;D:\maven_repository\io\micrometer\micrometer-observation\1.10.3\micrometer-observation-1.10.3.jar;D:\maven_repository\io\micrometer\micrometer-commons\1.10.3\micrometer-commons-1.10.3.jar;D:\maven_repository\org\springframework\spring-webmvc\6.0.4\spring-webmvc-6.0.4.jar;D:\maven_repository\org\springframework\spring-aop\6.0.4\spring-aop-6.0.4.jar;D:\maven_repository\org\springframework\spring-context\6.0.4\spring-context-6.0.4.jar;D:\maven_repository\org\springframework\spring-expression\6.0.4\spring-expression-6.0.4.jar;D:\maven_repository\org\slf4j\slf4j-api\2.0.6\slf4j-api-2.0.6.jar;D:\maven_repository\org\springframework\spring-core\6.0.4\spring-core-6.0.4.jar;D:\maven_repository\org\springframework\spring-jcl\6.0.4\spring-jcl-6.0.4.jar;D:\maven_repository\org\springframework\cloud\spring-cloud-starter-bootstrap\4.0.0\spring-cloud-starter-bootstrap-4.0.0.jar;D:\maven_repository\org\springframework\cloud\spring-cloud-starter\4.0.0\spring-cloud-starter-4.0.0.jar;D:\maven_repository\org\springframework\security\spring-security-rsa\1.0.11.RELEASE\spring-security-rsa-1.0.11.RELEASE.jar;D:\maven_repository\org\bouncycastle\bcpkix-jdk15on\1.69\bcpkix-jdk15on-1.69.jar;D:\maven_repository\org\bouncycastle\bcprov-jdk15on\1.69\bcprov-jdk15on-1.69.jar;D:\maven_repository\org\bouncycastle\bcutil-jdk15on\1.69\bcutil-jdk15on-1.69.jar;D:\maven_repository\com\alibaba\cloud\spring-cloud-starter-alibaba-nacos-discovery\2022.0.0.0\spring-cloud-starter-alibaba-nacos-discovery-2022.0.0.0.jar;D:\maven_repository\com\alibaba\cloud\spring-cloud-alibaba-commons\2022.0.0.0\spring-cloud-alibaba-commons-2022.0.0.0.jar;D:\maven_repository\com\alibaba\nacos\nacos-client\2.2.1\nacos-client-2.2.1.jar;D:\maven_repository\com\alibaba\nacos\nacos-auth-plugin\2.2.1\nacos-auth-plugin-2.2.1.jar;D:\maven_repository\com\alibaba\nacos\nacos-encryption-plugin\2.2.1\nacos-encryption-plugin-2.2.1.jar;D:\maven_repository\commons-codec\commons-codec\1.15\commons-codec-1.15.jar;D:\maven_repository\org\apache\httpcomponents\httpasyncclient\4.1.5\httpasyncclient-4.1.5.jar;D:\maven_repository\org\apache\httpcomponents\httpcore\4.4.16\httpcore-4.4.16.jar;D:\maven_repository\org\apache\httpcomponents\httpcore-nio\4.4.16\httpcore-nio-4.4.16.jar;D:\maven_repository\org\apache\httpcomponents\httpclient\4.5.14\httpclient-4.5.14.jar;D:\maven_repository\io\prometheus\simpleclient\0.16.0\simpleclient-0.16.0.jar;D:\maven_repository\io\prometheus\simpleclient_tracer_otel\0.16.0\simpleclient_tracer_otel-0.16.0.jar;D:\maven_repository\io\prometheus\simpleclient_tracer_common\0.16.0\simpleclient_tracer_common-0.16.0.jar;D:\maven_repository\io\prometheus\simpleclient_tracer_otel_agent\0.16.0\simpleclient_tracer_otel_agent-0.16.0.jar;D:\maven_repository\com\alibaba\spring\spring-context-support\1.0.11\spring-context-support-1.0.11.jar;D:\maven_repository\org\springframework\cloud\spring-cloud-commons\4.0.0\spring-cloud-commons-4.0.0.jar;D:\maven_repository\org\springframework\security\spring-security-crypto\6.0.1\spring-security-crypto-6.0.1.jar;D:\maven_repository\org\springframework\cloud\spring-cloud-context\4.0.0\spring-cloud-context-4.0.0.jar;D:\maven_repository\commons-io\commons-io\2.4\commons-io-2.4.jar;D:\maven_repository\org\perf4j\perf4j\0.9.16\perf4j-0.9.16.jar;D:\maven_repository\mysql\mysql-connector-java\8.0.29\mysql-connector-java-8.0.29.jar;D:\maven_repository\com\google\protobuf\protobuf-java\3.19.4\protobuf-java-3.19.4.jar;D:\maven_repository\com\alibaba\druid\1.0.18\druid-1.0.18.jar;D:\maven_repository\org\mybatis\mybatis\3.3.0\mybatis-3.3.0.jar;D:\maven_repository\org\apache\curator\curator-recipes\2.6.0\curator-recipes-2.6.0.jar;D:\maven_repository\org\apache\curator\curator-framework\5.1.0\curator-framework-5.1.0.jar;D:\maven_repository\org\apache\curator\curator-client\5.1.0\curator-client-5.1.0.jar;D:\maven_repository\com\google\guava\guava\33.0.0-jre\guava-33.0.0-jre.jar;D:\maven_repository\com\google\guava\failureaccess\1.0.2\failureaccess-1.0.2.jar;D:\maven_repository\com\google\guava\listenablefuture\9999.0-empty-to-avoid-conflict-with-guava\listenablefuture-9999.0-empty-to-avoid-conflict-with-guava.jar;D:\maven_repository\com\google\code\findbugs\jsr305\3.0.2\jsr305-3.0.2.jar;D:\maven_repository\org\checkerframework\checker-qual\3.41.0\checker-qual-3.41.0.jar;D:\maven_repository\com\google\errorprone\error_prone_annotations\2.23.0\error_prone_annotations-2.23.0.jar;D:\maven_repository\com\google\j2objc\j2objc-annotations\2.8\j2objc-annotations-2.8.jar;D:\maven_repository\org\apache\zookeeper\zookeeper\3.6.0\zookeeper-3.6.0.jar;D:\maven_repository\commons-lang\commons-lang\2.6\commons-lang-2.6.jar;D:\maven_repository\org\apache\zookeeper\zookeeper-jute\3.6.0\zookeeper-jute-3.6.0.jar;D:\maven_repository\org\apache\yetus\audience-annotations\0.5.0\audience-annotations-0.5.0.jar;D:\maven_repository\io\netty\netty-handler\4.1.87.Final\netty-handler-4.1.87.Final.jar;D:\maven_repository\io\netty\netty-common\4.1.87.Final\netty-common-4.1.87.Final.jar;D:\maven_repository\io\netty\netty-resolver\4.1.87.Final\netty-resolver-4.1.87.Final.jar;D:\maven_repository\io\netty\netty-buffer\4.1.87.Final\netty-buffer-4.1.87.Final.jar;D:\maven_repository\io\netty\netty-transport\4.1.87.Final\netty-transport-4.1.87.Final.jar;D:\maven_repository\io\netty\netty-transport-native-unix-common\4.1.87.Final\netty-transport-native-unix-common-4.1.87.Final.jar;D:\maven_repository\io\netty\netty-codec\4.1.87.Final\netty-codec-4.1.87.Final.jar;D:\maven_repository\io\netty\netty-transport-native-epoll\4.1.87.Final\netty-transport-native-epoll-4.1.87.Final.jar;D:\maven_repository\io\netty\netty-transport-classes-epoll\4.1.87.Final\netty-transport-classes-epoll-4.1.87.Final.jar
2025-11-03 12:45:04.648 [main] INFO  org.apache.zookeeper.ZooKeeper - Client environment:java.library.path=D:\JAVA\jdk17.0.12\bin;C:\windows\Sun\Java\bin;C:\windows\system32;C:\windows;C:\Program Files\Common Files\Oracle\Java\javapath;E:\x_2\system\programs;C:\Program Files (x86)\Thermo\Foundation\x64;C:\Program Files (x86)\Thermo\Foundation;D:\python\Scripts;D:\python;D:\虚拟机\bin;D:\JAVA\jdk17.0.12\bin;C:\ProgramData\Oracle\Java\javapath;C:\windows\system32;C:\windows;C:\windows\System32\Wbem;C:\windows\System32\WindowsPowerShell\v1.0;C:\windows\System32\OpenSSH;C:\Program Files\Microsoft SQL Server\150\Tools\Binn;C:\Program Files\dotnet;C:\Program Files (x86)\Windows Kits\10\Windows Performance Toolkit;C:\Program Files\MySQL\MySQL Server 5.7\bin;C:\Program Files\Bandizip;D:\Git\cmd;C:\Program Files (x86)\Microsoft SQL Server\110\DTS\Binn;C:\Program Files (x86)\Microsoft SQL Server\110\Tools\Binn;C:\Program Files (x86)\Microsoft SQL Server\110\Tools\Binn\ManagementStudio;C:\Program Files (x86)\Microsoft Visual Studio 10.0\Common7\IDE\PrivateAssemblies;D:\apache-maven-3.9.0-bin\apache-maven-3.9.0\bin;E:\Vue;E:\Vue\node_global\node_modules;E:\JMeter\apache-jmeter-5.6.3\bin;E:\jdk\bin;;C:\Program Files\Docker\Docker\resources\bin;E:\spss_model\ext\bin\spss.TMWBServer\bin;E:\spss_model\MPICH2\bin;E:\spss_model\TABI;C:\Users\hp\AppData\Local\Microsoft\WindowsApps;C:\Users\hp\AppData\Local\Programs\Microsoft VS Code Insiders\bin;C:\Users\hp\.dotnet\tools;D:\JAVA\IntelliJ IDEA 2021.1.3\bin;D:\C语言之后？\Microsoft VS Code\bin;D:\python\PyCharm Community Edition 2024.2.1\bin;E:\Vue\node_global;C:\Users\hp\AppData\Local\Programs\Ollama;E:\Ollama;.
2025-11-03 12:45:04.648 [main] INFO  org.apache.zookeeper.ZooKeeper - Client environment:java.io.tmpdir=C:\Users\hp\AppData\Local\Temp\
2025-11-03 12:45:04.648 [main] INFO  org.apache.zookeeper.ZooKeeper - Client environment:java.compiler=<NA>
2025-11-03 12:45:04.648 [main] INFO  org.apache.zookeeper.ZooKeeper - Client environment:os.name=Windows 11
2025-11-03 12:45:04.648 [main] INFO  org.apache.zookeeper.ZooKeeper - Client environment:os.arch=amd64
2025-11-03 12:45:04.648 [main] INFO  org.apache.zookeeper.ZooKeeper - Client environment:os.version=10.0
2025-11-03 12:45:04.648 [main] INFO  org.apache.zookeeper.ZooKeeper - Client environment:user.name=hp
2025-11-03 12:45:04.648 [main] INFO  org.apache.zookeeper.ZooKeeper - Client environment:user.home=C:\Users\hp
2025-11-03 12:45:04.649 [main] INFO  org.apache.zookeeper.ZooKeeper - Client environment:user.dir=E:\xiaohashu
2025-11-03 12:45:04.649 [main] INFO  org.apache.zookeeper.ZooKeeper - Client environment:os.memory.free=97MB
2025-11-03 12:45:04.650 [main] INFO  org.apache.zookeeper.ZooKeeper - Client environment:os.memory.max=4008MB
2025-11-03 12:45:04.650 [main] INFO  org.apache.zookeeper.ZooKeeper - Client environment:os.memory.total=154MB
2025-11-03 12:45:04.653 [main] INFO  org.apache.zookeeper.ZooKeeper - Initiating client connection, connectString=127.0.0.1:2181 sessionTimeout=6000 watcher=org.apache.curator.ConnectionState@245253d8
2025-11-03 12:45:04.655 [main] INFO  org.apache.zookeeper.common.X509Util - Setting -D jdk.tls.rejectClientInitiatedRenegotiation=true to disable client-initiated TLS renegotiation
2025-11-03 12:45:04.665 [main] INFO  org.apache.zookeeper.ClientCnxnSocket - jute.maxbuffer value is 1048575 Bytes
2025-11-03 12:45:04.669 [main] INFO  org.apache.zookeeper.ClientCnxn - zookeeper.request.timeout value is 0. feature enabled=false
2025-11-03 12:45:04.675 [main-SendThread(127.0.0.1:2181)] INFO  org.apache.zookeeper.ClientCnxn - Opening socket connection to server activate.navicat.com/127.0.0.1:2181.
2025-11-03 12:45:04.675 [main-SendThread(127.0.0.1:2181)] INFO  org.apache.zookeeper.ClientCnxn - SASL config status: Will not attempt to authenticate using SASL (unknown error)
2025-11-03 12:45:04.675 [main] INFO  o.a.curator.framework.imps.CuratorFrameworkImpl - Default schema
2025-11-03 12:45:04.677 [main-SendThread(127.0.0.1:2181)] INFO  org.apache.zookeeper.ClientCnxn - Socket connection established, initiating session, client: /127.0.0.1:13644, server: activate.navicat.com/127.0.0.1:2181
2025-11-03 12:45:04.685 [main-SendThread(127.0.0.1:2181)] INFO  org.apache.zookeeper.ClientCnxn - Session establishment complete on server activate.navicat.com/127.0.0.1:2181, session id = 0x10000003b570002, negotiated timeout = 6000
2025-11-03 12:45:04.688 [main-EventThread] INFO  o.a.curator.framework.state.ConnectionStateManager - State change: CONNECTED
2025-11-03 12:45:04.694 [main-EventThread] INFO  org.apache.curator.framework.imps.EnsembleTracker - New config event received: {}
2025-11-03 12:45:04.695 [main-EventThread] INFO  org.apache.curator.framework.imps.EnsembleTracker - New config event received: {}
2025-11-03 12:45:04.753 [main] INFO  c.q.x.d.i.g.b.c.snowflake.SnowflakeZookeeperHolder - file exists status is true
2025-11-03 12:45:04.764 [main] INFO  c.q.x.d.i.g.b.c.snowflake.SnowflakeZookeeperHolder - update file cache workerID is 0
2025-11-03 12:45:04.764 [main] INFO  c.q.x.d.i.g.b.c.snowflake.SnowflakeZookeeperHolder - [Old NODE]find forever node have this endpoint ip-192.168.134.1 port-2222 workid-0 childnode and start SUCCESS
2025-11-03 12:45:04.764 [main] INFO  c.q.x.d.i.g.biz.core.snowflake.SnowflakeIDGenImpl - START SUCCESS USE ZK WORKERID-0
2025-11-03 12:45:04.765 [main] INFO  c.q.x.d.id.generator.biz.service.SnowflakeService - Snowflake Service Init Successfully
2025-11-03 12:45:06.223 [main] INFO  org.springframework.cloud.commons.util.InetUtils - Cannot determine local hostname
2025-11-03 12:45:07.668 [main] INFO  org.springframework.cloud.commons.util.InetUtils - Cannot determine local hostname
2025-11-03 12:45:07.693 [main] WARN  o.s.b.w.s.c.AnnotationConfigServletWebServerApplicationContext - Exception encountered during context initialization - cancelling refresh attempt: org.springframework.context.ApplicationContextException: Failed to start bean 'webServerStartStop'
2025-11-03 12:45:07.695 [main] INFO  org.apache.catalina.core.StandardService - Stopping service [Tomcat]
2025-11-03 12:45:07.705 [main] INFO  o.s.b.a.logging.ConditionEvaluationReportLogger - 

Error starting ApplicationContext. To display the condition evaluation report re-run your application with 'debug' enabled.
2025-11-03 12:45:07.713 [main] ERROR o.s.b.diagnostics.LoggingFailureAnalysisReporter - 

***************************
APPLICATION FAILED TO START
***************************

Description:

Web server failed to start. Port 8085 was already in use.

Action:

Identify and stop the process that's listening on port 8085 or configure this application to listen on another port.

2025-11-03 12:45:45.496 [main] WARN  com.alibaba.nacos.client.logging.NacosLogging - Load Logback Configuration of Nacos fail, message: Could not initialize Logback Nacos logging from classpath:nacos-logback.xml
2025-11-03 12:45:45.536 [main] WARN  com.alibaba.nacos.client.logging.NacosLogging - Load Logback Configuration of Nacos fail, message: Could not initialize Logback Nacos logging from classpath:nacos-logback.xml
2025-11-03 12:45:46.962 [main] WARN  com.alibaba.nacos.client.logging.NacosLogging - Load Logback Configuration of Nacos fail, message: Could not initialize Logback Nacos logging from classpath:nacos-logback.xml
2025-11-03 12:45:46.970 [main] WARN  com.alibaba.nacos.client.logging.NacosLogging - Load Logback Configuration of Nacos fail, message: Could not initialize Logback Nacos logging from classpath:nacos-logback.xml
2025-11-03 12:45:46.970 [main] INFO  c.q.x.d.i.g.b.XiaohashuDistributedIdGeneratorBizApplication - The following 1 profile is active: "dev"
2025-11-03 12:45:47.321 [main] INFO  o.springframework.cloud.context.scope.GenericScope - BeanFactory id=418f91a1-6f80-3310-b2d9-2cc1eabea236
2025-11-03 12:45:47.511 [main] INFO  o.s.boot.web.embedded.tomcat.TomcatWebServer - Tomcat initialized with port(s): 0 (http)
2025-11-03 12:45:47.518 [main] INFO  org.apache.catalina.core.StandardService - Starting service [Tomcat]
2025-11-03 12:45:47.518 [main] INFO  org.apache.catalina.core.StandardEngine - Starting Servlet engine: [Apache Tomcat/10.1.5]
2025-11-03 12:45:47.604 [main] INFO  o.a.c.core.ContainerBase.[Tomcat].[localhost].[/] - Initializing Spring embedded WebApplicationContext
2025-11-03 12:45:47.604 [main] INFO  o.s.b.w.s.c.ServletWebServerApplicationContext - Root WebApplicationContext: initialization completed in 624 ms
2025-11-03 12:45:47.684 [main] INFO  com.alibaba.druid.pool.DruidDataSource - {dataSource-1} inited
2025-11-03 12:45:47.721 [main] INFO  c.q.x.d.i.g.biz.core.segment.SegmentIDGenImpl - Init ...
2025-11-03 12:45:47.721 [main] INFO  c.q.x.d.i.g.biz.core.segment.SegmentIDGenImpl - update cache from db
2025-11-03 12:45:47.838 [main] INFO  c.q.x.d.i.g.biz.core.segment.SegmentIDGenImpl - Add tag leaf-segment-test from db to IdCache, SegmentBuffer SegmentBuffer{key='leaf-segment-test', segments=[Segment(value:0,max:0,step:0), Segment(value:0,max:0,step:0)], currentPos=0, nextReady=false, initOk=false, threadRunning=false, step=0, minStep=0, updateTimestamp=0}
2025-11-03 12:45:47.838 [main] INFO  c.q.x.d.i.g.biz.core.segment.SegmentIDGenImpl - Add tag leaf-segment-xiaohashu-id from db to IdCache, SegmentBuffer SegmentBuffer{key='leaf-segment-xiaohashu-id', segments=[Segment(value:0,max:0,step:0), Segment(value:0,max:0,step:0)], currentPos=0, nextReady=false, initOk=false, threadRunning=false, step=0, minStep=0, updateTimestamp=0}
2025-11-03 12:45:47.838 [main] INFO  org.perf4j.TimingLogger - start[1762145147722] time[116] tag[updateCacheFromDb]
2025-11-03 12:45:47.839 [main] INFO  c.q.x.d.id.generator.biz.service.SegmentService - Segment Service Init Successfully
2025-11-03 12:45:47.860 [main] INFO  c.q.x.d.i.g.biz.core.snowflake.SnowflakeIDGenImpl - twepoch:1288834974657 ,ip:192.168.134.1 ,zkAddress:127.0.0.1:2181 port:2222
2025-11-03 12:45:47.883 [main] WARN  org.apache.curator.CuratorZookeeperClient - session timeout [6000] is less than connection timeout [10000]
2025-11-03 12:45:47.891 [main] INFO  o.a.curator.framework.imps.CuratorFrameworkImpl - Starting
2025-11-03 12:45:47.905 [main] INFO  org.apache.zookeeper.ZooKeeper - Client environment:zookeeper.version=3.6.0--b4c89dc7f6083829e18fae6e446907ae0b1f22d7, built on 02/25/2020 14:38 GMT
2025-11-03 12:45:47.905 [main] INFO  org.apache.zookeeper.ZooKeeper - Client environment:host.name=host.docker.internal
2025-11-03 12:45:47.906 [main] INFO  org.apache.zookeeper.ZooKeeper - Client environment:java.version=17.0.12
2025-11-03 12:45:47.906 [main] INFO  org.apache.zookeeper.ZooKeeper - Client environment:java.vendor=Oracle Corporation
2025-11-03 12:45:47.906 [main] INFO  org.apache.zookeeper.ZooKeeper - Client environment:java.home=D:\JAVA\jdk17.0.12
2025-11-03 12:45:47.906 [main] INFO  org.apache.zookeeper.ZooKeeper - Client environment:java.class.path=E:\xiaohashu\xiaohashu-distributed-id-generator\xiaohashu-distributed-id-generator-biz\target\classes;E:\xiaohashu\xiaoha-framework\xiaoha-commom\target\classes;D:\maven_repository\org\projectlombok\lombok\1.18.30\lombok-1.18.30.jar;D:\maven_repository\com\fasterxml\jackson\core\jackson-databind\2.16.1\jackson-databind-2.16.1.jar;D:\maven_repository\com\fasterxml\jackson\core\jackson-annotations\2.14.1\jackson-annotations-2.14.1.jar;D:\maven_repository\com\fasterxml\jackson\core\jackson-core\2.16.1\jackson-core-2.16.1.jar;D:\maven_repository\com\fasterxml\jackson\datatype\jackson-datatype-jsr310\2.14.1\jackson-datatype-jsr310-2.14.1.jar;D:\maven_repository\jakarta\validation\jakarta.validation-api\3.0.2\jakarta.validation-api-3.0.2.jar;D:\maven_repository\org\hibernate\validator\hibernate-validator\8.0.0.Final\hibernate-validator-8.0.0.Final.jar;D:\maven_repository\org\jboss\logging\jboss-logging\3.5.0.Final\jboss-logging-3.5.0.Final.jar;D:\maven_repository\com\fasterxml\classmate\1.5.1\classmate-1.5.1.jar;D:\maven_repository\org\springframework\boot\spring-boot-starter-web\3.0.2\spring-boot-starter-web-3.0.2.jar;D:\maven_repository\org\springframework\boot\spring-boot-starter\3.0.2\spring-boot-starter-3.0.2.jar;D:\maven_repository\org\springframework\boot\spring-boot\3.0.2\spring-boot-3.0.2.jar;D:\maven_repository\org\springframework\boot\spring-boot-autoconfigure\3.0.2\spring-boot-autoconfigure-3.0.2.jar;D:\maven_repository\org\springframework\boot\spring-boot-starter-logging\3.0.2\spring-boot-starter-logging-3.0.2.jar;D:\maven_repository\ch\qos\logback\logback-classic\1.4.5\logback-classic-1.4.5.jar;D:\maven_repository\ch\qos\logback\logback-core\1.4.5\logback-core-1.4.5.jar;D:\maven_repository\org\apache\logging\log4j\log4j-to-slf4j\2.19.0\log4j-to-slf4j-2.19.0.jar;D:\maven_repository\org\apache\logging\log4j\log4j-api\2.19.0\log4j-api-2.19.0.jar;D:\maven_repository\org\slf4j\jul-to-slf4j\2.0.6\jul-to-slf4j-2.0.6.jar;D:\maven_repository\jakarta\annotation\jakarta.annotation-api\2.1.1\jakarta.annotation-api-2.1.1.jar;D:\maven_repository\org\yaml\snakeyaml\1.33\snakeyaml-1.33.jar;D:\maven_repository\org\springframework\boot\spring-boot-starter-json\3.0.2\spring-boot-starter-json-3.0.2.jar;D:\maven_repository\com\fasterxml\jackson\datatype\jackson-datatype-jdk8\2.14.1\jackson-datatype-jdk8-2.14.1.jar;D:\maven_repository\com\fasterxml\jackson\module\jackson-module-parameter-names\2.14.1\jackson-module-parameter-names-2.14.1.jar;D:\maven_repository\org\springframework\boot\spring-boot-starter-tomcat\3.0.2\spring-boot-starter-tomcat-3.0.2.jar;D:\maven_repository\org\apache\tomcat\embed\tomcat-embed-core\10.1.5\tomcat-embed-core-10.1.5.jar;D:\maven_repository\org\apache\tomcat\embed\tomcat-embed-el\10.1.5\tomcat-embed-el-10.1.5.jar;D:\maven_repository\org\apache\tomcat\embed\tomcat-embed-websocket\10.1.5\tomcat-embed-websocket-10.1.5.jar;D:\maven_repository\org\springframework\spring-web\6.0.4\spring-web-6.0.4.jar;D:\maven_repository\org\springframework\spring-beans\6.0.4\spring-beans-6.0.4.jar;D:\maven_repository\io\micrometer\micrometer-observation\1.10.3\micrometer-observation-1.10.3.jar;D:\maven_repository\io\micrometer\micrometer-commons\1.10.3\micrometer-commons-1.10.3.jar;D:\maven_repository\org\springframework\spring-webmvc\6.0.4\spring-webmvc-6.0.4.jar;D:\maven_repository\org\springframework\spring-aop\6.0.4\spring-aop-6.0.4.jar;D:\maven_repository\org\springframework\spring-context\6.0.4\spring-context-6.0.4.jar;D:\maven_repository\org\springframework\spring-expression\6.0.4\spring-expression-6.0.4.jar;D:\maven_repository\org\slf4j\slf4j-api\2.0.6\slf4j-api-2.0.6.jar;D:\maven_repository\org\springframework\spring-core\6.0.4\spring-core-6.0.4.jar;D:\maven_repository\org\springframework\spring-jcl\6.0.4\spring-jcl-6.0.4.jar;D:\maven_repository\org\springframework\cloud\spring-cloud-starter-bootstrap\4.0.0\spring-cloud-starter-bootstrap-4.0.0.jar;D:\maven_repository\org\springframework\cloud\spring-cloud-starter\4.0.0\spring-cloud-starter-4.0.0.jar;D:\maven_repository\org\springframework\security\spring-security-rsa\1.0.11.RELEASE\spring-security-rsa-1.0.11.RELEASE.jar;D:\maven_repository\org\bouncycastle\bcpkix-jdk15on\1.69\bcpkix-jdk15on-1.69.jar;D:\maven_repository\org\bouncycastle\bcprov-jdk15on\1.69\bcprov-jdk15on-1.69.jar;D:\maven_repository\org\bouncycastle\bcutil-jdk15on\1.69\bcutil-jdk15on-1.69.jar;D:\maven_repository\com\alibaba\cloud\spring-cloud-starter-alibaba-nacos-discovery\2022.0.0.0\spring-cloud-starter-alibaba-nacos-discovery-2022.0.0.0.jar;D:\maven_repository\com\alibaba\cloud\spring-cloud-alibaba-commons\2022.0.0.0\spring-cloud-alibaba-commons-2022.0.0.0.jar;D:\maven_repository\com\alibaba\nacos\nacos-client\2.2.1\nacos-client-2.2.1.jar;D:\maven_repository\com\alibaba\nacos\nacos-auth-plugin\2.2.1\nacos-auth-plugin-2.2.1.jar;D:\maven_repository\com\alibaba\nacos\nacos-encryption-plugin\2.2.1\nacos-encryption-plugin-2.2.1.jar;D:\maven_repository\commons-codec\commons-codec\1.15\commons-codec-1.15.jar;D:\maven_repository\org\apache\httpcomponents\httpasyncclient\4.1.5\httpasyncclient-4.1.5.jar;D:\maven_repository\org\apache\httpcomponents\httpcore\4.4.16\httpcore-4.4.16.jar;D:\maven_repository\org\apache\httpcomponents\httpcore-nio\4.4.16\httpcore-nio-4.4.16.jar;D:\maven_repository\org\apache\httpcomponents\httpclient\4.5.14\httpclient-4.5.14.jar;D:\maven_repository\io\prometheus\simpleclient\0.16.0\simpleclient-0.16.0.jar;D:\maven_repository\io\prometheus\simpleclient_tracer_otel\0.16.0\simpleclient_tracer_otel-0.16.0.jar;D:\maven_repository\io\prometheus\simpleclient_tracer_common\0.16.0\simpleclient_tracer_common-0.16.0.jar;D:\maven_repository\io\prometheus\simpleclient_tracer_otel_agent\0.16.0\simpleclient_tracer_otel_agent-0.16.0.jar;D:\maven_repository\com\alibaba\spring\spring-context-support\1.0.11\spring-context-support-1.0.11.jar;D:\maven_repository\org\springframework\cloud\spring-cloud-commons\4.0.0\spring-cloud-commons-4.0.0.jar;D:\maven_repository\org\springframework\security\spring-security-crypto\6.0.1\spring-security-crypto-6.0.1.jar;D:\maven_repository\org\springframework\cloud\spring-cloud-context\4.0.0\spring-cloud-context-4.0.0.jar;D:\maven_repository\commons-io\commons-io\2.4\commons-io-2.4.jar;D:\maven_repository\org\perf4j\perf4j\0.9.16\perf4j-0.9.16.jar;D:\maven_repository\mysql\mysql-connector-java\8.0.29\mysql-connector-java-8.0.29.jar;D:\maven_repository\com\google\protobuf\protobuf-java\3.19.4\protobuf-java-3.19.4.jar;D:\maven_repository\com\alibaba\druid\1.0.18\druid-1.0.18.jar;D:\maven_repository\org\mybatis\mybatis\3.3.0\mybatis-3.3.0.jar;D:\maven_repository\org\apache\curator\curator-recipes\2.6.0\curator-recipes-2.6.0.jar;D:\maven_repository\org\apache\curator\curator-framework\5.1.0\curator-framework-5.1.0.jar;D:\maven_repository\org\apache\curator\curator-client\5.1.0\curator-client-5.1.0.jar;D:\maven_repository\com\google\guava\guava\33.0.0-jre\guava-33.0.0-jre.jar;D:\maven_repository\com\google\guava\failureaccess\1.0.2\failureaccess-1.0.2.jar;D:\maven_repository\com\google\guava\listenablefuture\9999.0-empty-to-avoid-conflict-with-guava\listenablefuture-9999.0-empty-to-avoid-conflict-with-guava.jar;D:\maven_repository\com\google\code\findbugs\jsr305\3.0.2\jsr305-3.0.2.jar;D:\maven_repository\org\checkerframework\checker-qual\3.41.0\checker-qual-3.41.0.jar;D:\maven_repository\com\google\errorprone\error_prone_annotations\2.23.0\error_prone_annotations-2.23.0.jar;D:\maven_repository\com\google\j2objc\j2objc-annotations\2.8\j2objc-annotations-2.8.jar;D:\maven_repository\org\apache\zookeeper\zookeeper\3.6.0\zookeeper-3.6.0.jar;D:\maven_repository\commons-lang\commons-lang\2.6\commons-lang-2.6.jar;D:\maven_repository\org\apache\zookeeper\zookeeper-jute\3.6.0\zookeeper-jute-3.6.0.jar;D:\maven_repository\org\apache\yetus\audience-annotations\0.5.0\audience-annotations-0.5.0.jar;D:\maven_repository\io\netty\netty-handler\4.1.87.Final\netty-handler-4.1.87.Final.jar;D:\maven_repository\io\netty\netty-common\4.1.87.Final\netty-common-4.1.87.Final.jar;D:\maven_repository\io\netty\netty-resolver\4.1.87.Final\netty-resolver-4.1.87.Final.jar;D:\maven_repository\io\netty\netty-buffer\4.1.87.Final\netty-buffer-4.1.87.Final.jar;D:\maven_repository\io\netty\netty-transport\4.1.87.Final\netty-transport-4.1.87.Final.jar;D:\maven_repository\io\netty\netty-transport-native-unix-common\4.1.87.Final\netty-transport-native-unix-common-4.1.87.Final.jar;D:\maven_repository\io\netty\netty-codec\4.1.87.Final\netty-codec-4.1.87.Final.jar;D:\maven_repository\io\netty\netty-transport-native-epoll\4.1.87.Final\netty-transport-native-epoll-4.1.87.Final.jar;D:\maven_repository\io\netty\netty-transport-classes-epoll\4.1.87.Final\netty-transport-classes-epoll-4.1.87.Final.jar
2025-11-03 12:45:47.907 [main] INFO  org.apache.zookeeper.ZooKeeper - Client environment:java.library.path=D:\JAVA\jdk17.0.12\bin;C:\windows\Sun\Java\bin;C:\windows\system32;C:\windows;C:\Program Files\Common Files\Oracle\Java\javapath;E:\x_2\system\programs;C:\Program Files (x86)\Thermo\Foundation\x64;C:\Program Files (x86)\Thermo\Foundation;D:\python\Scripts;D:\python;D:\虚拟机\bin;D:\JAVA\jdk17.0.12\bin;C:\ProgramData\Oracle\Java\javapath;C:\windows\system32;C:\windows;C:\windows\System32\Wbem;C:\windows\System32\WindowsPowerShell\v1.0;C:\windows\System32\OpenSSH;C:\Program Files\Microsoft SQL Server\150\Tools\Binn;C:\Program Files\dotnet;C:\Program Files (x86)\Windows Kits\10\Windows Performance Toolkit;C:\Program Files\MySQL\MySQL Server 5.7\bin;C:\Program Files\Bandizip;D:\Git\cmd;C:\Program Files (x86)\Microsoft SQL Server\110\DTS\Binn;C:\Program Files (x86)\Microsoft SQL Server\110\Tools\Binn;C:\Program Files (x86)\Microsoft SQL Server\110\Tools\Binn\ManagementStudio;C:\Program Files (x86)\Microsoft Visual Studio 10.0\Common7\IDE\PrivateAssemblies;D:\apache-maven-3.9.0-bin\apache-maven-3.9.0\bin;E:\Vue;E:\Vue\node_global\node_modules;E:\JMeter\apache-jmeter-5.6.3\bin;E:\jdk\bin;;C:\Program Files\Docker\Docker\resources\bin;E:\spss_model\ext\bin\spss.TMWBServer\bin;E:\spss_model\MPICH2\bin;E:\spss_model\TABI;C:\Users\hp\AppData\Local\Microsoft\WindowsApps;C:\Users\hp\AppData\Local\Programs\Microsoft VS Code Insiders\bin;C:\Users\hp\.dotnet\tools;D:\JAVA\IntelliJ IDEA 2021.1.3\bin;D:\C语言之后？\Microsoft VS Code\bin;D:\python\PyCharm Community Edition 2024.2.1\bin;E:\Vue\node_global;C:\Users\hp\AppData\Local\Programs\Ollama;E:\Ollama;.
2025-11-03 12:45:47.907 [main] INFO  org.apache.zookeeper.ZooKeeper - Client environment:java.io.tmpdir=C:\Users\hp\AppData\Local\Temp\
2025-11-03 12:45:47.907 [main] INFO  org.apache.zookeeper.ZooKeeper - Client environment:java.compiler=<NA>
2025-11-03 12:45:47.907 [main] INFO  org.apache.zookeeper.ZooKeeper - Client environment:os.name=Windows 11
2025-11-03 12:45:47.908 [main] INFO  org.apache.zookeeper.ZooKeeper - Client environment:os.arch=amd64
2025-11-03 12:45:47.908 [main] INFO  org.apache.zookeeper.ZooKeeper - Client environment:os.version=10.0
2025-11-03 12:45:47.908 [main] INFO  org.apache.zookeeper.ZooKeeper - Client environment:user.name=hp
2025-11-03 12:45:47.908 [main] INFO  org.apache.zookeeper.ZooKeeper - Client environment:user.home=C:\Users\hp
2025-11-03 12:45:47.908 [main] INFO  org.apache.zookeeper.ZooKeeper - Client environment:user.dir=E:\xiaohashu
2025-11-03 12:45:47.908 [main] INFO  org.apache.zookeeper.ZooKeeper - Client environment:os.memory.free=97MB
2025-11-03 12:45:47.909 [main] INFO  org.apache.zookeeper.ZooKeeper - Client environment:os.memory.max=4008MB
2025-11-03 12:45:47.909 [main] INFO  org.apache.zookeeper.ZooKeeper - Client environment:os.memory.total=154MB
2025-11-03 12:45:47.912 [main] INFO  org.apache.zookeeper.ZooKeeper - Initiating client connection, connectString=127.0.0.1:2181 sessionTimeout=6000 watcher=org.apache.curator.ConnectionState@245253d8
2025-11-03 12:45:47.914 [main] INFO  org.apache.zookeeper.common.X509Util - Setting -D jdk.tls.rejectClientInitiatedRenegotiation=true to disable client-initiated TLS renegotiation
2025-11-03 12:45:47.929 [main] INFO  org.apache.zookeeper.ClientCnxnSocket - jute.maxbuffer value is 1048575 Bytes
2025-11-03 12:45:47.932 [main] INFO  org.apache.zookeeper.ClientCnxn - zookeeper.request.timeout value is 0. feature enabled=false
2025-11-03 12:45:47.938 [main-SendThread(127.0.0.1:2181)] INFO  org.apache.zookeeper.ClientCnxn - Opening socket connection to server activate.navicat.com/127.0.0.1:2181.
2025-11-03 12:45:47.938 [main-SendThread(127.0.0.1:2181)] INFO  org.apache.zookeeper.ClientCnxn - SASL config status: Will not attempt to authenticate using SASL (unknown error)
2025-11-03 12:45:47.939 [main] INFO  o.a.curator.framework.imps.CuratorFrameworkImpl - Default schema
2025-11-03 12:45:47.941 [main-SendThread(127.0.0.1:2181)] INFO  org.apache.zookeeper.ClientCnxn - Socket connection established, initiating session, client: /127.0.0.1:13668, server: activate.navicat.com/127.0.0.1:2181
2025-11-03 12:45:47.950 [main-SendThread(127.0.0.1:2181)] INFO  org.apache.zookeeper.ClientCnxn - Session establishment complete on server activate.navicat.com/127.0.0.1:2181, session id = 0x10000003b570003, negotiated timeout = 6000
2025-11-03 12:45:47.955 [main-EventThread] INFO  o.a.curator.framework.state.ConnectionStateManager - State change: CONNECTED
2025-11-03 12:45:47.965 [main-EventThread] INFO  org.apache.curator.framework.imps.EnsembleTracker - New config event received: {}
2025-11-03 12:45:47.965 [main-EventThread] INFO  org.apache.curator.framework.imps.EnsembleTracker - New config event received: {}
2025-11-03 12:45:48.006 [main] INFO  c.q.x.d.i.g.b.c.snowflake.SnowflakeZookeeperHolder - file exists status is true
2025-11-03 12:45:48.010 [main] INFO  c.q.x.d.i.g.b.c.snowflake.SnowflakeZookeeperHolder - update file cache workerID is 0
2025-11-03 12:45:48.010 [main] INFO  c.q.x.d.i.g.b.c.snowflake.SnowflakeZookeeperHolder - [Old NODE]find forever node have this endpoint ip-192.168.134.1 port-2222 workid-0 childnode and start SUCCESS
2025-11-03 12:45:48.010 [main] INFO  c.q.x.d.i.g.biz.core.snowflake.SnowflakeIDGenImpl - START SUCCESS USE ZK WORKERID-0
2025-11-03 12:45:48.010 [main] INFO  c.q.x.d.id.generator.biz.service.SnowflakeService - Snowflake Service Init Successfully
2025-11-03 12:45:49.462 [main] INFO  org.springframework.cloud.commons.util.InetUtils - Cannot determine local hostname
2025-11-03 12:45:50.922 [main] INFO  org.springframework.cloud.commons.util.InetUtils - Cannot determine local hostname
2025-11-03 12:45:50.953 [main] INFO  o.s.boot.web.embedded.tomcat.TomcatWebServer - Tomcat started on port(s): 13669 (http) with context path ''
2025-11-03 12:45:50.957 [main] WARN  com.alibaba.nacos.client.logging.NacosLogging - Load Logback Configuration of Nacos fail, message: Could not initialize Logback Nacos logging from classpath:nacos-logback.xml
2025-11-03 12:45:50.958 [main] INFO  com.alibaba.nacos.client.naming - initializer namespace from ans.namespace attribute : null
2025-11-03 12:45:50.958 [main] INFO  com.alibaba.nacos.client.naming - initializer namespace from ALIBABA_ALIWARE_NAMESPACE attribute :null
2025-11-03 12:45:50.958 [main] INFO  com.alibaba.nacos.client.naming - initializer namespace from namespace attribute :null
2025-11-03 12:45:50.968 [main] INFO  com.alibaba.nacos.client.utils.ParamUtil - [settings] [req-serv] nacos-server port:8848
2025-11-03 12:45:50.969 [main] INFO  com.alibaba.nacos.client.utils.ParamUtil - [settings] [http-client] connect timeout:1000
2025-11-03 12:45:50.969 [main] INFO  com.alibaba.nacos.client.utils.ParamUtil - PER_TASK_CONFIG_SIZE: 3000.0
2025-11-03 12:45:50.972 [main] INFO  c.a.n.p.auth.spi.client.ClientAuthPluginManager - [ClientAuthPluginManager] Load ClientAuthService com.alibaba.nacos.client.auth.impl.NacosClientAuthServiceImpl success.
2025-11-03 12:45:50.972 [main] INFO  c.a.n.p.auth.spi.client.ClientAuthPluginManager - [ClientAuthPluginManager] Load ClientAuthService com.alibaba.nacos.client.auth.ram.RamClientAuthServiceImpl success.
2025-11-03 12:45:50.973 [main] INFO  c.a.n.client.auth.ram.identify.CredentialWatcher - null No credential found
2025-11-03 12:45:50.978 [main] INFO  com.alibaba.nacos.common.remote.client - [RpcClientFactory] create a new rpc client of 6c081e84-9096-4c0a-8c1b-461f34aa27c1
2025-11-03 12:45:50.988 [main] INFO  com.alibaba.nacos.common.remote.client - [6c081e84-9096-4c0a-8c1b-461f34aa27c1] RpcClient init, ServerListFactory = com.alibaba.nacos.client.naming.core.ServerListManager
2025-11-03 12:45:50.988 [main] INFO  com.alibaba.nacos.common.remote.client - [6c081e84-9096-4c0a-8c1b-461f34aa27c1] Registry connection listener to current client:com.alibaba.nacos.client.naming.remote.gprc.redo.NamingGrpcRedoService
2025-11-03 12:45:50.988 [main] INFO  com.alibaba.nacos.common.remote.client - [6c081e84-9096-4c0a-8c1b-461f34aa27c1] Register server push request handler:com.alibaba.nacos.client.naming.remote.gprc.NamingPushRequestHandler
2025-11-03 12:45:50.990 [main] INFO  com.alibaba.nacos.common.remote.client - [6c081e84-9096-4c0a-8c1b-461f34aa27c1] Try to connect to server on start up, server: {serverIp = '127.0.0.1', server main port = 8848}
2025-11-03 12:45:50.993 [main] INFO  c.a.nacos.common.remote.client.grpc.GrpcClient - grpc client connection server:127.0.0.1 ip,serverPort:9848,grpcTslConfig:{"sslProvider":"OPENSSL","enableTls":false,"mutualAuthEnable":false,"trustAll":false}
2025-11-03 12:45:51.703 [main] INFO  com.alibaba.nacos.common.remote.client - [6c081e84-9096-4c0a-8c1b-461f34aa27c1] Success to connect to server [127.0.0.1:8848] on start up, connectionId = 1762145151547_127.0.0.1_13670
2025-11-03 12:45:51.704 [com.alibaba.nacos.client.remote.worker] INFO  com.alibaba.nacos.common.remote.client - [6c081e84-9096-4c0a-8c1b-461f34aa27c1] Notify connected event to listeners.
2025-11-03 12:45:51.704 [com.alibaba.nacos.client.remote.worker] INFO  com.alibaba.nacos.client.naming - Grpc connection connect
2025-11-03 12:45:51.704 [main] INFO  com.alibaba.nacos.common.remote.client - [6c081e84-9096-4c0a-8c1b-461f34aa27c1] Register server push request handler:com.alibaba.nacos.common.remote.client.RpcClient$ConnectResetRequestHandler
2025-11-03 12:45:51.704 [main] INFO  com.alibaba.nacos.common.remote.client - [6c081e84-9096-4c0a-8c1b-461f34aa27c1] Register server push request handler:com.alibaba.nacos.common.remote.client.RpcClient$$Lambda$979/0x00000140026798b0
2025-11-03 12:45:51.705 [main] INFO  com.alibaba.nacos.client.naming - [REGISTER-SERVICE] xiaohashu registering service xiaohashu-distributed-id-generator with instance Instance{instanceId='null', ip='192.168.134.1', port=13669, weight=1.0, healthy=true, enabled=true, ephemeral=true, clusterName='DEFAULT', serviceName='null', metadata={IPv6=null, preserved.register.source=SPRING_CLOUD}}
2025-11-03 12:45:51.718 [main] INFO  c.a.cloud.nacos.registry.NacosServiceRegistry - nacos registry, DEFAULT_GROUP xiaohashu-distributed-id-generator 192.168.134.1:13669 register finished
2025-11-03 12:45:52.965 [main] INFO  org.springframework.cloud.commons.util.InetUtils - Cannot determine local hostname
2025-11-03 12:45:52.971 [main] INFO  c.q.x.d.i.g.b.XiaohashuDistributedIdGeneratorBizApplication - Started XiaohashuDistributedIdGeneratorBizApplication in 9.154 seconds (process running for 9.745)
2025-11-03 12:46:47.851 [check-idCache-thread] INFO  c.q.x.d.i.g.biz.core.segment.SegmentIDGenImpl - update cache from db
2025-11-03 12:46:47.856 [check-idCache-thread] INFO  org.perf4j.TimingLogger - start[1762145207851] time[5] tag[updateCacheFromDb]
2025-11-03 12:47:47.861 [check-idCache-thread] INFO  c.q.x.d.i.g.biz.core.segment.SegmentIDGenImpl - update cache from db
2025-11-03 12:47:47.862 [check-idCache-thread] INFO  org.perf4j.TimingLogger - start[1762145267861] time[1] tag[updateCacheFromDb]
2025-11-03 12:48:47.499 [main] WARN  com.alibaba.nacos.client.logging.NacosLogging - Load Logback Configuration of Nacos fail, message: Could not initialize Logback Nacos logging from classpath:nacos-logback.xml
2025-11-03 12:48:47.546 [main] WARN  com.alibaba.nacos.client.logging.NacosLogging - Load Logback Configuration of Nacos fail, message: Could not initialize Logback Nacos logging from classpath:nacos-logback.xml
2025-11-03 12:48:49.055 [main] WARN  com.alibaba.nacos.client.logging.NacosLogging - Load Logback Configuration of Nacos fail, message: Could not initialize Logback Nacos logging from classpath:nacos-logback.xml
2025-11-03 12:48:49.065 [main] WARN  com.alibaba.nacos.client.logging.NacosLogging - Load Logback Configuration of Nacos fail, message: Could not initialize Logback Nacos logging from classpath:nacos-logback.xml
2025-11-03 12:48:49.065 [main] INFO  c.q.x.d.i.g.b.XiaohashuDistributedIdGeneratorBizApplication - The following 1 profile is active: "dev"
2025-11-03 12:48:49.402 [main] INFO  o.springframework.cloud.context.scope.GenericScope - BeanFactory id=418f91a1-6f80-3310-b2d9-2cc1eabea236
2025-11-03 12:48:49.555 [main] INFO  o.s.boot.web.embedded.tomcat.TomcatWebServer - Tomcat initialized with port(s): 0 (http)
2025-11-03 12:48:49.560 [main] INFO  org.apache.catalina.core.StandardService - Starting service [Tomcat]
2025-11-03 12:48:49.560 [main] INFO  org.apache.catalina.core.StandardEngine - Starting Servlet engine: [Apache Tomcat/10.1.5]
2025-11-03 12:48:49.638 [main] INFO  o.a.c.core.ContainerBase.[Tomcat].[localhost].[/] - Initializing Spring embedded WebApplicationContext
2025-11-03 12:48:49.638 [main] INFO  o.s.b.w.s.c.ServletWebServerApplicationContext - Root WebApplicationContext: initialization completed in 565 ms
2025-11-03 12:48:49.716 [main] INFO  com.alibaba.druid.pool.DruidDataSource - {dataSource-1} inited
2025-11-03 12:48:49.747 [main] INFO  c.q.x.d.i.g.biz.core.segment.SegmentIDGenImpl - Init ...
2025-11-03 12:48:49.747 [main] INFO  c.q.x.d.i.g.biz.core.segment.SegmentIDGenImpl - update cache from db
2025-11-03 12:48:49.860 [main] INFO  c.q.x.d.i.g.biz.core.segment.SegmentIDGenImpl - Add tag leaf-segment-test from db to IdCache, SegmentBuffer SegmentBuffer{key='leaf-segment-test', segments=[Segment(value:0,max:0,step:0), Segment(value:0,max:0,step:0)], currentPos=0, nextReady=false, initOk=false, threadRunning=false, step=0, minStep=0, updateTimestamp=0}
2025-11-03 12:48:49.860 [main] INFO  c.q.x.d.i.g.biz.core.segment.SegmentIDGenImpl - Add tag leaf-segment-xiaohashu-id from db to IdCache, SegmentBuffer SegmentBuffer{key='leaf-segment-xiaohashu-id', segments=[Segment(value:0,max:0,step:0), Segment(value:0,max:0,step:0)], currentPos=0, nextReady=false, initOk=false, threadRunning=false, step=0, minStep=0, updateTimestamp=0}
2025-11-03 12:48:49.860 [main] INFO  org.perf4j.TimingLogger - start[1762145329748] time[110] tag[updateCacheFromDb]
2025-11-03 12:48:49.860 [main] INFO  c.q.x.d.id.generator.biz.service.SegmentService - Segment Service Init Successfully
2025-11-03 12:48:49.879 [main] INFO  c.q.x.d.i.g.biz.core.snowflake.SnowflakeIDGenImpl - twepoch:1288834974657 ,ip:192.168.134.1 ,zkAddress:127.0.0.1:2181 port:2222
2025-11-03 12:48:49.899 [main] WARN  org.apache.curator.CuratorZookeeperClient - session timeout [6000] is less than connection timeout [10000]
2025-11-03 12:48:49.906 [main] INFO  o.a.curator.framework.imps.CuratorFrameworkImpl - Starting
2025-11-03 12:48:49.910 [main] INFO  org.apache.zookeeper.ZooKeeper - Client environment:zookeeper.version=3.6.0--b4c89dc7f6083829e18fae6e446907ae0b1f22d7, built on 02/25/2020 14:38 GMT
2025-11-03 12:48:49.910 [main] INFO  org.apache.zookeeper.ZooKeeper - Client environment:host.name=host.docker.internal
2025-11-03 12:48:49.910 [main] INFO  org.apache.zookeeper.ZooKeeper - Client environment:java.version=17.0.12
2025-11-03 12:48:49.910 [main] INFO  org.apache.zookeeper.ZooKeeper - Client environment:java.vendor=Oracle Corporation
2025-11-03 12:48:49.910 [main] INFO  org.apache.zookeeper.ZooKeeper - Client environment:java.home=D:\JAVA\jdk17.0.12
2025-11-03 12:48:49.910 [main] INFO  org.apache.zookeeper.ZooKeeper - Client environment:java.class.path=E:\xiaohashu\xiaohashu-distributed-id-generator\xiaohashu-distributed-id-generator-biz\target\classes;E:\xiaohashu\xiaoha-framework\xiaoha-commom\target\classes;D:\maven_repository\org\projectlombok\lombok\1.18.30\lombok-1.18.30.jar;D:\maven_repository\com\fasterxml\jackson\core\jackson-databind\2.16.1\jackson-databind-2.16.1.jar;D:\maven_repository\com\fasterxml\jackson\core\jackson-annotations\2.14.1\jackson-annotations-2.14.1.jar;D:\maven_repository\com\fasterxml\jackson\core\jackson-core\2.16.1\jackson-core-2.16.1.jar;D:\maven_repository\com\fasterxml\jackson\datatype\jackson-datatype-jsr310\2.14.1\jackson-datatype-jsr310-2.14.1.jar;D:\maven_repository\jakarta\validation\jakarta.validation-api\3.0.2\jakarta.validation-api-3.0.2.jar;D:\maven_repository\org\hibernate\validator\hibernate-validator\8.0.0.Final\hibernate-validator-8.0.0.Final.jar;D:\maven_repository\org\jboss\logging\jboss-logging\3.5.0.Final\jboss-logging-3.5.0.Final.jar;D:\maven_repository\com\fasterxml\classmate\1.5.1\classmate-1.5.1.jar;D:\maven_repository\org\springframework\boot\spring-boot-starter-web\3.0.2\spring-boot-starter-web-3.0.2.jar;D:\maven_repository\org\springframework\boot\spring-boot-starter\3.0.2\spring-boot-starter-3.0.2.jar;D:\maven_repository\org\springframework\boot\spring-boot\3.0.2\spring-boot-3.0.2.jar;D:\maven_repository\org\springframework\boot\spring-boot-autoconfigure\3.0.2\spring-boot-autoconfigure-3.0.2.jar;D:\maven_repository\org\springframework\boot\spring-boot-starter-logging\3.0.2\spring-boot-starter-logging-3.0.2.jar;D:\maven_repository\ch\qos\logback\logback-classic\1.4.5\logback-classic-1.4.5.jar;D:\maven_repository\ch\qos\logback\logback-core\1.4.5\logback-core-1.4.5.jar;D:\maven_repository\org\apache\logging\log4j\log4j-to-slf4j\2.19.0\log4j-to-slf4j-2.19.0.jar;D:\maven_repository\org\apache\logging\log4j\log4j-api\2.19.0\log4j-api-2.19.0.jar;D:\maven_repository\org\slf4j\jul-to-slf4j\2.0.6\jul-to-slf4j-2.0.6.jar;D:\maven_repository\jakarta\annotation\jakarta.annotation-api\2.1.1\jakarta.annotation-api-2.1.1.jar;D:\maven_repository\org\yaml\snakeyaml\1.33\snakeyaml-1.33.jar;D:\maven_repository\org\springframework\boot\spring-boot-starter-json\3.0.2\spring-boot-starter-json-3.0.2.jar;D:\maven_repository\com\fasterxml\jackson\datatype\jackson-datatype-jdk8\2.14.1\jackson-datatype-jdk8-2.14.1.jar;D:\maven_repository\com\fasterxml\jackson\module\jackson-module-parameter-names\2.14.1\jackson-module-parameter-names-2.14.1.jar;D:\maven_repository\org\springframework\boot\spring-boot-starter-tomcat\3.0.2\spring-boot-starter-tomcat-3.0.2.jar;D:\maven_repository\org\apache\tomcat\embed\tomcat-embed-core\10.1.5\tomcat-embed-core-10.1.5.jar;D:\maven_repository\org\apache\tomcat\embed\tomcat-embed-el\10.1.5\tomcat-embed-el-10.1.5.jar;D:\maven_repository\org\apache\tomcat\embed\tomcat-embed-websocket\10.1.5\tomcat-embed-websocket-10.1.5.jar;D:\maven_repository\org\springframework\spring-web\6.0.4\spring-web-6.0.4.jar;D:\maven_repository\org\springframework\spring-beans\6.0.4\spring-beans-6.0.4.jar;D:\maven_repository\io\micrometer\micrometer-observation\1.10.3\micrometer-observation-1.10.3.jar;D:\maven_repository\io\micrometer\micrometer-commons\1.10.3\micrometer-commons-1.10.3.jar;D:\maven_repository\org\springframework\spring-webmvc\6.0.4\spring-webmvc-6.0.4.jar;D:\maven_repository\org\springframework\spring-aop\6.0.4\spring-aop-6.0.4.jar;D:\maven_repository\org\springframework\spring-context\6.0.4\spring-context-6.0.4.jar;D:\maven_repository\org\springframework\spring-expression\6.0.4\spring-expression-6.0.4.jar;D:\maven_repository\org\slf4j\slf4j-api\2.0.6\slf4j-api-2.0.6.jar;D:\maven_repository\org\springframework\spring-core\6.0.4\spring-core-6.0.4.jar;D:\maven_repository\org\springframework\spring-jcl\6.0.4\spring-jcl-6.0.4.jar;D:\maven_repository\org\springframework\cloud\spring-cloud-starter-bootstrap\4.0.0\spring-cloud-starter-bootstrap-4.0.0.jar;D:\maven_repository\org\springframework\cloud\spring-cloud-starter\4.0.0\spring-cloud-starter-4.0.0.jar;D:\maven_repository\org\springframework\security\spring-security-rsa\1.0.11.RELEASE\spring-security-rsa-1.0.11.RELEASE.jar;D:\maven_repository\org\bouncycastle\bcpkix-jdk15on\1.69\bcpkix-jdk15on-1.69.jar;D:\maven_repository\org\bouncycastle\bcprov-jdk15on\1.69\bcprov-jdk15on-1.69.jar;D:\maven_repository\org\bouncycastle\bcutil-jdk15on\1.69\bcutil-jdk15on-1.69.jar;D:\maven_repository\com\alibaba\cloud\spring-cloud-starter-alibaba-nacos-discovery\2022.0.0.0\spring-cloud-starter-alibaba-nacos-discovery-2022.0.0.0.jar;D:\maven_repository\com\alibaba\cloud\spring-cloud-alibaba-commons\2022.0.0.0\spring-cloud-alibaba-commons-2022.0.0.0.jar;D:\maven_repository\com\alibaba\nacos\nacos-client\2.2.1\nacos-client-2.2.1.jar;D:\maven_repository\com\alibaba\nacos\nacos-auth-plugin\2.2.1\nacos-auth-plugin-2.2.1.jar;D:\maven_repository\com\alibaba\nacos\nacos-encryption-plugin\2.2.1\nacos-encryption-plugin-2.2.1.jar;D:\maven_repository\commons-codec\commons-codec\1.15\commons-codec-1.15.jar;D:\maven_repository\org\apache\httpcomponents\httpasyncclient\4.1.5\httpasyncclient-4.1.5.jar;D:\maven_repository\org\apache\httpcomponents\httpcore\4.4.16\httpcore-4.4.16.jar;D:\maven_repository\org\apache\httpcomponents\httpcore-nio\4.4.16\httpcore-nio-4.4.16.jar;D:\maven_repository\org\apache\httpcomponents\httpclient\4.5.14\httpclient-4.5.14.jar;D:\maven_repository\io\prometheus\simpleclient\0.16.0\simpleclient-0.16.0.jar;D:\maven_repository\io\prometheus\simpleclient_tracer_otel\0.16.0\simpleclient_tracer_otel-0.16.0.jar;D:\maven_repository\io\prometheus\simpleclient_tracer_common\0.16.0\simpleclient_tracer_common-0.16.0.jar;D:\maven_repository\io\prometheus\simpleclient_tracer_otel_agent\0.16.0\simpleclient_tracer_otel_agent-0.16.0.jar;D:\maven_repository\com\alibaba\spring\spring-context-support\1.0.11\spring-context-support-1.0.11.jar;D:\maven_repository\org\springframework\cloud\spring-cloud-commons\4.0.0\spring-cloud-commons-4.0.0.jar;D:\maven_repository\org\springframework\security\spring-security-crypto\6.0.1\spring-security-crypto-6.0.1.jar;D:\maven_repository\org\springframework\cloud\spring-cloud-context\4.0.0\spring-cloud-context-4.0.0.jar;D:\maven_repository\commons-io\commons-io\2.4\commons-io-2.4.jar;D:\maven_repository\org\perf4j\perf4j\0.9.16\perf4j-0.9.16.jar;D:\maven_repository\mysql\mysql-connector-java\8.0.29\mysql-connector-java-8.0.29.jar;D:\maven_repository\com\google\protobuf\protobuf-java\3.19.4\protobuf-java-3.19.4.jar;D:\maven_repository\com\alibaba\druid\1.0.18\druid-1.0.18.jar;D:\maven_repository\org\mybatis\mybatis\3.3.0\mybatis-3.3.0.jar;D:\maven_repository\org\apache\curator\curator-recipes\2.6.0\curator-recipes-2.6.0.jar;D:\maven_repository\org\apache\curator\curator-framework\5.1.0\curator-framework-5.1.0.jar;D:\maven_repository\org\apache\curator\curator-client\5.1.0\curator-client-5.1.0.jar;D:\maven_repository\com\google\guava\guava\33.0.0-jre\guava-33.0.0-jre.jar;D:\maven_repository\com\google\guava\failureaccess\1.0.2\failureaccess-1.0.2.jar;D:\maven_repository\com\google\guava\listenablefuture\9999.0-empty-to-avoid-conflict-with-guava\listenablefuture-9999.0-empty-to-avoid-conflict-with-guava.jar;D:\maven_repository\com\google\code\findbugs\jsr305\3.0.2\jsr305-3.0.2.jar;D:\maven_repository\org\checkerframework\checker-qual\3.41.0\checker-qual-3.41.0.jar;D:\maven_repository\com\google\errorprone\error_prone_annotations\2.23.0\error_prone_annotations-2.23.0.jar;D:\maven_repository\com\google\j2objc\j2objc-annotations\2.8\j2objc-annotations-2.8.jar;D:\maven_repository\org\apache\zookeeper\zookeeper\3.6.0\zookeeper-3.6.0.jar;D:\maven_repository\commons-lang\commons-lang\2.6\commons-lang-2.6.jar;D:\maven_repository\org\apache\zookeeper\zookeeper-jute\3.6.0\zookeeper-jute-3.6.0.jar;D:\maven_repository\org\apache\yetus\audience-annotations\0.5.0\audience-annotations-0.5.0.jar;D:\maven_repository\io\netty\netty-handler\4.1.87.Final\netty-handler-4.1.87.Final.jar;D:\maven_repository\io\netty\netty-common\4.1.87.Final\netty-common-4.1.87.Final.jar;D:\maven_repository\io\netty\netty-resolver\4.1.87.Final\netty-resolver-4.1.87.Final.jar;D:\maven_repository\io\netty\netty-buffer\4.1.87.Final\netty-buffer-4.1.87.Final.jar;D:\maven_repository\io\netty\netty-transport\4.1.87.Final\netty-transport-4.1.87.Final.jar;D:\maven_repository\io\netty\netty-transport-native-unix-common\4.1.87.Final\netty-transport-native-unix-common-4.1.87.Final.jar;D:\maven_repository\io\netty\netty-codec\4.1.87.Final\netty-codec-4.1.87.Final.jar;D:\maven_repository\io\netty\netty-transport-native-epoll\4.1.87.Final\netty-transport-native-epoll-4.1.87.Final.jar;D:\maven_repository\io\netty\netty-transport-classes-epoll\4.1.87.Final\netty-transport-classes-epoll-4.1.87.Final.jar
2025-11-03 12:48:49.911 [main] INFO  org.apache.zookeeper.ZooKeeper - Client environment:java.library.path=D:\JAVA\jdk17.0.12\bin;C:\windows\Sun\Java\bin;C:\windows\system32;C:\windows;C:\Program Files\Common Files\Oracle\Java\javapath;E:\x_2\system\programs;C:\Program Files (x86)\Thermo\Foundation\x64;C:\Program Files (x86)\Thermo\Foundation;D:\python\Scripts;D:\python;D:\虚拟机\bin;D:\JAVA\jdk17.0.12\bin;C:\ProgramData\Oracle\Java\javapath;C:\windows\system32;C:\windows;C:\windows\System32\Wbem;C:\windows\System32\WindowsPowerShell\v1.0;C:\windows\System32\OpenSSH;C:\Program Files\Microsoft SQL Server\150\Tools\Binn;C:\Program Files\dotnet;C:\Program Files (x86)\Windows Kits\10\Windows Performance Toolkit;C:\Program Files\MySQL\MySQL Server 5.7\bin;C:\Program Files\Bandizip;D:\Git\cmd;C:\Program Files (x86)\Microsoft SQL Server\110\DTS\Binn;C:\Program Files (x86)\Microsoft SQL Server\110\Tools\Binn;C:\Program Files (x86)\Microsoft SQL Server\110\Tools\Binn\ManagementStudio;C:\Program Files (x86)\Microsoft Visual Studio 10.0\Common7\IDE\PrivateAssemblies;D:\apache-maven-3.9.0-bin\apache-maven-3.9.0\bin;E:\Vue;E:\Vue\node_global\node_modules;E:\JMeter\apache-jmeter-5.6.3\bin;E:\jdk\bin;;C:\Program Files\Docker\Docker\resources\bin;E:\spss_model\ext\bin\spss.TMWBServer\bin;E:\spss_model\MPICH2\bin;E:\spss_model\TABI;C:\Users\hp\AppData\Local\Microsoft\WindowsApps;C:\Users\hp\AppData\Local\Programs\Microsoft VS Code Insiders\bin;C:\Users\hp\.dotnet\tools;D:\JAVA\IntelliJ IDEA 2021.1.3\bin;D:\C语言之后？\Microsoft VS Code\bin;D:\python\PyCharm Community Edition 2024.2.1\bin;E:\Vue\node_global;C:\Users\hp\AppData\Local\Programs\Ollama;E:\Ollama;.
2025-11-03 12:48:49.911 [main] INFO  org.apache.zookeeper.ZooKeeper - Client environment:java.io.tmpdir=C:\Users\hp\AppData\Local\Temp\
2025-11-03 12:48:49.911 [main] INFO  org.apache.zookeeper.ZooKeeper - Client environment:java.compiler=<NA>
2025-11-03 12:48:49.911 [main] INFO  org.apache.zookeeper.ZooKeeper - Client environment:os.name=Windows 11
2025-11-03 12:48:49.911 [main] INFO  org.apache.zookeeper.ZooKeeper - Client environment:os.arch=amd64
2025-11-03 12:48:49.911 [main] INFO  org.apache.zookeeper.ZooKeeper - Client environment:os.version=10.0
2025-11-03 12:48:49.912 [main] INFO  org.apache.zookeeper.ZooKeeper - Client environment:user.name=hp
2025-11-03 12:48:49.912 [main] INFO  org.apache.zookeeper.ZooKeeper - Client environment:user.home=C:\Users\hp
2025-11-03 12:48:49.912 [main] INFO  org.apache.zookeeper.ZooKeeper - Client environment:user.dir=E:\xiaohashu
2025-11-03 12:48:49.912 [main] INFO  org.apache.zookeeper.ZooKeeper - Client environment:os.memory.free=98MB
2025-11-03 12:48:49.913 [main] INFO  org.apache.zookeeper.ZooKeeper - Client environment:os.memory.max=4008MB
2025-11-03 12:48:49.913 [main] INFO  org.apache.zookeeper.ZooKeeper - Client environment:os.memory.total=154MB
2025-11-03 12:48:49.914 [main] INFO  org.apache.zookeeper.ZooKeeper - Initiating client connection, connectString=127.0.0.1:2181 sessionTimeout=6000 watcher=org.apache.curator.ConnectionState@245253d8
2025-11-03 12:48:49.916 [main] INFO  org.apache.zookeeper.common.X509Util - Setting -D jdk.tls.rejectClientInitiatedRenegotiation=true to disable client-initiated TLS renegotiation
2025-11-03 12:48:49.925 [main] INFO  org.apache.zookeeper.ClientCnxnSocket - jute.maxbuffer value is 1048575 Bytes
2025-11-03 12:48:49.928 [main] INFO  org.apache.zookeeper.ClientCnxn - zookeeper.request.timeout value is 0. feature enabled=false
2025-11-03 12:48:49.932 [main-SendThread(127.0.0.1:2181)] INFO  org.apache.zookeeper.ClientCnxn - Opening socket connection to server activate.navicat.com/127.0.0.1:2181.
2025-11-03 12:48:49.932 [main-SendThread(127.0.0.1:2181)] INFO  org.apache.zookeeper.ClientCnxn - SASL config status: Will not attempt to authenticate using SASL (unknown error)
2025-11-03 12:48:49.935 [main] INFO  o.a.curator.framework.imps.CuratorFrameworkImpl - Default schema
2025-11-03 12:48:49.935 [main-SendThread(127.0.0.1:2181)] INFO  org.apache.zookeeper.ClientCnxn - Socket connection established, initiating session, client: /127.0.0.1:14087, server: activate.navicat.com/127.0.0.1:2181
2025-11-03 12:48:49.943 [main-SendThread(127.0.0.1:2181)] INFO  org.apache.zookeeper.ClientCnxn - Session establishment complete on server activate.navicat.com/127.0.0.1:2181, session id = 0x10000003b570004, negotiated timeout = 6000
2025-11-03 12:48:49.947 [main-EventThread] INFO  o.a.curator.framework.state.ConnectionStateManager - State change: CONNECTED
2025-11-03 12:48:49.955 [main-EventThread] INFO  org.apache.curator.framework.imps.EnsembleTracker - New config event received: {}
2025-11-03 12:48:49.955 [main-EventThread] INFO  org.apache.curator.framework.imps.EnsembleTracker - New config event received: {}
2025-11-03 12:48:49.988 [main] INFO  c.q.x.d.i.g.b.c.snowflake.SnowflakeZookeeperHolder - file exists status is true
2025-11-03 12:48:49.998 [main] INFO  c.q.x.d.i.g.b.c.snowflake.SnowflakeZookeeperHolder - update file cache workerID is 0
2025-11-03 12:48:49.998 [main] INFO  c.q.x.d.i.g.b.c.snowflake.SnowflakeZookeeperHolder - [Old NODE]find forever node have this endpoint ip-192.168.134.1 port-2222 workid-0 childnode and start SUCCESS
2025-11-03 12:48:49.998 [main] INFO  c.q.x.d.i.g.biz.core.snowflake.SnowflakeIDGenImpl - START SUCCESS USE ZK WORKERID-0
2025-11-03 12:48:49.998 [main] INFO  c.q.x.d.id.generator.biz.service.SnowflakeService - Snowflake Service Init Successfully
2025-11-03 12:48:51.452 [main] INFO  org.springframework.cloud.commons.util.InetUtils - Cannot determine local hostname
2025-11-03 12:48:53.206 [main] INFO  org.springframework.cloud.commons.util.InetUtils - Cannot determine local hostname
2025-11-03 12:48:53.266 [main] INFO  o.s.boot.web.embedded.tomcat.TomcatWebServer - Tomcat started on port(s): 14092 (http) with context path ''
2025-11-03 12:48:53.272 [main] WARN  com.alibaba.nacos.client.logging.NacosLogging - Load Logback Configuration of Nacos fail, message: Could not initialize Logback Nacos logging from classpath:nacos-logback.xml
2025-11-03 12:48:53.272 [main] INFO  com.alibaba.nacos.client.naming - initializer namespace from ans.namespace attribute : null
2025-11-03 12:48:53.273 [main] INFO  com.alibaba.nacos.client.naming - initializer namespace from ALIBABA_ALIWARE_NAMESPACE attribute :null
2025-11-03 12:48:53.273 [main] INFO  com.alibaba.nacos.client.naming - initializer namespace from namespace attribute :null
2025-11-03 12:48:53.296 [main] INFO  com.alibaba.nacos.client.utils.ParamUtil - [settings] [req-serv] nacos-server port:8848
2025-11-03 12:48:53.297 [main] INFO  com.alibaba.nacos.client.utils.ParamUtil - [settings] [http-client] connect timeout:1000
2025-11-03 12:48:53.297 [main] INFO  com.alibaba.nacos.client.utils.ParamUtil - PER_TASK_CONFIG_SIZE: 3000.0
2025-11-03 12:48:53.301 [main] INFO  c.a.n.p.auth.spi.client.ClientAuthPluginManager - [ClientAuthPluginManager] Load ClientAuthService com.alibaba.nacos.client.auth.impl.NacosClientAuthServiceImpl success.
2025-11-03 12:48:53.301 [main] INFO  c.a.n.p.auth.spi.client.ClientAuthPluginManager - [ClientAuthPluginManager] Load ClientAuthService com.alibaba.nacos.client.auth.ram.RamClientAuthServiceImpl success.
2025-11-03 12:48:53.303 [main] INFO  c.a.n.client.auth.ram.identify.CredentialWatcher - null No credential found
2025-11-03 12:48:53.308 [main] INFO  com.alibaba.nacos.common.remote.client - [RpcClientFactory] create a new rpc client of fc093110-a6e5-4edc-8ac2-d77a1a39d5c6
2025-11-03 12:48:53.324 [main] INFO  com.alibaba.nacos.common.remote.client - [fc093110-a6e5-4edc-8ac2-d77a1a39d5c6] RpcClient init, ServerListFactory = com.alibaba.nacos.client.naming.core.ServerListManager
2025-11-03 12:48:53.324 [main] INFO  com.alibaba.nacos.common.remote.client - [fc093110-a6e5-4edc-8ac2-d77a1a39d5c6] Registry connection listener to current client:com.alibaba.nacos.client.naming.remote.gprc.redo.NamingGrpcRedoService
2025-11-03 12:48:53.325 [main] INFO  com.alibaba.nacos.common.remote.client - [fc093110-a6e5-4edc-8ac2-d77a1a39d5c6] Register server push request handler:com.alibaba.nacos.client.naming.remote.gprc.NamingPushRequestHandler
2025-11-03 12:48:53.329 [main] INFO  com.alibaba.nacos.common.remote.client - [fc093110-a6e5-4edc-8ac2-d77a1a39d5c6] Try to connect to server on start up, server: {serverIp = '127.0.0.1', server main port = 8848}
2025-11-03 12:48:53.333 [main] INFO  c.a.nacos.common.remote.client.grpc.GrpcClient - grpc client connection server:127.0.0.1 ip,serverPort:9848,grpcTslConfig:{"sslProvider":"OPENSSL","enableTls":false,"mutualAuthEnable":false,"trustAll":false}
2025-11-03 12:48:54.694 [main] INFO  com.alibaba.nacos.common.remote.client - [fc093110-a6e5-4edc-8ac2-d77a1a39d5c6] Success to connect to server [127.0.0.1:8848] on start up, connectionId = 1762145334518_127.0.0.1_14098
2025-11-03 12:48:54.695 [com.alibaba.nacos.client.remote.worker] INFO  com.alibaba.nacos.common.remote.client - [fc093110-a6e5-4edc-8ac2-d77a1a39d5c6] Notify connected event to listeners.
2025-11-03 12:48:54.695 [com.alibaba.nacos.client.remote.worker] INFO  com.alibaba.nacos.client.naming - Grpc connection connect
2025-11-03 12:48:54.695 [main] INFO  com.alibaba.nacos.common.remote.client - [fc093110-a6e5-4edc-8ac2-d77a1a39d5c6] Register server push request handler:com.alibaba.nacos.common.remote.client.RpcClient$ConnectResetRequestHandler
2025-11-03 12:48:54.695 [main] INFO  com.alibaba.nacos.common.remote.client - [fc093110-a6e5-4edc-8ac2-d77a1a39d5c6] Register server push request handler:com.alibaba.nacos.common.remote.client.RpcClient$$Lambda$979/0x0000021baa6798b0
2025-11-03 12:48:54.695 [main] INFO  com.alibaba.nacos.client.naming - [REGISTER-SERVICE] xiaohashu registering service xiaohashu-distributed-id-generator with instance Instance{instanceId='null', ip='192.168.134.1', port=14092, weight=1.0, healthy=true, enabled=true, ephemeral=true, clusterName='DEFAULT', serviceName='null', metadata={IPv6=null, preserved.register.source=SPRING_CLOUD}}
2025-11-03 12:48:54.710 [main] INFO  c.a.cloud.nacos.registry.NacosServiceRegistry - nacos registry, DEFAULT_GROUP xiaohashu-distributed-id-generator 192.168.134.1:14092 register finished
2025-11-03 12:48:56.301 [main] INFO  org.springframework.cloud.commons.util.InetUtils - Cannot determine local hostname
2025-11-03 12:48:56.307 [main] INFO  c.q.x.d.i.g.b.XiaohashuDistributedIdGeneratorBizApplication - Started XiaohashuDistributedIdGeneratorBizApplication in 10.663 seconds (process running for 11.452)
2025-11-03 12:49:49.864 [check-idCache-thread] INFO  c.q.x.d.i.g.biz.core.segment.SegmentIDGenImpl - update cache from db
2025-11-03 12:49:49.868 [check-idCache-thread] INFO  org.perf4j.TimingLogger - start[1762145389865] time[3] tag[updateCacheFromDb]
2025-11-03 12:50:49.871 [check-idCache-thread] INFO  c.q.x.d.i.g.biz.core.segment.SegmentIDGenImpl - update cache from db
2025-11-03 12:50:49.874 [check-idCache-thread] INFO  org.perf4j.TimingLogger - start[1762145449871] time[2] tag[updateCacheFromDb]
2025-11-03 12:51:49.881 [check-idCache-thread] INFO  c.q.x.d.i.g.biz.core.segment.SegmentIDGenImpl - update cache from db
2025-11-03 12:51:49.885 [check-idCache-thread] INFO  org.perf4j.TimingLogger - start[1762145509881] time[4] tag[updateCacheFromDb]
2025-11-03 12:52:49.899 [check-idCache-thread] INFO  c.q.x.d.i.g.biz.core.segment.SegmentIDGenImpl - update cache from db
2025-11-03 12:52:49.901 [check-idCache-thread] INFO  org.perf4j.TimingLogger - start[1762145569899] time[1] tag[updateCacheFromDb]
2025-11-03 12:53:49.908 [check-idCache-thread] INFO  c.q.x.d.i.g.biz.core.segment.SegmentIDGenImpl - update cache from db
2025-11-03 12:53:49.910 [check-idCache-thread] INFO  org.perf4j.TimingLogger - start[1762145629908] time[2] tag[updateCacheFromDb]
2025-11-03 12:54:49.915 [check-idCache-thread] INFO  c.q.x.d.i.g.biz.core.segment.SegmentIDGenImpl - update cache from db
2025-11-03 12:54:49.917 [check-idCache-thread] INFO  org.perf4j.TimingLogger - start[1762145689915] time[1] tag[updateCacheFromDb]
2025-11-03 12:55:49.920 [check-idCache-thread] INFO  c.q.x.d.i.g.biz.core.segment.SegmentIDGenImpl - update cache from db
2025-11-03 12:55:49.922 [check-idCache-thread] INFO  org.perf4j.TimingLogger - start[1762145749920] time[1] tag[updateCacheFromDb]
2025-11-03 12:56:49.928 [check-idCache-thread] INFO  c.q.x.d.i.g.biz.core.segment.SegmentIDGenImpl - update cache from db
2025-11-03 12:56:49.930 [check-idCache-thread] INFO  org.perf4j.TimingLogger - start[1762145809928] time[1] tag[updateCacheFromDb]
2025-11-03 12:57:49.934 [check-idCache-thread] INFO  c.q.x.d.i.g.biz.core.segment.SegmentIDGenImpl - update cache from db
2025-11-03 12:57:49.934 [check-idCache-thread] INFO  org.perf4j.TimingLogger - start[1762145869934] time[1] tag[updateCacheFromDb]
2025-11-03 13:02:52.082 [main] WARN  com.alibaba.nacos.client.logging.NacosLogging - Load Logback Configuration of Nacos fail, message: Could not initialize Logback Nacos logging from classpath:nacos-logback.xml
2025-11-03 13:02:52.123 [main] WARN  com.alibaba.nacos.client.logging.NacosLogging - Load Logback Configuration of Nacos fail, message: Could not initialize Logback Nacos logging from classpath:nacos-logback.xml
2025-11-03 13:02:53.553 [main] WARN  com.alibaba.nacos.client.logging.NacosLogging - Load Logback Configuration of Nacos fail, message: Could not initialize Logback Nacos logging from classpath:nacos-logback.xml
2025-11-03 13:02:53.560 [main] WARN  com.alibaba.nacos.client.logging.NacosLogging - Load Logback Configuration of Nacos fail, message: Could not initialize Logback Nacos logging from classpath:nacos-logback.xml
2025-11-03 13:02:53.562 [main] INFO  c.q.x.d.i.g.b.XiaohashuDistributedIdGeneratorBizApplication - The following 1 profile is active: "dev"
2025-11-03 13:02:53.874 [main] INFO  o.springframework.cloud.context.scope.GenericScope - BeanFactory id=418f91a1-6f80-3310-b2d9-2cc1eabea236
2025-11-03 13:02:54.004 [main] INFO  o.s.boot.web.embedded.tomcat.TomcatWebServer - Tomcat initialized with port(s): 0 (http)
2025-11-03 13:02:54.009 [main] INFO  org.apache.catalina.core.StandardService - Starting service [Tomcat]
2025-11-03 13:02:54.009 [main] INFO  org.apache.catalina.core.StandardEngine - Starting Servlet engine: [Apache Tomcat/10.1.5]
2025-11-03 13:02:54.081 [main] INFO  o.a.c.core.ContainerBase.[Tomcat].[localhost].[/] - Initializing Spring embedded WebApplicationContext
2025-11-03 13:02:54.082 [main] INFO  o.s.b.w.s.c.ServletWebServerApplicationContext - Root WebApplicationContext: initialization completed in 513 ms
2025-11-03 13:02:54.155 [main] INFO  com.alibaba.druid.pool.DruidDataSource - {dataSource-1} inited
2025-11-03 13:02:54.188 [main] INFO  c.q.x.d.i.g.biz.core.segment.SegmentIDGenImpl - Init ...
2025-11-03 13:02:54.189 [main] INFO  c.q.x.d.i.g.biz.core.segment.SegmentIDGenImpl - update cache from db
2025-11-03 13:02:54.309 [main] INFO  c.q.x.d.i.g.biz.core.segment.SegmentIDGenImpl - Add tag leaf-segment-test from db to IdCache, SegmentBuffer SegmentBuffer{key='leaf-segment-test', segments=[Segment(value:0,max:0,step:0), Segment(value:0,max:0,step:0)], currentPos=0, nextReady=false, initOk=false, threadRunning=false, step=0, minStep=0, updateTimestamp=0}
2025-11-03 13:02:54.309 [main] INFO  c.q.x.d.i.g.biz.core.segment.SegmentIDGenImpl - Add tag leaf-segment-xiaohashu-id from db to IdCache, SegmentBuffer SegmentBuffer{key='leaf-segment-xiaohashu-id', segments=[Segment(value:0,max:0,step:0), Segment(value:0,max:0,step:0)], currentPos=0, nextReady=false, initOk=false, threadRunning=false, step=0, minStep=0, updateTimestamp=0}
2025-11-03 13:02:54.310 [main] INFO  org.perf4j.TimingLogger - start[1762146174190] time[119] tag[updateCacheFromDb]
2025-11-03 13:02:54.310 [main] INFO  c.q.x.d.id.generator.biz.service.SegmentService - Segment Service Init Successfully
2025-11-03 13:02:54.328 [main] INFO  c.q.x.d.i.g.biz.core.snowflake.SnowflakeIDGenImpl - twepoch:1288834974657 ,ip:192.168.134.1 ,zkAddress:127.0.0.1:2181 port:2222
2025-11-03 13:02:54.345 [main] WARN  org.apache.curator.CuratorZookeeperClient - session timeout [6000] is less than connection timeout [10000]
2025-11-03 13:02:54.352 [main] INFO  o.a.curator.framework.imps.CuratorFrameworkImpl - Starting
2025-11-03 13:02:54.356 [main] INFO  org.apache.zookeeper.ZooKeeper - Client environment:zookeeper.version=3.6.0--b4c89dc7f6083829e18fae6e446907ae0b1f22d7, built on 02/25/2020 14:38 GMT
2025-11-03 13:02:54.356 [main] INFO  org.apache.zookeeper.ZooKeeper - Client environment:host.name=host.docker.internal
2025-11-03 13:02:54.356 [main] INFO  org.apache.zookeeper.ZooKeeper - Client environment:java.version=17.0.12
2025-11-03 13:02:54.356 [main] INFO  org.apache.zookeeper.ZooKeeper - Client environment:java.vendor=Oracle Corporation
2025-11-03 13:02:54.356 [main] INFO  org.apache.zookeeper.ZooKeeper - Client environment:java.home=D:\JAVA\jdk17.0.12
2025-11-03 13:02:54.356 [main] INFO  org.apache.zookeeper.ZooKeeper - Client environment:java.class.path=E:\xiaohashu\xiaohashu-distributed-id-generator\xiaohashu-distributed-id-generator-biz\target\classes;E:\xiaohashu\xiaoha-framework\xiaoha-commom\target\classes;D:\maven_repository\org\projectlombok\lombok\1.18.30\lombok-1.18.30.jar;D:\maven_repository\com\fasterxml\jackson\core\jackson-databind\2.16.1\jackson-databind-2.16.1.jar;D:\maven_repository\com\fasterxml\jackson\core\jackson-annotations\2.14.1\jackson-annotations-2.14.1.jar;D:\maven_repository\com\fasterxml\jackson\core\jackson-core\2.16.1\jackson-core-2.16.1.jar;D:\maven_repository\com\fasterxml\jackson\datatype\jackson-datatype-jsr310\2.14.1\jackson-datatype-jsr310-2.14.1.jar;D:\maven_repository\jakarta\validation\jakarta.validation-api\3.0.2\jakarta.validation-api-3.0.2.jar;D:\maven_repository\org\hibernate\validator\hibernate-validator\8.0.0.Final\hibernate-validator-8.0.0.Final.jar;D:\maven_repository\org\jboss\logging\jboss-logging\3.5.0.Final\jboss-logging-3.5.0.Final.jar;D:\maven_repository\com\fasterxml\classmate\1.5.1\classmate-1.5.1.jar;D:\maven_repository\org\springframework\boot\spring-boot-starter-web\3.0.2\spring-boot-starter-web-3.0.2.jar;D:\maven_repository\org\springframework\boot\spring-boot-starter\3.0.2\spring-boot-starter-3.0.2.jar;D:\maven_repository\org\springframework\boot\spring-boot\3.0.2\spring-boot-3.0.2.jar;D:\maven_repository\org\springframework\boot\spring-boot-autoconfigure\3.0.2\spring-boot-autoconfigure-3.0.2.jar;D:\maven_repository\org\springframework\boot\spring-boot-starter-logging\3.0.2\spring-boot-starter-logging-3.0.2.jar;D:\maven_repository\ch\qos\logback\logback-classic\1.4.5\logback-classic-1.4.5.jar;D:\maven_repository\ch\qos\logback\logback-core\1.4.5\logback-core-1.4.5.jar;D:\maven_repository\org\apache\logging\log4j\log4j-to-slf4j\2.19.0\log4j-to-slf4j-2.19.0.jar;D:\maven_repository\org\apache\logging\log4j\log4j-api\2.19.0\log4j-api-2.19.0.jar;D:\maven_repository\org\slf4j\jul-to-slf4j\2.0.6\jul-to-slf4j-2.0.6.jar;D:\maven_repository\jakarta\annotation\jakarta.annotation-api\2.1.1\jakarta.annotation-api-2.1.1.jar;D:\maven_repository\org\yaml\snakeyaml\1.33\snakeyaml-1.33.jar;D:\maven_repository\org\springframework\boot\spring-boot-starter-json\3.0.2\spring-boot-starter-json-3.0.2.jar;D:\maven_repository\com\fasterxml\jackson\datatype\jackson-datatype-jdk8\2.14.1\jackson-datatype-jdk8-2.14.1.jar;D:\maven_repository\com\fasterxml\jackson\module\jackson-module-parameter-names\2.14.1\jackson-module-parameter-names-2.14.1.jar;D:\maven_repository\org\springframework\boot\spring-boot-starter-tomcat\3.0.2\spring-boot-starter-tomcat-3.0.2.jar;D:\maven_repository\org\apache\tomcat\embed\tomcat-embed-core\10.1.5\tomcat-embed-core-10.1.5.jar;D:\maven_repository\org\apache\tomcat\embed\tomcat-embed-el\10.1.5\tomcat-embed-el-10.1.5.jar;D:\maven_repository\org\apache\tomcat\embed\tomcat-embed-websocket\10.1.5\tomcat-embed-websocket-10.1.5.jar;D:\maven_repository\org\springframework\spring-web\6.0.4\spring-web-6.0.4.jar;D:\maven_repository\org\springframework\spring-beans\6.0.4\spring-beans-6.0.4.jar;D:\maven_repository\io\micrometer\micrometer-observation\1.10.3\micrometer-observation-1.10.3.jar;D:\maven_repository\io\micrometer\micrometer-commons\1.10.3\micrometer-commons-1.10.3.jar;D:\maven_repository\org\springframework\spring-webmvc\6.0.4\spring-webmvc-6.0.4.jar;D:\maven_repository\org\springframework\spring-aop\6.0.4\spring-aop-6.0.4.jar;D:\maven_repository\org\springframework\spring-context\6.0.4\spring-context-6.0.4.jar;D:\maven_repository\org\springframework\spring-expression\6.0.4\spring-expression-6.0.4.jar;D:\maven_repository\org\slf4j\slf4j-api\2.0.6\slf4j-api-2.0.6.jar;D:\maven_repository\org\springframework\spring-core\6.0.4\spring-core-6.0.4.jar;D:\maven_repository\org\springframework\spring-jcl\6.0.4\spring-jcl-6.0.4.jar;D:\maven_repository\org\springframework\cloud\spring-cloud-starter-bootstrap\4.0.0\spring-cloud-starter-bootstrap-4.0.0.jar;D:\maven_repository\org\springframework\cloud\spring-cloud-starter\4.0.0\spring-cloud-starter-4.0.0.jar;D:\maven_repository\org\springframework\security\spring-security-rsa\1.0.11.RELEASE\spring-security-rsa-1.0.11.RELEASE.jar;D:\maven_repository\org\bouncycastle\bcpkix-jdk15on\1.69\bcpkix-jdk15on-1.69.jar;D:\maven_repository\org\bouncycastle\bcprov-jdk15on\1.69\bcprov-jdk15on-1.69.jar;D:\maven_repository\org\bouncycastle\bcutil-jdk15on\1.69\bcutil-jdk15on-1.69.jar;D:\maven_repository\com\alibaba\cloud\spring-cloud-starter-alibaba-nacos-discovery\2022.0.0.0\spring-cloud-starter-alibaba-nacos-discovery-2022.0.0.0.jar;D:\maven_repository\com\alibaba\cloud\spring-cloud-alibaba-commons\2022.0.0.0\spring-cloud-alibaba-commons-2022.0.0.0.jar;D:\maven_repository\com\alibaba\nacos\nacos-client\2.2.1\nacos-client-2.2.1.jar;D:\maven_repository\com\alibaba\nacos\nacos-auth-plugin\2.2.1\nacos-auth-plugin-2.2.1.jar;D:\maven_repository\com\alibaba\nacos\nacos-encryption-plugin\2.2.1\nacos-encryption-plugin-2.2.1.jar;D:\maven_repository\commons-codec\commons-codec\1.15\commons-codec-1.15.jar;D:\maven_repository\org\apache\httpcomponents\httpasyncclient\4.1.5\httpasyncclient-4.1.5.jar;D:\maven_repository\org\apache\httpcomponents\httpcore\4.4.16\httpcore-4.4.16.jar;D:\maven_repository\org\apache\httpcomponents\httpcore-nio\4.4.16\httpcore-nio-4.4.16.jar;D:\maven_repository\org\apache\httpcomponents\httpclient\4.5.14\httpclient-4.5.14.jar;D:\maven_repository\io\prometheus\simpleclient\0.16.0\simpleclient-0.16.0.jar;D:\maven_repository\io\prometheus\simpleclient_tracer_otel\0.16.0\simpleclient_tracer_otel-0.16.0.jar;D:\maven_repository\io\prometheus\simpleclient_tracer_common\0.16.0\simpleclient_tracer_common-0.16.0.jar;D:\maven_repository\io\prometheus\simpleclient_tracer_otel_agent\0.16.0\simpleclient_tracer_otel_agent-0.16.0.jar;D:\maven_repository\com\alibaba\spring\spring-context-support\1.0.11\spring-context-support-1.0.11.jar;D:\maven_repository\org\springframework\cloud\spring-cloud-commons\4.0.0\spring-cloud-commons-4.0.0.jar;D:\maven_repository\org\springframework\security\spring-security-crypto\6.0.1\spring-security-crypto-6.0.1.jar;D:\maven_repository\org\springframework\cloud\spring-cloud-context\4.0.0\spring-cloud-context-4.0.0.jar;D:\maven_repository\commons-io\commons-io\2.4\commons-io-2.4.jar;D:\maven_repository\org\perf4j\perf4j\0.9.16\perf4j-0.9.16.jar;D:\maven_repository\mysql\mysql-connector-java\8.0.29\mysql-connector-java-8.0.29.jar;D:\maven_repository\com\google\protobuf\protobuf-java\3.19.4\protobuf-java-3.19.4.jar;D:\maven_repository\com\alibaba\druid\1.0.18\druid-1.0.18.jar;D:\maven_repository\org\mybatis\mybatis\3.3.0\mybatis-3.3.0.jar;D:\maven_repository\org\apache\curator\curator-recipes\2.6.0\curator-recipes-2.6.0.jar;D:\maven_repository\org\apache\curator\curator-framework\5.1.0\curator-framework-5.1.0.jar;D:\maven_repository\org\apache\curator\curator-client\5.1.0\curator-client-5.1.0.jar;D:\maven_repository\com\google\guava\guava\33.0.0-jre\guava-33.0.0-jre.jar;D:\maven_repository\com\google\guava\failureaccess\1.0.2\failureaccess-1.0.2.jar;D:\maven_repository\com\google\guava\listenablefuture\9999.0-empty-to-avoid-conflict-with-guava\listenablefuture-9999.0-empty-to-avoid-conflict-with-guava.jar;D:\maven_repository\com\google\code\findbugs\jsr305\3.0.2\jsr305-3.0.2.jar;D:\maven_repository\org\checkerframework\checker-qual\3.41.0\checker-qual-3.41.0.jar;D:\maven_repository\com\google\errorprone\error_prone_annotations\2.23.0\error_prone_annotations-2.23.0.jar;D:\maven_repository\com\google\j2objc\j2objc-annotations\2.8\j2objc-annotations-2.8.jar;D:\maven_repository\org\apache\zookeeper\zookeeper\3.6.0\zookeeper-3.6.0.jar;D:\maven_repository\commons-lang\commons-lang\2.6\commons-lang-2.6.jar;D:\maven_repository\org\apache\zookeeper\zookeeper-jute\3.6.0\zookeeper-jute-3.6.0.jar;D:\maven_repository\org\apache\yetus\audience-annotations\0.5.0\audience-annotations-0.5.0.jar;D:\maven_repository\io\netty\netty-handler\4.1.87.Final\netty-handler-4.1.87.Final.jar;D:\maven_repository\io\netty\netty-common\4.1.87.Final\netty-common-4.1.87.Final.jar;D:\maven_repository\io\netty\netty-resolver\4.1.87.Final\netty-resolver-4.1.87.Final.jar;D:\maven_repository\io\netty\netty-buffer\4.1.87.Final\netty-buffer-4.1.87.Final.jar;D:\maven_repository\io\netty\netty-transport\4.1.87.Final\netty-transport-4.1.87.Final.jar;D:\maven_repository\io\netty\netty-transport-native-unix-common\4.1.87.Final\netty-transport-native-unix-common-4.1.87.Final.jar;D:\maven_repository\io\netty\netty-codec\4.1.87.Final\netty-codec-4.1.87.Final.jar;D:\maven_repository\io\netty\netty-transport-native-epoll\4.1.87.Final\netty-transport-native-epoll-4.1.87.Final.jar;D:\maven_repository\io\netty\netty-transport-classes-epoll\4.1.87.Final\netty-transport-classes-epoll-4.1.87.Final.jar
2025-11-03 13:02:54.357 [main] INFO  org.apache.zookeeper.ZooKeeper - Client environment:java.library.path=D:\JAVA\jdk17.0.12\bin;C:\windows\Sun\Java\bin;C:\windows\system32;C:\windows;C:\Program Files\Common Files\Oracle\Java\javapath;E:\x_2\system\programs;C:\Program Files (x86)\Thermo\Foundation\x64;C:\Program Files (x86)\Thermo\Foundation;D:\python\Scripts;D:\python;D:\虚拟机\bin;D:\JAVA\jdk17.0.12\bin;C:\ProgramData\Oracle\Java\javapath;C:\windows\system32;C:\windows;C:\windows\System32\Wbem;C:\windows\System32\WindowsPowerShell\v1.0;C:\windows\System32\OpenSSH;C:\Program Files\Microsoft SQL Server\150\Tools\Binn;C:\Program Files\dotnet;C:\Program Files (x86)\Windows Kits\10\Windows Performance Toolkit;C:\Program Files\MySQL\MySQL Server 5.7\bin;C:\Program Files\Bandizip;D:\Git\cmd;C:\Program Files (x86)\Microsoft SQL Server\110\DTS\Binn;C:\Program Files (x86)\Microsoft SQL Server\110\Tools\Binn;C:\Program Files (x86)\Microsoft SQL Server\110\Tools\Binn\ManagementStudio;C:\Program Files (x86)\Microsoft Visual Studio 10.0\Common7\IDE\PrivateAssemblies;D:\apache-maven-3.9.0-bin\apache-maven-3.9.0\bin;E:\Vue;E:\Vue\node_global\node_modules;E:\JMeter\apache-jmeter-5.6.3\bin;E:\jdk\bin;;C:\Program Files\Docker\Docker\resources\bin;E:\spss_model\ext\bin\spss.TMWBServer\bin;E:\spss_model\MPICH2\bin;E:\spss_model\TABI;C:\Users\hp\AppData\Local\Microsoft\WindowsApps;C:\Users\hp\AppData\Local\Programs\Microsoft VS Code Insiders\bin;C:\Users\hp\.dotnet\tools;D:\JAVA\IntelliJ IDEA 2021.1.3\bin;D:\C语言之后？\Microsoft VS Code\bin;D:\python\PyCharm Community Edition 2024.2.1\bin;E:\Vue\node_global;C:\Users\hp\AppData\Local\Programs\Ollama;E:\Ollama;.
2025-11-03 13:02:54.358 [main] INFO  org.apache.zookeeper.ZooKeeper - Client environment:java.io.tmpdir=C:\Users\hp\AppData\Local\Temp\
2025-11-03 13:02:54.358 [main] INFO  org.apache.zookeeper.ZooKeeper - Client environment:java.compiler=<NA>
2025-11-03 13:02:54.358 [main] INFO  org.apache.zookeeper.ZooKeeper - Client environment:os.name=Windows 11
2025-11-03 13:02:54.358 [main] INFO  org.apache.zookeeper.ZooKeeper - Client environment:os.arch=amd64
2025-11-03 13:02:54.358 [main] INFO  org.apache.zookeeper.ZooKeeper - Client environment:os.version=10.0
2025-11-03 13:02:54.358 [main] INFO  org.apache.zookeeper.ZooKeeper - Client environment:user.name=hp
2025-11-03 13:02:54.358 [main] INFO  org.apache.zookeeper.ZooKeeper - Client environment:user.home=C:\Users\hp
2025-11-03 13:02:54.358 [main] INFO  org.apache.zookeeper.ZooKeeper - Client environment:user.dir=E:\xiaohashu
2025-11-03 13:02:54.358 [main] INFO  org.apache.zookeeper.ZooKeeper - Client environment:os.memory.free=96MB
2025-11-03 13:02:54.358 [main] INFO  org.apache.zookeeper.ZooKeeper - Client environment:os.memory.max=4008MB
2025-11-03 13:02:54.358 [main] INFO  org.apache.zookeeper.ZooKeeper - Client environment:os.memory.total=154MB
2025-11-03 13:02:54.360 [main] INFO  org.apache.zookeeper.ZooKeeper - Initiating client connection, connectString=127.0.0.1:2181 sessionTimeout=6000 watcher=org.apache.curator.ConnectionState@245253d8
2025-11-03 13:02:54.362 [main] INFO  org.apache.zookeeper.common.X509Util - Setting -D jdk.tls.rejectClientInitiatedRenegotiation=true to disable client-initiated TLS renegotiation
2025-11-03 13:02:54.371 [main] INFO  org.apache.zookeeper.ClientCnxnSocket - jute.maxbuffer value is 1048575 Bytes
2025-11-03 13:02:54.373 [main] INFO  org.apache.zookeeper.ClientCnxn - zookeeper.request.timeout value is 0. feature enabled=false
2025-11-03 13:02:54.379 [main] INFO  o.a.curator.framework.imps.CuratorFrameworkImpl - Default schema
2025-11-03 13:02:54.379 [main-SendThread(127.0.0.1:2181)] INFO  org.apache.zookeeper.ClientCnxn - Opening socket connection to server activate.navicat.com/127.0.0.1:2181.
2025-11-03 13:02:54.379 [main-SendThread(127.0.0.1:2181)] INFO  org.apache.zookeeper.ClientCnxn - SASL config status: Will not attempt to authenticate using SASL (unknown error)
2025-11-03 13:02:54.381 [main-SendThread(127.0.0.1:2181)] INFO  org.apache.zookeeper.ClientCnxn - Socket connection established, initiating session, client: /127.0.0.1:14748, server: activate.navicat.com/127.0.0.1:2181
2025-11-03 13:02:54.391 [main-SendThread(127.0.0.1:2181)] INFO  org.apache.zookeeper.ClientCnxn - Session establishment complete on server activate.navicat.com/127.0.0.1:2181, session id = 0x10000003b570005, negotiated timeout = 6000
2025-11-03 13:02:54.395 [main-EventThread] INFO  o.a.curator.framework.state.ConnectionStateManager - State change: CONNECTED
2025-11-03 13:02:54.403 [main-EventThread] INFO  org.apache.curator.framework.imps.EnsembleTracker - New config event received: {}
2025-11-03 13:02:54.403 [main-EventThread] INFO  org.apache.curator.framework.imps.EnsembleTracker - New config event received: {}
2025-11-03 13:02:54.437 [main] INFO  c.q.x.d.i.g.b.c.snowflake.SnowflakeZookeeperHolder - file exists status is true
2025-11-03 13:02:54.449 [main] INFO  c.q.x.d.i.g.b.c.snowflake.SnowflakeZookeeperHolder - update file cache workerID is 0
2025-11-03 13:02:54.449 [main] INFO  c.q.x.d.i.g.b.c.snowflake.SnowflakeZookeeperHolder - [Old NODE]find forever node have this endpoint ip-192.168.134.1 port-2222 workid-0 childnode and start SUCCESS
2025-11-03 13:02:54.449 [main] INFO  c.q.x.d.i.g.biz.core.snowflake.SnowflakeIDGenImpl - START SUCCESS USE ZK WORKERID-0
2025-11-03 13:02:54.449 [main] INFO  c.q.x.d.id.generator.biz.service.SnowflakeService - Snowflake Service Init Successfully
2025-11-03 13:02:55.835 [main] INFO  org.springframework.cloud.commons.util.InetUtils - Cannot determine local hostname
2025-11-03 13:02:57.315 [main] INFO  org.springframework.cloud.commons.util.InetUtils - Cannot determine local hostname
2025-11-03 13:02:57.351 [main] INFO  o.s.boot.web.embedded.tomcat.TomcatWebServer - Tomcat started on port(s): 14751 (http) with context path ''
2025-11-03 13:02:57.355 [main] WARN  com.alibaba.nacos.client.logging.NacosLogging - Load Logback Configuration of Nacos fail, message: Could not initialize Logback Nacos logging from classpath:nacos-logback.xml
2025-11-03 13:02:57.355 [main] INFO  com.alibaba.nacos.client.naming - initializer namespace from ans.namespace attribute : null
2025-11-03 13:02:57.355 [main] INFO  com.alibaba.nacos.client.naming - initializer namespace from ALIBABA_ALIWARE_NAMESPACE attribute :null
2025-11-03 13:02:57.355 [main] INFO  com.alibaba.nacos.client.naming - initializer namespace from namespace attribute :null
2025-11-03 13:02:57.367 [main] INFO  com.alibaba.nacos.client.utils.ParamUtil - [settings] [req-serv] nacos-server port:8848
2025-11-03 13:02:57.367 [main] INFO  com.alibaba.nacos.client.utils.ParamUtil - [settings] [http-client] connect timeout:1000
2025-11-03 13:02:57.368 [main] INFO  com.alibaba.nacos.client.utils.ParamUtil - PER_TASK_CONFIG_SIZE: 3000.0
2025-11-03 13:02:57.370 [main] INFO  c.a.n.p.auth.spi.client.ClientAuthPluginManager - [ClientAuthPluginManager] Load ClientAuthService com.alibaba.nacos.client.auth.impl.NacosClientAuthServiceImpl success.
2025-11-03 13:02:57.370 [main] INFO  c.a.n.p.auth.spi.client.ClientAuthPluginManager - [ClientAuthPluginManager] Load ClientAuthService com.alibaba.nacos.client.auth.ram.RamClientAuthServiceImpl success.
2025-11-03 13:02:57.372 [main] INFO  c.a.n.client.auth.ram.identify.CredentialWatcher - null No credential found
2025-11-03 13:02:57.375 [main] INFO  com.alibaba.nacos.common.remote.client - [RpcClientFactory] create a new rpc client of 32a0234c-a8d7-4869-9998-e85855f6158f
2025-11-03 13:02:57.384 [main] INFO  com.alibaba.nacos.common.remote.client - [32a0234c-a8d7-4869-9998-e85855f6158f] RpcClient init, ServerListFactory = com.alibaba.nacos.client.naming.core.ServerListManager
2025-11-03 13:02:57.384 [main] INFO  com.alibaba.nacos.common.remote.client - [32a0234c-a8d7-4869-9998-e85855f6158f] Registry connection listener to current client:com.alibaba.nacos.client.naming.remote.gprc.redo.NamingGrpcRedoService
2025-11-03 13:02:57.385 [main] INFO  com.alibaba.nacos.common.remote.client - [32a0234c-a8d7-4869-9998-e85855f6158f] Register server push request handler:com.alibaba.nacos.client.naming.remote.gprc.NamingPushRequestHandler
2025-11-03 13:02:57.386 [main] INFO  com.alibaba.nacos.common.remote.client - [32a0234c-a8d7-4869-9998-e85855f6158f] Try to connect to server on start up, server: {serverIp = '127.0.0.1', server main port = 8848}
2025-11-03 13:02:57.389 [main] INFO  c.a.nacos.common.remote.client.grpc.GrpcClient - grpc client connection server:127.0.0.1 ip,serverPort:9848,grpcTslConfig:{"sslProvider":"OPENSSL","enableTls":false,"mutualAuthEnable":false,"trustAll":false}
2025-11-03 13:02:58.093 [main] INFO  com.alibaba.nacos.common.remote.client - [32a0234c-a8d7-4869-9998-e85855f6158f] Success to connect to server [127.0.0.1:8848] on start up, connectionId = 1762146177937_127.0.0.1_14752
2025-11-03 13:02:58.093 [com.alibaba.nacos.client.remote.worker] INFO  com.alibaba.nacos.common.remote.client - [32a0234c-a8d7-4869-9998-e85855f6158f] Notify connected event to listeners.
2025-11-03 13:02:58.093 [com.alibaba.nacos.client.remote.worker] INFO  com.alibaba.nacos.client.naming - Grpc connection connect
2025-11-03 13:02:58.093 [main] INFO  com.alibaba.nacos.common.remote.client - [32a0234c-a8d7-4869-9998-e85855f6158f] Register server push request handler:com.alibaba.nacos.common.remote.client.RpcClient$ConnectResetRequestHandler
2025-11-03 13:02:58.094 [main] INFO  com.alibaba.nacos.common.remote.client - [32a0234c-a8d7-4869-9998-e85855f6158f] Register server push request handler:com.alibaba.nacos.common.remote.client.RpcClient$$Lambda$979/0x000001c081679ff8
2025-11-03 13:02:58.095 [main] INFO  com.alibaba.nacos.client.naming - [REGISTER-SERVICE] xiaohashu registering service xiaohashu-distributed-id-generator with instance Instance{instanceId='null', ip='192.168.134.1', port=14751, weight=1.0, healthy=true, enabled=true, ephemeral=true, clusterName='DEFAULT', serviceName='null', metadata={IPv6=null, preserved.register.source=SPRING_CLOUD}}
2025-11-03 13:02:58.107 [main] INFO  c.a.cloud.nacos.registry.NacosServiceRegistry - nacos registry, DEFAULT_GROUP xiaohashu-distributed-id-generator 192.168.134.1:14751 register finished
2025-11-03 13:02:59.351 [main] INFO  org.springframework.cloud.commons.util.InetUtils - Cannot determine local hostname
2025-11-03 13:02:59.356 [main] INFO  c.q.x.d.i.g.b.XiaohashuDistributedIdGeneratorBizApplication - Started XiaohashuDistributedIdGeneratorBizApplication in 8.997 seconds (process running for 9.727)
2025-11-03 13:03:54.314 [check-idCache-thread] INFO  c.q.x.d.i.g.biz.core.segment.SegmentIDGenImpl - update cache from db
2025-11-03 13:03:54.324 [check-idCache-thread] INFO  org.perf4j.TimingLogger - start[1762146234314] time[9] tag[updateCacheFromDb]
2025-11-03 13:04:54.340 [check-idCache-thread] INFO  c.q.x.d.i.g.biz.core.segment.SegmentIDGenImpl - update cache from db
2025-11-03 13:04:54.341 [check-idCache-thread] INFO  org.perf4j.TimingLogger - start[1762146294340] time[1] tag[updateCacheFromDb]
2025-11-03 13:05:54.346 [check-idCache-thread] INFO  c.q.x.d.i.g.biz.core.segment.SegmentIDGenImpl - update cache from db
2025-11-03 13:05:54.348 [check-idCache-thread] INFO  org.perf4j.TimingLogger - start[1762146354347] time[1] tag[updateCacheFromDb]
2025-11-03 13:06:54.361 [check-idCache-thread] INFO  c.q.x.d.i.g.biz.core.segment.SegmentIDGenImpl - update cache from db
2025-11-03 13:06:54.365 [check-idCache-thread] INFO  org.perf4j.TimingLogger - start[1762146414361] time[3] tag[updateCacheFromDb]
2025-11-03 13:07:54.378 [check-idCache-thread] INFO  c.q.x.d.i.g.biz.core.segment.SegmentIDGenImpl - update cache from db
2025-11-03 13:07:54.379 [check-idCache-thread] INFO  org.perf4j.TimingLogger - start[1762146474378] time[1] tag[updateCacheFromDb]
2025-11-03 13:08:18.846 [http-nio-auto-1-exec-1] INFO  o.a.c.core.ContainerBase.[Tomcat].[localhost].[/] - Initializing Spring DispatcherServlet 'dispatcherServlet'
2025-11-03 13:08:18.846 [http-nio-auto-1-exec-1] INFO  org.springframework.web.servlet.DispatcherServlet - Initializing Servlet 'dispatcherServlet'
2025-11-03 13:08:18.847 [http-nio-auto-1-exec-1] INFO  org.springframework.web.servlet.DispatcherServlet - Completed initialization in 1 ms
2025-11-03 13:08:54.392 [check-idCache-thread] INFO  c.q.x.d.i.g.biz.core.segment.SegmentIDGenImpl - update cache from db
2025-11-03 13:08:54.394 [check-idCache-thread] INFO  org.perf4j.TimingLogger - start[1762146534392] time[1] tag[updateCacheFromDb]
2025-11-03 13:09:54.395 [check-idCache-thread] INFO  c.q.x.d.i.g.biz.core.segment.SegmentIDGenImpl - update cache from db
2025-11-03 13:09:54.397 [check-idCache-thread] INFO  org.perf4j.TimingLogger - start[1762146594395] time[1] tag[updateCacheFromDb]
2025-11-03 13:10:54.402 [check-idCache-thread] INFO  c.q.x.d.i.g.biz.core.segment.SegmentIDGenImpl - update cache from db
2025-11-03 13:10:54.406 [check-idCache-thread] INFO  org.perf4j.TimingLogger - start[1762146654403] time[3] tag[updateCacheFromDb]
2025-11-03 13:11:54.420 [check-idCache-thread] INFO  c.q.x.d.i.g.biz.core.segment.SegmentIDGenImpl - update cache from db
2025-11-03 13:11:54.420 [check-idCache-thread] INFO  org.perf4j.TimingLogger - start[1762146714420] time[1] tag[updateCacheFromDb]
2025-11-03 13:12:02.347 [main-SendThread(127.0.0.1:2181)] WARN  org.apache.zookeeper.ClientCnxn - Client session timed out, have not heard from server in 4008ms for session id 0x10000003b570005
2025-11-03 13:12:02.347 [main-SendThread(127.0.0.1:2181)] WARN  org.apache.zookeeper.ClientCnxn - Session 0x10000003b570005 for sever activate.navicat.com/127.0.0.1:2181, Closing socket connection. Attempting reconnect except it is a SessionExpiredException.
org.apache.zookeeper.ClientCnxn$SessionTimeoutException: Client session timed out, have not heard from server in 4008ms for session id 0x10000003b570005
	at org.apache.zookeeper.ClientCnxn$SendThread.run(ClientCnxn.java:1230)
2025-11-03 13:12:02.456 [main-EventThread] INFO  o.a.curator.framework.state.ConnectionStateManager - State change: SUSPENDED
2025-11-03 13:12:02.472 [schedule-upload-time] INFO  c.q.x.d.i.g.b.c.snowflake.SnowflakeZookeeperHolder - update init data error path is /snowflake/com.sankuai.leaf.opensource.test/forever/192.168.134.1:2222-0000000000 error is {}
org.apache.zookeeper.KeeperException$ConnectionLossException: KeeperErrorCode = ConnectionLoss for /snowflake/com.sankuai.leaf.opensource.test/forever/192.168.134.1:2222-0000000000
	at org.apache.zookeeper.KeeperException.create(KeeperException.java:102)
	at org.apache.zookeeper.KeeperException.create(KeeperException.java:54)
	at org.apache.zookeeper.ZooKeeper.setData(ZooKeeper.java:2551)
	at org.apache.curator.framework.imps.SetDataBuilderImpl$4.call(SetDataBuilderImpl.java:291)
	at org.apache.curator.framework.imps.SetDataBuilderImpl$4.call(SetDataBuilderImpl.java:287)
	at org.apache.curator.RetryLoop.callWithRetry(RetryLoop.java:93)
	at org.apache.curator.framework.imps.SetDataBuilderImpl.pathInForeground(SetDataBuilderImpl.java:284)
	at org.apache.curator.framework.imps.SetDataBuilderImpl.forPath(SetDataBuilderImpl.java:270)
	at org.apache.curator.framework.imps.SetDataBuilderImpl.forPath(SetDataBuilderImpl.java:33)
	at com.quanxiaoha.xiaohashu.distributed.id.generator.biz.core.snowflake.SnowflakeZookeeperHolder.updateNewData(SnowflakeZookeeperHolder.java:158)
	at com.quanxiaoha.xiaohashu.distributed.id.generator.biz.core.snowflake.SnowflakeZookeeperHolder$1.run(SnowflakeZookeeperHolder.java:124)
	at java.base/java.util.concurrent.Executors$RunnableAdapter.call(Executors.java:539)
	at java.base/java.util.concurrent.FutureTask.runAndReset(FutureTask.java:305)
	at java.base/java.util.concurrent.ScheduledThreadPoolExecutor$ScheduledFutureTask.run(ScheduledThreadPoolExecutor.java:305)
	at java.base/java.util.concurrent.ThreadPoolExecutor.runWorker(ThreadPoolExecutor.java:1136)
	at java.base/java.util.concurrent.ThreadPoolExecutor$Worker.run(ThreadPoolExecutor.java:635)
	at java.base/java.lang.Thread.run(Thread.java:842)
2025-11-03 13:12:04.360 [main-SendThread(127.0.0.1:2181)] INFO  org.apache.zookeeper.ClientCnxn - Opening socket connection to server activate.navicat.com/127.0.0.1:2181.
2025-11-03 13:12:04.360 [main-SendThread(127.0.0.1:2181)] INFO  org.apache.zookeeper.ClientCnxn - SASL config status: Will not attempt to authenticate using SASL (unknown error)
2025-11-03 13:12:04.361 [main-SendThread(127.0.0.1:2181)] INFO  org.apache.zookeeper.ClientCnxn - Socket connection established, initiating session, client: /127.0.0.1:1466, server: activate.navicat.com/127.0.0.1:2181
2025-11-03 13:12:40.372 [main-SendThread(127.0.0.1:2181)] WARN  org.apache.zookeeper.ClientCnxn - Client session timed out, have not heard from server in 36012ms for session id 0x10000003b570005
2025-11-03 13:12:40.372 [main-SendThread(127.0.0.1:2181)] WARN  org.apache.zookeeper.ClientCnxn - Session 0x10000003b570005 for sever activate.navicat.com/127.0.0.1:2181, Closing socket connection. Attempting reconnect except it is a SessionExpiredException.
org.apache.zookeeper.ClientCnxn$SessionTimeoutException: Client session timed out, have not heard from server in 36012ms for session id 0x10000003b570005
	at org.apache.zookeeper.ClientCnxn$SendThread.run(ClientCnxn.java:1230)
2025-11-03 13:12:41.991 [main-SendThread(127.0.0.1:2181)] INFO  org.apache.zookeeper.ClientCnxn - Opening socket connection to server activate.navicat.com/127.0.0.1:2181.
2025-11-03 13:12:41.991 [main-SendThread(127.0.0.1:2181)] INFO  org.apache.zookeeper.ClientCnxn - SASL config status: Will not attempt to authenticate using SASL (unknown error)
2025-11-03 13:12:41.993 [main-SendThread(127.0.0.1:2181)] INFO  org.apache.zookeeper.ClientCnxn - Socket connection established, initiating session, client: /127.0.0.1:1507, server: activate.navicat.com/127.0.0.1:2181
2025-11-03 13:12:42.002 [main-SendThread(127.0.0.1:2181)] INFO  org.apache.zookeeper.ClientCnxn - Session establishment complete on server activate.navicat.com/127.0.0.1:2181, session id = 0x10000003b570005, negotiated timeout = 6000
2025-11-03 13:12:42.003 [main-EventThread] INFO  o.a.curator.framework.state.ConnectionStateManager - State change: RECONNECTED
2025-11-03 13:12:42.007 [main-EventThread] INFO  org.apache.curator.framework.imps.EnsembleTracker - New config event received: {}
2025-11-03 13:12:58.054 [main-SendThread(127.0.0.1:2181)] WARN  org.apache.zookeeper.ClientCnxn - Client session timed out, have not heard from server in 4005ms for session id 0x10000003b570005
2025-11-03 13:12:58.054 [main-SendThread(127.0.0.1:2181)] WARN  org.apache.zookeeper.ClientCnxn - Session 0x10000003b570005 for sever activate.navicat.com/127.0.0.1:2181, Closing socket connection. Attempting reconnect except it is a SessionExpiredException.
org.apache.zookeeper.ClientCnxn$SessionTimeoutException: Client session timed out, have not heard from server in 4005ms for session id 0x10000003b570005
	at org.apache.zookeeper.ClientCnxn$SendThread.run(ClientCnxn.java:1230)
2025-11-03 13:12:58.166 [main-EventThread] INFO  o.a.curator.framework.state.ConnectionStateManager - State change: SUSPENDED
2025-11-03 13:12:58.181 [schedule-upload-time] INFO  c.q.x.d.i.g.b.c.snowflake.SnowflakeZookeeperHolder - update init data error path is /snowflake/com.sankuai.leaf.opensource.test/forever/192.168.134.1:2222-0000000000 error is {}
org.apache.zookeeper.KeeperException$ConnectionLossException: KeeperErrorCode = ConnectionLoss for /snowflake/com.sankuai.leaf.opensource.test/forever/192.168.134.1:2222-0000000000
	at org.apache.zookeeper.KeeperException.create(KeeperException.java:102)
	at org.apache.zookeeper.KeeperException.create(KeeperException.java:54)
	at org.apache.zookeeper.ZooKeeper.setData(ZooKeeper.java:2551)
	at org.apache.curator.framework.imps.SetDataBuilderImpl$4.call(SetDataBuilderImpl.java:291)
	at org.apache.curator.framework.imps.SetDataBuilderImpl$4.call(SetDataBuilderImpl.java:287)
	at org.apache.curator.RetryLoop.callWithRetry(RetryLoop.java:93)
	at org.apache.curator.framework.imps.SetDataBuilderImpl.pathInForeground(SetDataBuilderImpl.java:284)
	at org.apache.curator.framework.imps.SetDataBuilderImpl.forPath(SetDataBuilderImpl.java:270)
	at org.apache.curator.framework.imps.SetDataBuilderImpl.forPath(SetDataBuilderImpl.java:33)
	at com.quanxiaoha.xiaohashu.distributed.id.generator.biz.core.snowflake.SnowflakeZookeeperHolder.updateNewData(SnowflakeZookeeperHolder.java:158)
	at com.quanxiaoha.xiaohashu.distributed.id.generator.biz.core.snowflake.SnowflakeZookeeperHolder$1.run(SnowflakeZookeeperHolder.java:124)
	at java.base/java.util.concurrent.Executors$RunnableAdapter.call(Executors.java:539)
	at java.base/java.util.concurrent.FutureTask.runAndReset(FutureTask.java:305)
	at java.base/java.util.concurrent.ScheduledThreadPoolExecutor$ScheduledFutureTask.run(ScheduledThreadPoolExecutor.java:305)
	at java.base/java.util.concurrent.ThreadPoolExecutor.runWorker(ThreadPoolExecutor.java:1136)
	at java.base/java.util.concurrent.ThreadPoolExecutor$Worker.run(ThreadPoolExecutor.java:635)
	at java.base/java.lang.Thread.run(Thread.java:842)
2025-11-03 13:12:59.676 [main-SendThread(127.0.0.1:2181)] INFO  org.apache.zookeeper.ClientCnxn - Opening socket connection to server activate.navicat.com/127.0.0.1:2181.
2025-11-03 13:12:59.676 [main-SendThread(127.0.0.1:2181)] INFO  org.apache.zookeeper.ClientCnxn - SASL config status: Will not attempt to authenticate using SASL (unknown error)
2025-11-03 13:12:59.677 [main-SendThread(127.0.0.1:2181)] INFO  org.apache.zookeeper.ClientCnxn - Socket connection established, initiating session, client: /127.0.0.1:1563, server: activate.navicat.com/127.0.0.1:2181
2025-11-03 13:29:57.909 [main-SendThread(127.0.0.1:2181)] WARN  org.apache.zookeeper.ClientCnxn - Client session timed out, have not heard from server in 1018232ms for session id 0x10000003b570005
2025-11-03 13:29:57.910 [main-SendThread(127.0.0.1:2181)] WARN  org.apache.zookeeper.ClientCnxn - Session 0x10000003b570005 for sever activate.navicat.com/127.0.0.1:2181, Closing socket connection. Attempting reconnect except it is a SessionExpiredException.
org.apache.zookeeper.ClientCnxn$SessionTimeoutException: Client session timed out, have not heard from server in 1018232ms for session id 0x10000003b570005
	at org.apache.zookeeper.ClientCnxn$SendThread.run(ClientCnxn.java:1230)
2025-11-03 13:29:59.377 [main-SendThread(127.0.0.1:2181)] INFO  org.apache.zookeeper.ClientCnxn - Opening socket connection to server activate.navicat.com/127.0.0.1:2181.
2025-11-03 13:29:59.378 [main-SendThread(127.0.0.1:2181)] INFO  org.apache.zookeeper.ClientCnxn - SASL config status: Will not attempt to authenticate using SASL (unknown error)
2025-11-03 13:29:59.379 [main-SendThread(127.0.0.1:2181)] INFO  org.apache.zookeeper.ClientCnxn - Socket connection established, initiating session, client: /127.0.0.1:1597, server: activate.navicat.com/127.0.0.1:2181
2025-11-03 13:29:59.433 [main-SendThread(127.0.0.1:2181)] INFO  org.apache.zookeeper.ClientCnxn - Session establishment complete on server activate.navicat.com/127.0.0.1:2181, session id = 0x10000003b570005, negotiated timeout = 6000
2025-11-03 13:29:59.434 [main-EventThread] INFO  o.a.curator.framework.state.ConnectionStateManager - State change: RECONNECTED
2025-11-03 13:29:59.519 [main-EventThread] INFO  org.apache.curator.framework.imps.EnsembleTracker - New config event received: {}
2025-11-03 13:30:26.759 [check-idCache-thread] INFO  c.q.x.d.i.g.biz.core.segment.SegmentIDGenImpl - update cache from db
2025-11-03 13:30:26.762 [check-idCache-thread] INFO  org.perf4j.TimingLogger - start[1762147826759] time[2] tag[updateCacheFromDb]
2025-11-03 13:31:26.776 [check-idCache-thread] INFO  c.q.x.d.i.g.biz.core.segment.SegmentIDGenImpl - update cache from db
2025-11-03 13:31:26.779 [check-idCache-thread] INFO  org.perf4j.TimingLogger - start[1762147886776] time[2] tag[updateCacheFromDb]
2025-11-03 13:32:26.793 [check-idCache-thread] INFO  c.q.x.d.i.g.biz.core.segment.SegmentIDGenImpl - update cache from db
2025-11-03 13:32:26.797 [check-idCache-thread] INFO  org.perf4j.TimingLogger - start[1762147946794] time[3] tag[updateCacheFromDb]
2025-11-03 13:33:26.799 [check-idCache-thread] INFO  c.q.x.d.i.g.biz.core.segment.SegmentIDGenImpl - update cache from db
2025-11-03 13:33:26.803 [check-idCache-thread] INFO  org.perf4j.TimingLogger - start[1762148006800] time[3] tag[updateCacheFromDb]
2025-11-03 13:34:26.805 [check-idCache-thread] INFO  c.q.x.d.i.g.biz.core.segment.SegmentIDGenImpl - update cache from db
2025-11-03 13:34:26.809 [check-idCache-thread] INFO  org.perf4j.TimingLogger - start[1762148066806] time[3] tag[updateCacheFromDb]
2025-11-03 13:35:26.820 [check-idCache-thread] INFO  c.q.x.d.i.g.biz.core.segment.SegmentIDGenImpl - update cache from db
2025-11-03 13:35:26.825 [check-idCache-thread] INFO  org.perf4j.TimingLogger - start[1762148126820] time[4] tag[updateCacheFromDb]
2025-11-03 13:36:26.826 [check-idCache-thread] INFO  c.q.x.d.i.g.biz.core.segment.SegmentIDGenImpl - update cache from db
2025-11-03 13:36:26.830 [check-idCache-thread] INFO  org.perf4j.TimingLogger - start[1762148186826] time[2] tag[updateCacheFromDb]
2025-11-03 13:37:26.834 [check-idCache-thread] INFO  c.q.x.d.i.g.biz.core.segment.SegmentIDGenImpl - update cache from db
2025-11-03 13:37:26.837 [check-idCache-thread] INFO  org.perf4j.TimingLogger - start[1762148246835] time[2] tag[updateCacheFromDb]
2025-11-03 13:38:26.842 [check-idCache-thread] INFO  c.q.x.d.i.g.biz.core.segment.SegmentIDGenImpl - update cache from db
2025-11-03 13:38:26.845 [check-idCache-thread] INFO  org.perf4j.TimingLogger - start[1762148306842] time[3] tag[updateCacheFromDb]
2025-11-03 13:39:26.857 [check-idCache-thread] INFO  c.q.x.d.i.g.biz.core.segment.SegmentIDGenImpl - update cache from db
2025-11-03 13:39:26.861 [check-idCache-thread] INFO  org.perf4j.TimingLogger - start[1762148366857] time[2] tag[updateCacheFromDb]
2025-11-03 13:40:26.875 [check-idCache-thread] INFO  c.q.x.d.i.g.biz.core.segment.SegmentIDGenImpl - update cache from db
2025-11-03 13:40:26.878 [check-idCache-thread] INFO  org.perf4j.TimingLogger - start[1762148426876] time[2] tag[updateCacheFromDb]
2025-11-03 13:41:26.890 [check-idCache-thread] INFO  c.q.x.d.i.g.biz.core.segment.SegmentIDGenImpl - update cache from db
2025-11-03 13:41:26.892 [check-idCache-thread] INFO  org.perf4j.TimingLogger - start[1762148486890] time[2] tag[updateCacheFromDb]
2025-11-03 13:42:26.897 [check-idCache-thread] INFO  c.q.x.d.i.g.biz.core.segment.SegmentIDGenImpl - update cache from db
2025-11-03 13:42:26.901 [check-idCache-thread] INFO  org.perf4j.TimingLogger - start[1762148546897] time[3] tag[updateCacheFromDb]
2025-11-03 13:43:26.913 [check-idCache-thread] INFO  c.q.x.d.i.g.biz.core.segment.SegmentIDGenImpl - update cache from db
2025-11-03 13:43:26.917 [check-idCache-thread] INFO  org.perf4j.TimingLogger - start[1762148606914] time[3] tag[updateCacheFromDb]
2025-11-03 13:44:26.929 [check-idCache-thread] INFO  c.q.x.d.i.g.biz.core.segment.SegmentIDGenImpl - update cache from db
2025-11-03 13:44:26.930 [check-idCache-thread] INFO  org.perf4j.TimingLogger - start[1762148666929] time[1] tag[updateCacheFromDb]
2025-11-03 13:45:26.946 [check-idCache-thread] INFO  c.q.x.d.i.g.biz.core.segment.SegmentIDGenImpl - update cache from db
2025-11-03 13:45:26.950 [check-idCache-thread] INFO  org.perf4j.TimingLogger - start[1762148726947] time[3] tag[updateCacheFromDb]
2025-11-03 13:46:26.964 [check-idCache-thread] INFO  c.q.x.d.i.g.biz.core.segment.SegmentIDGenImpl - update cache from db
2025-11-03 13:46:26.968 [check-idCache-thread] INFO  org.perf4j.TimingLogger - start[1762148786964] time[3] tag[updateCacheFromDb]
2025-11-03 13:47:26.980 [check-idCache-thread] INFO  c.q.x.d.i.g.biz.core.segment.SegmentIDGenImpl - update cache from db
2025-11-03 13:47:26.982 [check-idCache-thread] INFO  org.perf4j.TimingLogger - start[1762148846980] time[1] tag[updateCacheFromDb]
2025-11-03 13:48:26.992 [check-idCache-thread] INFO  c.q.x.d.i.g.biz.core.segment.SegmentIDGenImpl - update cache from db
2025-11-03 13:48:26.996 [check-idCache-thread] INFO  org.perf4j.TimingLogger - start[1762148906993] time[3] tag[updateCacheFromDb]
2025-11-03 13:49:27.008 [check-idCache-thread] INFO  c.q.x.d.i.g.biz.core.segment.SegmentIDGenImpl - update cache from db
2025-11-03 13:49:27.011 [check-idCache-thread] INFO  org.perf4j.TimingLogger - start[1762148967008] time[3] tag[updateCacheFromDb]
2025-11-03 13:50:27.021 [check-idCache-thread] INFO  c.q.x.d.i.g.biz.core.segment.SegmentIDGenImpl - update cache from db
2025-11-03 13:50:27.029 [check-idCache-thread] INFO  org.perf4j.TimingLogger - start[1762149027026] time[2] tag[updateCacheFromDb]
2025-11-03 13:51:27.035 [check-idCache-thread] INFO  c.q.x.d.i.g.biz.core.segment.SegmentIDGenImpl - update cache from db
2025-11-03 13:51:27.038 [check-idCache-thread] INFO  org.perf4j.TimingLogger - start[1762149087035] time[2] tag[updateCacheFromDb]
2025-11-03 13:52:27.046 [check-idCache-thread] INFO  c.q.x.d.i.g.biz.core.segment.SegmentIDGenImpl - update cache from db
2025-11-03 13:52:27.048 [check-idCache-thread] INFO  org.perf4j.TimingLogger - start[1762149147046] time[2] tag[updateCacheFromDb]
2025-11-03 13:53:27.057 [check-idCache-thread] INFO  c.q.x.d.i.g.biz.core.segment.SegmentIDGenImpl - update cache from db
2025-11-03 13:53:27.059 [check-idCache-thread] INFO  org.perf4j.TimingLogger - start[1762149207057] time[1] tag[updateCacheFromDb]
2025-11-03 13:54:27.076 [check-idCache-thread] INFO  c.q.x.d.i.g.biz.core.segment.SegmentIDGenImpl - update cache from db
2025-11-03 13:54:27.077 [check-idCache-thread] INFO  org.perf4j.TimingLogger - start[1762149267076] time[1] tag[updateCacheFromDb]
2025-11-03 13:55:27.078 [check-idCache-thread] INFO  c.q.x.d.i.g.biz.core.segment.SegmentIDGenImpl - update cache from db
2025-11-03 13:55:27.081 [check-idCache-thread] INFO  org.perf4j.TimingLogger - start[1762149327078] time[2] tag[updateCacheFromDb]
2025-11-03 13:56:27.090 [check-idCache-thread] INFO  c.q.x.d.i.g.biz.core.segment.SegmentIDGenImpl - update cache from db
2025-11-03 13:56:27.094 [check-idCache-thread] INFO  org.perf4j.TimingLogger - start[1762149387090] time[2] tag[updateCacheFromDb]
2025-11-03 13:57:27.107 [check-idCache-thread] INFO  c.q.x.d.i.g.biz.core.segment.SegmentIDGenImpl - update cache from db
2025-11-03 13:57:27.110 [check-idCache-thread] INFO  org.perf4j.TimingLogger - start[1762149447108] time[1] tag[updateCacheFromDb]
2025-11-03 13:58:27.112 [check-idCache-thread] INFO  c.q.x.d.i.g.biz.core.segment.SegmentIDGenImpl - update cache from db
2025-11-03 13:58:27.116 [check-idCache-thread] INFO  org.perf4j.TimingLogger - start[1762149507113] time[2] tag[updateCacheFromDb]
2025-11-03 13:59:27.126 [check-idCache-thread] INFO  c.q.x.d.i.g.biz.core.segment.SegmentIDGenImpl - update cache from db
2025-11-03 13:59:27.129 [check-idCache-thread] INFO  org.perf4j.TimingLogger - start[1762149567127] time[2] tag[updateCacheFromDb]
2025-11-03 14:00:27.138 [check-idCache-thread] INFO  c.q.x.d.i.g.biz.core.segment.SegmentIDGenImpl - update cache from db
2025-11-03 14:00:27.142 [check-idCache-thread] INFO  org.perf4j.TimingLogger - start[1762149627138] time[3] tag[updateCacheFromDb]
2025-11-03 14:01:27.154 [check-idCache-thread] INFO  c.q.x.d.i.g.biz.core.segment.SegmentIDGenImpl - update cache from db
2025-11-03 14:01:27.156 [check-idCache-thread] INFO  org.perf4j.TimingLogger - start[1762149687155] time[1] tag[updateCacheFromDb]
2025-11-03 14:02:27.164 [check-idCache-thread] INFO  c.q.x.d.i.g.biz.core.segment.SegmentIDGenImpl - update cache from db
2025-11-03 14:02:27.165 [check-idCache-thread] INFO  org.perf4j.TimingLogger - start[1762149747164] time[1] tag[updateCacheFromDb]
2025-11-03 14:03:27.176 [check-idCache-thread] INFO  c.q.x.d.i.g.biz.core.segment.SegmentIDGenImpl - update cache from db
2025-11-03 14:03:27.177 [check-idCache-thread] INFO  org.perf4j.TimingLogger - start[1762149807176] time[1] tag[updateCacheFromDb]
2025-11-03 14:04:27.178 [check-idCache-thread] INFO  c.q.x.d.i.g.biz.core.segment.SegmentIDGenImpl - update cache from db
2025-11-03 14:04:27.181 [check-idCache-thread] INFO  org.perf4j.TimingLogger - start[1762149867178] time[2] tag[updateCacheFromDb]
2025-11-03 14:05:27.189 [check-idCache-thread] INFO  c.q.x.d.i.g.biz.core.segment.SegmentIDGenImpl - update cache from db
2025-11-03 14:05:27.191 [check-idCache-thread] INFO  org.perf4j.TimingLogger - start[1762149927189] time[2] tag[updateCacheFromDb]
2025-11-03 14:06:27.194 [check-idCache-thread] INFO  c.q.x.d.i.g.biz.core.segment.SegmentIDGenImpl - update cache from db
2025-11-03 14:06:27.196 [check-idCache-thread] INFO  org.perf4j.TimingLogger - start[1762149987195] time[1] tag[updateCacheFromDb]
2025-11-03 14:07:27.197 [check-idCache-thread] INFO  c.q.x.d.i.g.biz.core.segment.SegmentIDGenImpl - update cache from db
2025-11-03 14:07:27.202 [check-idCache-thread] INFO  org.perf4j.TimingLogger - start[1762150047197] time[5] tag[updateCacheFromDb]
2025-11-03 14:08:27.213 [check-idCache-thread] INFO  c.q.x.d.i.g.biz.core.segment.SegmentIDGenImpl - update cache from db
2025-11-03 14:08:27.215 [check-idCache-thread] INFO  org.perf4j.TimingLogger - start[1762150107213] time[3] tag[updateCacheFromDb]
2025-11-03 14:09:27.220 [check-idCache-thread] INFO  c.q.x.d.i.g.biz.core.segment.SegmentIDGenImpl - update cache from db
2025-11-03 14:09:27.222 [check-idCache-thread] INFO  org.perf4j.TimingLogger - start[1762150167220] time[2] tag[updateCacheFromDb]
2025-11-03 14:10:27.235 [check-idCache-thread] INFO  c.q.x.d.i.g.biz.core.segment.SegmentIDGenImpl - update cache from db
2025-11-03 14:10:27.238 [check-idCache-thread] INFO  org.perf4j.TimingLogger - start[1762150227235] time[2] tag[updateCacheFromDb]
2025-11-03 14:11:27.255 [check-idCache-thread] INFO  c.q.x.d.i.g.biz.core.segment.SegmentIDGenImpl - update cache from db
2025-11-03 14:11:27.258 [check-idCache-thread] INFO  org.perf4j.TimingLogger - start[1762150287255] time[3] tag[updateCacheFromDb]
2025-11-03 14:12:27.269 [check-idCache-thread] INFO  c.q.x.d.i.g.biz.core.segment.SegmentIDGenImpl - update cache from db
2025-11-03 14:12:27.275 [check-idCache-thread] INFO  org.perf4j.TimingLogger - start[1762150347269] time[5] tag[updateCacheFromDb]
2025-11-03 14:13:27.290 [check-idCache-thread] INFO  c.q.x.d.i.g.biz.core.segment.SegmentIDGenImpl - update cache from db
2025-11-03 14:13:27.293 [check-idCache-thread] INFO  org.perf4j.TimingLogger - start[1762150407290] time[2] tag[updateCacheFromDb]
2025-11-03 14:14:27.299 [check-idCache-thread] INFO  c.q.x.d.i.g.biz.core.segment.SegmentIDGenImpl - update cache from db
2025-11-03 14:14:27.304 [check-idCache-thread] INFO  org.perf4j.TimingLogger - start[1762150467303] time[1] tag[updateCacheFromDb]
2025-11-03 14:15:27.315 [check-idCache-thread] INFO  c.q.x.d.i.g.biz.core.segment.SegmentIDGenImpl - update cache from db
2025-11-03 14:15:27.317 [check-idCache-thread] INFO  org.perf4j.TimingLogger - start[1762150527315] time[1] tag[updateCacheFromDb]
2025-11-03 14:16:27.332 [check-idCache-thread] INFO  c.q.x.d.i.g.biz.core.segment.SegmentIDGenImpl - update cache from db
2025-11-03 14:16:27.334 [check-idCache-thread] INFO  org.perf4j.TimingLogger - start[1762150587332] time[2] tag[updateCacheFromDb]
2025-11-03 14:17:27.343 [check-idCache-thread] INFO  c.q.x.d.i.g.biz.core.segment.SegmentIDGenImpl - update cache from db
2025-11-03 14:17:27.344 [check-idCache-thread] INFO  org.perf4j.TimingLogger - start[1762150647343] time[2] tag[updateCacheFromDb]
2025-11-03 14:18:27.346 [check-idCache-thread] INFO  c.q.x.d.i.g.biz.core.segment.SegmentIDGenImpl - update cache from db
2025-11-03 14:18:27.352 [check-idCache-thread] INFO  org.perf4j.TimingLogger - start[1762150707346] time[5] tag[updateCacheFromDb]
2025-11-03 14:19:27.359 [check-idCache-thread] INFO  c.q.x.d.i.g.biz.core.segment.SegmentIDGenImpl - update cache from db
2025-11-03 14:19:27.362 [check-idCache-thread] INFO  org.perf4j.TimingLogger - start[1762150767359] time[2] tag[updateCacheFromDb]
2025-11-03 14:20:27.369 [check-idCache-thread] INFO  c.q.x.d.i.g.biz.core.segment.SegmentIDGenImpl - update cache from db
2025-11-03 14:20:27.373 [check-idCache-thread] INFO  org.perf4j.TimingLogger - start[1762150827369] time[4] tag[updateCacheFromDb]
2025-11-03 14:21:27.380 [check-idCache-thread] INFO  c.q.x.d.i.g.biz.core.segment.SegmentIDGenImpl - update cache from db
2025-11-03 14:21:27.382 [check-idCache-thread] INFO  org.perf4j.TimingLogger - start[1762150887380] time[2] tag[updateCacheFromDb]
2025-11-03 14:22:27.390 [check-idCache-thread] INFO  c.q.x.d.i.g.biz.core.segment.SegmentIDGenImpl - update cache from db
2025-11-03 14:22:27.392 [check-idCache-thread] INFO  org.perf4j.TimingLogger - start[1762150947390] time[2] tag[updateCacheFromDb]
2025-11-03 14:23:27.406 [check-idCache-thread] INFO  c.q.x.d.i.g.biz.core.segment.SegmentIDGenImpl - update cache from db
2025-11-03 14:23:27.408 [check-idCache-thread] INFO  org.perf4j.TimingLogger - start[1762151007406] time[2] tag[updateCacheFromDb]
2025-11-03 14:24:27.410 [check-idCache-thread] INFO  c.q.x.d.i.g.biz.core.segment.SegmentIDGenImpl - update cache from db
2025-11-03 14:24:27.411 [check-idCache-thread] INFO  org.perf4j.TimingLogger - start[1762151067410] time[1] tag[updateCacheFromDb]
2025-11-03 14:25:27.422 [check-idCache-thread] INFO  c.q.x.d.i.g.biz.core.segment.SegmentIDGenImpl - update cache from db
2025-11-03 14:25:27.424 [check-idCache-thread] INFO  org.perf4j.TimingLogger - start[1762151127422] time[2] tag[updateCacheFromDb]
2025-11-03 14:26:27.430 [check-idCache-thread] INFO  c.q.x.d.i.g.biz.core.segment.SegmentIDGenImpl - update cache from db
2025-11-03 14:26:27.432 [check-idCache-thread] INFO  org.perf4j.TimingLogger - start[1762151187430] time[2] tag[updateCacheFromDb]
2025-11-03 14:27:27.435 [check-idCache-thread] INFO  c.q.x.d.i.g.biz.core.segment.SegmentIDGenImpl - update cache from db
2025-11-03 14:27:27.438 [check-idCache-thread] INFO  org.perf4j.TimingLogger - start[1762151247435] time[2] tag[updateCacheFromDb]
2025-11-03 14:28:27.444 [check-idCache-thread] INFO  c.q.x.d.i.g.biz.core.segment.SegmentIDGenImpl - update cache from db
2025-11-03 14:28:27.445 [check-idCache-thread] INFO  org.perf4j.TimingLogger - start[1762151307444] time[1] tag[updateCacheFromDb]
2025-11-03 14:29:27.459 [check-idCache-thread] INFO  c.q.x.d.i.g.biz.core.segment.SegmentIDGenImpl - update cache from db
2025-11-03 14:29:27.462 [check-idCache-thread] INFO  org.perf4j.TimingLogger - start[1762151367460] time[1] tag[updateCacheFromDb]
2025-11-03 14:30:27.475 [check-idCache-thread] INFO  c.q.x.d.i.g.biz.core.segment.SegmentIDGenImpl - update cache from db
2025-11-03 14:30:27.476 [check-idCache-thread] INFO  org.perf4j.TimingLogger - start[1762151427475] time[1] tag[updateCacheFromDb]
2025-11-03 14:31:27.491 [check-idCache-thread] INFO  c.q.x.d.i.g.biz.core.segment.SegmentIDGenImpl - update cache from db
2025-11-03 14:31:27.497 [check-idCache-thread] INFO  org.perf4j.TimingLogger - start[1762151487491] time[5] tag[updateCacheFromDb]
2025-11-03 14:32:27.507 [check-idCache-thread] INFO  c.q.x.d.i.g.biz.core.segment.SegmentIDGenImpl - update cache from db
2025-11-03 14:32:27.509 [check-idCache-thread] INFO  org.perf4j.TimingLogger - start[1762151547507] time[1] tag[updateCacheFromDb]
2025-11-03 14:32:50.946 [main-SendThread(127.0.0.1:2181)] WARN  org.apache.zookeeper.ClientCnxn - Client session timed out, have not heard from server in 4009ms for session id 0x10000003b570005
2025-11-03 14:32:50.947 [main-SendThread(127.0.0.1:2181)] WARN  org.apache.zookeeper.ClientCnxn - Session 0x10000003b570005 for sever activate.navicat.com/127.0.0.1:2181, Closing socket connection. Attempting reconnect except it is a SessionExpiredException.
org.apache.zookeeper.ClientCnxn$SessionTimeoutException: Client session timed out, have not heard from server in 4009ms for session id 0x10000003b570005
	at org.apache.zookeeper.ClientCnxn$SendThread.run(ClientCnxn.java:1230)
2025-11-03 14:32:51.056 [main-EventThread] INFO  o.a.curator.framework.state.ConnectionStateManager - State change: SUSPENDED
2025-11-03 14:32:51.070 [schedule-upload-time] INFO  c.q.x.d.i.g.b.c.snowflake.SnowflakeZookeeperHolder - update init data error path is /snowflake/com.sankuai.leaf.opensource.test/forever/192.168.134.1:2222-0000000000 error is {}
org.apache.zookeeper.KeeperException$ConnectionLossException: KeeperErrorCode = ConnectionLoss for /snowflake/com.sankuai.leaf.opensource.test/forever/192.168.134.1:2222-0000000000
	at org.apache.zookeeper.KeeperException.create(KeeperException.java:102)
	at org.apache.zookeeper.KeeperException.create(KeeperException.java:54)
	at org.apache.zookeeper.ZooKeeper.setData(ZooKeeper.java:2551)
	at org.apache.curator.framework.imps.SetDataBuilderImpl$4.call(SetDataBuilderImpl.java:291)
	at org.apache.curator.framework.imps.SetDataBuilderImpl$4.call(SetDataBuilderImpl.java:287)
	at org.apache.curator.RetryLoop.callWithRetry(RetryLoop.java:93)
	at org.apache.curator.framework.imps.SetDataBuilderImpl.pathInForeground(SetDataBuilderImpl.java:284)
	at org.apache.curator.framework.imps.SetDataBuilderImpl.forPath(SetDataBuilderImpl.java:270)
	at org.apache.curator.framework.imps.SetDataBuilderImpl.forPath(SetDataBuilderImpl.java:33)
	at com.quanxiaoha.xiaohashu.distributed.id.generator.biz.core.snowflake.SnowflakeZookeeperHolder.updateNewData(SnowflakeZookeeperHolder.java:158)
	at com.quanxiaoha.xiaohashu.distributed.id.generator.biz.core.snowflake.SnowflakeZookeeperHolder$1.run(SnowflakeZookeeperHolder.java:124)
	at java.base/java.util.concurrent.Executors$RunnableAdapter.call(Executors.java:539)
	at java.base/java.util.concurrent.FutureTask.runAndReset(FutureTask.java:305)
	at java.base/java.util.concurrent.ScheduledThreadPoolExecutor$ScheduledFutureTask.run(ScheduledThreadPoolExecutor.java:305)
	at java.base/java.util.concurrent.ThreadPoolExecutor.runWorker(ThreadPoolExecutor.java:1136)
	at java.base/java.util.concurrent.ThreadPoolExecutor$Worker.run(ThreadPoolExecutor.java:635)
	at java.base/java.lang.Thread.run(Thread.java:842)
2025-11-03 14:32:52.720 [main-SendThread(127.0.0.1:2181)] INFO  org.apache.zookeeper.ClientCnxn - Opening socket connection to server activate.navicat.com/127.0.0.1:2181.
2025-11-03 14:32:52.720 [main-SendThread(127.0.0.1:2181)] INFO  org.apache.zookeeper.ClientCnxn - SASL config status: Will not attempt to authenticate using SASL (unknown error)
2025-11-03 14:32:52.728 [main-SendThread(127.0.0.1:2181)] INFO  org.apache.zookeeper.ClientCnxn - Socket connection established, initiating session, client: /127.0.0.1:8626, server: activate.navicat.com/127.0.0.1:2181
2025-11-03 14:33:05.835 [main-SendThread(127.0.0.1:2181)] WARN  org.apache.zookeeper.ClientCnxn - Client session timed out, have not heard from server in 13106ms for session id 0x10000003b570005
2025-11-03 14:33:05.835 [main-SendThread(127.0.0.1:2181)] WARN  org.apache.zookeeper.ClientCnxn - Session 0x10000003b570005 for sever activate.navicat.com/127.0.0.1:2181, Closing socket connection. Attempting reconnect except it is a SessionExpiredException.
org.apache.zookeeper.ClientCnxn$SessionTimeoutException: Client session timed out, have not heard from server in 13106ms for session id 0x10000003b570005
	at org.apache.zookeeper.ClientCnxn$SendThread.run(ClientCnxn.java:1230)
2025-11-03 14:33:07.897 [main-SendThread(127.0.0.1:2181)] INFO  org.apache.zookeeper.ClientCnxn - Opening socket connection to server activate.navicat.com/127.0.0.1:2181.
2025-11-03 14:33:07.898 [main-SendThread(127.0.0.1:2181)] INFO  org.apache.zookeeper.ClientCnxn - SASL config status: Will not attempt to authenticate using SASL (unknown error)
2025-11-03 14:33:07.899 [main-SendThread(127.0.0.1:2181)] INFO  org.apache.zookeeper.ClientCnxn - Socket connection established, initiating session, client: /127.0.0.1:8806, server: activate.navicat.com/127.0.0.1:2181
2025-11-03 14:33:07.906 [main-SendThread(127.0.0.1:2181)] INFO  org.apache.zookeeper.ClientCnxn - Session establishment complete on server activate.navicat.com/127.0.0.1:2181, session id = 0x10000003b570005, negotiated timeout = 6000
2025-11-03 14:33:07.906 [main-EventThread] INFO  o.a.curator.framework.state.ConnectionStateManager - State change: RECONNECTED
2025-11-03 14:33:07.914 [main-EventThread] INFO  org.apache.curator.framework.imps.EnsembleTracker - New config event received: {}
2025-11-03 14:33:40.365 [check-idCache-thread] INFO  c.q.x.d.i.g.biz.core.segment.SegmentIDGenImpl - update cache from db
2025-11-03 14:33:40.366 [check-idCache-thread] INFO  org.perf4j.TimingLogger - start[1762151620365] time[1] tag[updateCacheFromDb]
2025-11-03 14:34:40.369 [check-idCache-thread] INFO  c.q.x.d.i.g.biz.core.segment.SegmentIDGenImpl - update cache from db
2025-11-03 14:34:40.371 [check-idCache-thread] INFO  org.perf4j.TimingLogger - start[1762151680369] time[2] tag[updateCacheFromDb]
2025-11-03 14:35:40.382 [check-idCache-thread] INFO  c.q.x.d.i.g.biz.core.segment.SegmentIDGenImpl - update cache from db
2025-11-03 14:35:40.384 [check-idCache-thread] INFO  org.perf4j.TimingLogger - start[1762151740382] time[2] tag[updateCacheFromDb]
2025-11-03 14:36:40.390 [check-idCache-thread] INFO  c.q.x.d.i.g.biz.core.segment.SegmentIDGenImpl - update cache from db
2025-11-03 14:36:40.391 [check-idCache-thread] INFO  org.perf4j.TimingLogger - start[1762151800390] time[1] tag[updateCacheFromDb]
2025-11-03 14:37:40.397 [check-idCache-thread] INFO  c.q.x.d.i.g.biz.core.segment.SegmentIDGenImpl - update cache from db
2025-11-03 14:37:40.399 [check-idCache-thread] INFO  org.perf4j.TimingLogger - start[1762151860398] time[1] tag[updateCacheFromDb]
2025-11-03 14:38:40.406 [check-idCache-thread] INFO  c.q.x.d.i.g.biz.core.segment.SegmentIDGenImpl - update cache from db
2025-11-03 14:38:40.407 [check-idCache-thread] INFO  org.perf4j.TimingLogger - start[1762151920406] time[1] tag[updateCacheFromDb]
2025-11-03 14:39:40.422 [check-idCache-thread] INFO  c.q.x.d.i.g.biz.core.segment.SegmentIDGenImpl - update cache from db
2025-11-03 14:39:40.425 [check-idCache-thread] INFO  org.perf4j.TimingLogger - start[1762151980422] time[2] tag[updateCacheFromDb]
2025-11-03 14:40:40.436 [check-idCache-thread] INFO  c.q.x.d.i.g.biz.core.segment.SegmentIDGenImpl - update cache from db
2025-11-03 14:40:40.438 [check-idCache-thread] INFO  org.perf4j.TimingLogger - start[1762152040436] time[1] tag[updateCacheFromDb]
2025-11-03 14:41:40.453 [check-idCache-thread] INFO  c.q.x.d.i.g.biz.core.segment.SegmentIDGenImpl - update cache from db
2025-11-03 14:41:40.455 [check-idCache-thread] INFO  org.perf4j.TimingLogger - start[1762152100453] time[2] tag[updateCacheFromDb]
2025-11-03 14:42:40.464 [check-idCache-thread] INFO  c.q.x.d.i.g.biz.core.segment.SegmentIDGenImpl - update cache from db
2025-11-03 14:42:40.465 [check-idCache-thread] INFO  org.perf4j.TimingLogger - start[1762152160464] time[1] tag[updateCacheFromDb]
2025-11-03 14:43:40.470 [check-idCache-thread] INFO  c.q.x.d.i.g.biz.core.segment.SegmentIDGenImpl - update cache from db
2025-11-03 14:43:40.473 [check-idCache-thread] INFO  org.perf4j.TimingLogger - start[1762152220470] time[3] tag[updateCacheFromDb]
2025-11-03 14:44:40.484 [check-idCache-thread] INFO  c.q.x.d.i.g.biz.core.segment.SegmentIDGenImpl - update cache from db
2025-11-03 14:44:40.487 [check-idCache-thread] INFO  org.perf4j.TimingLogger - start[1762152280484] time[1] tag[updateCacheFromDb]
2025-11-03 14:45:40.490 [check-idCache-thread] INFO  c.q.x.d.i.g.biz.core.segment.SegmentIDGenImpl - update cache from db
2025-11-03 14:45:40.491 [check-idCache-thread] INFO  org.perf4j.TimingLogger - start[1762152340490] time[2] tag[updateCacheFromDb]
2025-11-03 14:46:40.495 [check-idCache-thread] INFO  c.q.x.d.i.g.biz.core.segment.SegmentIDGenImpl - update cache from db
2025-11-03 14:46:40.498 [check-idCache-thread] INFO  org.perf4j.TimingLogger - start[1762152400496] time[2] tag[updateCacheFromDb]
2025-11-03 14:47:40.503 [check-idCache-thread] INFO  c.q.x.d.i.g.biz.core.segment.SegmentIDGenImpl - update cache from db
2025-11-03 14:47:40.505 [check-idCache-thread] INFO  org.perf4j.TimingLogger - start[1762152460503] time[1] tag[updateCacheFromDb]
2025-11-03 14:48:40.521 [check-idCache-thread] INFO  c.q.x.d.i.g.biz.core.segment.SegmentIDGenImpl - update cache from db
2025-11-03 14:48:40.522 [check-idCache-thread] INFO  org.perf4j.TimingLogger - start[1762152520521] time[1] tag[updateCacheFromDb]
2025-11-03 14:49:40.525 [check-idCache-thread] INFO  c.q.x.d.i.g.biz.core.segment.SegmentIDGenImpl - update cache from db
2025-11-03 14:49:40.526 [check-idCache-thread] INFO  org.perf4j.TimingLogger - start[1762152580525] time[1] tag[updateCacheFromDb]
2025-11-03 14:50:08.461 [main-SendThread(127.0.0.1:2181)] WARN  org.apache.zookeeper.ClientCnxn - Client session timed out, have not heard from server in 4015ms for session id 0x10000003b570005
2025-11-03 14:50:08.461 [main-SendThread(127.0.0.1:2181)] WARN  org.apache.zookeeper.ClientCnxn - Session 0x10000003b570005 for sever activate.navicat.com/127.0.0.1:2181, Closing socket connection. Attempting reconnect except it is a SessionExpiredException.
org.apache.zookeeper.ClientCnxn$SessionTimeoutException: Client session timed out, have not heard from server in 4015ms for session id 0x10000003b570005
	at org.apache.zookeeper.ClientCnxn$SendThread.run(ClientCnxn.java:1230)
2025-11-03 14:50:08.570 [main-EventThread] INFO  o.a.curator.framework.state.ConnectionStateManager - State change: SUSPENDED
2025-11-03 14:50:08.585 [schedule-upload-time] INFO  c.q.x.d.i.g.b.c.snowflake.SnowflakeZookeeperHolder - update init data error path is /snowflake/com.sankuai.leaf.opensource.test/forever/192.168.134.1:2222-0000000000 error is {}
org.apache.zookeeper.KeeperException$ConnectionLossException: KeeperErrorCode = ConnectionLoss for /snowflake/com.sankuai.leaf.opensource.test/forever/192.168.134.1:2222-0000000000
	at org.apache.zookeeper.KeeperException.create(KeeperException.java:102)
	at org.apache.zookeeper.KeeperException.create(KeeperException.java:54)
	at org.apache.zookeeper.ZooKeeper.setData(ZooKeeper.java:2551)
	at org.apache.curator.framework.imps.SetDataBuilderImpl$4.call(SetDataBuilderImpl.java:291)
	at org.apache.curator.framework.imps.SetDataBuilderImpl$4.call(SetDataBuilderImpl.java:287)
	at org.apache.curator.RetryLoop.callWithRetry(RetryLoop.java:93)
	at org.apache.curator.framework.imps.SetDataBuilderImpl.pathInForeground(SetDataBuilderImpl.java:284)
	at org.apache.curator.framework.imps.SetDataBuilderImpl.forPath(SetDataBuilderImpl.java:270)
	at org.apache.curator.framework.imps.SetDataBuilderImpl.forPath(SetDataBuilderImpl.java:33)
	at com.quanxiaoha.xiaohashu.distributed.id.generator.biz.core.snowflake.SnowflakeZookeeperHolder.updateNewData(SnowflakeZookeeperHolder.java:158)
	at com.quanxiaoha.xiaohashu.distributed.id.generator.biz.core.snowflake.SnowflakeZookeeperHolder$1.run(SnowflakeZookeeperHolder.java:124)
	at java.base/java.util.concurrent.Executors$RunnableAdapter.call(Executors.java:539)
	at java.base/java.util.concurrent.FutureTask.runAndReset(FutureTask.java:305)
	at java.base/java.util.concurrent.ScheduledThreadPoolExecutor$ScheduledFutureTask.run(ScheduledThreadPoolExecutor.java:305)
	at java.base/java.util.concurrent.ThreadPoolExecutor.runWorker(ThreadPoolExecutor.java:1136)
	at java.base/java.util.concurrent.ThreadPoolExecutor$Worker.run(ThreadPoolExecutor.java:635)
	at java.base/java.lang.Thread.run(Thread.java:842)
2025-11-03 14:50:10.018 [main-SendThread(127.0.0.1:2181)] INFO  org.apache.zookeeper.ClientCnxn - Opening socket connection to server activate.navicat.com/127.0.0.1:2181.
2025-11-03 14:50:10.018 [main-SendThread(127.0.0.1:2181)] INFO  org.apache.zookeeper.ClientCnxn - SASL config status: Will not attempt to authenticate using SASL (unknown error)
2025-11-03 14:50:10.019 [main-SendThread(127.0.0.1:2181)] INFO  org.apache.zookeeper.ClientCnxn - Socket connection established, initiating session, client: /127.0.0.1:10426, server: activate.navicat.com/127.0.0.1:2181
2025-11-03 14:50:10.234 [main-SendThread(127.0.0.1:2181)] INFO  org.apache.zookeeper.ClientCnxn - Session establishment complete on server activate.navicat.com/127.0.0.1:2181, session id = 0x10000003b570005, negotiated timeout = 6000
2025-11-03 14:50:10.236 [main-EventThread] INFO  o.a.curator.framework.state.ConnectionStateManager - State change: RECONNECTED
2025-11-03 14:50:10.287 [main-EventThread] INFO  org.apache.curator.framework.imps.EnsembleTracker - New config event received: {}
2025-11-03 14:50:40.565 [check-idCache-thread] INFO  c.q.x.d.i.g.biz.core.segment.SegmentIDGenImpl - update cache from db
2025-11-03 14:50:40.566 [check-idCache-thread] INFO  org.perf4j.TimingLogger - start[1762152640565] time[1] tag[updateCacheFromDb]
2025-11-03 14:51:40.572 [check-idCache-thread] INFO  c.q.x.d.i.g.biz.core.segment.SegmentIDGenImpl - update cache from db
2025-11-03 14:51:40.573 [check-idCache-thread] INFO  org.perf4j.TimingLogger - start[1762152700572] time[1] tag[updateCacheFromDb]
2025-11-03 14:52:40.578 [check-idCache-thread] INFO  c.q.x.d.i.g.biz.core.segment.SegmentIDGenImpl - update cache from db
2025-11-03 14:52:40.579 [check-idCache-thread] INFO  org.perf4j.TimingLogger - start[1762152760578] time[1] tag[updateCacheFromDb]
2025-11-03 14:53:40.590 [check-idCache-thread] INFO  c.q.x.d.i.g.biz.core.segment.SegmentIDGenImpl - update cache from db
2025-11-03 14:53:40.591 [check-idCache-thread] INFO  org.perf4j.TimingLogger - start[1762152820590] time[1] tag[updateCacheFromDb]
2025-11-03 14:54:40.594 [check-idCache-thread] INFO  c.q.x.d.i.g.biz.core.segment.SegmentIDGenImpl - update cache from db
2025-11-03 14:54:40.595 [check-idCache-thread] INFO  org.perf4j.TimingLogger - start[1762152880594] time[2] tag[updateCacheFromDb]
2025-11-03 14:55:40.607 [check-idCache-thread] INFO  c.q.x.d.i.g.biz.core.segment.SegmentIDGenImpl - update cache from db
2025-11-03 14:55:40.609 [check-idCache-thread] INFO  org.perf4j.TimingLogger - start[1762152940607] time[1] tag[updateCacheFromDb]
2025-11-03 14:56:40.615 [check-idCache-thread] INFO  c.q.x.d.i.g.biz.core.segment.SegmentIDGenImpl - update cache from db
2025-11-03 14:56:40.616 [check-idCache-thread] INFO  org.perf4j.TimingLogger - start[1762153000615] time[1] tag[updateCacheFromDb]
2025-11-03 14:57:40.626 [check-idCache-thread] INFO  c.q.x.d.i.g.biz.core.segment.SegmentIDGenImpl - update cache from db
2025-11-03 14:57:40.629 [check-idCache-thread] INFO  org.perf4j.TimingLogger - start[1762153060626] time[2] tag[updateCacheFromDb]
2025-11-03 14:58:40.631 [check-idCache-thread] INFO  c.q.x.d.i.g.biz.core.segment.SegmentIDGenImpl - update cache from db
2025-11-03 14:58:40.633 [check-idCache-thread] INFO  org.perf4j.TimingLogger - start[1762153120631] time[1] tag[updateCacheFromDb]
2025-11-03 14:59:40.636 [check-idCache-thread] INFO  c.q.x.d.i.g.biz.core.segment.SegmentIDGenImpl - update cache from db
2025-11-03 14:59:40.637 [check-idCache-thread] INFO  org.perf4j.TimingLogger - start[1762153180636] time[1] tag[updateCacheFromDb]
2025-11-03 15:00:40.650 [check-idCache-thread] INFO  c.q.x.d.i.g.biz.core.segment.SegmentIDGenImpl - update cache from db
2025-11-03 15:00:40.651 [check-idCache-thread] INFO  org.perf4j.TimingLogger - start[1762153240650] time[1] tag[updateCacheFromDb]
2025-11-03 15:01:40.661 [check-idCache-thread] INFO  c.q.x.d.i.g.biz.core.segment.SegmentIDGenImpl - update cache from db
2025-11-03 15:01:40.662 [check-idCache-thread] INFO  org.perf4j.TimingLogger - start[1762153300661] time[1] tag[updateCacheFromDb]
2025-11-03 15:02:40.671 [check-idCache-thread] INFO  c.q.x.d.i.g.biz.core.segment.SegmentIDGenImpl - update cache from db
2025-11-03 15:02:40.672 [check-idCache-thread] INFO  org.perf4j.TimingLogger - start[1762153360671] time[1] tag[updateCacheFromDb]
2025-11-03 15:03:40.687 [check-idCache-thread] INFO  c.q.x.d.i.g.biz.core.segment.SegmentIDGenImpl - update cache from db
2025-11-03 15:03:40.688 [check-idCache-thread] INFO  org.perf4j.TimingLogger - start[1762153420687] time[1] tag[updateCacheFromDb]
2025-11-03 15:04:40.700 [check-idCache-thread] INFO  c.q.x.d.i.g.biz.core.segment.SegmentIDGenImpl - update cache from db
2025-11-03 15:04:40.701 [check-idCache-thread] INFO  org.perf4j.TimingLogger - start[1762153480700] time[1] tag[updateCacheFromDb]
2025-11-03 15:05:40.712 [check-idCache-thread] INFO  c.q.x.d.i.g.biz.core.segment.SegmentIDGenImpl - update cache from db
2025-11-03 15:05:40.713 [check-idCache-thread] INFO  org.perf4j.TimingLogger - start[1762153540712] time[1] tag[updateCacheFromDb]
2025-11-03 15:06:40.728 [check-idCache-thread] INFO  c.q.x.d.i.g.biz.core.segment.SegmentIDGenImpl - update cache from db
2025-11-03 15:06:40.731 [check-idCache-thread] INFO  org.perf4j.TimingLogger - start[1762153600728] time[2] tag[updateCacheFromDb]
2025-11-03 15:07:40.735 [check-idCache-thread] INFO  c.q.x.d.i.g.biz.core.segment.SegmentIDGenImpl - update cache from db
2025-11-03 15:07:40.738 [check-idCache-thread] INFO  org.perf4j.TimingLogger - start[1762153660735] time[2] tag[updateCacheFromDb]
2025-11-03 15:08:40.753 [check-idCache-thread] INFO  c.q.x.d.i.g.biz.core.segment.SegmentIDGenImpl - update cache from db
2025-11-03 15:08:40.755 [check-idCache-thread] INFO  org.perf4j.TimingLogger - start[1762153720753] time[1] tag[updateCacheFromDb]
2025-11-03 15:09:40.770 [check-idCache-thread] INFO  c.q.x.d.i.g.biz.core.segment.SegmentIDGenImpl - update cache from db
2025-11-03 15:09:40.772 [check-idCache-thread] INFO  org.perf4j.TimingLogger - start[1762153780770] time[1] tag[updateCacheFromDb]
2025-11-03 15:10:40.785 [check-idCache-thread] INFO  c.q.x.d.i.g.biz.core.segment.SegmentIDGenImpl - update cache from db
2025-11-03 15:10:40.786 [check-idCache-thread] INFO  org.perf4j.TimingLogger - start[1762153840785] time[1] tag[updateCacheFromDb]
2025-11-03 15:11:40.794 [check-idCache-thread] INFO  c.q.x.d.i.g.biz.core.segment.SegmentIDGenImpl - update cache from db
2025-11-03 15:11:40.795 [check-idCache-thread] INFO  org.perf4j.TimingLogger - start[1762153900794] time[1] tag[updateCacheFromDb]
2025-11-03 15:12:40.799 [check-idCache-thread] INFO  c.q.x.d.i.g.biz.core.segment.SegmentIDGenImpl - update cache from db
2025-11-03 15:12:40.799 [check-idCache-thread] INFO  org.perf4j.TimingLogger - start[1762153960799] time[1] tag[updateCacheFromDb]
2025-11-03 15:13:40.801 [check-idCache-thread] INFO  c.q.x.d.i.g.biz.core.segment.SegmentIDGenImpl - update cache from db
2025-11-03 15:13:40.802 [check-idCache-thread] INFO  org.perf4j.TimingLogger - start[1762154020801] time[1] tag[updateCacheFromDb]
2025-11-03 15:14:40.816 [check-idCache-thread] INFO  c.q.x.d.i.g.biz.core.segment.SegmentIDGenImpl - update cache from db
2025-11-03 15:14:40.817 [check-idCache-thread] INFO  org.perf4j.TimingLogger - start[1762154080816] time[1] tag[updateCacheFromDb]
2025-11-03 15:15:40.830 [check-idCache-thread] INFO  c.q.x.d.i.g.biz.core.segment.SegmentIDGenImpl - update cache from db
2025-11-03 15:15:40.833 [check-idCache-thread] INFO  org.perf4j.TimingLogger - start[1762154140830] time[3] tag[updateCacheFromDb]
2025-11-03 15:16:40.836 [check-idCache-thread] INFO  c.q.x.d.i.g.biz.core.segment.SegmentIDGenImpl - update cache from db
2025-11-03 15:16:40.839 [check-idCache-thread] INFO  org.perf4j.TimingLogger - start[1762154200836] time[2] tag[updateCacheFromDb]
2025-11-03 15:17:40.841 [check-idCache-thread] INFO  c.q.x.d.i.g.biz.core.segment.SegmentIDGenImpl - update cache from db
2025-11-03 15:17:40.843 [check-idCache-thread] INFO  org.perf4j.TimingLogger - start[1762154260841] time[1] tag[updateCacheFromDb]
2025-11-03 15:18:40.856 [check-idCache-thread] INFO  c.q.x.d.i.g.biz.core.segment.SegmentIDGenImpl - update cache from db
2025-11-03 15:18:40.858 [check-idCache-thread] INFO  org.perf4j.TimingLogger - start[1762154320856] time[1] tag[updateCacheFromDb]
2025-11-03 15:19:40.864 [check-idCache-thread] INFO  c.q.x.d.i.g.biz.core.segment.SegmentIDGenImpl - update cache from db
2025-11-03 15:19:40.865 [check-idCache-thread] INFO  org.perf4j.TimingLogger - start[1762154380864] time[1] tag[updateCacheFromDb]
2025-11-03 15:20:40.873 [check-idCache-thread] INFO  c.q.x.d.i.g.biz.core.segment.SegmentIDGenImpl - update cache from db
2025-11-03 15:20:40.875 [check-idCache-thread] INFO  org.perf4j.TimingLogger - start[1762154440873] time[1] tag[updateCacheFromDb]
2025-11-03 15:21:40.885 [check-idCache-thread] INFO  c.q.x.d.i.g.biz.core.segment.SegmentIDGenImpl - update cache from db
2025-11-03 15:21:40.887 [check-idCache-thread] INFO  org.perf4j.TimingLogger - start[1762154500885] time[1] tag[updateCacheFromDb]
2025-11-03 15:22:40.899 [check-idCache-thread] INFO  c.q.x.d.i.g.biz.core.segment.SegmentIDGenImpl - update cache from db
2025-11-03 15:22:40.900 [check-idCache-thread] INFO  org.perf4j.TimingLogger - start[1762154560899] time[1] tag[updateCacheFromDb]
2025-11-03 15:23:40.906 [check-idCache-thread] INFO  c.q.x.d.i.g.biz.core.segment.SegmentIDGenImpl - update cache from db
2025-11-03 15:23:40.908 [check-idCache-thread] INFO  org.perf4j.TimingLogger - start[1762154620906] time[2] tag[updateCacheFromDb]
2025-11-03 15:24:40.914 [check-idCache-thread] INFO  c.q.x.d.i.g.biz.core.segment.SegmentIDGenImpl - update cache from db
2025-11-03 15:24:40.916 [check-idCache-thread] INFO  org.perf4j.TimingLogger - start[1762154680914] time[1] tag[updateCacheFromDb]
2025-11-03 15:25:40.920 [check-idCache-thread] INFO  c.q.x.d.i.g.biz.core.segment.SegmentIDGenImpl - update cache from db
2025-11-03 15:25:40.921 [check-idCache-thread] INFO  org.perf4j.TimingLogger - start[1762154740920] time[1] tag[updateCacheFromDb]
2025-11-03 15:26:40.925 [check-idCache-thread] INFO  c.q.x.d.i.g.biz.core.segment.SegmentIDGenImpl - update cache from db
2025-11-03 15:26:40.927 [check-idCache-thread] INFO  org.perf4j.TimingLogger - start[1762154800925] time[1] tag[updateCacheFromDb]
2025-11-03 15:27:40.936 [check-idCache-thread] INFO  c.q.x.d.i.g.biz.core.segment.SegmentIDGenImpl - update cache from db
2025-11-03 15:27:40.938 [check-idCache-thread] INFO  org.perf4j.TimingLogger - start[1762154860936] time[2] tag[updateCacheFromDb]
2025-11-03 15:28:40.949 [check-idCache-thread] INFO  c.q.x.d.i.g.biz.core.segment.SegmentIDGenImpl - update cache from db
2025-11-03 15:28:40.950 [check-idCache-thread] INFO  org.perf4j.TimingLogger - start[1762154920949] time[1] tag[updateCacheFromDb]
2025-11-03 15:29:40.960 [check-idCache-thread] INFO  c.q.x.d.i.g.biz.core.segment.SegmentIDGenImpl - update cache from db
2025-11-03 15:29:40.961 [check-idCache-thread] INFO  org.perf4j.TimingLogger - start[1762154980960] time[1] tag[updateCacheFromDb]
2025-11-03 15:30:40.972 [check-idCache-thread] INFO  c.q.x.d.i.g.biz.core.segment.SegmentIDGenImpl - update cache from db
2025-11-03 15:30:40.974 [check-idCache-thread] INFO  org.perf4j.TimingLogger - start[1762155040972] time[1] tag[updateCacheFromDb]
2025-11-03 15:31:40.982 [check-idCache-thread] INFO  c.q.x.d.i.g.biz.core.segment.SegmentIDGenImpl - update cache from db
2025-11-03 15:31:40.984 [check-idCache-thread] INFO  org.perf4j.TimingLogger - start[1762155100982] time[1] tag[updateCacheFromDb]
2025-11-03 15:32:40.998 [check-idCache-thread] INFO  c.q.x.d.i.g.biz.core.segment.SegmentIDGenImpl - update cache from db
2025-11-03 15:32:40.999 [check-idCache-thread] INFO  org.perf4j.TimingLogger - start[1762155160998] time[1] tag[updateCacheFromDb]
2025-11-03 15:33:41.011 [check-idCache-thread] INFO  c.q.x.d.i.g.biz.core.segment.SegmentIDGenImpl - update cache from db
2025-11-03 15:33:41.012 [check-idCache-thread] INFO  org.perf4j.TimingLogger - start[1762155221011] time[1] tag[updateCacheFromDb]
2025-11-03 15:34:41.021 [check-idCache-thread] INFO  c.q.x.d.i.g.biz.core.segment.SegmentIDGenImpl - update cache from db
2025-11-03 15:34:41.023 [check-idCache-thread] INFO  org.perf4j.TimingLogger - start[1762155281021] time[1] tag[updateCacheFromDb]
2025-11-03 15:35:41.036 [check-idCache-thread] INFO  c.q.x.d.i.g.biz.core.segment.SegmentIDGenImpl - update cache from db
2025-11-03 15:35:41.038 [check-idCache-thread] INFO  org.perf4j.TimingLogger - start[1762155341036] time[2] tag[updateCacheFromDb]
2025-11-03 15:36:41.043 [check-idCache-thread] INFO  c.q.x.d.i.g.biz.core.segment.SegmentIDGenImpl - update cache from db
2025-11-03 15:36:41.045 [check-idCache-thread] INFO  org.perf4j.TimingLogger - start[1762155401043] time[2] tag[updateCacheFromDb]
2025-11-03 15:37:41.058 [check-idCache-thread] INFO  c.q.x.d.i.g.biz.core.segment.SegmentIDGenImpl - update cache from db
2025-11-03 15:37:41.059 [check-idCache-thread] INFO  org.perf4j.TimingLogger - start[1762155461058] time[0] tag[updateCacheFromDb]
2025-11-03 15:38:41.070 [check-idCache-thread] INFO  c.q.x.d.i.g.biz.core.segment.SegmentIDGenImpl - update cache from db
2025-11-03 15:38:41.071 [check-idCache-thread] INFO  org.perf4j.TimingLogger - start[1762155521070] time[1] tag[updateCacheFromDb]
2025-11-03 15:39:41.078 [check-idCache-thread] INFO  c.q.x.d.i.g.biz.core.segment.SegmentIDGenImpl - update cache from db
2025-11-03 15:39:41.079 [check-idCache-thread] INFO  org.perf4j.TimingLogger - start[1762155581078] time[1] tag[updateCacheFromDb]
2025-11-03 15:40:41.080 [check-idCache-thread] INFO  c.q.x.d.i.g.biz.core.segment.SegmentIDGenImpl - update cache from db
2025-11-03 15:40:41.081 [check-idCache-thread] INFO  org.perf4j.TimingLogger - start[1762155641080] time[1] tag[updateCacheFromDb]
2025-11-03 15:41:41.088 [check-idCache-thread] INFO  c.q.x.d.i.g.biz.core.segment.SegmentIDGenImpl - update cache from db
2025-11-03 15:41:41.089 [check-idCache-thread] INFO  org.perf4j.TimingLogger - start[1762155701088] time[1] tag[updateCacheFromDb]
2025-11-03 15:42:41.104 [check-idCache-thread] INFO  c.q.x.d.i.g.biz.core.segment.SegmentIDGenImpl - update cache from db
2025-11-03 15:42:41.105 [check-idCache-thread] INFO  org.perf4j.TimingLogger - start[1762155761104] time[1] tag[updateCacheFromDb]
2025-11-03 15:43:41.116 [check-idCache-thread] INFO  c.q.x.d.i.g.biz.core.segment.SegmentIDGenImpl - update cache from db
2025-11-03 15:43:41.117 [check-idCache-thread] INFO  org.perf4j.TimingLogger - start[1762155821116] time[1] tag[updateCacheFromDb]
2025-11-03 15:44:41.131 [check-idCache-thread] INFO  c.q.x.d.i.g.biz.core.segment.SegmentIDGenImpl - update cache from db
2025-11-03 15:44:41.132 [check-idCache-thread] INFO  org.perf4j.TimingLogger - start[1762155881131] time[1] tag[updateCacheFromDb]
2025-11-03 15:45:41.135 [check-idCache-thread] INFO  c.q.x.d.i.g.biz.core.segment.SegmentIDGenImpl - update cache from db
2025-11-03 15:45:41.136 [check-idCache-thread] INFO  org.perf4j.TimingLogger - start[1762155941135] time[1] tag[updateCacheFromDb]
2025-11-03 15:46:41.137 [check-idCache-thread] INFO  c.q.x.d.i.g.biz.core.segment.SegmentIDGenImpl - update cache from db
2025-11-03 15:46:41.139 [check-idCache-thread] INFO  org.perf4j.TimingLogger - start[1762156001137] time[1] tag[updateCacheFromDb]
2025-11-03 15:47:41.147 [check-idCache-thread] INFO  c.q.x.d.i.g.biz.core.segment.SegmentIDGenImpl - update cache from db
2025-11-03 15:47:41.149 [check-idCache-thread] INFO  org.perf4j.TimingLogger - start[1762156061147] time[2] tag[updateCacheFromDb]
2025-11-03 15:48:41.150 [check-idCache-thread] INFO  c.q.x.d.i.g.biz.core.segment.SegmentIDGenImpl - update cache from db
2025-11-03 15:48:41.152 [check-idCache-thread] INFO  org.perf4j.TimingLogger - start[1762156121150] time[2] tag[updateCacheFromDb]
2025-11-03 15:49:41.156 [check-idCache-thread] INFO  c.q.x.d.i.g.biz.core.segment.SegmentIDGenImpl - update cache from db
2025-11-03 15:49:41.157 [check-idCache-thread] INFO  org.perf4j.TimingLogger - start[1762156181156] time[1] tag[updateCacheFromDb]
2025-11-03 15:50:41.163 [check-idCache-thread] INFO  c.q.x.d.i.g.biz.core.segment.SegmentIDGenImpl - update cache from db
2025-11-03 15:50:41.164 [check-idCache-thread] INFO  org.perf4j.TimingLogger - start[1762156241163] time[1] tag[updateCacheFromDb]
2025-11-03 15:51:41.173 [check-idCache-thread] INFO  c.q.x.d.i.g.biz.core.segment.SegmentIDGenImpl - update cache from db
2025-11-03 15:51:41.174 [check-idCache-thread] INFO  org.perf4j.TimingLogger - start[1762156301173] time[1] tag[updateCacheFromDb]
2025-11-03 15:52:41.189 [check-idCache-thread] INFO  c.q.x.d.i.g.biz.core.segment.SegmentIDGenImpl - update cache from db
2025-11-03 15:52:41.190 [check-idCache-thread] INFO  org.perf4j.TimingLogger - start[1762156361189] time[1] tag[updateCacheFromDb]
2025-11-03 15:53:41.199 [check-idCache-thread] INFO  c.q.x.d.i.g.biz.core.segment.SegmentIDGenImpl - update cache from db
2025-11-03 15:53:41.200 [check-idCache-thread] INFO  org.perf4j.TimingLogger - start[1762156421199] time[1] tag[updateCacheFromDb]
2025-11-03 15:54:41.215 [check-idCache-thread] INFO  c.q.x.d.i.g.biz.core.segment.SegmentIDGenImpl - update cache from db
2025-11-03 15:54:41.216 [check-idCache-thread] INFO  org.perf4j.TimingLogger - start[1762156481215] time[1] tag[updateCacheFromDb]
2025-11-03 15:55:41.219 [check-idCache-thread] INFO  c.q.x.d.i.g.biz.core.segment.SegmentIDGenImpl - update cache from db
2025-11-03 15:55:41.220 [check-idCache-thread] INFO  org.perf4j.TimingLogger - start[1762156541219] time[1] tag[updateCacheFromDb]
2025-11-03 15:56:41.232 [check-idCache-thread] INFO  c.q.x.d.i.g.biz.core.segment.SegmentIDGenImpl - update cache from db
2025-11-03 15:56:41.233 [check-idCache-thread] INFO  org.perf4j.TimingLogger - start[1762156601232] time[1] tag[updateCacheFromDb]
2025-11-03 15:57:41.242 [check-idCache-thread] INFO  c.q.x.d.i.g.biz.core.segment.SegmentIDGenImpl - update cache from db
2025-11-03 15:57:41.243 [check-idCache-thread] INFO  org.perf4j.TimingLogger - start[1762156661242] time[1] tag[updateCacheFromDb]
2025-11-03 15:58:41.250 [check-idCache-thread] INFO  c.q.x.d.i.g.biz.core.segment.SegmentIDGenImpl - update cache from db
2025-11-03 15:58:41.251 [check-idCache-thread] INFO  org.perf4j.TimingLogger - start[1762156721250] time[1] tag[updateCacheFromDb]
2025-11-03 15:59:41.261 [check-idCache-thread] INFO  c.q.x.d.i.g.biz.core.segment.SegmentIDGenImpl - update cache from db
2025-11-03 15:59:41.263 [check-idCache-thread] INFO  org.perf4j.TimingLogger - start[1762156781261] time[1] tag[updateCacheFromDb]
2025-11-03 16:00:41.266 [check-idCache-thread] INFO  c.q.x.d.i.g.biz.core.segment.SegmentIDGenImpl - update cache from db
2025-11-03 16:00:41.268 [check-idCache-thread] INFO  org.perf4j.TimingLogger - start[1762156841266] time[1] tag[updateCacheFromDb]
2025-11-03 16:01:37.489 [main-SendThread(127.0.0.1:2181)] WARN  org.apache.zookeeper.ClientCnxn - Client session timed out, have not heard from server in 4004ms for session id 0x10000003b570005
2025-11-03 16:01:37.489 [main-SendThread(127.0.0.1:2181)] WARN  org.apache.zookeeper.ClientCnxn - Session 0x10000003b570005 for sever activate.navicat.com/127.0.0.1:2181, Closing socket connection. Attempting reconnect except it is a SessionExpiredException.
org.apache.zookeeper.ClientCnxn$SessionTimeoutException: Client session timed out, have not heard from server in 4004ms for session id 0x10000003b570005
	at org.apache.zookeeper.ClientCnxn$SendThread.run(ClientCnxn.java:1230)
2025-11-03 16:01:37.598 [main-EventThread] INFO  o.a.curator.framework.state.ConnectionStateManager - State change: SUSPENDED
2025-11-03 16:01:37.613 [schedule-upload-time] INFO  c.q.x.d.i.g.b.c.snowflake.SnowflakeZookeeperHolder - update init data error path is /snowflake/com.sankuai.leaf.opensource.test/forever/192.168.134.1:2222-0000000000 error is {}
org.apache.zookeeper.KeeperException$ConnectionLossException: KeeperErrorCode = ConnectionLoss for /snowflake/com.sankuai.leaf.opensource.test/forever/192.168.134.1:2222-0000000000
	at org.apache.zookeeper.KeeperException.create(KeeperException.java:102)
	at org.apache.zookeeper.KeeperException.create(KeeperException.java:54)
	at org.apache.zookeeper.ZooKeeper.setData(ZooKeeper.java:2551)
	at org.apache.curator.framework.imps.SetDataBuilderImpl$4.call(SetDataBuilderImpl.java:291)
	at org.apache.curator.framework.imps.SetDataBuilderImpl$4.call(SetDataBuilderImpl.java:287)
	at org.apache.curator.RetryLoop.callWithRetry(RetryLoop.java:93)
	at org.apache.curator.framework.imps.SetDataBuilderImpl.pathInForeground(SetDataBuilderImpl.java:284)
	at org.apache.curator.framework.imps.SetDataBuilderImpl.forPath(SetDataBuilderImpl.java:270)
	at org.apache.curator.framework.imps.SetDataBuilderImpl.forPath(SetDataBuilderImpl.java:33)
	at com.quanxiaoha.xiaohashu.distributed.id.generator.biz.core.snowflake.SnowflakeZookeeperHolder.updateNewData(SnowflakeZookeeperHolder.java:158)
	at com.quanxiaoha.xiaohashu.distributed.id.generator.biz.core.snowflake.SnowflakeZookeeperHolder$1.run(SnowflakeZookeeperHolder.java:124)
	at java.base/java.util.concurrent.Executors$RunnableAdapter.call(Executors.java:539)
	at java.base/java.util.concurrent.FutureTask.runAndReset(FutureTask.java:305)
	at java.base/java.util.concurrent.ScheduledThreadPoolExecutor$ScheduledFutureTask.run(ScheduledThreadPoolExecutor.java:305)
	at java.base/java.util.concurrent.ThreadPoolExecutor.runWorker(ThreadPoolExecutor.java:1136)
	at java.base/java.util.concurrent.ThreadPoolExecutor$Worker.run(ThreadPoolExecutor.java:635)
	at java.base/java.lang.Thread.run(Thread.java:842)
2025-11-03 16:01:39.110 [main-SendThread(127.0.0.1:2181)] INFO  org.apache.zookeeper.ClientCnxn - Opening socket connection to server activate.navicat.com/127.0.0.1:2181.
2025-11-03 16:01:39.110 [main-SendThread(127.0.0.1:2181)] INFO  org.apache.zookeeper.ClientCnxn - SASL config status: Will not attempt to authenticate using SASL (unknown error)
2025-11-03 16:01:39.111 [main-SendThread(127.0.0.1:2181)] INFO  org.apache.zookeeper.ClientCnxn - Socket connection established, initiating session, client: /127.0.0.1:14579, server: activate.navicat.com/127.0.0.1:2181
2025-11-03 21:22:07.943 [main-SendThread(127.0.0.1:2181)] WARN  org.apache.zookeeper.ClientCnxn - Client session timed out, have not heard from server in 19228832ms for session id 0x10000003b570005
2025-11-03 21:22:07.943 [main-SendThread(127.0.0.1:2181)] WARN  org.apache.zookeeper.ClientCnxn - Session 0x10000003b570005 for sever activate.navicat.com/127.0.0.1:2181, Closing socket connection. Attempting reconnect except it is a SessionExpiredException.
org.apache.zookeeper.ClientCnxn$SessionTimeoutException: Client session timed out, have not heard from server in 19228832ms for session id 0x10000003b570005
	at org.apache.zookeeper.ClientCnxn$SendThread.run(ClientCnxn.java:1230)
2025-11-03 21:22:08.506 [check-idCache-thread] INFO  c.q.x.d.i.g.biz.core.segment.SegmentIDGenImpl - update cache from db
2025-11-03 21:22:08.864 [check-idCache-thread] INFO  org.perf4j.TimingLogger - start[1762176128506] time[357] tag[updateCacheFromDb]
2025-11-03 21:22:09.162 [main-SendThread(127.0.0.1:2181)] INFO  org.apache.zookeeper.ClientCnxn - Opening socket connection to server activate.navicat.com/127.0.0.1:2181.
2025-11-03 21:22:09.162 [main-SendThread(127.0.0.1:2181)] INFO  org.apache.zookeeper.ClientCnxn - SASL config status: Will not attempt to authenticate using SASL (unknown error)
2025-11-03 21:22:09.163 [main-SendThread(127.0.0.1:2181)] INFO  org.apache.zookeeper.ClientCnxn - Socket connection established, initiating session, client: /127.0.0.1:1074, server: activate.navicat.com/127.0.0.1:2181
2025-11-03 21:22:09.226 [main-SendThread(127.0.0.1:2181)] INFO  org.apache.zookeeper.ClientCnxn - Session establishment complete on server activate.navicat.com/127.0.0.1:2181, session id = 0x10000003b570005, negotiated timeout = 6000
2025-11-03 21:22:09.227 [main-EventThread] INFO  o.a.curator.framework.state.ConnectionStateManager - State change: RECONNECTED
2025-11-03 21:22:09.241 [main-EventThread] INFO  org.apache.curator.framework.imps.EnsembleTracker - New config event received: {}
2025-11-03 21:22:15.242 [main-SendThread(127.0.0.1:2181)] WARN  org.apache.zookeeper.ClientCnxn - Client session timed out, have not heard from server in 4001ms for session id 0x10000003b570005
2025-11-03 21:22:15.242 [main-SendThread(127.0.0.1:2181)] WARN  org.apache.zookeeper.ClientCnxn - Session 0x10000003b570005 for sever activate.navicat.com/127.0.0.1:2181, Closing socket connection. Attempting reconnect except it is a SessionExpiredException.
org.apache.zookeeper.ClientCnxn$SessionTimeoutException: Client session timed out, have not heard from server in 4001ms for session id 0x10000003b570005
	at org.apache.zookeeper.ClientCnxn$SendThread.run(ClientCnxn.java:1230)
2025-11-03 21:22:15.350 [main-EventThread] INFO  o.a.curator.framework.state.ConnectionStateManager - State change: SUSPENDED
2025-11-03 21:22:15.366 [schedule-upload-time] INFO  c.q.x.d.i.g.b.c.snowflake.SnowflakeZookeeperHolder - update init data error path is /snowflake/com.sankuai.leaf.opensource.test/forever/192.168.134.1:2222-0000000000 error is {}
org.apache.zookeeper.KeeperException$ConnectionLossException: KeeperErrorCode = ConnectionLoss for /snowflake/com.sankuai.leaf.opensource.test/forever/192.168.134.1:2222-0000000000
	at org.apache.zookeeper.KeeperException.create(KeeperException.java:102)
	at org.apache.zookeeper.KeeperException.create(KeeperException.java:54)
	at org.apache.zookeeper.ZooKeeper.setData(ZooKeeper.java:2551)
	at org.apache.curator.framework.imps.SetDataBuilderImpl$4.call(SetDataBuilderImpl.java:291)
	at org.apache.curator.framework.imps.SetDataBuilderImpl$4.call(SetDataBuilderImpl.java:287)
	at org.apache.curator.RetryLoop.callWithRetry(RetryLoop.java:93)
	at org.apache.curator.framework.imps.SetDataBuilderImpl.pathInForeground(SetDataBuilderImpl.java:284)
	at org.apache.curator.framework.imps.SetDataBuilderImpl.forPath(SetDataBuilderImpl.java:270)
	at org.apache.curator.framework.imps.SetDataBuilderImpl.forPath(SetDataBuilderImpl.java:33)
	at com.quanxiaoha.xiaohashu.distributed.id.generator.biz.core.snowflake.SnowflakeZookeeperHolder.updateNewData(SnowflakeZookeeperHolder.java:158)
	at com.quanxiaoha.xiaohashu.distributed.id.generator.biz.core.snowflake.SnowflakeZookeeperHolder$1.run(SnowflakeZookeeperHolder.java:124)
	at java.base/java.util.concurrent.Executors$RunnableAdapter.call(Executors.java:539)
	at java.base/java.util.concurrent.FutureTask.runAndReset(FutureTask.java:305)
	at java.base/java.util.concurrent.ScheduledThreadPoolExecutor$ScheduledFutureTask.run(ScheduledThreadPoolExecutor.java:305)
	at java.base/java.util.concurrent.ThreadPoolExecutor.runWorker(ThreadPoolExecutor.java:1136)
	at java.base/java.util.concurrent.ThreadPoolExecutor$Worker.run(ThreadPoolExecutor.java:635)
	at java.base/java.lang.Thread.run(Thread.java:842)
2025-11-03 21:22:16.483 [main-SendThread(127.0.0.1:2181)] INFO  org.apache.zookeeper.ClientCnxn - Opening socket connection to server activate.navicat.com/127.0.0.1:2181.
2025-11-03 21:22:16.483 [main-SendThread(127.0.0.1:2181)] INFO  org.apache.zookeeper.ClientCnxn - SASL config status: Will not attempt to authenticate using SASL (unknown error)
2025-11-03 21:22:16.484 [main-SendThread(127.0.0.1:2181)] INFO  org.apache.zookeeper.ClientCnxn - Socket connection established, initiating session, client: /127.0.0.1:1192, server: activate.navicat.com/127.0.0.1:2181
2025-11-03 21:22:16.489 [main-SendThread(127.0.0.1:2181)] INFO  org.apache.zookeeper.ClientCnxn - Session establishment complete on server activate.navicat.com/127.0.0.1:2181, session id = 0x10000003b570005, negotiated timeout = 6000
2025-11-03 21:22:16.489 [main-EventThread] INFO  o.a.curator.framework.state.ConnectionStateManager - State change: RECONNECTED
2025-11-03 21:22:16.490 [main-EventThread] INFO  org.apache.curator.framework.imps.EnsembleTracker - New config event received: {}
2025-11-03 21:23:08.878 [check-idCache-thread] INFO  c.q.x.d.i.g.biz.core.segment.SegmentIDGenImpl - update cache from db
2025-11-03 21:23:08.879 [check-idCache-thread] INFO  org.perf4j.TimingLogger - start[1762176188879] time[1] tag[updateCacheFromDb]
2025-11-03 21:24:08.891 [check-idCache-thread] INFO  c.q.x.d.i.g.biz.core.segment.SegmentIDGenImpl - update cache from db
2025-11-03 21:24:08.893 [check-idCache-thread] INFO  org.perf4j.TimingLogger - start[1762176248891] time[1] tag[updateCacheFromDb]
2025-11-03 21:25:08.897 [check-idCache-thread] INFO  c.q.x.d.i.g.biz.core.segment.SegmentIDGenImpl - update cache from db
2025-11-03 21:25:08.897 [check-idCache-thread] INFO  org.perf4j.TimingLogger - start[1762176308897] time[1] tag[updateCacheFromDb]
2025-11-03 21:26:08.904 [check-idCache-thread] INFO  c.q.x.d.i.g.biz.core.segment.SegmentIDGenImpl - update cache from db
2025-11-03 21:26:08.905 [check-idCache-thread] INFO  org.perf4j.TimingLogger - start[1762176368904] time[1] tag[updateCacheFromDb]
2025-11-03 21:27:08.916 [check-idCache-thread] INFO  c.q.x.d.i.g.biz.core.segment.SegmentIDGenImpl - update cache from db
2025-11-03 21:27:08.916 [check-idCache-thread] INFO  org.perf4j.TimingLogger - start[1762176428916] time[1] tag[updateCacheFromDb]
2025-11-03 21:28:08.926 [check-idCache-thread] INFO  c.q.x.d.i.g.biz.core.segment.SegmentIDGenImpl - update cache from db
2025-11-03 21:28:08.926 [check-idCache-thread] INFO  org.perf4j.TimingLogger - start[1762176488926] time[1] tag[updateCacheFromDb]
2025-11-03 21:29:08.932 [check-idCache-thread] INFO  c.q.x.d.i.g.biz.core.segment.SegmentIDGenImpl - update cache from db
2025-11-03 21:29:08.933 [check-idCache-thread] INFO  org.perf4j.TimingLogger - start[1762176548932] time[1] tag[updateCacheFromDb]
2025-11-03 21:30:08.944 [check-idCache-thread] INFO  c.q.x.d.i.g.biz.core.segment.SegmentIDGenImpl - update cache from db
2025-11-03 21:30:08.945 [check-idCache-thread] INFO  org.perf4j.TimingLogger - start[1762176608944] time[1] tag[updateCacheFromDb]
2025-11-03 21:31:08.947 [check-idCache-thread] INFO  c.q.x.d.i.g.biz.core.segment.SegmentIDGenImpl - update cache from db
2025-11-03 21:31:08.948 [check-idCache-thread] INFO  org.perf4j.TimingLogger - start[1762176668947] time[1] tag[updateCacheFromDb]
2025-11-03 21:32:08.959 [check-idCache-thread] INFO  c.q.x.d.i.g.biz.core.segment.SegmentIDGenImpl - update cache from db
2025-11-03 21:32:08.960 [check-idCache-thread] INFO  org.perf4j.TimingLogger - start[1762176728959] time[0] tag[updateCacheFromDb]
2025-11-03 21:33:08.969 [check-idCache-thread] INFO  c.q.x.d.i.g.biz.core.segment.SegmentIDGenImpl - update cache from db
2025-11-03 21:33:08.970 [check-idCache-thread] INFO  org.perf4j.TimingLogger - start[1762176788969] time[0] tag[updateCacheFromDb]
2025-11-03 21:34:08.983 [check-idCache-thread] INFO  c.q.x.d.i.g.biz.core.segment.SegmentIDGenImpl - update cache from db
2025-11-03 21:34:08.985 [check-idCache-thread] INFO  org.perf4j.TimingLogger - start[1762176848983] time[1] tag[updateCacheFromDb]
2025-11-03 21:35:08.987 [check-idCache-thread] INFO  c.q.x.d.i.g.biz.core.segment.SegmentIDGenImpl - update cache from db
2025-11-03 21:35:08.988 [check-idCache-thread] INFO  org.perf4j.TimingLogger - start[1762176908987] time[1] tag[updateCacheFromDb]
2025-11-03 21:36:08.992 [check-idCache-thread] INFO  c.q.x.d.i.g.biz.core.segment.SegmentIDGenImpl - update cache from db
2025-11-03 21:36:08.993 [check-idCache-thread] INFO  org.perf4j.TimingLogger - start[1762176968992] time[1] tag[updateCacheFromDb]
2025-11-03 21:37:09.006 [check-idCache-thread] INFO  c.q.x.d.i.g.biz.core.segment.SegmentIDGenImpl - update cache from db
2025-11-03 21:37:09.007 [check-idCache-thread] INFO  org.perf4j.TimingLogger - start[1762177029006] time[1] tag[updateCacheFromDb]
2025-11-03 21:38:09.017 [check-idCache-thread] INFO  c.q.x.d.i.g.biz.core.segment.SegmentIDGenImpl - update cache from db
2025-11-03 21:38:09.020 [check-idCache-thread] INFO  org.perf4j.TimingLogger - start[1762177089017] time[2] tag[updateCacheFromDb]
2025-11-03 21:39:09.023 [check-idCache-thread] INFO  c.q.x.d.i.g.biz.core.segment.SegmentIDGenImpl - update cache from db
2025-11-03 21:39:09.025 [check-idCache-thread] INFO  org.perf4j.TimingLogger - start[1762177149023] time[1] tag[updateCacheFromDb]
2025-11-03 21:40:09.033 [check-idCache-thread] INFO  c.q.x.d.i.g.biz.core.segment.SegmentIDGenImpl - update cache from db
2025-11-03 21:40:09.034 [check-idCache-thread] INFO  org.perf4j.TimingLogger - start[1762177209033] time[1] tag[updateCacheFromDb]
2025-11-03 21:41:09.048 [check-idCache-thread] INFO  c.q.x.d.i.g.biz.core.segment.SegmentIDGenImpl - update cache from db
2025-11-03 21:41:09.049 [check-idCache-thread] INFO  org.perf4j.TimingLogger - start[1762177269048] time[1] tag[updateCacheFromDb]
2025-11-03 21:42:09.061 [check-idCache-thread] INFO  c.q.x.d.i.g.biz.core.segment.SegmentIDGenImpl - update cache from db
2025-11-03 21:42:09.065 [check-idCache-thread] INFO  org.perf4j.TimingLogger - start[1762177329061] time[3] tag[updateCacheFromDb]
2025-11-03 21:43:09.079 [check-idCache-thread] INFO  c.q.x.d.i.g.biz.core.segment.SegmentIDGenImpl - update cache from db
2025-11-03 21:43:09.082 [check-idCache-thread] INFO  org.perf4j.TimingLogger - start[1762177389079] time[2] tag[updateCacheFromDb]
2025-11-03 21:44:09.091 [check-idCache-thread] INFO  c.q.x.d.i.g.biz.core.segment.SegmentIDGenImpl - update cache from db
2025-11-03 21:44:09.092 [check-idCache-thread] INFO  org.perf4j.TimingLogger - start[1762177449091] time[1] tag[updateCacheFromDb]
2025-11-03 21:45:09.099 [check-idCache-thread] INFO  c.q.x.d.i.g.biz.core.segment.SegmentIDGenImpl - update cache from db
2025-11-03 21:45:09.101 [check-idCache-thread] INFO  org.perf4j.TimingLogger - start[1762177509099] time[1] tag[updateCacheFromDb]
2025-11-03 21:46:09.116 [check-idCache-thread] INFO  c.q.x.d.i.g.biz.core.segment.SegmentIDGenImpl - update cache from db
2025-11-03 21:46:09.118 [check-idCache-thread] INFO  org.perf4j.TimingLogger - start[1762177569116] time[2] tag[updateCacheFromDb]
2025-11-03 21:47:09.126 [check-idCache-thread] INFO  c.q.x.d.i.g.biz.core.segment.SegmentIDGenImpl - update cache from db
2025-11-03 21:47:09.126 [check-idCache-thread] INFO  org.perf4j.TimingLogger - start[1762177629126] time[1] tag[updateCacheFromDb]
2025-11-03 21:48:09.139 [check-idCache-thread] INFO  c.q.x.d.i.g.biz.core.segment.SegmentIDGenImpl - update cache from db
2025-11-03 21:48:09.140 [check-idCache-thread] INFO  org.perf4j.TimingLogger - start[1762177689139] time[1] tag[updateCacheFromDb]
2025-11-03 21:49:09.151 [check-idCache-thread] INFO  c.q.x.d.i.g.biz.core.segment.SegmentIDGenImpl - update cache from db
2025-11-03 21:49:09.152 [check-idCache-thread] INFO  org.perf4j.TimingLogger - start[1762177749151] time[0] tag[updateCacheFromDb]
2025-11-03 21:50:09.162 [check-idCache-thread] INFO  c.q.x.d.i.g.biz.core.segment.SegmentIDGenImpl - update cache from db
2025-11-03 21:50:09.163 [check-idCache-thread] INFO  org.perf4j.TimingLogger - start[1762177809162] time[0] tag[updateCacheFromDb]
2025-11-03 21:51:09.173 [check-idCache-thread] INFO  c.q.x.d.i.g.biz.core.segment.SegmentIDGenImpl - update cache from db
2025-11-03 21:51:09.175 [check-idCache-thread] INFO  org.perf4j.TimingLogger - start[1762177869173] time[1] tag[updateCacheFromDb]
2025-11-03 21:52:09.183 [check-idCache-thread] INFO  c.q.x.d.i.g.biz.core.segment.SegmentIDGenImpl - update cache from db
2025-11-03 21:52:09.185 [check-idCache-thread] INFO  org.perf4j.TimingLogger - start[1762177929183] time[1] tag[updateCacheFromDb]
2025-11-03 21:53:09.198 [check-idCache-thread] INFO  c.q.x.d.i.g.biz.core.segment.SegmentIDGenImpl - update cache from db
2025-11-03 21:53:09.199 [check-idCache-thread] INFO  org.perf4j.TimingLogger - start[1762177989198] time[1] tag[updateCacheFromDb]
2025-11-03 21:54:09.204 [check-idCache-thread] INFO  c.q.x.d.i.g.biz.core.segment.SegmentIDGenImpl - update cache from db
2025-11-03 21:54:09.206 [check-idCache-thread] INFO  org.perf4j.TimingLogger - start[1762178049204] time[1] tag[updateCacheFromDb]
2025-11-03 21:55:09.214 [check-idCache-thread] INFO  c.q.x.d.i.g.biz.core.segment.SegmentIDGenImpl - update cache from db
2025-11-03 21:55:09.215 [check-idCache-thread] INFO  org.perf4j.TimingLogger - start[1762178109214] time[1] tag[updateCacheFromDb]
2025-11-03 21:56:09.225 [check-idCache-thread] INFO  c.q.x.d.i.g.biz.core.segment.SegmentIDGenImpl - update cache from db
2025-11-03 21:56:09.225 [check-idCache-thread] INFO  org.perf4j.TimingLogger - start[1762178169225] time[0] tag[updateCacheFromDb]
2025-11-03 21:57:09.233 [check-idCache-thread] INFO  c.q.x.d.i.g.biz.core.segment.SegmentIDGenImpl - update cache from db
2025-11-03 21:57:09.234 [check-idCache-thread] INFO  org.perf4j.TimingLogger - start[1762178229233] time[0] tag[updateCacheFromDb]
2025-11-03 21:58:09.236 [check-idCache-thread] INFO  c.q.x.d.i.g.biz.core.segment.SegmentIDGenImpl - update cache from db
2025-11-03 21:58:09.237 [check-idCache-thread] INFO  org.perf4j.TimingLogger - start[1762178289236] time[1] tag[updateCacheFromDb]
2025-11-03 21:59:09.245 [check-idCache-thread] INFO  c.q.x.d.i.g.biz.core.segment.SegmentIDGenImpl - update cache from db
2025-11-03 21:59:09.246 [check-idCache-thread] INFO  org.perf4j.TimingLogger - start[1762178349245] time[1] tag[updateCacheFromDb]
2025-11-03 22:00:09.260 [check-idCache-thread] INFO  c.q.x.d.i.g.biz.core.segment.SegmentIDGenImpl - update cache from db
2025-11-03 22:00:09.261 [check-idCache-thread] INFO  org.perf4j.TimingLogger - start[1762178409260] time[1] tag[updateCacheFromDb]
2025-11-03 22:01:09.273 [check-idCache-thread] INFO  c.q.x.d.i.g.biz.core.segment.SegmentIDGenImpl - update cache from db
2025-11-03 22:01:09.274 [check-idCache-thread] INFO  org.perf4j.TimingLogger - start[1762178469273] time[1] tag[updateCacheFromDb]
2025-11-03 22:02:09.282 [check-idCache-thread] INFO  c.q.x.d.i.g.biz.core.segment.SegmentIDGenImpl - update cache from db
2025-11-03 22:02:09.283 [check-idCache-thread] INFO  org.perf4j.TimingLogger - start[1762178529282] time[1] tag[updateCacheFromDb]
2025-11-03 22:03:09.286 [check-idCache-thread] INFO  c.q.x.d.i.g.biz.core.segment.SegmentIDGenImpl - update cache from db
2025-11-03 22:03:09.289 [check-idCache-thread] INFO  org.perf4j.TimingLogger - start[1762178589286] time[3] tag[updateCacheFromDb]
2025-11-03 22:04:09.298 [check-idCache-thread] INFO  c.q.x.d.i.g.biz.core.segment.SegmentIDGenImpl - update cache from db
2025-11-03 22:04:09.299 [check-idCache-thread] INFO  org.perf4j.TimingLogger - start[1762178649298] time[0] tag[updateCacheFromDb]
2025-11-03 22:05:09.307 [check-idCache-thread] INFO  c.q.x.d.i.g.biz.core.segment.SegmentIDGenImpl - update cache from db
2025-11-03 22:05:09.308 [check-idCache-thread] INFO  org.perf4j.TimingLogger - start[1762178709307] time[1] tag[updateCacheFromDb]
2025-11-03 22:06:09.309 [check-idCache-thread] INFO  c.q.x.d.i.g.biz.core.segment.SegmentIDGenImpl - update cache from db
2025-11-03 22:06:09.310 [check-idCache-thread] INFO  org.perf4j.TimingLogger - start[1762178769309] time[2] tag[updateCacheFromDb]
2025-11-03 22:07:09.324 [check-idCache-thread] INFO  c.q.x.d.i.g.biz.core.segment.SegmentIDGenImpl - update cache from db
2025-11-03 22:07:09.325 [check-idCache-thread] INFO  org.perf4j.TimingLogger - start[1762178829324] time[0] tag[updateCacheFromDb]
2025-11-03 22:08:09.336 [check-idCache-thread] INFO  c.q.x.d.i.g.biz.core.segment.SegmentIDGenImpl - update cache from db
2025-11-03 22:08:09.337 [check-idCache-thread] INFO  org.perf4j.TimingLogger - start[1762178889336] time[1] tag[updateCacheFromDb]
2025-11-03 22:09:09.338 [check-idCache-thread] INFO  c.q.x.d.i.g.biz.core.segment.SegmentIDGenImpl - update cache from db
2025-11-03 22:09:09.339 [check-idCache-thread] INFO  org.perf4j.TimingLogger - start[1762178949338] time[1] tag[updateCacheFromDb]
2025-11-03 22:10:09.352 [check-idCache-thread] INFO  c.q.x.d.i.g.biz.core.segment.SegmentIDGenImpl - update cache from db
2025-11-03 22:10:09.353 [check-idCache-thread] INFO  org.perf4j.TimingLogger - start[1762179009353] time[0] tag[updateCacheFromDb]
2025-11-03 22:11:09.365 [check-idCache-thread] INFO  c.q.x.d.i.g.biz.core.segment.SegmentIDGenImpl - update cache from db
2025-11-03 22:11:09.366 [check-idCache-thread] INFO  org.perf4j.TimingLogger - start[1762179069365] time[1] tag[updateCacheFromDb]
2025-11-03 22:12:09.378 [check-idCache-thread] INFO  c.q.x.d.i.g.biz.core.segment.SegmentIDGenImpl - update cache from db
2025-11-03 22:12:09.379 [check-idCache-thread] INFO  org.perf4j.TimingLogger - start[1762179129378] time[1] tag[updateCacheFromDb]
2025-11-03 22:13:09.382 [check-idCache-thread] INFO  c.q.x.d.i.g.biz.core.segment.SegmentIDGenImpl - update cache from db
2025-11-03 22:13:09.383 [check-idCache-thread] INFO  org.perf4j.TimingLogger - start[1762179189382] time[1] tag[updateCacheFromDb]
2025-11-03 22:14:09.389 [check-idCache-thread] INFO  c.q.x.d.i.g.biz.core.segment.SegmentIDGenImpl - update cache from db
2025-11-03 22:14:09.390 [check-idCache-thread] INFO  org.perf4j.TimingLogger - start[1762179249389] time[1] tag[updateCacheFromDb]
2025-11-03 22:15:09.396 [check-idCache-thread] INFO  c.q.x.d.i.g.biz.core.segment.SegmentIDGenImpl - update cache from db
2025-11-03 22:15:09.396 [check-idCache-thread] INFO  org.perf4j.TimingLogger - start[1762179309396] time[1] tag[updateCacheFromDb]
2025-11-03 22:16:09.402 [check-idCache-thread] INFO  c.q.x.d.i.g.biz.core.segment.SegmentIDGenImpl - update cache from db
2025-11-03 22:16:09.403 [check-idCache-thread] INFO  org.perf4j.TimingLogger - start[1762179369402] time[1] tag[updateCacheFromDb]
2025-11-03 22:17:09.413 [check-idCache-thread] INFO  c.q.x.d.i.g.biz.core.segment.SegmentIDGenImpl - update cache from db
2025-11-03 22:17:09.414 [check-idCache-thread] INFO  org.perf4j.TimingLogger - start[1762179429413] time[0] tag[updateCacheFromDb]
2025-11-03 22:18:09.420 [check-idCache-thread] INFO  c.q.x.d.i.g.biz.core.segment.SegmentIDGenImpl - update cache from db
2025-11-03 22:18:09.421 [check-idCache-thread] INFO  org.perf4j.TimingLogger - start[1762179489420] time[0] tag[updateCacheFromDb]
2025-11-03 22:19:09.432 [check-idCache-thread] INFO  c.q.x.d.i.g.biz.core.segment.SegmentIDGenImpl - update cache from db
2025-11-03 22:19:09.432 [check-idCache-thread] INFO  org.perf4j.TimingLogger - start[1762179549432] time[1] tag[updateCacheFromDb]
2025-11-03 22:20:09.443 [check-idCache-thread] INFO  c.q.x.d.i.g.biz.core.segment.SegmentIDGenImpl - update cache from db
2025-11-03 22:20:09.444 [check-idCache-thread] INFO  org.perf4j.TimingLogger - start[1762179609443] time[1] tag[updateCacheFromDb]
2025-11-03 22:21:09.459 [check-idCache-thread] INFO  c.q.x.d.i.g.biz.core.segment.SegmentIDGenImpl - update cache from db
2025-11-03 22:21:09.460 [check-idCache-thread] INFO  org.perf4j.TimingLogger - start[1762179669459] time[1] tag[updateCacheFromDb]
2025-11-03 22:22:09.474 [check-idCache-thread] INFO  c.q.x.d.i.g.biz.core.segment.SegmentIDGenImpl - update cache from db
2025-11-03 22:22:09.476 [check-idCache-thread] INFO  org.perf4j.TimingLogger - start[1762179729474] time[2] tag[updateCacheFromDb]
2025-11-03 22:23:09.484 [check-idCache-thread] INFO  c.q.x.d.i.g.biz.core.segment.SegmentIDGenImpl - update cache from db
2025-11-03 22:23:09.485 [check-idCache-thread] INFO  org.perf4j.TimingLogger - start[1762179789484] time[1] tag[updateCacheFromDb]
2025-11-03 22:24:09.497 [check-idCache-thread] INFO  c.q.x.d.i.g.biz.core.segment.SegmentIDGenImpl - update cache from db
2025-11-03 22:24:09.497 [check-idCache-thread] INFO  org.perf4j.TimingLogger - start[1762179849497] time[0] tag[updateCacheFromDb]
2025-11-03 22:25:09.506 [check-idCache-thread] INFO  c.q.x.d.i.g.biz.core.segment.SegmentIDGenImpl - update cache from db
2025-11-03 22:25:09.507 [check-idCache-thread] INFO  org.perf4j.TimingLogger - start[1762179909506] time[1] tag[updateCacheFromDb]
2025-11-03 22:26:09.512 [check-idCache-thread] INFO  c.q.x.d.i.g.biz.core.segment.SegmentIDGenImpl - update cache from db
2025-11-03 22:26:09.513 [check-idCache-thread] INFO  org.perf4j.TimingLogger - start[1762179969512] time[1] tag[updateCacheFromDb]
2025-11-03 22:27:09.515 [check-idCache-thread] INFO  c.q.x.d.i.g.biz.core.segment.SegmentIDGenImpl - update cache from db
2025-11-03 22:27:09.516 [check-idCache-thread] INFO  org.perf4j.TimingLogger - start[1762180029515] time[1] tag[updateCacheFromDb]
2025-11-03 23:19:32.823 [main] WARN  com.alibaba.nacos.client.logging.NacosLogging - Load Logback Configuration of Nacos fail, message: Could not initialize Logback Nacos logging from classpath:nacos-logback.xml
2025-11-03 23:19:32.853 [main] WARN  com.alibaba.nacos.client.logging.NacosLogging - Load Logback Configuration of Nacos fail, message: Could not initialize Logback Nacos logging from classpath:nacos-logback.xml
2025-11-03 23:19:34.242 [main] WARN  com.alibaba.nacos.client.logging.NacosLogging - Load Logback Configuration of Nacos fail, message: Could not initialize Logback Nacos logging from classpath:nacos-logback.xml
2025-11-03 23:19:34.249 [main] WARN  com.alibaba.nacos.client.logging.NacosLogging - Load Logback Configuration of Nacos fail, message: Could not initialize Logback Nacos logging from classpath:nacos-logback.xml
2025-11-03 23:19:34.249 [main] INFO  c.q.x.d.i.g.b.XiaohashuDistributedIdGeneratorBizApplication - The following 1 profile is active: "dev"
2025-11-03 23:19:34.508 [main] INFO  o.springframework.cloud.context.scope.GenericScope - BeanFactory id=418f91a1-6f80-3310-b2d9-2cc1eabea236
2025-11-03 23:19:34.621 [main] INFO  o.s.boot.web.embedded.tomcat.TomcatWebServer - Tomcat initialized with port(s): 0 (http)
2025-11-03 23:19:34.626 [main] INFO  org.apache.catalina.core.StandardService - Starting service [Tomcat]
2025-11-03 23:19:34.626 [main] INFO  org.apache.catalina.core.StandardEngine - Starting Servlet engine: [Apache Tomcat/10.1.5]
2025-11-03 23:19:34.690 [main] INFO  o.a.c.core.ContainerBase.[Tomcat].[localhost].[/] - Initializing Spring embedded WebApplicationContext
2025-11-03 23:19:34.690 [main] INFO  o.s.b.w.s.c.ServletWebServerApplicationContext - Root WebApplicationContext: initialization completed in 433 ms
2025-11-03 23:19:34.754 [main] INFO  com.alibaba.druid.pool.DruidDataSource - {dataSource-1} inited
2025-11-03 23:19:34.786 [main] INFO  c.q.x.d.i.g.biz.core.segment.SegmentIDGenImpl - Init ...
2025-11-03 23:19:34.786 [main] INFO  c.q.x.d.i.g.biz.core.segment.SegmentIDGenImpl - update cache from db
2025-11-03 23:19:34.870 [main] INFO  c.q.x.d.i.g.biz.core.segment.SegmentIDGenImpl - Add tag leaf-segment-test from db to IdCache, SegmentBuffer SegmentBuffer{key='leaf-segment-test', segments=[Segment(value:0,max:0,step:0), Segment(value:0,max:0,step:0)], currentPos=0, nextReady=false, initOk=false, threadRunning=false, step=0, minStep=0, updateTimestamp=0}
2025-11-03 23:19:34.870 [main] INFO  c.q.x.d.i.g.biz.core.segment.SegmentIDGenImpl - Add tag leaf-segment-xiaohashu-id from db to IdCache, SegmentBuffer SegmentBuffer{key='leaf-segment-xiaohashu-id', segments=[Segment(value:0,max:0,step:0), Segment(value:0,max:0,step:0)], currentPos=0, nextReady=false, initOk=false, threadRunning=false, step=0, minStep=0, updateTimestamp=0}
2025-11-03 23:19:34.870 [main] INFO  org.perf4j.TimingLogger - start[1762183174787] time[83] tag[updateCacheFromDb]
2025-11-03 23:19:34.871 [main] INFO  c.q.x.d.id.generator.biz.service.SegmentService - Segment Service Init Successfully
2025-11-03 23:19:34.887 [main] INFO  c.q.x.d.i.g.biz.core.snowflake.SnowflakeIDGenImpl - twepoch:1288834974657 ,ip:192.168.134.1 ,zkAddress:127.0.0.1:2181 port:2222
2025-11-03 23:19:34.908 [main] WARN  org.apache.curator.CuratorZookeeperClient - session timeout [6000] is less than connection timeout [10000]
2025-11-03 23:19:34.916 [main] INFO  o.a.curator.framework.imps.CuratorFrameworkImpl - Starting
2025-11-03 23:19:34.920 [main] INFO  org.apache.zookeeper.ZooKeeper - Client environment:zookeeper.version=3.6.0--b4c89dc7f6083829e18fae6e446907ae0b1f22d7, built on 02/25/2020 14:38 GMT
2025-11-03 23:19:34.920 [main] INFO  org.apache.zookeeper.ZooKeeper - Client environment:host.name=host.docker.internal
2025-11-03 23:19:34.920 [main] INFO  org.apache.zookeeper.ZooKeeper - Client environment:java.version=17.0.12
2025-11-03 23:19:34.920 [main] INFO  org.apache.zookeeper.ZooKeeper - Client environment:java.vendor=Oracle Corporation
2025-11-03 23:19:34.920 [main] INFO  org.apache.zookeeper.ZooKeeper - Client environment:java.home=D:\JAVA\jdk17.0.12
2025-11-03 23:19:34.920 [main] INFO  org.apache.zookeeper.ZooKeeper - Client environment:java.class.path=E:\xiaohashu\xiaohashu-distributed-id-generator\xiaohashu-distributed-id-generator-biz\target\classes;E:\xiaohashu\xiaoha-framework\xiaoha-commom\target\classes;D:\maven_repository\org\projectlombok\lombok\1.18.30\lombok-1.18.30.jar;D:\maven_repository\com\fasterxml\jackson\core\jackson-databind\2.16.1\jackson-databind-2.16.1.jar;D:\maven_repository\com\fasterxml\jackson\core\jackson-annotations\2.14.1\jackson-annotations-2.14.1.jar;D:\maven_repository\com\fasterxml\jackson\core\jackson-core\2.16.1\jackson-core-2.16.1.jar;D:\maven_repository\com\fasterxml\jackson\datatype\jackson-datatype-jsr310\2.14.1\jackson-datatype-jsr310-2.14.1.jar;D:\maven_repository\jakarta\validation\jakarta.validation-api\3.0.2\jakarta.validation-api-3.0.2.jar;D:\maven_repository\org\apache\commons\commons-lang3\3.12.0\commons-lang3-3.12.0.jar;D:\maven_repository\org\hibernate\validator\hibernate-validator\8.0.0.Final\hibernate-validator-8.0.0.Final.jar;D:\maven_repository\org\jboss\logging\jboss-logging\3.5.0.Final\jboss-logging-3.5.0.Final.jar;D:\maven_repository\com\fasterxml\classmate\1.5.1\classmate-1.5.1.jar;D:\maven_repository\org\springframework\boot\spring-boot-starter-web\3.0.2\spring-boot-starter-web-3.0.2.jar;D:\maven_repository\org\springframework\boot\spring-boot-starter\3.0.2\spring-boot-starter-3.0.2.jar;D:\maven_repository\org\springframework\boot\spring-boot\3.0.2\spring-boot-3.0.2.jar;D:\maven_repository\org\springframework\boot\spring-boot-autoconfigure\3.0.2\spring-boot-autoconfigure-3.0.2.jar;D:\maven_repository\org\springframework\boot\spring-boot-starter-logging\3.0.2\spring-boot-starter-logging-3.0.2.jar;D:\maven_repository\ch\qos\logback\logback-classic\1.4.5\logback-classic-1.4.5.jar;D:\maven_repository\ch\qos\logback\logback-core\1.4.5\logback-core-1.4.5.jar;D:\maven_repository\org\apache\logging\log4j\log4j-to-slf4j\2.19.0\log4j-to-slf4j-2.19.0.jar;D:\maven_repository\org\apache\logging\log4j\log4j-api\2.19.0\log4j-api-2.19.0.jar;D:\maven_repository\org\slf4j\jul-to-slf4j\2.0.6\jul-to-slf4j-2.0.6.jar;D:\maven_repository\jakarta\annotation\jakarta.annotation-api\2.1.1\jakarta.annotation-api-2.1.1.jar;D:\maven_repository\org\yaml\snakeyaml\1.33\snakeyaml-1.33.jar;D:\maven_repository\org\springframework\boot\spring-boot-starter-json\3.0.2\spring-boot-starter-json-3.0.2.jar;D:\maven_repository\com\fasterxml\jackson\datatype\jackson-datatype-jdk8\2.14.1\jackson-datatype-jdk8-2.14.1.jar;D:\maven_repository\com\fasterxml\jackson\module\jackson-module-parameter-names\2.14.1\jackson-module-parameter-names-2.14.1.jar;D:\maven_repository\org\springframework\boot\spring-boot-starter-tomcat\3.0.2\spring-boot-starter-tomcat-3.0.2.jar;D:\maven_repository\org\apache\tomcat\embed\tomcat-embed-core\10.1.5\tomcat-embed-core-10.1.5.jar;D:\maven_repository\org\apache\tomcat\embed\tomcat-embed-el\10.1.5\tomcat-embed-el-10.1.5.jar;D:\maven_repository\org\apache\tomcat\embed\tomcat-embed-websocket\10.1.5\tomcat-embed-websocket-10.1.5.jar;D:\maven_repository\org\springframework\spring-web\6.0.4\spring-web-6.0.4.jar;D:\maven_repository\org\springframework\spring-beans\6.0.4\spring-beans-6.0.4.jar;D:\maven_repository\io\micrometer\micrometer-observation\1.10.3\micrometer-observation-1.10.3.jar;D:\maven_repository\io\micrometer\micrometer-commons\1.10.3\micrometer-commons-1.10.3.jar;D:\maven_repository\org\springframework\spring-webmvc\6.0.4\spring-webmvc-6.0.4.jar;D:\maven_repository\org\springframework\spring-aop\6.0.4\spring-aop-6.0.4.jar;D:\maven_repository\org\springframework\spring-context\6.0.4\spring-context-6.0.4.jar;D:\maven_repository\org\springframework\spring-expression\6.0.4\spring-expression-6.0.4.jar;D:\maven_repository\org\slf4j\slf4j-api\2.0.6\slf4j-api-2.0.6.jar;D:\maven_repository\org\springframework\spring-core\6.0.4\spring-core-6.0.4.jar;D:\maven_repository\org\springframework\spring-jcl\6.0.4\spring-jcl-6.0.4.jar;D:\maven_repository\org\springframework\cloud\spring-cloud-starter-bootstrap\4.0.0\spring-cloud-starter-bootstrap-4.0.0.jar;D:\maven_repository\org\springframework\cloud\spring-cloud-starter\4.0.0\spring-cloud-starter-4.0.0.jar;D:\maven_repository\org\springframework\security\spring-security-rsa\1.0.11.RELEASE\spring-security-rsa-1.0.11.RELEASE.jar;D:\maven_repository\org\bouncycastle\bcpkix-jdk15on\1.69\bcpkix-jdk15on-1.69.jar;D:\maven_repository\org\bouncycastle\bcprov-jdk15on\1.69\bcprov-jdk15on-1.69.jar;D:\maven_repository\org\bouncycastle\bcutil-jdk15on\1.69\bcutil-jdk15on-1.69.jar;D:\maven_repository\com\alibaba\cloud\spring-cloud-starter-alibaba-nacos-discovery\2022.0.0.0\spring-cloud-starter-alibaba-nacos-discovery-2022.0.0.0.jar;D:\maven_repository\com\alibaba\cloud\spring-cloud-alibaba-commons\2022.0.0.0\spring-cloud-alibaba-commons-2022.0.0.0.jar;D:\maven_repository\com\alibaba\nacos\nacos-client\2.2.1\nacos-client-2.2.1.jar;D:\maven_repository\com\alibaba\nacos\nacos-auth-plugin\2.2.1\nacos-auth-plugin-2.2.1.jar;D:\maven_repository\com\alibaba\nacos\nacos-encryption-plugin\2.2.1\nacos-encryption-plugin-2.2.1.jar;D:\maven_repository\commons-codec\commons-codec\1.15\commons-codec-1.15.jar;D:\maven_repository\org\apache\httpcomponents\httpasyncclient\4.1.5\httpasyncclient-4.1.5.jar;D:\maven_repository\org\apache\httpcomponents\httpcore\4.4.16\httpcore-4.4.16.jar;D:\maven_repository\org\apache\httpcomponents\httpcore-nio\4.4.16\httpcore-nio-4.4.16.jar;D:\maven_repository\org\apache\httpcomponents\httpclient\4.5.14\httpclient-4.5.14.jar;D:\maven_repository\io\prometheus\simpleclient\0.16.0\simpleclient-0.16.0.jar;D:\maven_repository\io\prometheus\simpleclient_tracer_otel\0.16.0\simpleclient_tracer_otel-0.16.0.jar;D:\maven_repository\io\prometheus\simpleclient_tracer_common\0.16.0\simpleclient_tracer_common-0.16.0.jar;D:\maven_repository\io\prometheus\simpleclient_tracer_otel_agent\0.16.0\simpleclient_tracer_otel_agent-0.16.0.jar;D:\maven_repository\com\alibaba\spring\spring-context-support\1.0.11\spring-context-support-1.0.11.jar;D:\maven_repository\org\springframework\cloud\spring-cloud-commons\4.0.0\spring-cloud-commons-4.0.0.jar;D:\maven_repository\org\springframework\security\spring-security-crypto\6.0.1\spring-security-crypto-6.0.1.jar;D:\maven_repository\org\springframework\cloud\spring-cloud-context\4.0.0\spring-cloud-context-4.0.0.jar;D:\maven_repository\commons-io\commons-io\2.4\commons-io-2.4.jar;D:\maven_repository\org\perf4j\perf4j\0.9.16\perf4j-0.9.16.jar;D:\maven_repository\mysql\mysql-connector-java\8.0.29\mysql-connector-java-8.0.29.jar;D:\maven_repository\com\google\protobuf\protobuf-java\3.19.4\protobuf-java-3.19.4.jar;D:\maven_repository\com\alibaba\druid\1.0.18\druid-1.0.18.jar;D:\maven_repository\org\mybatis\mybatis\3.3.0\mybatis-3.3.0.jar;D:\maven_repository\org\apache\curator\curator-recipes\2.6.0\curator-recipes-2.6.0.jar;D:\maven_repository\org\apache\curator\curator-framework\5.1.0\curator-framework-5.1.0.jar;D:\maven_repository\org\apache\curator\curator-client\5.1.0\curator-client-5.1.0.jar;D:\maven_repository\com\google\guava\guava\33.0.0-jre\guava-33.0.0-jre.jar;D:\maven_repository\com\google\guava\failureaccess\1.0.2\failureaccess-1.0.2.jar;D:\maven_repository\com\google\guava\listenablefuture\9999.0-empty-to-avoid-conflict-with-guava\listenablefuture-9999.0-empty-to-avoid-conflict-with-guava.jar;D:\maven_repository\com\google\code\findbugs\jsr305\3.0.2\jsr305-3.0.2.jar;D:\maven_repository\org\checkerframework\checker-qual\3.41.0\checker-qual-3.41.0.jar;D:\maven_repository\com\google\errorprone\error_prone_annotations\2.23.0\error_prone_annotations-2.23.0.jar;D:\maven_repository\com\google\j2objc\j2objc-annotations\2.8\j2objc-annotations-2.8.jar;D:\maven_repository\org\apache\zookeeper\zookeeper\3.6.0\zookeeper-3.6.0.jar;D:\maven_repository\commons-lang\commons-lang\2.6\commons-lang-2.6.jar;D:\maven_repository\org\apache\zookeeper\zookeeper-jute\3.6.0\zookeeper-jute-3.6.0.jar;D:\maven_repository\org\apache\yetus\audience-annotations\0.5.0\audience-annotations-0.5.0.jar;D:\maven_repository\io\netty\netty-handler\4.1.87.Final\netty-handler-4.1.87.Final.jar;D:\maven_repository\io\netty\netty-common\4.1.87.Final\netty-common-4.1.87.Final.jar;D:\maven_repository\io\netty\netty-resolver\4.1.87.Final\netty-resolver-4.1.87.Final.jar;D:\maven_repository\io\netty\netty-buffer\4.1.87.Final\netty-buffer-4.1.87.Final.jar;D:\maven_repository\io\netty\netty-transport\4.1.87.Final\netty-transport-4.1.87.Final.jar;D:\maven_repository\io\netty\netty-transport-native-unix-common\4.1.87.Final\netty-transport-native-unix-common-4.1.87.Final.jar;D:\maven_repository\io\netty\netty-codec\4.1.87.Final\netty-codec-4.1.87.Final.jar;D:\maven_repository\io\netty\netty-transport-native-epoll\4.1.87.Final\netty-transport-native-epoll-4.1.87.Final.jar;D:\maven_repository\io\netty\netty-transport-classes-epoll\4.1.87.Final\netty-transport-classes-epoll-4.1.87.Final.jar
2025-11-03 23:19:34.920 [main] INFO  org.apache.zookeeper.ZooKeeper - Client environment:java.library.path=D:\JAVA\jdk17.0.12\bin;C:\windows\Sun\Java\bin;C:\windows\system32;C:\windows;C:\Program Files\Common Files\Oracle\Java\javapath;E:\x_2\system\programs;C:\Program Files (x86)\Thermo\Foundation\x64;C:\Program Files (x86)\Thermo\Foundation;D:\python\Scripts;D:\python;D:\虚拟机\bin;D:\JAVA\jdk17.0.12\bin;C:\ProgramData\Oracle\Java\javapath;C:\windows\system32;C:\windows;C:\windows\System32\Wbem;C:\windows\System32\WindowsPowerShell\v1.0;C:\windows\System32\OpenSSH;C:\Program Files\Microsoft SQL Server\150\Tools\Binn;C:\Program Files\dotnet;C:\Program Files (x86)\Windows Kits\10\Windows Performance Toolkit;C:\Program Files\MySQL\MySQL Server 5.7\bin;C:\Program Files\Bandizip;D:\Git\cmd;C:\Program Files (x86)\Microsoft SQL Server\110\DTS\Binn;C:\Program Files (x86)\Microsoft SQL Server\110\Tools\Binn;C:\Program Files (x86)\Microsoft SQL Server\110\Tools\Binn\ManagementStudio;C:\Program Files (x86)\Microsoft Visual Studio 10.0\Common7\IDE\PrivateAssemblies;D:\apache-maven-3.9.0-bin\apache-maven-3.9.0\bin;E:\Vue;E:\Vue\node_global\node_modules;E:\JMeter\apache-jmeter-5.6.3\bin;E:\jdk\bin;;C:\Program Files\Docker\Docker\resources\bin;E:\spss_model\ext\bin\spss.TMWBServer\bin;E:\spss_model\MPICH2\bin;E:\spss_model\TABI;C:\Users\hp\AppData\Local\Microsoft\WindowsApps;C:\Users\hp\AppData\Local\Programs\Microsoft VS Code Insiders\bin;C:\Users\hp\.dotnet\tools;D:\JAVA\IntelliJ IDEA 2021.1.3\bin;D:\C语言之后？\Microsoft VS Code\bin;D:\python\PyCharm Community Edition 2024.2.1\bin;E:\Vue\node_global;C:\Users\hp\AppData\Local\Programs\Ollama;E:\Ollama;.
2025-11-03 23:19:34.920 [main] INFO  org.apache.zookeeper.ZooKeeper - Client environment:java.io.tmpdir=C:\Users\hp\AppData\Local\Temp\
2025-11-03 23:19:34.920 [main] INFO  org.apache.zookeeper.ZooKeeper - Client environment:java.compiler=<NA>
2025-11-03 23:19:34.920 [main] INFO  org.apache.zookeeper.ZooKeeper - Client environment:os.name=Windows 11
2025-11-03 23:19:34.920 [main] INFO  org.apache.zookeeper.ZooKeeper - Client environment:os.arch=amd64
2025-11-03 23:19:34.920 [main] INFO  org.apache.zookeeper.ZooKeeper - Client environment:os.version=10.0
2025-11-03 23:19:34.920 [main] INFO  org.apache.zookeeper.ZooKeeper - Client environment:user.name=hp
2025-11-03 23:19:34.920 [main] INFO  org.apache.zookeeper.ZooKeeper - Client environment:user.home=C:\Users\hp
2025-11-03 23:19:34.920 [main] INFO  org.apache.zookeeper.ZooKeeper - Client environment:user.dir=E:\xiaohashu
2025-11-03 23:19:34.920 [main] INFO  org.apache.zookeeper.ZooKeeper - Client environment:os.memory.free=108MB
2025-11-03 23:19:34.920 [main] INFO  org.apache.zookeeper.ZooKeeper - Client environment:os.memory.max=4008MB
2025-11-03 23:19:34.921 [main] INFO  org.apache.zookeeper.ZooKeeper - Client environment:os.memory.total=156MB
2025-11-03 23:19:34.923 [main] INFO  org.apache.zookeeper.ZooKeeper - Initiating client connection, connectString=127.0.0.1:2181 sessionTimeout=6000 watcher=org.apache.curator.ConnectionState@3b481bf5
2025-11-03 23:19:34.925 [main] INFO  org.apache.zookeeper.common.X509Util - Setting -D jdk.tls.rejectClientInitiatedRenegotiation=true to disable client-initiated TLS renegotiation
2025-11-03 23:19:34.933 [main] INFO  org.apache.zookeeper.ClientCnxnSocket - jute.maxbuffer value is 1048575 Bytes
2025-11-03 23:19:34.937 [main] INFO  org.apache.zookeeper.ClientCnxn - zookeeper.request.timeout value is 0. feature enabled=false
2025-11-03 23:19:34.942 [main] INFO  o.a.curator.framework.imps.CuratorFrameworkImpl - Default schema
2025-11-03 23:19:34.942 [main-SendThread(127.0.0.1:2181)] INFO  org.apache.zookeeper.ClientCnxn - Opening socket connection to server activate.navicat.com/127.0.0.1:2181.
2025-11-03 23:19:34.942 [main-SendThread(127.0.0.1:2181)] INFO  org.apache.zookeeper.ClientCnxn - SASL config status: Will not attempt to authenticate using SASL (unknown error)
2025-11-03 23:19:34.944 [main-SendThread(127.0.0.1:2181)] INFO  org.apache.zookeeper.ClientCnxn - Socket connection established, initiating session, client: /127.0.0.1:7687, server: activate.navicat.com/127.0.0.1:2181
2025-11-03 23:19:34.953 [main-SendThread(127.0.0.1:2181)] INFO  org.apache.zookeeper.ClientCnxn - Session establishment complete on server activate.navicat.com/127.0.0.1:2181, session id = 0x10000003b570006, negotiated timeout = 6000
2025-11-03 23:19:34.956 [main-EventThread] INFO  o.a.curator.framework.state.ConnectionStateManager - State change: CONNECTED
2025-11-03 23:19:34.963 [main-EventThread] INFO  org.apache.curator.framework.imps.EnsembleTracker - New config event received: {}
2025-11-03 23:19:34.963 [main-EventThread] INFO  org.apache.curator.framework.imps.EnsembleTracker - New config event received: {}
2025-11-03 23:19:34.991 [main] INFO  c.q.x.d.i.g.b.c.snowflake.SnowflakeZookeeperHolder - file exists status is true
2025-11-03 23:19:34.999 [main] INFO  c.q.x.d.i.g.b.c.snowflake.SnowflakeZookeeperHolder - update file cache workerID is 0
2025-11-03 23:19:34.999 [main] INFO  c.q.x.d.i.g.b.c.snowflake.SnowflakeZookeeperHolder - [Old NODE]find forever node have this endpoint ip-192.168.134.1 port-2222 workid-0 childnode and start SUCCESS
2025-11-03 23:19:34.999 [main] INFO  c.q.x.d.i.g.biz.core.snowflake.SnowflakeIDGenImpl - START SUCCESS USE ZK WORKERID-0
2025-11-03 23:19:34.999 [main] INFO  c.q.x.d.id.generator.biz.service.SnowflakeService - Snowflake Service Init Successfully
2025-11-03 23:19:36.325 [main] INFO  org.springframework.cloud.commons.util.InetUtils - Cannot determine local hostname
2025-11-03 23:19:37.729 [main] INFO  org.springframework.cloud.commons.util.InetUtils - Cannot determine local hostname
2025-11-03 23:19:37.760 [main] INFO  o.s.boot.web.embedded.tomcat.TomcatWebServer - Tomcat started on port(s): 7689 (http) with context path ''
2025-11-03 23:19:37.763 [main] WARN  com.alibaba.nacos.client.logging.NacosLogging - Load Logback Configuration of Nacos fail, message: Could not initialize Logback Nacos logging from classpath:nacos-logback.xml
2025-11-03 23:19:37.763 [main] INFO  com.alibaba.nacos.client.naming - initializer namespace from ans.namespace attribute : null
2025-11-03 23:19:37.764 [main] INFO  com.alibaba.nacos.client.naming - initializer namespace from ALIBABA_ALIWARE_NAMESPACE attribute :null
2025-11-03 23:19:37.764 [main] INFO  com.alibaba.nacos.client.naming - initializer namespace from namespace attribute :null
2025-11-03 23:19:37.774 [main] INFO  com.alibaba.nacos.client.utils.ParamUtil - [settings] [req-serv] nacos-server port:8848
2025-11-03 23:19:37.774 [main] INFO  com.alibaba.nacos.client.utils.ParamUtil - [settings] [http-client] connect timeout:1000
2025-11-03 23:19:37.775 [main] INFO  com.alibaba.nacos.client.utils.ParamUtil - PER_TASK_CONFIG_SIZE: 3000.0
2025-11-03 23:19:37.776 [main] INFO  c.a.n.p.auth.spi.client.ClientAuthPluginManager - [ClientAuthPluginManager] Load ClientAuthService com.alibaba.nacos.client.auth.impl.NacosClientAuthServiceImpl success.
2025-11-03 23:19:37.776 [main] INFO  c.a.n.p.auth.spi.client.ClientAuthPluginManager - [ClientAuthPluginManager] Load ClientAuthService com.alibaba.nacos.client.auth.ram.RamClientAuthServiceImpl success.
2025-11-03 23:19:37.777 [main] INFO  c.a.n.client.auth.ram.identify.CredentialWatcher - null No credential found
2025-11-03 23:19:37.781 [main] INFO  com.alibaba.nacos.common.remote.client - [RpcClientFactory] create a new rpc client of 28ff227e-0059-49c9-97a2-371b7a09e4dd
2025-11-03 23:19:37.788 [main] INFO  com.alibaba.nacos.common.remote.client - [28ff227e-0059-49c9-97a2-371b7a09e4dd] RpcClient init, ServerListFactory = com.alibaba.nacos.client.naming.core.ServerListManager
2025-11-03 23:19:37.788 [main] INFO  com.alibaba.nacos.common.remote.client - [28ff227e-0059-49c9-97a2-371b7a09e4dd] Registry connection listener to current client:com.alibaba.nacos.client.naming.remote.gprc.redo.NamingGrpcRedoService
2025-11-03 23:19:37.788 [main] INFO  com.alibaba.nacos.common.remote.client - [28ff227e-0059-49c9-97a2-371b7a09e4dd] Register server push request handler:com.alibaba.nacos.client.naming.remote.gprc.NamingPushRequestHandler
2025-11-03 23:19:37.789 [main] INFO  com.alibaba.nacos.common.remote.client - [28ff227e-0059-49c9-97a2-371b7a09e4dd] Try to connect to server on start up, server: {serverIp = '127.0.0.1', server main port = 8848}
2025-11-03 23:19:37.792 [main] INFO  c.a.nacos.common.remote.client.grpc.GrpcClient - grpc client connection server:127.0.0.1 ip,serverPort:9848,grpcTslConfig:{"sslProvider":"OPENSSL","enableTls":false,"mutualAuthEnable":false,"trustAll":false}
2025-11-03 23:19:38.412 [main] INFO  com.alibaba.nacos.common.remote.client - [28ff227e-0059-49c9-97a2-371b7a09e4dd] Success to connect to server [127.0.0.1:8848] on start up, connectionId = 1762183178269_127.0.0.1_7690
2025-11-03 23:19:38.413 [com.alibaba.nacos.client.remote.worker] INFO  com.alibaba.nacos.common.remote.client - [28ff227e-0059-49c9-97a2-371b7a09e4dd] Notify connected event to listeners.
2025-11-03 23:19:38.413 [com.alibaba.nacos.client.remote.worker] INFO  com.alibaba.nacos.client.naming - Grpc connection connect
2025-11-03 23:19:38.413 [main] INFO  com.alibaba.nacos.common.remote.client - [28ff227e-0059-49c9-97a2-371b7a09e4dd] Register server push request handler:com.alibaba.nacos.common.remote.client.RpcClient$ConnectResetRequestHandler
2025-11-03 23:19:38.413 [main] INFO  com.alibaba.nacos.common.remote.client - [28ff227e-0059-49c9-97a2-371b7a09e4dd] Register server push request handler:com.alibaba.nacos.common.remote.client.RpcClient$$Lambda$979/0x000001429b678890
2025-11-03 23:19:38.414 [main] INFO  com.alibaba.nacos.client.naming - [REGISTER-SERVICE] xiaohashu registering service xiaohashu-distributed-id-generator with instance Instance{instanceId='null', ip='192.168.134.1', port=7689, weight=1.0, healthy=true, enabled=true, ephemeral=true, clusterName='DEFAULT', serviceName='null', metadata={IPv6=null, preserved.register.source=SPRING_CLOUD}}
2025-11-03 23:19:38.423 [main] INFO  c.a.cloud.nacos.registry.NacosServiceRegistry - nacos registry, DEFAULT_GROUP xiaohashu-distributed-id-generator 192.168.134.1:7689 register finished
2025-11-03 23:19:39.626 [main] INFO  org.springframework.cloud.commons.util.InetUtils - Cannot determine local hostname
2025-11-03 23:19:39.631 [main] INFO  c.q.x.d.i.g.b.XiaohashuDistributedIdGeneratorBizApplication - Started XiaohashuDistributedIdGeneratorBizApplication in 8.373 seconds (process running for 8.811)
2025-11-03 23:19:58.749 [http-nio-auto-1-exec-1] INFO  o.a.c.core.ContainerBase.[Tomcat].[localhost].[/] - Initializing Spring DispatcherServlet 'dispatcherServlet'
2025-11-03 23:19:58.749 [http-nio-auto-1-exec-1] INFO  org.springframework.web.servlet.DispatcherServlet - Initializing Servlet 'dispatcherServlet'
2025-11-03 23:19:58.749 [http-nio-auto-1-exec-1] INFO  org.springframework.web.servlet.DispatcherServlet - Completed initialization in 0 ms
2025-11-03 23:20:07.170 [main-SendThread(127.0.0.1:2181)] WARN  org.apache.zookeeper.ClientCnxn - Client session timed out, have not heard from server in 4011ms for session id 0x10000003b570006
2025-11-03 23:20:07.170 [main-SendThread(127.0.0.1:2181)] WARN  org.apache.zookeeper.ClientCnxn - Session 0x10000003b570006 for sever activate.navicat.com/127.0.0.1:2181, Closing socket connection. Attempting reconnect except it is a SessionExpiredException.
org.apache.zookeeper.ClientCnxn$SessionTimeoutException: Client session timed out, have not heard from server in 4011ms for session id 0x10000003b570006
	at org.apache.zookeeper.ClientCnxn$SendThread.run(ClientCnxn.java:1230)
2025-11-03 23:20:07.279 [main-EventThread] INFO  o.a.curator.framework.state.ConnectionStateManager - State change: SUSPENDED
2025-11-03 23:20:07.286 [schedule-upload-time] INFO  c.q.x.d.i.g.b.c.snowflake.SnowflakeZookeeperHolder - update init data error path is /snowflake/com.sankuai.leaf.opensource.test/forever/192.168.134.1:2222-0000000000 error is {}
org.apache.zookeeper.KeeperException$ConnectionLossException: KeeperErrorCode = ConnectionLoss for /snowflake/com.sankuai.leaf.opensource.test/forever/192.168.134.1:2222-0000000000
	at org.apache.zookeeper.KeeperException.create(KeeperException.java:102)
	at org.apache.zookeeper.KeeperException.create(KeeperException.java:54)
	at org.apache.zookeeper.ZooKeeper.setData(ZooKeeper.java:2551)
	at org.apache.curator.framework.imps.SetDataBuilderImpl$4.call(SetDataBuilderImpl.java:291)
	at org.apache.curator.framework.imps.SetDataBuilderImpl$4.call(SetDataBuilderImpl.java:287)
	at org.apache.curator.RetryLoop.callWithRetry(RetryLoop.java:93)
	at org.apache.curator.framework.imps.SetDataBuilderImpl.pathInForeground(SetDataBuilderImpl.java:284)
	at org.apache.curator.framework.imps.SetDataBuilderImpl.forPath(SetDataBuilderImpl.java:270)
	at org.apache.curator.framework.imps.SetDataBuilderImpl.forPath(SetDataBuilderImpl.java:33)
	at com.quanxiaoha.xiaohashu.distributed.id.generator.biz.core.snowflake.SnowflakeZookeeperHolder.updateNewData(SnowflakeZookeeperHolder.java:158)
	at com.quanxiaoha.xiaohashu.distributed.id.generator.biz.core.snowflake.SnowflakeZookeeperHolder$1.run(SnowflakeZookeeperHolder.java:124)
	at java.base/java.util.concurrent.Executors$RunnableAdapter.call(Executors.java:539)
	at java.base/java.util.concurrent.FutureTask.runAndReset(FutureTask.java:305)
	at java.base/java.util.concurrent.ScheduledThreadPoolExecutor$ScheduledFutureTask.run(ScheduledThreadPoolExecutor.java:305)
	at java.base/java.util.concurrent.ThreadPoolExecutor.runWorker(ThreadPoolExecutor.java:1136)
	at java.base/java.util.concurrent.ThreadPoolExecutor$Worker.run(ThreadPoolExecutor.java:635)
	at java.base/java.lang.Thread.run(Thread.java:842)
2025-11-03 23:20:08.419 [main-SendThread(127.0.0.1:2181)] INFO  org.apache.zookeeper.ClientCnxn - Opening socket connection to server activate.navicat.com/127.0.0.1:2181.
2025-11-03 23:20:08.419 [main-SendThread(127.0.0.1:2181)] INFO  org.apache.zookeeper.ClientCnxn - SASL config status: Will not attempt to authenticate using SASL (unknown error)
2025-11-03 23:20:08.419 [main-SendThread(127.0.0.1:2181)] INFO  org.apache.zookeeper.ClientCnxn - Socket connection established, initiating session, client: /127.0.0.1:7856, server: activate.navicat.com/127.0.0.1:2181
2025-11-03 23:20:08.739 [main-SendThread(127.0.0.1:2181)] INFO  org.apache.zookeeper.ClientCnxn - Session establishment complete on server activate.navicat.com/127.0.0.1:2181, session id = 0x10000003b570006, negotiated timeout = 6000
2025-11-03 23:20:08.739 [main-EventThread] INFO  o.a.curator.framework.state.ConnectionStateManager - State change: RECONNECTED
2025-11-03 23:20:08.748 [main-EventThread] INFO  org.apache.curator.framework.imps.EnsembleTracker - New config event received: {}
2025-11-03 23:20:29.383 [main-SendThread(127.0.0.1:2181)] WARN  org.apache.zookeeper.ClientCnxn - Client session timed out, have not heard from server in 4009ms for session id 0x10000003b570006
2025-11-03 23:20:29.384 [main-SendThread(127.0.0.1:2181)] WARN  org.apache.zookeeper.ClientCnxn - Session 0x10000003b570006 for sever activate.navicat.com/127.0.0.1:2181, Closing socket connection. Attempting reconnect except it is a SessionExpiredException.
org.apache.zookeeper.ClientCnxn$SessionTimeoutException: Client session timed out, have not heard from server in 4009ms for session id 0x10000003b570006
	at org.apache.zookeeper.ClientCnxn$SendThread.run(ClientCnxn.java:1230)
2025-11-03 23:20:29.494 [main-EventThread] INFO  o.a.curator.framework.state.ConnectionStateManager - State change: SUSPENDED
2025-11-03 23:20:29.500 [schedule-upload-time] INFO  c.q.x.d.i.g.b.c.snowflake.SnowflakeZookeeperHolder - update init data error path is /snowflake/com.sankuai.leaf.opensource.test/forever/192.168.134.1:2222-0000000000 error is {}
org.apache.zookeeper.KeeperException$ConnectionLossException: KeeperErrorCode = ConnectionLoss for /snowflake/com.sankuai.leaf.opensource.test/forever/192.168.134.1:2222-0000000000
	at org.apache.zookeeper.KeeperException.create(KeeperException.java:102)
	at org.apache.zookeeper.KeeperException.create(KeeperException.java:54)
	at org.apache.zookeeper.ZooKeeper.setData(ZooKeeper.java:2551)
	at org.apache.curator.framework.imps.SetDataBuilderImpl$4.call(SetDataBuilderImpl.java:291)
	at org.apache.curator.framework.imps.SetDataBuilderImpl$4.call(SetDataBuilderImpl.java:287)
	at org.apache.curator.RetryLoop.callWithRetry(RetryLoop.java:93)
	at org.apache.curator.framework.imps.SetDataBuilderImpl.pathInForeground(SetDataBuilderImpl.java:284)
	at org.apache.curator.framework.imps.SetDataBuilderImpl.forPath(SetDataBuilderImpl.java:270)
	at org.apache.curator.framework.imps.SetDataBuilderImpl.forPath(SetDataBuilderImpl.java:33)
	at com.quanxiaoha.xiaohashu.distributed.id.generator.biz.core.snowflake.SnowflakeZookeeperHolder.updateNewData(SnowflakeZookeeperHolder.java:158)
	at com.quanxiaoha.xiaohashu.distributed.id.generator.biz.core.snowflake.SnowflakeZookeeperHolder$1.run(SnowflakeZookeeperHolder.java:124)
	at java.base/java.util.concurrent.Executors$RunnableAdapter.call(Executors.java:539)
	at java.base/java.util.concurrent.FutureTask.runAndReset(FutureTask.java:305)
	at java.base/java.util.concurrent.ScheduledThreadPoolExecutor$ScheduledFutureTask.run(ScheduledThreadPoolExecutor.java:305)
	at java.base/java.util.concurrent.ThreadPoolExecutor.runWorker(ThreadPoolExecutor.java:1136)
	at java.base/java.util.concurrent.ThreadPoolExecutor$Worker.run(ThreadPoolExecutor.java:635)
	at java.base/java.lang.Thread.run(Thread.java:842)
2025-11-03 23:31:50.455 [main-SendThread(127.0.0.1:2181)] INFO  org.apache.zookeeper.ClientCnxn - Opening socket connection to server activate.navicat.com/127.0.0.1:2181.
2025-11-03 23:31:50.455 [main-SendThread(127.0.0.1:2181)] INFO  org.apache.zookeeper.ClientCnxn - SASL config status: Will not attempt to authenticate using SASL (unknown error)
2025-11-03 23:31:50.456 [main-SendThread(127.0.0.1:2181)] INFO  org.apache.zookeeper.ClientCnxn - Socket connection established, initiating session, client: /127.0.0.1:8063, server: activate.navicat.com/127.0.0.1:2181
2025-11-03 23:31:50.502 [main-SendThread(127.0.0.1:2181)] INFO  org.apache.zookeeper.ClientCnxn - Session establishment complete on server activate.navicat.com/127.0.0.1:2181, session id = 0x10000003b570006, negotiated timeout = 6000
2025-11-03 23:31:50.503 [main-EventThread] INFO  o.a.curator.framework.state.ConnectionStateManager - State change: RECONNECTED
2025-11-03 23:31:50.512 [main-EventThread] INFO  org.apache.curator.framework.imps.EnsembleTracker - New config event received: {}
2025-11-03 23:31:53.838 [check-idCache-thread] INFO  c.q.x.d.i.g.biz.core.segment.SegmentIDGenImpl - update cache from db
2025-11-03 23:31:53.842 [check-idCache-thread] INFO  org.perf4j.TimingLogger - start[1762183913838] time[3] tag[updateCacheFromDb]
2025-11-03 23:32:53.846 [check-idCache-thread] INFO  c.q.x.d.i.g.biz.core.segment.SegmentIDGenImpl - update cache from db
2025-11-03 23:32:53.849 [check-idCache-thread] INFO  org.perf4j.TimingLogger - start[1762183973846] time[3] tag[updateCacheFromDb]
2025-11-03 23:33:21.809 [main-SendThread(127.0.0.1:2181)] WARN  org.apache.zookeeper.ClientCnxn - Client session timed out, have not heard from server in 4014ms for session id 0x10000003b570006
2025-11-03 23:33:21.809 [main-SendThread(127.0.0.1:2181)] WARN  org.apache.zookeeper.ClientCnxn - Session 0x10000003b570006 for sever activate.navicat.com/127.0.0.1:2181, Closing socket connection. Attempting reconnect except it is a SessionExpiredException.
org.apache.zookeeper.ClientCnxn$SessionTimeoutException: Client session timed out, have not heard from server in 4014ms for session id 0x10000003b570006
	at org.apache.zookeeper.ClientCnxn$SendThread.run(ClientCnxn.java:1230)
2025-11-03 23:33:21.917 [main-EventThread] INFO  o.a.curator.framework.state.ConnectionStateManager - State change: SUSPENDED
2025-11-03 23:33:21.922 [schedule-upload-time] INFO  c.q.x.d.i.g.b.c.snowflake.SnowflakeZookeeperHolder - update init data error path is /snowflake/com.sankuai.leaf.opensource.test/forever/192.168.134.1:2222-0000000000 error is {}
org.apache.zookeeper.KeeperException$ConnectionLossException: KeeperErrorCode = ConnectionLoss for /snowflake/com.sankuai.leaf.opensource.test/forever/192.168.134.1:2222-0000000000
	at org.apache.zookeeper.KeeperException.create(KeeperException.java:102)
	at org.apache.zookeeper.KeeperException.create(KeeperException.java:54)
	at org.apache.zookeeper.ZooKeeper.setData(ZooKeeper.java:2551)
	at org.apache.curator.framework.imps.SetDataBuilderImpl$4.call(SetDataBuilderImpl.java:291)
	at org.apache.curator.framework.imps.SetDataBuilderImpl$4.call(SetDataBuilderImpl.java:287)
	at org.apache.curator.RetryLoop.callWithRetry(RetryLoop.java:93)
	at org.apache.curator.framework.imps.SetDataBuilderImpl.pathInForeground(SetDataBuilderImpl.java:284)
	at org.apache.curator.framework.imps.SetDataBuilderImpl.forPath(SetDataBuilderImpl.java:270)
	at org.apache.curator.framework.imps.SetDataBuilderImpl.forPath(SetDataBuilderImpl.java:33)
	at com.quanxiaoha.xiaohashu.distributed.id.generator.biz.core.snowflake.SnowflakeZookeeperHolder.updateNewData(SnowflakeZookeeperHolder.java:158)
	at com.quanxiaoha.xiaohashu.distributed.id.generator.biz.core.snowflake.SnowflakeZookeeperHolder$1.run(SnowflakeZookeeperHolder.java:124)
	at java.base/java.util.concurrent.Executors$RunnableAdapter.call(Executors.java:539)
	at java.base/java.util.concurrent.FutureTask.runAndReset(FutureTask.java:305)
	at java.base/java.util.concurrent.ScheduledThreadPoolExecutor$ScheduledFutureTask.run(ScheduledThreadPoolExecutor.java:305)
	at java.base/java.util.concurrent.ThreadPoolExecutor.runWorker(ThreadPoolExecutor.java:1136)
	at java.base/java.util.concurrent.ThreadPoolExecutor$Worker.run(ThreadPoolExecutor.java:635)
	at java.base/java.lang.Thread.run(Thread.java:842)
2025-11-03 23:33:23.076 [main-SendThread(127.0.0.1:2181)] INFO  org.apache.zookeeper.ClientCnxn - Opening socket connection to server activate.navicat.com/127.0.0.1:2181.
2025-11-03 23:33:23.076 [main-SendThread(127.0.0.1:2181)] INFO  org.apache.zookeeper.ClientCnxn - SASL config status: Will not attempt to authenticate using SASL (unknown error)
2025-11-03 23:33:23.076 [main-SendThread(127.0.0.1:2181)] INFO  org.apache.zookeeper.ClientCnxn - Socket connection established, initiating session, client: /127.0.0.1:8972, server: activate.navicat.com/127.0.0.1:2181
2025-11-03 23:48:30.813 [main-SendThread(127.0.0.1:2181)] WARN  org.apache.zookeeper.ClientCnxn - Client session timed out, have not heard from server in 907737ms for session id 0x10000003b570006
2025-11-03 23:48:30.819 [main-SendThread(127.0.0.1:2181)] WARN  org.apache.zookeeper.ClientCnxn - Session 0x10000003b570006 for sever activate.navicat.com/127.0.0.1:2181, Closing socket connection. Attempting reconnect except it is a SessionExpiredException.
org.apache.zookeeper.ClientCnxn$SessionTimeoutException: Client session timed out, have not heard from server in 907737ms for session id 0x10000003b570006
	at org.apache.zookeeper.ClientCnxn$SendThread.run(ClientCnxn.java:1230)
2025-11-03 23:48:32.028 [main-SendThread(127.0.0.1:2181)] INFO  org.apache.zookeeper.ClientCnxn - Opening socket connection to server activate.navicat.com/127.0.0.1:2181.
2025-11-03 23:48:32.028 [main-SendThread(127.0.0.1:2181)] INFO  org.apache.zookeeper.ClientCnxn - SASL config status: Will not attempt to authenticate using SASL (unknown error)
2025-11-03 23:48:32.029 [main-SendThread(127.0.0.1:2181)] INFO  org.apache.zookeeper.ClientCnxn - Socket connection established, initiating session, client: /127.0.0.1:9022, server: activate.navicat.com/127.0.0.1:2181
2025-11-03 23:48:32.052 [main-SendThread(127.0.0.1:2181)] INFO  org.apache.zookeeper.ClientCnxn - Session establishment complete on server activate.navicat.com/127.0.0.1:2181, session id = 0x10000003b570006, negotiated timeout = 6000
2025-11-03 23:48:32.053 [main-EventThread] INFO  o.a.curator.framework.state.ConnectionStateManager - State change: RECONNECTED
2025-11-03 23:48:32.058 [main-EventThread] INFO  org.apache.curator.framework.imps.EnsembleTracker - New config event received: {}
2025-11-03 23:49:01.285 [check-idCache-thread] INFO  c.q.x.d.i.g.biz.core.segment.SegmentIDGenImpl - update cache from db
2025-11-03 23:49:01.287 [check-idCache-thread] INFO  org.perf4j.TimingLogger - start[1762184941285] time[2] tag[updateCacheFromDb]
2025-11-03 23:50:01.297 [check-idCache-thread] INFO  c.q.x.d.i.g.biz.core.segment.SegmentIDGenImpl - update cache from db
2025-11-03 23:50:01.299 [check-idCache-thread] INFO  org.perf4j.TimingLogger - start[1762185001297] time[2] tag[updateCacheFromDb]
2025-11-03 23:51:01.312 [check-idCache-thread] INFO  c.q.x.d.i.g.biz.core.segment.SegmentIDGenImpl - update cache from db
2025-11-03 23:51:01.313 [check-idCache-thread] INFO  org.perf4j.TimingLogger - start[1762185061312] time[1] tag[updateCacheFromDb]
2025-11-03 23:52:01.317 [check-idCache-thread] INFO  c.q.x.d.i.g.biz.core.segment.SegmentIDGenImpl - update cache from db
2025-11-03 23:52:01.318 [check-idCache-thread] INFO  org.perf4j.TimingLogger - start[1762185121317] time[1] tag[updateCacheFromDb]
2025-11-03 23:53:01.320 [check-idCache-thread] INFO  c.q.x.d.i.g.biz.core.segment.SegmentIDGenImpl - update cache from db
2025-11-03 23:53:01.321 [check-idCache-thread] INFO  org.perf4j.TimingLogger - start[1762185181320] time[1] tag[updateCacheFromDb]
2025-11-03 23:54:01.324 [check-idCache-thread] INFO  c.q.x.d.i.g.biz.core.segment.SegmentIDGenImpl - update cache from db
2025-11-03 23:54:01.326 [check-idCache-thread] INFO  org.perf4j.TimingLogger - start[1762185241324] time[1] tag[updateCacheFromDb]
2025-11-03 23:55:01.329 [check-idCache-thread] INFO  c.q.x.d.i.g.biz.core.segment.SegmentIDGenImpl - update cache from db
2025-11-03 23:55:01.330 [check-idCache-thread] INFO  org.perf4j.TimingLogger - start[1762185301329] time[1] tag[updateCacheFromDb]
2025-11-03 23:56:01.338 [check-idCache-thread] INFO  c.q.x.d.i.g.biz.core.segment.SegmentIDGenImpl - update cache from db
2025-11-03 23:56:01.339 [check-idCache-thread] INFO  org.perf4j.TimingLogger - start[1762185361338] time[1] tag[updateCacheFromDb]
2025-11-03 23:57:01.349 [check-idCache-thread] INFO  c.q.x.d.i.g.biz.core.segment.SegmentIDGenImpl - update cache from db
2025-11-03 23:57:01.350 [check-idCache-thread] INFO  org.perf4j.TimingLogger - start[1762185421349] time[1] tag[updateCacheFromDb]
2025-11-03 23:58:01.351 [check-idCache-thread] INFO  c.q.x.d.i.g.biz.core.segment.SegmentIDGenImpl - update cache from db
2025-11-03 23:58:01.354 [check-idCache-thread] INFO  org.perf4j.TimingLogger - start[1762185481351] time[2] tag[updateCacheFromDb]
2025-11-03 23:59:01.368 [check-idCache-thread] INFO  c.q.x.d.i.g.biz.core.segment.SegmentIDGenImpl - update cache from db
2025-11-03 23:59:01.369 [check-idCache-thread] INFO  org.perf4j.TimingLogger - start[1762185541368] time[1] tag[updateCacheFromDb]
