2025-11-07 20:16:30.154 [main] WARN  com.alibaba.nacos.client.logging.NacosLogging - Load Logback Configuration of Nacos fail, message: Could not initialize Logback Nacos logging from classpath:nacos-logback.xml
2025-11-07 20:16:30.196 [main] WARN  com.alibaba.nacos.client.logging.NacosLogging - Load Logback Configuration of Nacos fail, message: Could not initialize Logback Nacos logging from classpath:nacos-logback.xml
2025-11-07 20:16:31.611 [main] WARN  com.alibaba.nacos.client.logging.NacosLogging - Load Logback Configuration of Nacos fail, message: Could not initialize Logback Nacos logging from classpath:nacos-logback.xml
2025-11-07 20:16:31.620 [main] WARN  com.alibaba.nacos.client.logging.NacosLogging - Load Logback Configuration of Nacos fail, message: Could not initialize Logback Nacos logging from classpath:nacos-logback.xml
2025-11-07 20:16:31.620 [main] INFO  c.q.xiaohashu.note.biz.XiaohashuNoteBizApplication - The following 1 profile is active: "dev"
2025-11-07 20:16:32.050 [main] INFO  o.s.d.r.config.RepositoryConfigurationDelegate - Multiple Spring Data modules found, entering strict repository configuration mode
2025-11-07 20:16:32.051 [main] INFO  o.s.d.r.config.RepositoryConfigurationDelegate - Bootstrapping Spring Data Redis repositories in DEFAULT mode.
2025-11-07 20:16:32.066 [main] INFO  o.s.d.r.config.RepositoryConfigurationDelegate - Finished Spring Data repository scanning in 8 ms. Found 0 Redis repository interfaces.
2025-11-07 20:16:32.205 [main] INFO  o.springframework.cloud.context.scope.GenericScope - BeanFactory id=5847d5ec-97a7-3f9e-b025-1ca077f0fef2
2025-11-07 20:16:32.225 [main] INFO  o.s.c.s.PostProcessorRegistrationDelegate$BeanPostProcessorChecker - Bean 'com.quanxiaoha.xiaohashu.distributed.id.generator.api.DistributedIdGeneratorFeignApi' of type [org.springframework.cloud.openfeign.FeignClientFactoryBean] is not eligible for getting processed by all BeanPostProcessors (for example: not eligible for auto-proxying)
2025-11-07 20:16:32.226 [main] INFO  o.s.c.s.PostProcessorRegistrationDelegate$BeanPostProcessorChecker - Bean 'com.quanxiaoha.xiaohashu.user.api.UserFeignApi' of type [org.springframework.cloud.openfeign.FeignClientFactoryBean] is not eligible for getting processed by all BeanPostProcessors (for example: not eligible for auto-proxying)
2025-11-07 20:16:32.227 [main] INFO  o.s.c.s.PostProcessorRegistrationDelegate$BeanPostProcessorChecker - Bean 'com.quanxiaoha.xiaohashu.kv.api.KeyValueFeignApi' of type [org.springframework.cloud.openfeign.FeignClientFactoryBean] is not eligible for getting processed by all BeanPostProcessors (for example: not eligible for auto-proxying)
2025-11-07 20:16:32.306 [main] INFO  o.s.c.s.PostProcessorRegistrationDelegate$BeanPostProcessorChecker - Bean 'org.apache.rocketmq.spring.autoconfigure.MessageConverterConfiguration' of type [org.apache.rocketmq.spring.autoconfigure.MessageConverterConfiguration$$SpringCGLIB$$0] is not eligible for getting processed by all BeanPostProcessors (for example: not eligible for auto-proxying)
2025-11-07 20:16:32.329 [main] INFO  o.s.c.s.PostProcessorRegistrationDelegate$BeanPostProcessorChecker - Bean 'createRocketMQMessageConverter' of type [org.apache.rocketmq.spring.support.RocketMQMessageConverter] is not eligible for getting processed by all BeanPostProcessors (for example: not eligible for auto-proxying)
2025-11-07 20:16:32.331 [main] INFO  o.s.c.s.PostProcessorRegistrationDelegate$BeanPostProcessorChecker - Bean 'org.springframework.cloud.commons.config.CommonsConfigAutoConfiguration' of type [org.springframework.cloud.commons.config.CommonsConfigAutoConfiguration] is not eligible for getting processed by all BeanPostProcessors (for example: not eligible for auto-proxying)
2025-11-07 20:16:32.334 [main] INFO  o.s.c.s.PostProcessorRegistrationDelegate$BeanPostProcessorChecker - Bean 'org.springframework.cloud.client.loadbalancer.LoadBalancerDefaultMappingsProviderAutoConfiguration' of type [org.springframework.cloud.client.loadbalancer.LoadBalancerDefaultMappingsProviderAutoConfiguration] is not eligible for getting processed by all BeanPostProcessors (for example: not eligible for auto-proxying)
2025-11-07 20:16:32.335 [main] INFO  o.s.c.s.PostProcessorRegistrationDelegate$BeanPostProcessorChecker - Bean 'loadBalancerClientsDefaultsMappingsProvider' of type [org.springframework.cloud.client.loadbalancer.LoadBalancerDefaultMappingsProviderAutoConfiguration$$Lambda$722/0x0000020534476328] is not eligible for getting processed by all BeanPostProcessors (for example: not eligible for auto-proxying)
2025-11-07 20:16:32.336 [main] INFO  o.s.c.s.PostProcessorRegistrationDelegate$BeanPostProcessorChecker - Bean 'defaultsBindHandlerAdvisor' of type [org.springframework.cloud.commons.config.DefaultsBindHandlerAdvisor] is not eligible for getting processed by all BeanPostProcessors (for example: not eligible for auto-proxying)
2025-11-07 20:16:32.341 [main] INFO  o.s.c.s.PostProcessorRegistrationDelegate$BeanPostProcessorChecker - Bean 'rocketmq-org.apache.rocketmq.spring.autoconfigure.RocketMQProperties' of type [org.apache.rocketmq.spring.autoconfigure.RocketMQProperties] is not eligible for getting processed by all BeanPostProcessors (for example: not eligible for auto-proxying)
2025-11-07 20:16:32.342 [main] INFO  o.s.c.s.PostProcessorRegistrationDelegate$BeanPostProcessorChecker - Bean 'org.apache.rocketmq.spring.autoconfigure.ListenerContainerConfiguration' of type [org.apache.rocketmq.spring.autoconfigure.ListenerContainerConfiguration$$SpringCGLIB$$0] is not eligible for getting processed by all BeanPostProcessors (for example: not eligible for auto-proxying)
2025-11-07 20:16:32.506 [main] INFO  o.s.boot.web.embedded.tomcat.TomcatWebServer - Tomcat initialized with port(s): 8087 (http)
2025-11-07 20:16:32.514 [main] INFO  org.apache.catalina.core.StandardService - Starting service [Tomcat]
2025-11-07 20:16:32.515 [main] INFO  org.apache.catalina.core.StandardEngine - Starting Servlet engine: [Apache Tomcat/10.1.5]
2025-11-07 20:16:32.609 [main] INFO  o.a.c.core.ContainerBase.[Tomcat].[localhost].[/] - Initializing Spring embedded WebApplicationContext
2025-11-07 20:16:32.609 [main] INFO  o.s.b.w.s.c.ServletWebServerApplicationContext - Root WebApplicationContext: initialization completed in 970 ms
2025-11-07 20:16:33.032 [main] INFO  o.a.r.s.support.DefaultRocketMQListenerContainer - running container: DefaultRocketMQListenerContainer{consumerGroup='xiaohashu_group_DelayDeleteNoteRedisCacheTopic', namespace='', nameServer='127.0.0.1:9876', topic='DelayDeleteNoteRedisCacheTopic', consumeMode=CONCURRENTLY, selectorType=TAG, selectorExpression='*', messageModel=CLUSTERING', tlsEnable=false, instanceName=DEFAULT}
2025-11-07 20:16:33.032 [main] INFO  o.a.r.s.a.ListenerContainerConfiguration - Register the listener to container, listenerBeanName:delayDeleteNoteRedisCacheConsumer, containerBeanName:org.apache.rocketmq.spring.support.DefaultRocketMQListenerContainer_1
2025-11-07 20:16:33.061 [main] INFO  c.a.d.s.b.a.DruidDataSourceAutoConfigure - Init DruidDataSource
2025-11-07 20:16:33.268 [main] INFO  com.alibaba.druid.pool.DruidDataSource - {dataSource-1} inited
2025-11-07 20:16:33.492 [main] INFO  o.s.cloud.openfeign.FeignClientFactoryBean - For 'xiaohashu-distributed-id-generator' URL not provided. Will try picking an instance via load-balancing.
2025-11-07 20:16:33.525 [main] INFO  o.s.cloud.openfeign.FeignClientFactoryBean - For 'xiaohashu-kv' URL not provided. Will try picking an instance via load-balancing.
2025-11-07 20:16:33.536 [main] INFO  o.s.cloud.openfeign.FeignClientFactoryBean - For 'xiaohashu-user' URL not provided. Will try picking an instance via load-balancing.
2025-11-07 20:16:33.558 [main] INFO  o.a.r.s.autoconfigure.RocketMQAutoConfiguration - a producer (xiaohashu_group) init on namesrv 127.0.0.1:9876
2025-11-07 20:16:33.668 [main] INFO  o.a.r.s.support.DefaultRocketMQListenerContainer - running container: DefaultRocketMQListenerContainer{consumerGroup='xiaohashu_groupDeleteNoteLocalCacheTopic', namespace='', nameServer='127.0.0.1:9876', topic='DeleteNoteLocalCacheTopic', consumeMode=CONCURRENTLY, selectorType=TAG, selectorExpression='*', messageModel=BROADCASTING', tlsEnable=false, instanceName=DEFAULT}
2025-11-07 20:16:33.668 [main] INFO  o.a.r.s.a.ListenerContainerConfiguration - Register the listener to container, listenerBeanName:deleteNoteLocalCacheConsumer, containerBeanName:org.apache.rocketmq.spring.support.DefaultRocketMQListenerContainer_2
2025-11-07 20:16:35.010 [main] INFO  org.springframework.cloud.commons.util.InetUtils - Cannot determine local hostname
2025-11-07 20:16:36.388 [main] INFO  org.springframework.cloud.commons.util.InetUtils - Cannot determine local hostname
2025-11-07 20:16:36.461 [main] INFO  o.s.boot.web.embedded.tomcat.TomcatWebServer - Tomcat started on port(s): 8087 (http) with context path ''
2025-11-07 20:16:36.465 [main] WARN  com.alibaba.nacos.client.logging.NacosLogging - Load Logback Configuration of Nacos fail, message: Could not initialize Logback Nacos logging from classpath:nacos-logback.xml
2025-11-07 20:16:36.465 [main] INFO  com.alibaba.nacos.client.naming - initializer namespace from ans.namespace attribute : null
2025-11-07 20:16:36.466 [main] INFO  com.alibaba.nacos.client.naming - initializer namespace from ALIBABA_ALIWARE_NAMESPACE attribute :null
2025-11-07 20:16:36.466 [main] INFO  com.alibaba.nacos.client.naming - initializer namespace from namespace attribute :null
2025-11-07 20:16:36.484 [main] INFO  com.alibaba.nacos.client.utils.ParamUtil - [settings] [req-serv] nacos-server port:8848
2025-11-07 20:16:36.484 [main] INFO  com.alibaba.nacos.client.utils.ParamUtil - [settings] [http-client] connect timeout:1000
2025-11-07 20:16:36.484 [main] INFO  com.alibaba.nacos.client.utils.ParamUtil - PER_TASK_CONFIG_SIZE: 3000.0
2025-11-07 20:16:36.488 [main] INFO  c.a.n.p.auth.spi.client.ClientAuthPluginManager - [ClientAuthPluginManager] Load ClientAuthService com.alibaba.nacos.client.auth.impl.NacosClientAuthServiceImpl success.
2025-11-07 20:16:36.488 [main] INFO  c.a.n.p.auth.spi.client.ClientAuthPluginManager - [ClientAuthPluginManager] Load ClientAuthService com.alibaba.nacos.client.auth.ram.RamClientAuthServiceImpl success.
2025-11-07 20:16:36.490 [main] INFO  c.a.n.client.auth.ram.identify.CredentialWatcher - null No credential found
2025-11-07 20:16:36.495 [main] INFO  com.alibaba.nacos.common.remote.client - [RpcClientFactory] create a new rpc client of a77cae91-1b31-49ae-b20d-03747d51ed3d
2025-11-07 20:16:36.509 [main] INFO  com.alibaba.nacos.common.remote.client - [a77cae91-1b31-49ae-b20d-03747d51ed3d] RpcClient init, ServerListFactory = com.alibaba.nacos.client.naming.core.ServerListManager
2025-11-07 20:16:36.509 [main] INFO  com.alibaba.nacos.common.remote.client - [a77cae91-1b31-49ae-b20d-03747d51ed3d] Registry connection listener to current client:com.alibaba.nacos.client.naming.remote.gprc.redo.NamingGrpcRedoService
2025-11-07 20:16:36.509 [main] INFO  com.alibaba.nacos.common.remote.client - [a77cae91-1b31-49ae-b20d-03747d51ed3d] Register server push request handler:com.alibaba.nacos.client.naming.remote.gprc.NamingPushRequestHandler
2025-11-07 20:16:36.513 [main] INFO  com.alibaba.nacos.common.remote.client - [a77cae91-1b31-49ae-b20d-03747d51ed3d] Try to connect to server on start up, server: {serverIp = '127.0.0.1', server main port = 8848}
2025-11-07 20:16:36.538 [main] INFO  c.a.nacos.common.remote.client.grpc.GrpcClient - grpc client connection server:127.0.0.1 ip,serverPort:9848,grpcTslConfig:{"sslProvider":"OPENSSL","enableTls":false,"mutualAuthEnable":false,"trustAll":false}
2025-11-07 20:16:37.375 [main] INFO  com.alibaba.nacos.common.remote.client - [a77cae91-1b31-49ae-b20d-03747d51ed3d] Success to connect to server [127.0.0.1:8848] on start up, connectionId = 1762517797205_127.0.0.1_4720
2025-11-07 20:16:37.375 [com.alibaba.nacos.client.remote.worker] INFO  com.alibaba.nacos.common.remote.client - [a77cae91-1b31-49ae-b20d-03747d51ed3d] Notify connected event to listeners.
2025-11-07 20:16:37.376 [com.alibaba.nacos.client.remote.worker] INFO  com.alibaba.nacos.client.naming - Grpc connection connect
2025-11-07 20:16:37.376 [main] INFO  com.alibaba.nacos.common.remote.client - [a77cae91-1b31-49ae-b20d-03747d51ed3d] Register server push request handler:com.alibaba.nacos.common.remote.client.RpcClient$ConnectResetRequestHandler
2025-11-07 20:16:37.376 [main] INFO  com.alibaba.nacos.common.remote.client - [a77cae91-1b31-49ae-b20d-03747d51ed3d] Register server push request handler:com.alibaba.nacos.common.remote.client.RpcClient$$Lambda$1284/0x00000205348921f0
2025-11-07 20:16:37.376 [main] INFO  com.alibaba.nacos.client.naming - [REGISTER-SERVICE] xiaohashu registering service xiaohashu-note with instance Instance{instanceId='null', ip='192.168.134.1', port=8087, weight=1.0, healthy=true, enabled=true, ephemeral=true, clusterName='DEFAULT', serviceName='null', metadata={IPv6=null, preserved.register.source=SPRING_CLOUD}}
2025-11-07 20:16:37.387 [main] INFO  c.a.cloud.nacos.registry.NacosServiceRegistry - nacos registry, DEFAULT_GROUP xiaohashu-note 192.168.134.1:8087 register finished
2025-11-07 20:16:38.531 [main] INFO  org.springframework.cloud.commons.util.InetUtils - Cannot determine local hostname
2025-11-07 20:16:38.536 [main] INFO  c.q.xiaohashu.note.biz.XiaohashuNoteBizApplication - Started XiaohashuNoteBizApplication in 9.906 seconds (process running for 10.416)
2025-11-07 20:26:31.131 [http-nio-8087-exec-1] INFO  org.springframework.web.servlet.DispatcherServlet - Initializing Servlet 'dispatcherServlet'
2025-11-07 20:26:31.137 [http-nio-8087-exec-1] INFO  org.springframework.web.servlet.DispatcherServlet - Completed initialization in 6 ms
2025-11-07 20:26:31.149 [http-nio-8087-exec-1] INFO  c.q.x.note.biz.filter.HeaderUserId2ContextFilter - ## HeaderUserId2ContextFilter, 用户 ID: 5
2025-11-07 20:26:31.149 [http-nio-8087-exec-1] INFO  c.q.x.note.biz.filter.HeaderUserId2ContextFilter - ===== 设置 userId 到 ThreadLocal 中， 用户 ID: 5
2025-11-07 20:26:31.210 [http-nio-8087-exec-1] ERROR c.q.x.note.biz.exception.GlobalExceptionHandler - /note/like request error, 
org.springframework.http.converter.HttpMessageNotReadableException: JSON parse error: Numeric value (111985366349773275217) out of range of long (-9223372036854775808 - 9223372036854775807)
	at org.springframework.http.converter.json.AbstractJackson2HttpMessageConverter.readJavaType(AbstractJackson2HttpMessageConverter.java:406)
	at org.springframework.http.converter.json.AbstractJackson2HttpMessageConverter.read(AbstractJackson2HttpMessageConverter.java:354)
	at org.springframework.web.servlet.mvc.method.annotation.AbstractMessageConverterMethodArgumentResolver.readWithMessageConverters(AbstractMessageConverterMethodArgumentResolver.java:182)
	at org.springframework.web.servlet.mvc.method.annotation.RequestResponseBodyMethodProcessor.readWithMessageConverters(RequestResponseBodyMethodProcessor.java:163)
	at org.springframework.web.servlet.mvc.method.annotation.RequestResponseBodyMethodProcessor.resolveArgument(RequestResponseBodyMethodProcessor.java:136)
	at org.springframework.web.method.support.HandlerMethodArgumentResolverComposite.resolveArgument(HandlerMethodArgumentResolverComposite.java:122)
	at org.springframework.web.method.support.InvocableHandlerMethod.getMethodArgumentValues(InvocableHandlerMethod.java:181)
	at org.springframework.web.method.support.InvocableHandlerMethod.invokeForRequest(InvocableHandlerMethod.java:148)
	at org.springframework.web.servlet.mvc.method.annotation.ServletInvocableHandlerMethod.invokeAndHandle(ServletInvocableHandlerMethod.java:117)
	at org.springframework.web.servlet.mvc.method.annotation.RequestMappingHandlerAdapter.invokeHandlerMethod(RequestMappingHandlerAdapter.java:884)
	at org.springframework.web.servlet.mvc.method.annotation.RequestMappingHandlerAdapter.handleInternal(RequestMappingHandlerAdapter.java:797)
	at org.springframework.web.servlet.mvc.method.AbstractHandlerMethodAdapter.handle(AbstractHandlerMethodAdapter.java:87)
	at org.springframework.web.servlet.DispatcherServlet.doDispatch(DispatcherServlet.java:1080)
	at org.springframework.web.servlet.DispatcherServlet.doService(DispatcherServlet.java:973)
	at org.springframework.web.servlet.FrameworkServlet.processRequest(FrameworkServlet.java:1011)
	at org.springframework.web.servlet.FrameworkServlet.doPost(FrameworkServlet.java:914)
	at jakarta.servlet.http.HttpServlet.service(HttpServlet.java:731)
	at org.springframework.web.servlet.FrameworkServlet.service(FrameworkServlet.java:885)
	at jakarta.servlet.http.HttpServlet.service(HttpServlet.java:814)
	at org.apache.catalina.core.ApplicationFilterChain.internalDoFilter(ApplicationFilterChain.java:223)
	at org.apache.catalina.core.ApplicationFilterChain.doFilter(ApplicationFilterChain.java:158)
	at org.apache.tomcat.websocket.server.WsFilter.doFilter(WsFilter.java:53)
	at org.apache.catalina.core.ApplicationFilterChain.internalDoFilter(ApplicationFilterChain.java:185)
	at org.apache.catalina.core.ApplicationFilterChain.doFilter(ApplicationFilterChain.java:158)
	at com.quanxiaoha.xiaohashu.note.biz.filter.HeaderUserId2ContextFilter.doFilterInternal(HeaderUserId2ContextFilter.java:47)
	at org.springframework.web.filter.OncePerRequestFilter.doFilter(OncePerRequestFilter.java:116)
	at org.apache.catalina.core.ApplicationFilterChain.internalDoFilter(ApplicationFilterChain.java:185)
	at org.apache.catalina.core.ApplicationFilterChain.doFilter(ApplicationFilterChain.java:158)
	at com.alibaba.druid.support.jakarta.WebStatFilter.doFilter(WebStatFilter.java:113)
	at org.apache.catalina.core.ApplicationFilterChain.internalDoFilter(ApplicationFilterChain.java:185)
	at org.apache.catalina.core.ApplicationFilterChain.doFilter(ApplicationFilterChain.java:158)
	at org.springframework.web.filter.RequestContextFilter.doFilterInternal(RequestContextFilter.java:100)
	at org.springframework.web.filter.OncePerRequestFilter.doFilter(OncePerRequestFilter.java:116)
	at org.apache.catalina.core.ApplicationFilterChain.internalDoFilter(ApplicationFilterChain.java:185)
	at org.apache.catalina.core.ApplicationFilterChain.doFilter(ApplicationFilterChain.java:158)
	at org.springframework.web.filter.FormContentFilter.doFilterInternal(FormContentFilter.java:93)
	at org.springframework.web.filter.OncePerRequestFilter.doFilter(OncePerRequestFilter.java:116)
	at org.apache.catalina.core.ApplicationFilterChain.internalDoFilter(ApplicationFilterChain.java:185)
	at org.apache.catalina.core.ApplicationFilterChain.doFilter(ApplicationFilterChain.java:158)
	at org.springframework.web.filter.CharacterEncodingFilter.doFilterInternal(CharacterEncodingFilter.java:201)
	at org.springframework.web.filter.OncePerRequestFilter.doFilter(OncePerRequestFilter.java:116)
	at org.apache.catalina.core.ApplicationFilterChain.internalDoFilter(ApplicationFilterChain.java:185)
	at org.apache.catalina.core.ApplicationFilterChain.doFilter(ApplicationFilterChain.java:158)
	at org.apache.catalina.core.StandardWrapperValve.invoke(StandardWrapperValve.java:177)
	at org.apache.catalina.core.StandardContextValve.invoke(StandardContextValve.java:97)
	at org.apache.catalina.authenticator.AuthenticatorBase.invoke(AuthenticatorBase.java:542)
	at org.apache.catalina.core.StandardHostValve.invoke(StandardHostValve.java:119)
	at org.apache.catalina.valves.ErrorReportValve.invoke(ErrorReportValve.java:92)
	at org.apache.catalina.core.StandardEngineValve.invoke(StandardEngineValve.java:78)
	at org.apache.catalina.connector.CoyoteAdapter.service(CoyoteAdapter.java:357)
	at org.apache.coyote.http11.Http11Processor.service(Http11Processor.java:400)
	at org.apache.coyote.AbstractProcessorLight.process(AbstractProcessorLight.java:65)
	at org.apache.coyote.AbstractProtocol$ConnectionHandler.process(AbstractProtocol.java:859)
	at org.apache.tomcat.util.net.NioEndpoint$SocketProcessor.doRun(NioEndpoint.java:1734)
	at org.apache.tomcat.util.net.SocketProcessorBase.run(SocketProcessorBase.java:52)
	at org.apache.tomcat.util.threads.ThreadPoolExecutor.runWorker(ThreadPoolExecutor.java:1191)
	at org.apache.tomcat.util.threads.ThreadPoolExecutor$Worker.run(ThreadPoolExecutor.java:659)
	at org.apache.tomcat.util.threads.TaskThread$WrappingRunnable.run(TaskThread.java:61)
	at java.base/java.lang.Thread.run(Thread.java:842)
Caused by: com.fasterxml.jackson.databind.JsonMappingException: Numeric value (111985366349773275217) out of range of long (-9223372036854775808 - 9223372036854775807)
 at [Source: REDACTED (`StreamReadFeature.INCLUDE_SOURCE_IN_LOCATION` disabled); line: 2, column: 33] (through reference chain: com.quanxiaoha.xiaohashu.note.biz.model.vo.LikeNoteReqVO["id"])
	at com.fasterxml.jackson.databind.JsonMappingException.wrapWithPath(JsonMappingException.java:402)
	at com.fasterxml.jackson.databind.JsonMappingException.wrapWithPath(JsonMappingException.java:361)
	at com.fasterxml.jackson.databind.deser.BeanDeserializerBase.wrapAndThrow(BeanDeserializerBase.java:1937)
	at com.fasterxml.jackson.databind.deser.BeanDeserializer.deserializeFromObject(BeanDeserializer.java:395)
	at com.fasterxml.jackson.databind.deser.BeanDeserializer.deserialize(BeanDeserializer.java:185)
	at com.fasterxml.jackson.databind.deser.DefaultDeserializationContext.readRootValue(DefaultDeserializationContext.java:342)
	at com.fasterxml.jackson.databind.ObjectReader._bindAndClose(ObjectReader.java:2125)
	at com.fasterxml.jackson.databind.ObjectReader.readValue(ObjectReader.java:1501)
	at org.springframework.http.converter.json.AbstractJackson2HttpMessageConverter.readJavaType(AbstractJackson2HttpMessageConverter.java:395)
	... 58 common frames omitted
Caused by: com.fasterxml.jackson.core.exc.InputCoercionException: Numeric value (111985366349773275217) out of range of long (-9223372036854775808 - 9223372036854775807)
 at [Source: REDACTED (`StreamReadFeature.INCLUDE_SOURCE_IN_LOCATION` disabled); line: 2, column: 33]
	at com.fasterxml.jackson.core.base.ParserMinimalBase._reportInputCoercion(ParserMinimalBase.java:640)
	at com.fasterxml.jackson.core.base.ParserMinimalBase.reportOverflowLong(ParserMinimalBase.java:632)
	at com.fasterxml.jackson.core.base.ParserMinimalBase.reportOverflowLong(ParserMinimalBase.java:627)
	at com.fasterxml.jackson.core.base.ParserBase._reportTooLongIntegral(ParserBase.java:1021)
	at com.fasterxml.jackson.core.base.ParserBase._parseSlowInt(ParserBase.java:1002)
	at com.fasterxml.jackson.core.base.ParserBase._parseNumericValue(ParserBase.java:931)
	at com.fasterxml.jackson.core.base.ParserBase.getLongValue(ParserBase.java:782)
	at com.fasterxml.jackson.databind.deser.std.NumberDeserializers$LongDeserializer.deserialize(NumberDeserializers.java:570)
	at com.fasterxml.jackson.databind.deser.std.NumberDeserializers$LongDeserializer.deserialize(NumberDeserializers.java:550)
	at com.fasterxml.jackson.databind.deser.impl.MethodProperty.deserializeAndSet(MethodProperty.java:129)
	at com.fasterxml.jackson.databind.deser.BeanDeserializer.deserializeFromObject(BeanDeserializer.java:393)
	... 63 common frames omitted
2025-11-07 20:26:31.235 [http-nio-8087-exec-1] INFO  c.q.x.note.biz.filter.HeaderUserId2ContextFilter - ===== 删除 ThreadLocal， userId: 5
2025-11-07 20:29:55.340 [http-nio-8087-exec-3] INFO  c.q.x.note.biz.filter.HeaderUserId2ContextFilter - ## HeaderUserId2ContextFilter, 用户 ID: 5
2025-11-07 20:29:55.340 [http-nio-8087-exec-3] INFO  c.q.x.note.biz.filter.HeaderUserId2ContextFilter - ===== 设置 userId 到 ThreadLocal 中， 用户 ID: 5
2025-11-07 20:29:55.417 [http-nio-8087-exec-3] INFO  c.q.f.b.operationlog.aspect.ApiOperationLogAspect - ====== 请求开始: [点赞笔记], 入参: {"id":1985366349773275217}, 请求类: NoteController, 请求方法: likeNote =================================== 
2025-11-07 20:29:55.805 [http-nio-8087-exec-3] DEBUG c.q.x.n.b.d.m.NoteDOMapper.selectCountByNoteId - ==>  Preparing: select count(1) from t_note where id = ? and status = 1
2025-11-07 20:29:55.944 [http-nio-8087-exec-3] DEBUG c.q.x.n.b.d.m.NoteDOMapper.selectCountByNoteId - ==> Parameters: 1985366349773275217(Long)
2025-11-07 20:29:55.968 [http-nio-8087-exec-3] DEBUG c.q.x.n.b.d.m.NoteDOMapper.selectCountByNoteId - <==      Total: 1
2025-11-07 20:29:55.975 [http-nio-8087-exec-3] WARN  c.q.x.note.biz.exception.GlobalExceptionHandler - /note/like request fail, errorCode: NOTE-20002, errorMessage: 笔记不存在
2025-11-07 20:29:55.976 [http-nio-8087-exec-3] INFO  c.q.x.note.biz.filter.HeaderUserId2ContextFilter - ===== 删除 ThreadLocal， userId: 5
2025-11-07 20:30:17.417 [http-nio-8087-exec-4] INFO  c.q.x.note.biz.filter.HeaderUserId2ContextFilter - ## HeaderUserId2ContextFilter, 用户 ID: 5
2025-11-07 20:30:17.417 [http-nio-8087-exec-4] INFO  c.q.x.note.biz.filter.HeaderUserId2ContextFilter - ===== 设置 userId 到 ThreadLocal 中， 用户 ID: 5
2025-11-07 20:30:17.419 [http-nio-8087-exec-4] INFO  c.q.f.b.operationlog.aspect.ApiOperationLogAspect - ====== 请求开始: [点赞笔记], 入参: {"id":1985366349773275217}, 请求类: NoteController, 请求方法: likeNote =================================== 
2025-11-07 20:30:17.423 [http-nio-8087-exec-4] DEBUG c.q.x.n.b.d.m.NoteDOMapper.selectCountByNoteId - ==>  Preparing: select count(1) from t_note where id = ? and status = 1
2025-11-07 20:30:17.424 [http-nio-8087-exec-4] DEBUG c.q.x.n.b.d.m.NoteDOMapper.selectCountByNoteId - ==> Parameters: 1985366349773275217(Long)
2025-11-07 20:30:17.427 [http-nio-8087-exec-4] DEBUG c.q.x.n.b.d.m.NoteDOMapper.selectCountByNoteId - <==      Total: 1
2025-11-07 20:30:17.427 [http-nio-8087-exec-4] WARN  c.q.x.note.biz.exception.GlobalExceptionHandler - /note/like request fail, errorCode: NOTE-20002, errorMessage: 笔记不存在
2025-11-07 20:30:17.428 [http-nio-8087-exec-4] INFO  c.q.x.note.biz.filter.HeaderUserId2ContextFilter - ===== 删除 ThreadLocal， userId: 5
2025-11-07 20:34:00.247 [http-nio-8087-exec-6] INFO  c.q.x.note.biz.filter.HeaderUserId2ContextFilter - ## HeaderUserId2ContextFilter, 用户 ID: 5
2025-11-07 20:34:00.247 [http-nio-8087-exec-6] INFO  c.q.x.note.biz.filter.HeaderUserId2ContextFilter - ===== 设置 userId 到 ThreadLocal 中， 用户 ID: 5
2025-11-07 20:34:00.248 [http-nio-8087-exec-6] INFO  c.q.f.b.operationlog.aspect.ApiOperationLogAspect - ====== 请求开始: [点赞笔记], 入参: {"id":1985366349773275217}, 请求类: NoteController, 请求方法: likeNote =================================== 
2025-11-07 20:34:00.252 [http-nio-8087-exec-6] DEBUG c.q.x.n.b.d.m.NoteDOMapper.selectCountByNoteId - ==>  Preparing: select count(1) from t_note where id = ? and status = 1
2025-11-07 20:34:00.253 [http-nio-8087-exec-6] DEBUG c.q.x.n.b.d.m.NoteDOMapper.selectCountByNoteId - ==> Parameters: 1985366349773275217(Long)
2025-11-07 20:34:00.254 [http-nio-8087-exec-6] DEBUG c.q.x.n.b.d.m.NoteDOMapper.selectCountByNoteId - <==      Total: 1
2025-11-07 20:34:00.255 [http-nio-8087-exec-6] WARN  c.q.x.note.biz.exception.GlobalExceptionHandler - /note/like request fail, errorCode: NOTE-20002, errorMessage: 笔记不存在
2025-11-07 20:34:00.256 [http-nio-8087-exec-6] INFO  c.q.x.note.biz.filter.HeaderUserId2ContextFilter - ===== 删除 ThreadLocal， userId: 5
2025-11-07 20:42:03.999 [http-nio-8087-exec-9] INFO  c.q.x.note.biz.filter.HeaderUserId2ContextFilter - ## HeaderUserId2ContextFilter, 用户 ID: 5
2025-11-07 20:42:03.999 [http-nio-8087-exec-9] INFO  c.q.x.note.biz.filter.HeaderUserId2ContextFilter - ===== 设置 userId 到 ThreadLocal 中， 用户 ID: 5
2025-11-07 20:42:04.001 [http-nio-8087-exec-9] INFO  c.q.f.b.operationlog.aspect.ApiOperationLogAspect - ====== 请求开始: [点赞笔记], 入参: {"id":1985366349773275217}, 请求类: NoteController, 请求方法: likeNote =================================== 
2025-11-07 20:42:04.003 [http-nio-8087-exec-9] DEBUG c.q.x.n.b.d.m.NoteDOMapper.selectCountByNoteId - ==>  Preparing: select count(1) from t_note where id = ? and status = 1
2025-11-07 20:42:04.004 [http-nio-8087-exec-9] DEBUG c.q.x.n.b.d.m.NoteDOMapper.selectCountByNoteId - ==> Parameters: 1985366349773275217(Long)
2025-11-07 20:42:04.006 [http-nio-8087-exec-9] DEBUG c.q.x.n.b.d.m.NoteDOMapper.selectCountByNoteId - <==      Total: 1
2025-11-07 20:42:04.006 [http-nio-8087-exec-9] WARN  c.q.x.note.biz.exception.GlobalExceptionHandler - /note/like request fail, errorCode: NOTE-20002, errorMessage: 笔记不存在
2025-11-07 20:42:04.007 [http-nio-8087-exec-9] INFO  c.q.x.note.biz.filter.HeaderUserId2ContextFilter - ===== 删除 ThreadLocal， userId: 5
2025-11-07 20:42:05.256 [http-nio-8087-exec-8] INFO  c.q.x.note.biz.filter.HeaderUserId2ContextFilter - ## HeaderUserId2ContextFilter, 用户 ID: 5
2025-11-07 20:42:05.257 [http-nio-8087-exec-8] INFO  c.q.x.note.biz.filter.HeaderUserId2ContextFilter - ===== 设置 userId 到 ThreadLocal 中， 用户 ID: 5
2025-11-07 20:42:05.258 [http-nio-8087-exec-8] INFO  c.q.f.b.operationlog.aspect.ApiOperationLogAspect - ====== 请求开始: [点赞笔记], 入参: {"id":1985366349773275217}, 请求类: NoteController, 请求方法: likeNote =================================== 
2025-11-07 20:42:05.260 [http-nio-8087-exec-8] DEBUG c.q.x.n.b.d.m.NoteDOMapper.selectCountByNoteId - ==>  Preparing: select count(1) from t_note where id = ? and status = 1
2025-11-07 20:42:05.260 [http-nio-8087-exec-8] DEBUG c.q.x.n.b.d.m.NoteDOMapper.selectCountByNoteId - ==> Parameters: 1985366349773275217(Long)
2025-11-07 20:42:05.262 [http-nio-8087-exec-8] DEBUG c.q.x.n.b.d.m.NoteDOMapper.selectCountByNoteId - <==      Total: 1
2025-11-07 20:42:05.262 [http-nio-8087-exec-8] WARN  c.q.x.note.biz.exception.GlobalExceptionHandler - /note/like request fail, errorCode: NOTE-20002, errorMessage: 笔记不存在
2025-11-07 20:42:05.263 [http-nio-8087-exec-8] INFO  c.q.x.note.biz.filter.HeaderUserId2ContextFilter - ===== 删除 ThreadLocal， userId: 5
2025-11-07 20:42:08.516 [http-nio-8087-exec-10] INFO  c.q.x.note.biz.filter.HeaderUserId2ContextFilter - ## HeaderUserId2ContextFilter, 用户 ID: 5
2025-11-07 20:42:08.516 [http-nio-8087-exec-10] INFO  c.q.x.note.biz.filter.HeaderUserId2ContextFilter - ===== 设置 userId 到 ThreadLocal 中， 用户 ID: 5
2025-11-07 20:42:08.517 [http-nio-8087-exec-10] INFO  c.q.f.b.operationlog.aspect.ApiOperationLogAspect - ====== 请求开始: [点赞笔记], 入参: {"id":1985366349773275217}, 请求类: NoteController, 请求方法: likeNote =================================== 
2025-11-07 20:42:08.519 [http-nio-8087-exec-10] DEBUG c.q.x.n.b.d.m.NoteDOMapper.selectCountByNoteId - ==>  Preparing: select count(1) from t_note where id = ? and status = 1
2025-11-07 20:42:08.521 [http-nio-8087-exec-10] DEBUG c.q.x.n.b.d.m.NoteDOMapper.selectCountByNoteId - ==> Parameters: 1985366349773275217(Long)
2025-11-07 20:42:08.525 [http-nio-8087-exec-10] DEBUG c.q.x.n.b.d.m.NoteDOMapper.selectCountByNoteId - <==      Total: 1
2025-11-07 20:42:08.527 [http-nio-8087-exec-10] WARN  c.q.x.note.biz.exception.GlobalExceptionHandler - /note/like request fail, errorCode: NOTE-20002, errorMessage: 笔记不存在
2025-11-07 20:42:08.528 [http-nio-8087-exec-10] INFO  c.q.x.note.biz.filter.HeaderUserId2ContextFilter - ===== 删除 ThreadLocal， userId: 5
2025-11-07 20:42:29.357 [http-nio-8087-exec-1] INFO  c.q.x.note.biz.filter.HeaderUserId2ContextFilter - ## HeaderUserId2ContextFilter, 用户 ID: 5
2025-11-07 20:42:29.358 [http-nio-8087-exec-1] INFO  c.q.x.note.biz.filter.HeaderUserId2ContextFilter - ===== 设置 userId 到 ThreadLocal 中， 用户 ID: 5
2025-11-07 20:42:29.359 [http-nio-8087-exec-1] INFO  c.q.f.b.operationlog.aspect.ApiOperationLogAspect - ====== 请求开始: [点赞笔记], 入参: {"id":1985366349773275217}, 请求类: NoteController, 请求方法: likeNote =================================== 
2025-11-07 20:42:29.361 [http-nio-8087-exec-1] DEBUG c.q.x.n.b.d.m.NoteDOMapper.selectCountByNoteId - ==>  Preparing: select count(1) from t_note where id = ? and status = 1
2025-11-07 20:42:29.362 [http-nio-8087-exec-1] DEBUG c.q.x.n.b.d.m.NoteDOMapper.selectCountByNoteId - ==> Parameters: 1985366349773275217(Long)
2025-11-07 20:42:29.365 [http-nio-8087-exec-1] DEBUG c.q.x.n.b.d.m.NoteDOMapper.selectCountByNoteId - <==      Total: 1
2025-11-07 20:42:29.370 [NoteExecutor-1] DEBUG c.q.x.n.b.d.mapper.NoteDOMapper.selectByPrimaryKey - ==>  Preparing: select id, title, is_content_empty, creator_id, topic_id, topic_name, is_top, `type`, img_uris, video_uri, visible, create_time, update_time, `status`, content_uuid from t_note where id = ? and status = 1
2025-11-07 20:42:29.371 [NoteExecutor-1] DEBUG c.q.x.n.b.d.mapper.NoteDOMapper.selectByPrimaryKey - ==> Parameters: 1985366349773275217(Long)
2025-11-07 20:42:29.379 [NoteExecutor-1] DEBUG c.q.x.n.b.d.mapper.NoteDOMapper.selectByPrimaryKey - <==      Total: 1
2025-11-07 20:42:29.389 [NoteExecutor-2] INFO  c.q.x.note.biz.interceptor.FeignRequestInterceptor - ########## feign 请求设置请求头 userId: 5
2025-11-07 20:42:29.389 [NoteExecutor-3] INFO  c.q.x.note.biz.interceptor.FeignRequestInterceptor - ########## feign 请求设置请求头 userId: 5
2025-11-07 20:42:29.462 [http-nio-8087-exec-1] DEBUG c.q.x.n.b.d.m.N.selectCountByUserIdAndNoteId - ==>  Preparing: select count(1) from t_note_like where user_id = ? and note_id = ? and status = 1 limit 1
2025-11-07 20:42:29.465 [http-nio-8087-exec-1] DEBUG c.q.x.n.b.d.m.N.selectCountByUserIdAndNoteId - ==> Parameters: 5(Long), 1985366349773275217(Long)
2025-11-07 20:42:29.466 [http-nio-8087-exec-1] DEBUG c.q.x.n.b.d.m.N.selectCountByUserIdAndNoteId - <==      Total: 1
2025-11-07 20:42:29.476 [http-nio-8087-exec-1] INFO  c.q.f.b.operationlog.aspect.ApiOperationLogAspect - ====== 请求结束: [点赞笔记], 耗时: 116ms, 出参: {"success":true,"message":null,"errorCode":null,"data":null} =================================== 
2025-11-07 20:42:29.489 [http-nio-8087-exec-1] INFO  c.q.x.note.biz.filter.HeaderUserId2ContextFilter - ===== 删除 ThreadLocal， userId: 5
2025-11-07 20:42:29.516 [NoteExecutor-2] INFO  com.alibaba.nacos.client.naming - [SUBSCRIBE-SERVICE] service:xiaohashu-user, group:DEFAULT_GROUP, clusters: 
2025-11-07 20:42:29.516 [NoteExecutor-3] INFO  com.alibaba.nacos.client.naming - [SUBSCRIBE-SERVICE] service:xiaohashu-kv, group:DEFAULT_GROUP, clusters: 
2025-11-07 20:42:29.542 [NoteExecutor-3] INFO  com.alibaba.nacos.client.naming - init new ips(0) service: DEFAULT_GROUP@@xiaohashu-kv -> []
2025-11-07 20:42:29.544 [NoteExecutor-2] INFO  com.alibaba.nacos.client.naming - init new ips(1) service: DEFAULT_GROUP@@xiaohashu-user -> [{"ip":"192.168.134.1","port":4815,"weight":1.0,"healthy":true,"enabled":true,"ephemeral":true,"clusterName":"DEFAULT","serviceName":"DEFAULT_GROUP@@xiaohashu-user","metadata":{"preserved.register.source":"SPRING_CLOUD"},"instanceHeartBeatInterval":5000,"instanceHeartBeatTimeOut":15000,"ipDeleteTimeout":30000}]
2025-11-07 20:42:29.553 [NoteExecutor-3] INFO  com.alibaba.nacos.client.naming - current ips:(0) service: DEFAULT_GROUP@@xiaohashu-kv -> []
2025-11-07 20:42:29.554 [NoteExecutor-2] INFO  com.alibaba.nacos.client.naming - current ips:(1) service: DEFAULT_GROUP@@xiaohashu-user -> [{"ip":"192.168.134.1","port":4815,"weight":1.0,"healthy":true,"enabled":true,"ephemeral":true,"clusterName":"DEFAULT","serviceName":"DEFAULT_GROUP@@xiaohashu-user","metadata":{"preserved.register.source":"SPRING_CLOUD"},"instanceHeartBeatInterval":5000,"instanceHeartBeatTimeOut":15000,"ipDeleteTimeout":30000}]
2025-11-07 20:42:29.565 [NoteExecutor-3] WARN  o.s.cloud.loadbalancer.core.RoundRobinLoadBalancer - No servers available for service: xiaohashu-kv
2025-11-07 20:42:29.569 [NoteExecutor-3] WARN  o.s.c.o.l.FeignBlockingLoadBalancerClient - Load balancer does not contain an instance for the service xiaohashu-kv
2025-11-07 20:42:30.071 [nacos-grpc-client-executor-127.0.0.1-327] INFO  com.alibaba.nacos.common.remote.client - [a77cae91-1b31-49ae-b20d-03747d51ed3d] Receive server push request, request = NotifySubscriberRequest, requestId = 9
2025-11-07 20:42:30.072 [nacos-grpc-client-executor-127.0.0.1-327] INFO  com.alibaba.nacos.common.remote.client - [a77cae91-1b31-49ae-b20d-03747d51ed3d] Ack server push request, request = NotifySubscriberRequest, requestId = 9
2025-11-07 20:42:30.074 [nacos-grpc-client-executor-127.0.0.1-328] INFO  com.alibaba.nacos.common.remote.client - [a77cae91-1b31-49ae-b20d-03747d51ed3d] Receive server push request, request = NotifySubscriberRequest, requestId = 10
2025-11-07 20:42:30.075 [nacos-grpc-client-executor-127.0.0.1-328] INFO  com.alibaba.nacos.common.remote.client - [a77cae91-1b31-49ae-b20d-03747d51ed3d] Ack server push request, request = NotifySubscriberRequest, requestId = 10
2025-11-07 20:49:22.606 [nacos-grpc-client-executor-127.0.0.1-410] INFO  com.alibaba.nacos.common.remote.client - [a77cae91-1b31-49ae-b20d-03747d51ed3d] Receive server push request, request = NotifySubscriberRequest, requestId = 11
2025-11-07 20:49:22.608 [nacos-grpc-client-executor-127.0.0.1-410] INFO  com.alibaba.nacos.client.naming - new ips(1) service: DEFAULT_GROUP@@xiaohashu-kv -> [{"ip":"192.168.134.1","port":10106,"weight":1.0,"healthy":true,"enabled":true,"ephemeral":true,"clusterName":"DEFAULT","serviceName":"DEFAULT_GROUP@@xiaohashu-kv","metadata":{"preserved.register.source":"SPRING_CLOUD"},"instanceHeartBeatInterval":5000,"instanceHeartBeatTimeOut":15000,"ipDeleteTimeout":30000}]
2025-11-07 20:49:22.608 [nacos-grpc-client-executor-127.0.0.1-410] INFO  com.alibaba.nacos.client.naming - current ips:(1) service: DEFAULT_GROUP@@xiaohashu-kv -> [{"ip":"192.168.134.1","port":10106,"weight":1.0,"healthy":true,"enabled":true,"ephemeral":true,"clusterName":"DEFAULT","serviceName":"DEFAULT_GROUP@@xiaohashu-kv","metadata":{"preserved.register.source":"SPRING_CLOUD"},"instanceHeartBeatInterval":5000,"instanceHeartBeatTimeOut":15000,"ipDeleteTimeout":30000}]
2025-11-07 20:49:22.608 [nacos-grpc-client-executor-127.0.0.1-410] INFO  com.alibaba.nacos.common.remote.client - [a77cae91-1b31-49ae-b20d-03747d51ed3d] Ack server push request, request = NotifySubscriberRequest, requestId = 11
2025-11-07 20:50:01.166 [http-nio-8087-exec-3] INFO  c.q.x.note.biz.filter.HeaderUserId2ContextFilter - ## HeaderUserId2ContextFilter, 用户 ID: 5
2025-11-07 20:50:01.166 [http-nio-8087-exec-3] INFO  c.q.x.note.biz.filter.HeaderUserId2ContextFilter - ===== 设置 userId 到 ThreadLocal 中， 用户 ID: 5
2025-11-07 20:50:01.179 [http-nio-8087-exec-3] INFO  c.q.f.b.operationlog.aspect.ApiOperationLogAspect - ====== 请求开始: [点赞笔记], 入参: {"id":1985366349773275217}, 请求类: NoteController, 请求方法: likeNote =================================== 
2025-11-07 20:50:01.187 [http-nio-8087-exec-3] DEBUG c.q.x.n.b.d.m.NoteDOMapper.selectCountByNoteId - ==>  Preparing: select count(1) from t_note where id = ? and status = 1
2025-11-07 20:50:01.192 [http-nio-8087-exec-3] DEBUG c.q.x.n.b.d.m.NoteDOMapper.selectCountByNoteId - ==> Parameters: 1985366349773275217(Long)
2025-11-07 20:50:01.194 [http-nio-8087-exec-3] DEBUG c.q.x.n.b.d.m.NoteDOMapper.selectCountByNoteId - <==      Total: 1
2025-11-07 20:50:01.211 [NoteExecutor-4] DEBUG c.q.x.n.b.d.mapper.NoteDOMapper.selectByPrimaryKey - ==>  Preparing: select id, title, is_content_empty, creator_id, topic_id, topic_name, is_top, `type`, img_uris, video_uri, visible, create_time, update_time, `status`, content_uuid from t_note where id = ? and status = 1
2025-11-07 20:50:01.211 [NoteExecutor-4] DEBUG c.q.x.n.b.d.mapper.NoteDOMapper.selectByPrimaryKey - ==> Parameters: 1985366349773275217(Long)
2025-11-07 20:50:01.212 [http-nio-8087-exec-3] WARN  c.q.x.note.biz.exception.GlobalExceptionHandler - /note/like request fail, errorCode: NOTE-20008, errorMessage: 您已经点赞过该笔记
2025-11-07 20:50:01.213 [NoteExecutor-4] DEBUG c.q.x.n.b.d.mapper.NoteDOMapper.selectByPrimaryKey - <==      Total: 1
2025-11-07 20:50:01.214 [http-nio-8087-exec-3] INFO  c.q.x.note.biz.filter.HeaderUserId2ContextFilter - ===== 删除 ThreadLocal， userId: 5
2025-11-07 20:50:01.216 [NoteExecutor-6] INFO  c.q.x.note.biz.interceptor.FeignRequestInterceptor - ########## feign 请求设置请求头 userId: 5
2025-11-07 20:50:01.216 [NoteExecutor-5] INFO  c.q.x.note.biz.interceptor.FeignRequestInterceptor - ########## feign 请求设置请求头 userId: 5
2025-11-07 23:00:54.557 [main] WARN  com.alibaba.nacos.client.logging.NacosLogging - Load Logback Configuration of Nacos fail, message: Could not initialize Logback Nacos logging from classpath:nacos-logback.xml
2025-11-07 23:00:54.606 [main] WARN  com.alibaba.nacos.client.logging.NacosLogging - Load Logback Configuration of Nacos fail, message: Could not initialize Logback Nacos logging from classpath:nacos-logback.xml
2025-11-07 23:00:55.123 [main] WARN  com.alibaba.nacos.client.logging.NacosLogging - Load Logback Configuration of Nacos fail, message: Could not initialize Logback Nacos logging from classpath:nacos-logback.xml
2025-11-07 23:00:55.132 [main] WARN  com.alibaba.nacos.client.logging.NacosLogging - Load Logback Configuration of Nacos fail, message: Could not initialize Logback Nacos logging from classpath:nacos-logback.xml
2025-11-07 23:00:55.133 [main] INFO  c.q.xiaohashu.note.biz.XiaohashuNoteBizApplication - The following 1 profile is active: "dev"
2025-11-07 23:00:55.577 [main] INFO  o.s.d.r.config.RepositoryConfigurationDelegate - Multiple Spring Data modules found, entering strict repository configuration mode
2025-11-07 23:00:55.578 [main] INFO  o.s.d.r.config.RepositoryConfigurationDelegate - Bootstrapping Spring Data Redis repositories in DEFAULT mode.
2025-11-07 23:00:55.594 [main] INFO  o.s.d.r.config.RepositoryConfigurationDelegate - Finished Spring Data repository scanning in 7 ms. Found 0 Redis repository interfaces.
2025-11-07 23:00:55.751 [main] INFO  o.springframework.cloud.context.scope.GenericScope - BeanFactory id=d0ff88e7-a0e9-3cf6-8357-25e650d39544
2025-11-07 23:00:55.776 [main] INFO  o.s.c.s.PostProcessorRegistrationDelegate$BeanPostProcessorChecker - Bean 'com.quanxiaoha.xiaohashu.distributed.id.generator.api.DistributedIdGeneratorFeignApi' of type [org.springframework.cloud.openfeign.FeignClientFactoryBean] is not eligible for getting processed by all BeanPostProcessors (for example: not eligible for auto-proxying)
2025-11-07 23:00:55.777 [main] INFO  o.s.c.s.PostProcessorRegistrationDelegate$BeanPostProcessorChecker - Bean 'com.quanxiaoha.xiaohashu.user.api.UserFeignApi' of type [org.springframework.cloud.openfeign.FeignClientFactoryBean] is not eligible for getting processed by all BeanPostProcessors (for example: not eligible for auto-proxying)
2025-11-07 23:00:55.778 [main] INFO  o.s.c.s.PostProcessorRegistrationDelegate$BeanPostProcessorChecker - Bean 'com.quanxiaoha.xiaohashu.kv.api.KeyValueFeignApi' of type [org.springframework.cloud.openfeign.FeignClientFactoryBean] is not eligible for getting processed by all BeanPostProcessors (for example: not eligible for auto-proxying)
2025-11-07 23:00:55.892 [main] INFO  o.s.c.s.PostProcessorRegistrationDelegate$BeanPostProcessorChecker - Bean 'org.apache.rocketmq.spring.autoconfigure.MessageConverterConfiguration' of type [org.apache.rocketmq.spring.autoconfigure.MessageConverterConfiguration$$SpringCGLIB$$0] is not eligible for getting processed by all BeanPostProcessors (for example: not eligible for auto-proxying)
2025-11-07 23:00:55.925 [main] INFO  o.s.c.s.PostProcessorRegistrationDelegate$BeanPostProcessorChecker - Bean 'createRocketMQMessageConverter' of type [org.apache.rocketmq.spring.support.RocketMQMessageConverter] is not eligible for getting processed by all BeanPostProcessors (for example: not eligible for auto-proxying)
2025-11-07 23:00:55.927 [main] INFO  o.s.c.s.PostProcessorRegistrationDelegate$BeanPostProcessorChecker - Bean 'org.springframework.cloud.commons.config.CommonsConfigAutoConfiguration' of type [org.springframework.cloud.commons.config.CommonsConfigAutoConfiguration] is not eligible for getting processed by all BeanPostProcessors (for example: not eligible for auto-proxying)
2025-11-07 23:00:55.929 [main] INFO  o.s.c.s.PostProcessorRegistrationDelegate$BeanPostProcessorChecker - Bean 'org.springframework.cloud.client.loadbalancer.LoadBalancerDefaultMappingsProviderAutoConfiguration' of type [org.springframework.cloud.client.loadbalancer.LoadBalancerDefaultMappingsProviderAutoConfiguration] is not eligible for getting processed by all BeanPostProcessors (for example: not eligible for auto-proxying)
2025-11-07 23:00:55.930 [main] INFO  o.s.c.s.PostProcessorRegistrationDelegate$BeanPostProcessorChecker - Bean 'loadBalancerClientsDefaultsMappingsProvider' of type [org.springframework.cloud.client.loadbalancer.LoadBalancerDefaultMappingsProviderAutoConfiguration$$Lambda$722/0x0000028c0145e328] is not eligible for getting processed by all BeanPostProcessors (for example: not eligible for auto-proxying)
2025-11-07 23:00:55.931 [main] INFO  o.s.c.s.PostProcessorRegistrationDelegate$BeanPostProcessorChecker - Bean 'defaultsBindHandlerAdvisor' of type [org.springframework.cloud.commons.config.DefaultsBindHandlerAdvisor] is not eligible for getting processed by all BeanPostProcessors (for example: not eligible for auto-proxying)
2025-11-07 23:00:55.935 [main] INFO  o.s.c.s.PostProcessorRegistrationDelegate$BeanPostProcessorChecker - Bean 'rocketmq-org.apache.rocketmq.spring.autoconfigure.RocketMQProperties' of type [org.apache.rocketmq.spring.autoconfigure.RocketMQProperties] is not eligible for getting processed by all BeanPostProcessors (for example: not eligible for auto-proxying)
2025-11-07 23:00:55.936 [main] INFO  o.s.c.s.PostProcessorRegistrationDelegate$BeanPostProcessorChecker - Bean 'org.apache.rocketmq.spring.autoconfigure.ListenerContainerConfiguration' of type [org.apache.rocketmq.spring.autoconfigure.ListenerContainerConfiguration$$SpringCGLIB$$0] is not eligible for getting processed by all BeanPostProcessors (for example: not eligible for auto-proxying)
2025-11-07 23:00:56.097 [main] INFO  o.s.boot.web.embedded.tomcat.TomcatWebServer - Tomcat initialized with port(s): 8087 (http)
2025-11-07 23:00:56.105 [main] INFO  org.apache.catalina.core.StandardService - Starting service [Tomcat]
2025-11-07 23:00:56.106 [main] INFO  org.apache.catalina.core.StandardEngine - Starting Servlet engine: [Apache Tomcat/10.1.5]
2025-11-07 23:00:56.194 [main] INFO  o.a.c.core.ContainerBase.[Tomcat].[localhost].[/] - Initializing Spring embedded WebApplicationContext
2025-11-07 23:00:56.194 [main] INFO  o.s.b.w.s.c.ServletWebServerApplicationContext - Root WebApplicationContext: initialization completed in 1042 ms
2025-11-07 23:00:56.320 [main] WARN  i.n.r.dns.DefaultDnsServerAddressStreamProvider - Default DNS servers: [/8.8.8.8:53, /8.8.4.4:53] (Google Public DNS as a fallback)
2025-11-07 23:00:56.727 [main] INFO  o.a.r.s.support.DefaultRocketMQListenerContainer - running container: DefaultRocketMQListenerContainer{consumerGroup='xiaohashu_group_DelayDeleteNoteRedisCacheTopic', namespace='', nameServer='127.0.0.1:9876', topic='DelayDeleteNoteRedisCacheTopic', consumeMode=CONCURRENTLY, selectorType=TAG, selectorExpression='*', messageModel=CLUSTERING', tlsEnable=false, instanceName=DEFAULT}
2025-11-07 23:00:56.727 [main] INFO  o.a.r.s.a.ListenerContainerConfiguration - Register the listener to container, listenerBeanName:delayDeleteNoteRedisCacheConsumer, containerBeanName:org.apache.rocketmq.spring.support.DefaultRocketMQListenerContainer_1
2025-11-07 23:00:56.755 [main] INFO  c.a.d.s.b.a.DruidDataSourceAutoConfigure - Init DruidDataSource
2025-11-07 23:00:56.990 [main] INFO  com.alibaba.druid.pool.DruidDataSource - {dataSource-1} inited
2025-11-07 23:00:57.242 [main] INFO  o.s.cloud.openfeign.FeignClientFactoryBean - For 'xiaohashu-distributed-id-generator' URL not provided. Will try picking an instance via load-balancing.
2025-11-07 23:00:57.276 [main] INFO  o.s.cloud.openfeign.FeignClientFactoryBean - For 'xiaohashu-kv' URL not provided. Will try picking an instance via load-balancing.
2025-11-07 23:00:57.288 [main] INFO  o.s.cloud.openfeign.FeignClientFactoryBean - For 'xiaohashu-user' URL not provided. Will try picking an instance via load-balancing.
2025-11-07 23:00:57.312 [main] INFO  o.a.r.s.autoconfigure.RocketMQAutoConfiguration - a producer (xiaohashu_group) init on namesrv 127.0.0.1:9876
2025-11-07 23:00:57.418 [main] INFO  o.a.r.s.support.DefaultRocketMQListenerContainer - running container: DefaultRocketMQListenerContainer{consumerGroup='xiaohashu_groupDeleteNoteLocalCacheTopic', namespace='', nameServer='127.0.0.1:9876', topic='DeleteNoteLocalCacheTopic', consumeMode=CONCURRENTLY, selectorType=TAG, selectorExpression='*', messageModel=BROADCASTING', tlsEnable=false, instanceName=DEFAULT}
2025-11-07 23:00:57.418 [main] INFO  o.a.r.s.a.ListenerContainerConfiguration - Register the listener to container, listenerBeanName:deleteNoteLocalCacheConsumer, containerBeanName:org.apache.rocketmq.spring.support.DefaultRocketMQListenerContainer_2
2025-11-07 23:00:57.477 [main] INFO  o.a.r.s.support.DefaultRocketMQListenerContainer - running container: DefaultRocketMQListenerContainer{consumerGroup='xiaohashu_group_LikeUnlikeTopic', namespace='', nameServer='127.0.0.1:9876', topic='LikeUnlikeTopic', consumeMode=ORDERLY, selectorType=TAG, selectorExpression='*', messageModel=CLUSTERING', tlsEnable=false, instanceName=DEFAULT}
2025-11-07 23:00:57.477 [main] INFO  o.a.r.s.a.ListenerContainerConfiguration - Register the listener to container, listenerBeanName:likeUnlikeNoteConsumer, containerBeanName:org.apache.rocketmq.spring.support.DefaultRocketMQListenerContainer_3
2025-11-07 23:00:58.404 [main] INFO  o.s.boot.web.embedded.tomcat.TomcatWebServer - Tomcat started on port(s): 8087 (http) with context path ''
2025-11-07 23:00:58.409 [main] WARN  com.alibaba.nacos.client.logging.NacosLogging - Load Logback Configuration of Nacos fail, message: Could not initialize Logback Nacos logging from classpath:nacos-logback.xml
2025-11-07 23:00:58.409 [main] INFO  com.alibaba.nacos.client.naming - initializer namespace from ans.namespace attribute : null
2025-11-07 23:00:58.409 [main] INFO  com.alibaba.nacos.client.naming - initializer namespace from ALIBABA_ALIWARE_NAMESPACE attribute :null
2025-11-07 23:00:58.410 [main] INFO  com.alibaba.nacos.client.naming - initializer namespace from namespace attribute :null
2025-11-07 23:00:58.428 [main] INFO  com.alibaba.nacos.client.utils.ParamUtil - [settings] [req-serv] nacos-server port:8848
2025-11-07 23:00:58.428 [main] INFO  com.alibaba.nacos.client.utils.ParamUtil - [settings] [http-client] connect timeout:1000
2025-11-07 23:00:58.429 [main] INFO  com.alibaba.nacos.client.utils.ParamUtil - PER_TASK_CONFIG_SIZE: 3000.0
2025-11-07 23:00:58.432 [main] INFO  c.a.n.p.auth.spi.client.ClientAuthPluginManager - [ClientAuthPluginManager] Load ClientAuthService com.alibaba.nacos.client.auth.impl.NacosClientAuthServiceImpl success.
2025-11-07 23:00:58.432 [main] INFO  c.a.n.p.auth.spi.client.ClientAuthPluginManager - [ClientAuthPluginManager] Load ClientAuthService com.alibaba.nacos.client.auth.ram.RamClientAuthServiceImpl success.
2025-11-07 23:00:58.434 [main] INFO  c.a.n.client.auth.ram.identify.CredentialWatcher - null No credential found
2025-11-07 23:00:58.439 [main] INFO  com.alibaba.nacos.common.remote.client - [RpcClientFactory] create a new rpc client of 6ab65711-4fbd-4ec9-a7ce-5243be162bd3
2025-11-07 23:00:58.452 [main] INFO  com.alibaba.nacos.common.remote.client - [6ab65711-4fbd-4ec9-a7ce-5243be162bd3] RpcClient init, ServerListFactory = com.alibaba.nacos.client.naming.core.ServerListManager
2025-11-07 23:00:58.453 [main] INFO  com.alibaba.nacos.common.remote.client - [6ab65711-4fbd-4ec9-a7ce-5243be162bd3] Registry connection listener to current client:com.alibaba.nacos.client.naming.remote.gprc.redo.NamingGrpcRedoService
2025-11-07 23:00:58.453 [main] INFO  com.alibaba.nacos.common.remote.client - [6ab65711-4fbd-4ec9-a7ce-5243be162bd3] Register server push request handler:com.alibaba.nacos.client.naming.remote.gprc.NamingPushRequestHandler
2025-11-07 23:00:58.455 [main] INFO  com.alibaba.nacos.common.remote.client - [6ab65711-4fbd-4ec9-a7ce-5243be162bd3] Try to connect to server on start up, server: {serverIp = '127.0.0.1', server main port = 8848}
2025-11-07 23:00:58.481 [main] INFO  c.a.nacos.common.remote.client.grpc.GrpcClient - grpc client connection server:127.0.0.1 ip,serverPort:9848,grpcTslConfig:{"sslProvider":"OPENSSL","enableTls":false,"mutualAuthEnable":false,"trustAll":false}
2025-11-07 23:00:59.322 [main] INFO  com.alibaba.nacos.common.remote.client - [6ab65711-4fbd-4ec9-a7ce-5243be162bd3] Success to connect to server [127.0.0.1:8848] on start up, connectionId = 1762527659134_127.0.0.1_13528
2025-11-07 23:00:59.323 [com.alibaba.nacos.client.remote.worker] INFO  com.alibaba.nacos.common.remote.client - [6ab65711-4fbd-4ec9-a7ce-5243be162bd3] Notify connected event to listeners.
2025-11-07 23:00:59.323 [com.alibaba.nacos.client.remote.worker] INFO  com.alibaba.nacos.client.naming - Grpc connection connect
2025-11-07 23:00:59.323 [main] INFO  com.alibaba.nacos.common.remote.client - [6ab65711-4fbd-4ec9-a7ce-5243be162bd3] Register server push request handler:com.alibaba.nacos.common.remote.client.RpcClient$ConnectResetRequestHandler
2025-11-07 23:00:59.323 [main] INFO  com.alibaba.nacos.common.remote.client - [6ab65711-4fbd-4ec9-a7ce-5243be162bd3] Register server push request handler:com.alibaba.nacos.common.remote.client.RpcClient$$Lambda$1284/0x0000028c01899680
2025-11-07 23:00:59.324 [main] INFO  com.alibaba.nacos.client.naming - [REGISTER-SERVICE] xiaohashu registering service xiaohashu-note with instance Instance{instanceId='null', ip='192.168.134.1', port=8087, weight=1.0, healthy=true, enabled=true, ephemeral=true, clusterName='DEFAULT', serviceName='null', metadata={IPv6=null, preserved.register.source=SPRING_CLOUD}}
2025-11-07 23:00:59.338 [main] INFO  c.a.cloud.nacos.registry.NacosServiceRegistry - nacos registry, DEFAULT_GROUP xiaohashu-note 192.168.134.1:8087 register finished
2025-11-07 23:00:59.547 [main] INFO  c.q.xiaohashu.note.biz.XiaohashuNoteBizApplication - Started XiaohashuNoteBizApplication in 5.672 seconds (process running for 6.379)
2025-11-07 23:03:09.234 [http-nio-8087-exec-1] INFO  org.springframework.web.servlet.DispatcherServlet - Initializing Servlet 'dispatcherServlet'
2025-11-07 23:03:09.238 [http-nio-8087-exec-1] INFO  org.springframework.web.servlet.DispatcherServlet - Completed initialization in 4 ms
2025-11-07 23:03:09.252 [http-nio-8087-exec-1] INFO  c.q.x.note.biz.filter.HeaderUserId2ContextFilter - ## HeaderUserId2ContextFilter, 用户 ID: 5
2025-11-07 23:03:09.253 [http-nio-8087-exec-1] INFO  c.q.x.note.biz.filter.HeaderUserId2ContextFilter - ===== 设置 userId 到 ThreadLocal 中， 用户 ID: 5
2025-11-07 23:03:09.401 [http-nio-8087-exec-1] INFO  c.q.f.b.operationlog.aspect.ApiOperationLogAspect - ====== 请求开始: [点赞笔记], 入参: {"id":1985341445787090969}, 请求类: NoteController, 请求方法: likeNote =================================== 
2025-11-07 23:03:09.843 [http-nio-8087-exec-1] DEBUG c.q.x.n.b.d.m.NoteDOMapper.selectCountByNoteId - ==>  Preparing: select count(1) from t_note where id = ? and status = 1
2025-11-07 23:03:09.984 [http-nio-8087-exec-1] DEBUG c.q.x.n.b.d.m.NoteDOMapper.selectCountByNoteId - ==> Parameters: 1985341445787090969(Long)
2025-11-07 23:03:10.140 [http-nio-8087-exec-1] DEBUG c.q.x.n.b.d.m.NoteDOMapper.selectCountByNoteId - <==      Total: 1
2025-11-07 23:03:10.249 [NoteExecutor-1] DEBUG c.q.x.n.b.d.mapper.NoteDOMapper.selectByPrimaryKey - ==>  Preparing: select id, title, is_content_empty, creator_id, topic_id, topic_name, is_top, `type`, img_uris, video_uri, visible, create_time, update_time, `status`, content_uuid from t_note where id = ? and status = 1
2025-11-07 23:03:10.251 [NoteExecutor-1] DEBUG c.q.x.n.b.d.mapper.NoteDOMapper.selectByPrimaryKey - ==> Parameters: 1985341445787090969(Long)
2025-11-07 23:03:10.432 [NoteExecutor-1] DEBUG c.q.x.n.b.d.mapper.NoteDOMapper.selectByPrimaryKey - <==      Total: 1
2025-11-07 23:03:10.466 [NoteExecutor-3] INFO  c.q.x.note.biz.interceptor.FeignRequestInterceptor - ########## feign 请求设置请求头 userId: 5
2025-11-07 23:03:10.466 [NoteExecutor-2] INFO  c.q.x.note.biz.interceptor.FeignRequestInterceptor - ########## feign 请求设置请求头 userId: 5
2025-11-07 23:03:10.532 [http-nio-8087-exec-1] DEBUG c.q.x.n.b.d.m.N.selectLikedByUserIdAndLimit - ==>  Preparing: select note_id, create_time from t_note_like where user_id = ? and status = 1 order by create_time desc limit ?
2025-11-07 23:03:10.539 [http-nio-8087-exec-1] DEBUG c.q.x.n.b.d.m.N.selectLikedByUserIdAndLimit - ==> Parameters: 5(Long), 100(Integer)
2025-11-07 23:03:10.548 [http-nio-8087-exec-1] DEBUG c.q.x.n.b.d.m.N.selectLikedByUserIdAndLimit - <==      Total: 0
2025-11-07 23:03:10.566 [http-nio-8087-exec-1] ERROR c.q.x.note.biz.exception.GlobalExceptionHandler - /note/like request error, 
org.springframework.data.redis.core.script.ScriptingException: Error reading script text
	at org.springframework.data.redis.core.script.DefaultRedisScript.getScriptAsString(DefaultRedisScript.java:97)
	at org.springframework.data.redis.core.script.DefaultRedisScript.getSha1(DefaultRedisScript.java:81)
	at org.springframework.data.redis.core.script.DefaultScriptExecutor.eval(DefaultScriptExecutor.java:77)
	at org.springframework.data.redis.core.script.DefaultScriptExecutor.lambda$execute$0(DefaultScriptExecutor.java:68)
	at org.springframework.data.redis.core.RedisTemplate.execute(RedisTemplate.java:406)
	at org.springframework.data.redis.core.RedisTemplate.execute(RedisTemplate.java:373)
	at org.springframework.data.redis.core.RedisTemplate.execute(RedisTemplate.java:360)
	at org.springframework.data.redis.core.script.DefaultScriptExecutor.execute(DefaultScriptExecutor.java:58)
	at org.springframework.data.redis.core.script.DefaultScriptExecutor.execute(DefaultScriptExecutor.java:52)
	at org.springframework.data.redis.core.RedisTemplate.execute(RedisTemplate.java:503)
	at com.quanxiaoha.xiaohashu.note.biz.service.impl.NoteServiceImpl.likeNote(NoteServiceImpl.java:750)
	at java.base/jdk.internal.reflect.NativeMethodAccessorImpl.invoke0(Native Method)
	at java.base/jdk.internal.reflect.NativeMethodAccessorImpl.invoke(NativeMethodAccessorImpl.java:77)
	at java.base/jdk.internal.reflect.DelegatingMethodAccessorImpl.invoke(DelegatingMethodAccessorImpl.java:43)
	at java.base/java.lang.reflect.Method.invoke(Method.java:568)
	at org.springframework.aop.support.AopUtils.invokeJoinpointUsingReflection(AopUtils.java:343)
	at org.springframework.aop.framework.CglibAopProxy$DynamicAdvisedInterceptor.intercept(CglibAopProxy.java:699)
	at com.quanxiaoha.xiaohashu.note.biz.service.impl.NoteServiceImpl$$SpringCGLIB$$0.likeNote(<generated>)
	at com.quanxiaoha.xiaohashu.note.biz.controller.NoteController.likeNote(NoteController.java:64)
	at java.base/jdk.internal.reflect.NativeMethodAccessorImpl.invoke0(Native Method)
	at java.base/jdk.internal.reflect.NativeMethodAccessorImpl.invoke(NativeMethodAccessorImpl.java:77)
	at java.base/jdk.internal.reflect.DelegatingMethodAccessorImpl.invoke(DelegatingMethodAccessorImpl.java:43)
	at java.base/java.lang.reflect.Method.invoke(Method.java:568)
	at org.springframework.aop.support.AopUtils.invokeJoinpointUsingReflection(AopUtils.java:343)
	at org.springframework.aop.framework.ReflectiveMethodInvocation.invokeJoinpoint(ReflectiveMethodInvocation.java:196)
	at org.springframework.aop.framework.ReflectiveMethodInvocation.proceed(ReflectiveMethodInvocation.java:163)
	at org.springframework.aop.framework.CglibAopProxy$CglibMethodInvocation.proceed(CglibAopProxy.java:752)
	at org.springframework.aop.aspectj.MethodInvocationProceedingJoinPoint.proceed(MethodInvocationProceedingJoinPoint.java:89)
	at com.quanxiaoha.framework.biz.operationlog.aspect.ApiOperationLogAspect.doAround(ApiOperationLogAspect.java:53)
	at java.base/jdk.internal.reflect.NativeMethodAccessorImpl.invoke0(Native Method)
	at java.base/jdk.internal.reflect.NativeMethodAccessorImpl.invoke(NativeMethodAccessorImpl.java:77)
	at java.base/jdk.internal.reflect.DelegatingMethodAccessorImpl.invoke(DelegatingMethodAccessorImpl.java:43)
	at java.base/java.lang.reflect.Method.invoke(Method.java:568)
	at org.springframework.aop.aspectj.AbstractAspectJAdvice.invokeAdviceMethodWithGivenArgs(AbstractAspectJAdvice.java:633)
	at org.springframework.aop.aspectj.AbstractAspectJAdvice.invokeAdviceMethod(AbstractAspectJAdvice.java:623)
	at org.springframework.aop.aspectj.AspectJAroundAdvice.invoke(AspectJAroundAdvice.java:71)
	at org.springframework.aop.framework.ReflectiveMethodInvocation.proceed(ReflectiveMethodInvocation.java:173)
	at org.springframework.aop.framework.CglibAopProxy$CglibMethodInvocation.proceed(CglibAopProxy.java:752)
	at org.springframework.aop.interceptor.ExposeInvocationInterceptor.invoke(ExposeInvocationInterceptor.java:97)
	at org.springframework.aop.framework.ReflectiveMethodInvocation.proceed(ReflectiveMethodInvocation.java:184)
	at org.springframework.aop.framework.CglibAopProxy$CglibMethodInvocation.proceed(CglibAopProxy.java:752)
	at org.springframework.aop.framework.CglibAopProxy$DynamicAdvisedInterceptor.intercept(CglibAopProxy.java:703)
	at com.quanxiaoha.xiaohashu.note.biz.controller.NoteController$$SpringCGLIB$$0.likeNote(<generated>)
	at java.base/jdk.internal.reflect.NativeMethodAccessorImpl.invoke0(Native Method)
	at java.base/jdk.internal.reflect.NativeMethodAccessorImpl.invoke(NativeMethodAccessorImpl.java:77)
	at java.base/jdk.internal.reflect.DelegatingMethodAccessorImpl.invoke(DelegatingMethodAccessorImpl.java:43)
	at java.base/java.lang.reflect.Method.invoke(Method.java:568)
	at org.springframework.web.method.support.InvocableHandlerMethod.doInvoke(InvocableHandlerMethod.java:207)
	at org.springframework.web.method.support.InvocableHandlerMethod.invokeForRequest(InvocableHandlerMethod.java:152)
	at org.springframework.web.servlet.mvc.method.annotation.ServletInvocableHandlerMethod.invokeAndHandle(ServletInvocableHandlerMethod.java:117)
	at org.springframework.web.servlet.mvc.method.annotation.RequestMappingHandlerAdapter.invokeHandlerMethod(RequestMappingHandlerAdapter.java:884)
	at org.springframework.web.servlet.mvc.method.annotation.RequestMappingHandlerAdapter.handleInternal(RequestMappingHandlerAdapter.java:797)
	at org.springframework.web.servlet.mvc.method.AbstractHandlerMethodAdapter.handle(AbstractHandlerMethodAdapter.java:87)
	at org.springframework.web.servlet.DispatcherServlet.doDispatch(DispatcherServlet.java:1080)
	at org.springframework.web.servlet.DispatcherServlet.doService(DispatcherServlet.java:973)
	at org.springframework.web.servlet.FrameworkServlet.processRequest(FrameworkServlet.java:1011)
	at org.springframework.web.servlet.FrameworkServlet.doPost(FrameworkServlet.java:914)
	at jakarta.servlet.http.HttpServlet.service(HttpServlet.java:731)
	at org.springframework.web.servlet.FrameworkServlet.service(FrameworkServlet.java:885)
	at jakarta.servlet.http.HttpServlet.service(HttpServlet.java:814)
	at org.apache.catalina.core.ApplicationFilterChain.internalDoFilter(ApplicationFilterChain.java:223)
	at org.apache.catalina.core.ApplicationFilterChain.doFilter(ApplicationFilterChain.java:158)
	at org.apache.tomcat.websocket.server.WsFilter.doFilter(WsFilter.java:53)
	at org.apache.catalina.core.ApplicationFilterChain.internalDoFilter(ApplicationFilterChain.java:185)
	at org.apache.catalina.core.ApplicationFilterChain.doFilter(ApplicationFilterChain.java:158)
	at com.quanxiaoha.xiaohashu.note.biz.filter.HeaderUserId2ContextFilter.doFilterInternal(HeaderUserId2ContextFilter.java:47)
	at org.springframework.web.filter.OncePerRequestFilter.doFilter(OncePerRequestFilter.java:116)
	at org.apache.catalina.core.ApplicationFilterChain.internalDoFilter(ApplicationFilterChain.java:185)
	at org.apache.catalina.core.ApplicationFilterChain.doFilter(ApplicationFilterChain.java:158)
	at com.alibaba.druid.support.jakarta.WebStatFilter.doFilter(WebStatFilter.java:113)
	at org.apache.catalina.core.ApplicationFilterChain.internalDoFilter(ApplicationFilterChain.java:185)
	at org.apache.catalina.core.ApplicationFilterChain.doFilter(ApplicationFilterChain.java:158)
	at org.springframework.web.filter.RequestContextFilter.doFilterInternal(RequestContextFilter.java:100)
	at org.springframework.web.filter.OncePerRequestFilter.doFilter(OncePerRequestFilter.java:116)
	at org.apache.catalina.core.ApplicationFilterChain.internalDoFilter(ApplicationFilterChain.java:185)
	at org.apache.catalina.core.ApplicationFilterChain.doFilter(ApplicationFilterChain.java:158)
	at org.springframework.web.filter.FormContentFilter.doFilterInternal(FormContentFilter.java:93)
	at org.springframework.web.filter.OncePerRequestFilter.doFilter(OncePerRequestFilter.java:116)
	at org.apache.catalina.core.ApplicationFilterChain.internalDoFilter(ApplicationFilterChain.java:185)
	at org.apache.catalina.core.ApplicationFilterChain.doFilter(ApplicationFilterChain.java:158)
	at org.springframework.web.filter.CharacterEncodingFilter.doFilterInternal(CharacterEncodingFilter.java:201)
	at org.springframework.web.filter.OncePerRequestFilter.doFilter(OncePerRequestFilter.java:116)
	at org.apache.catalina.core.ApplicationFilterChain.internalDoFilter(ApplicationFilterChain.java:185)
	at org.apache.catalina.core.ApplicationFilterChain.doFilter(ApplicationFilterChain.java:158)
	at org.apache.catalina.core.StandardWrapperValve.invoke(StandardWrapperValve.java:177)
	at org.apache.catalina.core.StandardContextValve.invoke(StandardContextValve.java:97)
	at org.apache.catalina.authenticator.AuthenticatorBase.invoke(AuthenticatorBase.java:542)
	at org.apache.catalina.core.StandardHostValve.invoke(StandardHostValve.java:119)
	at org.apache.catalina.valves.ErrorReportValve.invoke(ErrorReportValve.java:92)
	at org.apache.catalina.core.StandardEngineValve.invoke(StandardEngineValve.java:78)
	at org.apache.catalina.connector.CoyoteAdapter.service(CoyoteAdapter.java:357)
	at org.apache.coyote.http11.Http11Processor.service(Http11Processor.java:400)
	at org.apache.coyote.AbstractProcessorLight.process(AbstractProcessorLight.java:65)
	at org.apache.coyote.AbstractProtocol$ConnectionHandler.process(AbstractProtocol.java:859)
	at org.apache.tomcat.util.net.NioEndpoint$SocketProcessor.doRun(NioEndpoint.java:1734)
	at org.apache.tomcat.util.net.SocketProcessorBase.run(SocketProcessorBase.java:52)
	at org.apache.tomcat.util.threads.ThreadPoolExecutor.runWorker(ThreadPoolExecutor.java:1191)
	at org.apache.tomcat.util.threads.ThreadPoolExecutor$Worker.run(ThreadPoolExecutor.java:659)
	at org.apache.tomcat.util.threads.TaskThread$WrappingRunnable.run(TaskThread.java:61)
	at java.base/java.lang.Thread.run(Thread.java:842)
Caused by: java.io.FileNotFoundException: class path resource [lua/batch_add_note_like_zset_and_expire.lua] cannot be opened because it does not exist
	at org.springframework.core.io.ClassPathResource.getInputStream(ClassPathResource.java:211)
	at org.springframework.core.io.support.EncodedResource.getReader(EncodedResource.java:140)
	at org.springframework.scripting.support.ResourceScriptSource.getScriptAsString(ResourceScriptSource.java:103)
	at org.springframework.data.redis.core.script.DefaultRedisScript.getScriptAsString(DefaultRedisScript.java:95)
	... 99 common frames omitted
2025-11-07 23:03:10.614 [http-nio-8087-exec-1] INFO  c.q.x.note.biz.filter.HeaderUserId2ContextFilter - ===== 删除 ThreadLocal， userId: 5
2025-11-07 23:03:10.625 [NoteExecutor-2] INFO  com.alibaba.nacos.client.naming - [SUBSCRIBE-SERVICE] service:xiaohashu-user, group:DEFAULT_GROUP, clusters: 
2025-11-07 23:03:10.625 [NoteExecutor-3] INFO  com.alibaba.nacos.client.naming - [SUBSCRIBE-SERVICE] service:xiaohashu-kv, group:DEFAULT_GROUP, clusters: 
2025-11-07 23:03:10.656 [NoteExecutor-3] INFO  com.alibaba.nacos.client.naming - init new ips(1) service: DEFAULT_GROUP@@xiaohashu-kv -> [{"ip":"192.168.134.1","port":10106,"weight":1.0,"healthy":true,"enabled":true,"ephemeral":true,"clusterName":"DEFAULT","serviceName":"DEFAULT_GROUP@@xiaohashu-kv","metadata":{"preserved.register.source":"SPRING_CLOUD"},"ipDeleteTimeout":30000,"instanceHeartBeatTimeOut":15000,"instanceHeartBeatInterval":5000}]
2025-11-07 23:03:10.656 [NoteExecutor-2] INFO  com.alibaba.nacos.client.naming - init new ips(1) service: DEFAULT_GROUP@@xiaohashu-user -> [{"ip":"192.168.134.1","port":4815,"weight":1.0,"healthy":true,"enabled":true,"ephemeral":true,"clusterName":"DEFAULT","serviceName":"DEFAULT_GROUP@@xiaohashu-user","metadata":{"preserved.register.source":"SPRING_CLOUD"},"ipDeleteTimeout":30000,"instanceHeartBeatTimeOut":15000,"instanceHeartBeatInterval":5000}]
2025-11-07 23:03:10.671 [NoteExecutor-2] INFO  com.alibaba.nacos.client.naming - current ips:(1) service: DEFAULT_GROUP@@xiaohashu-user -> [{"ip":"192.168.134.1","port":4815,"weight":1.0,"healthy":true,"enabled":true,"ephemeral":true,"clusterName":"DEFAULT","serviceName":"DEFAULT_GROUP@@xiaohashu-user","metadata":{"preserved.register.source":"SPRING_CLOUD"},"ipDeleteTimeout":30000,"instanceHeartBeatTimeOut":15000,"instanceHeartBeatInterval":5000}]
2025-11-07 23:03:10.671 [NoteExecutor-3] INFO  com.alibaba.nacos.client.naming - current ips:(1) service: DEFAULT_GROUP@@xiaohashu-kv -> [{"ip":"192.168.134.1","port":10106,"weight":1.0,"healthy":true,"enabled":true,"ephemeral":true,"clusterName":"DEFAULT","serviceName":"DEFAULT_GROUP@@xiaohashu-kv","metadata":{"preserved.register.source":"SPRING_CLOUD"},"ipDeleteTimeout":30000,"instanceHeartBeatTimeOut":15000,"instanceHeartBeatInterval":5000}]
2025-11-07 23:03:11.248 [nacos-grpc-client-executor-127.0.0.1-41] INFO  com.alibaba.nacos.common.remote.client - [6ab65711-4fbd-4ec9-a7ce-5243be162bd3] Receive server push request, request = NotifySubscriberRequest, requestId = 15
2025-11-07 23:03:11.249 [nacos-grpc-client-executor-127.0.0.1-41] INFO  com.alibaba.nacos.common.remote.client - [6ab65711-4fbd-4ec9-a7ce-5243be162bd3] Ack server push request, request = NotifySubscriberRequest, requestId = 15
2025-11-07 23:03:11.266 [nacos-grpc-client-executor-127.0.0.1-42] INFO  com.alibaba.nacos.common.remote.client - [6ab65711-4fbd-4ec9-a7ce-5243be162bd3] Receive server push request, request = NotifySubscriberRequest, requestId = 16
2025-11-07 23:03:11.267 [nacos-grpc-client-executor-127.0.0.1-42] INFO  com.alibaba.nacos.common.remote.client - [6ab65711-4fbd-4ec9-a7ce-5243be162bd3] Ack server push request, request = NotifySubscriberRequest, requestId = 16
2025-11-07 23:09:51.625 [main] WARN  com.alibaba.nacos.client.logging.NacosLogging - Load Logback Configuration of Nacos fail, message: Could not initialize Logback Nacos logging from classpath:nacos-logback.xml
2025-11-07 23:09:51.668 [main] WARN  com.alibaba.nacos.client.logging.NacosLogging - Load Logback Configuration of Nacos fail, message: Could not initialize Logback Nacos logging from classpath:nacos-logback.xml
2025-11-07 23:09:53.091 [main] WARN  com.alibaba.nacos.client.logging.NacosLogging - Load Logback Configuration of Nacos fail, message: Could not initialize Logback Nacos logging from classpath:nacos-logback.xml
2025-11-07 23:09:53.098 [main] WARN  com.alibaba.nacos.client.logging.NacosLogging - Load Logback Configuration of Nacos fail, message: Could not initialize Logback Nacos logging from classpath:nacos-logback.xml
2025-11-07 23:09:53.098 [main] INFO  c.q.xiaohashu.note.biz.XiaohashuNoteBizApplication - The following 1 profile is active: "dev"
2025-11-07 23:09:53.507 [main] INFO  o.s.d.r.config.RepositoryConfigurationDelegate - Multiple Spring Data modules found, entering strict repository configuration mode
2025-11-07 23:09:53.508 [main] INFO  o.s.d.r.config.RepositoryConfigurationDelegate - Bootstrapping Spring Data Redis repositories in DEFAULT mode.
2025-11-07 23:09:53.521 [main] INFO  o.s.d.r.config.RepositoryConfigurationDelegate - Finished Spring Data repository scanning in 6 ms. Found 0 Redis repository interfaces.
2025-11-07 23:09:53.654 [main] INFO  o.springframework.cloud.context.scope.GenericScope - BeanFactory id=d0ff88e7-a0e9-3cf6-8357-25e650d39544
2025-11-07 23:09:53.676 [main] INFO  o.s.c.s.PostProcessorRegistrationDelegate$BeanPostProcessorChecker - Bean 'com.quanxiaoha.xiaohashu.distributed.id.generator.api.DistributedIdGeneratorFeignApi' of type [org.springframework.cloud.openfeign.FeignClientFactoryBean] is not eligible for getting processed by all BeanPostProcessors (for example: not eligible for auto-proxying)
2025-11-07 23:09:53.677 [main] INFO  o.s.c.s.PostProcessorRegistrationDelegate$BeanPostProcessorChecker - Bean 'com.quanxiaoha.xiaohashu.user.api.UserFeignApi' of type [org.springframework.cloud.openfeign.FeignClientFactoryBean] is not eligible for getting processed by all BeanPostProcessors (for example: not eligible for auto-proxying)
2025-11-07 23:09:53.678 [main] INFO  o.s.c.s.PostProcessorRegistrationDelegate$BeanPostProcessorChecker - Bean 'com.quanxiaoha.xiaohashu.kv.api.KeyValueFeignApi' of type [org.springframework.cloud.openfeign.FeignClientFactoryBean] is not eligible for getting processed by all BeanPostProcessors (for example: not eligible for auto-proxying)
2025-11-07 23:09:53.769 [main] INFO  o.s.c.s.PostProcessorRegistrationDelegate$BeanPostProcessorChecker - Bean 'org.apache.rocketmq.spring.autoconfigure.MessageConverterConfiguration' of type [org.apache.rocketmq.spring.autoconfigure.MessageConverterConfiguration$$SpringCGLIB$$0] is not eligible for getting processed by all BeanPostProcessors (for example: not eligible for auto-proxying)
2025-11-07 23:09:53.797 [main] INFO  o.s.c.s.PostProcessorRegistrationDelegate$BeanPostProcessorChecker - Bean 'createRocketMQMessageConverter' of type [org.apache.rocketmq.spring.support.RocketMQMessageConverter] is not eligible for getting processed by all BeanPostProcessors (for example: not eligible for auto-proxying)
2025-11-07 23:09:53.799 [main] INFO  o.s.c.s.PostProcessorRegistrationDelegate$BeanPostProcessorChecker - Bean 'org.springframework.cloud.commons.config.CommonsConfigAutoConfiguration' of type [org.springframework.cloud.commons.config.CommonsConfigAutoConfiguration] is not eligible for getting processed by all BeanPostProcessors (for example: not eligible for auto-proxying)
2025-11-07 23:09:53.801 [main] INFO  o.s.c.s.PostProcessorRegistrationDelegate$BeanPostProcessorChecker - Bean 'org.springframework.cloud.client.loadbalancer.LoadBalancerDefaultMappingsProviderAutoConfiguration' of type [org.springframework.cloud.client.loadbalancer.LoadBalancerDefaultMappingsProviderAutoConfiguration] is not eligible for getting processed by all BeanPostProcessors (for example: not eligible for auto-proxying)
2025-11-07 23:09:53.802 [main] INFO  o.s.c.s.PostProcessorRegistrationDelegate$BeanPostProcessorChecker - Bean 'loadBalancerClientsDefaultsMappingsProvider' of type [org.springframework.cloud.client.loadbalancer.LoadBalancerDefaultMappingsProviderAutoConfiguration$$Lambda$722/0x000001cc48476cf8] is not eligible for getting processed by all BeanPostProcessors (for example: not eligible for auto-proxying)
2025-11-07 23:09:53.803 [main] INFO  o.s.c.s.PostProcessorRegistrationDelegate$BeanPostProcessorChecker - Bean 'defaultsBindHandlerAdvisor' of type [org.springframework.cloud.commons.config.DefaultsBindHandlerAdvisor] is not eligible for getting processed by all BeanPostProcessors (for example: not eligible for auto-proxying)
2025-11-07 23:09:53.808 [main] INFO  o.s.c.s.PostProcessorRegistrationDelegate$BeanPostProcessorChecker - Bean 'rocketmq-org.apache.rocketmq.spring.autoconfigure.RocketMQProperties' of type [org.apache.rocketmq.spring.autoconfigure.RocketMQProperties] is not eligible for getting processed by all BeanPostProcessors (for example: not eligible for auto-proxying)
2025-11-07 23:09:53.808 [main] INFO  o.s.c.s.PostProcessorRegistrationDelegate$BeanPostProcessorChecker - Bean 'org.apache.rocketmq.spring.autoconfigure.ListenerContainerConfiguration' of type [org.apache.rocketmq.spring.autoconfigure.ListenerContainerConfiguration$$SpringCGLIB$$0] is not eligible for getting processed by all BeanPostProcessors (for example: not eligible for auto-proxying)
2025-11-07 23:09:53.970 [main] INFO  o.s.boot.web.embedded.tomcat.TomcatWebServer - Tomcat initialized with port(s): 8087 (http)
2025-11-07 23:09:53.979 [main] INFO  org.apache.catalina.core.StandardService - Starting service [Tomcat]
2025-11-07 23:09:53.979 [main] INFO  org.apache.catalina.core.StandardEngine - Starting Servlet engine: [Apache Tomcat/10.1.5]
2025-11-07 23:09:54.083 [main] INFO  o.a.c.core.ContainerBase.[Tomcat].[localhost].[/] - Initializing Spring embedded WebApplicationContext
2025-11-07 23:09:54.084 [main] INFO  o.s.b.w.s.c.ServletWebServerApplicationContext - Root WebApplicationContext: initialization completed in 969 ms
2025-11-07 23:09:54.519 [main] INFO  o.a.r.s.support.DefaultRocketMQListenerContainer - running container: DefaultRocketMQListenerContainer{consumerGroup='xiaohashu_group_DelayDeleteNoteRedisCacheTopic', namespace='', nameServer='127.0.0.1:9876', topic='DelayDeleteNoteRedisCacheTopic', consumeMode=CONCURRENTLY, selectorType=TAG, selectorExpression='*', messageModel=CLUSTERING', tlsEnable=false, instanceName=DEFAULT}
2025-11-07 23:09:54.519 [main] INFO  o.a.r.s.a.ListenerContainerConfiguration - Register the listener to container, listenerBeanName:delayDeleteNoteRedisCacheConsumer, containerBeanName:org.apache.rocketmq.spring.support.DefaultRocketMQListenerContainer_1
2025-11-07 23:09:54.544 [main] INFO  c.a.d.s.b.a.DruidDataSourceAutoConfigure - Init DruidDataSource
2025-11-07 23:09:54.757 [main] INFO  com.alibaba.druid.pool.DruidDataSource - {dataSource-1} inited
2025-11-07 23:09:54.990 [main] INFO  o.s.cloud.openfeign.FeignClientFactoryBean - For 'xiaohashu-distributed-id-generator' URL not provided. Will try picking an instance via load-balancing.
2025-11-07 23:09:55.023 [main] INFO  o.s.cloud.openfeign.FeignClientFactoryBean - For 'xiaohashu-kv' URL not provided. Will try picking an instance via load-balancing.
2025-11-07 23:09:55.035 [main] INFO  o.s.cloud.openfeign.FeignClientFactoryBean - For 'xiaohashu-user' URL not provided. Will try picking an instance via load-balancing.
2025-11-07 23:09:55.056 [main] INFO  o.a.r.s.autoconfigure.RocketMQAutoConfiguration - a producer (xiaohashu_group) init on namesrv 127.0.0.1:9876
2025-11-07 23:09:55.162 [main] INFO  o.a.r.s.support.DefaultRocketMQListenerContainer - running container: DefaultRocketMQListenerContainer{consumerGroup='xiaohashu_groupDeleteNoteLocalCacheTopic', namespace='', nameServer='127.0.0.1:9876', topic='DeleteNoteLocalCacheTopic', consumeMode=CONCURRENTLY, selectorType=TAG, selectorExpression='*', messageModel=BROADCASTING', tlsEnable=false, instanceName=DEFAULT}
2025-11-07 23:09:55.162 [main] INFO  o.a.r.s.a.ListenerContainerConfiguration - Register the listener to container, listenerBeanName:deleteNoteLocalCacheConsumer, containerBeanName:org.apache.rocketmq.spring.support.DefaultRocketMQListenerContainer_2
2025-11-07 23:09:55.222 [main] INFO  o.a.r.s.support.DefaultRocketMQListenerContainer - running container: DefaultRocketMQListenerContainer{consumerGroup='xiaohashu_group_LikeUnlikeTopic', namespace='', nameServer='127.0.0.1:9876', topic='LikeUnlikeTopic', consumeMode=ORDERLY, selectorType=TAG, selectorExpression='*', messageModel=CLUSTERING', tlsEnable=false, instanceName=DEFAULT}
2025-11-07 23:09:55.223 [main] INFO  o.a.r.s.a.ListenerContainerConfiguration - Register the listener to container, listenerBeanName:likeUnlikeNoteConsumer, containerBeanName:org.apache.rocketmq.spring.support.DefaultRocketMQListenerContainer_3
2025-11-07 23:09:56.615 [main] INFO  org.springframework.cloud.commons.util.InetUtils - Cannot determine local hostname
2025-11-07 23:09:58.135 [main] INFO  org.springframework.cloud.commons.util.InetUtils - Cannot determine local hostname
2025-11-07 23:09:58.210 [main] INFO  o.s.boot.web.embedded.tomcat.TomcatWebServer - Tomcat started on port(s): 8087 (http) with context path ''
2025-11-07 23:09:58.214 [main] WARN  com.alibaba.nacos.client.logging.NacosLogging - Load Logback Configuration of Nacos fail, message: Could not initialize Logback Nacos logging from classpath:nacos-logback.xml
2025-11-07 23:09:58.214 [main] INFO  com.alibaba.nacos.client.naming - initializer namespace from ans.namespace attribute : null
2025-11-07 23:09:58.215 [main] INFO  com.alibaba.nacos.client.naming - initializer namespace from ALIBABA_ALIWARE_NAMESPACE attribute :null
2025-11-07 23:09:58.215 [main] INFO  com.alibaba.nacos.client.naming - initializer namespace from namespace attribute :null
2025-11-07 23:09:58.232 [main] INFO  com.alibaba.nacos.client.utils.ParamUtil - [settings] [req-serv] nacos-server port:8848
2025-11-07 23:09:58.232 [main] INFO  com.alibaba.nacos.client.utils.ParamUtil - [settings] [http-client] connect timeout:1000
2025-11-07 23:09:58.234 [main] INFO  com.alibaba.nacos.client.utils.ParamUtil - PER_TASK_CONFIG_SIZE: 3000.0
2025-11-07 23:09:58.237 [main] INFO  c.a.n.p.auth.spi.client.ClientAuthPluginManager - [ClientAuthPluginManager] Load ClientAuthService com.alibaba.nacos.client.auth.impl.NacosClientAuthServiceImpl success.
2025-11-07 23:09:58.237 [main] INFO  c.a.n.p.auth.spi.client.ClientAuthPluginManager - [ClientAuthPluginManager] Load ClientAuthService com.alibaba.nacos.client.auth.ram.RamClientAuthServiceImpl success.
2025-11-07 23:09:58.239 [main] INFO  c.a.n.client.auth.ram.identify.CredentialWatcher - null No credential found
2025-11-07 23:09:58.244 [main] INFO  com.alibaba.nacos.common.remote.client - [RpcClientFactory] create a new rpc client of faf109b6-e834-45ee-8667-9d9bb70f8af4
2025-11-07 23:09:58.257 [main] INFO  com.alibaba.nacos.common.remote.client - [faf109b6-e834-45ee-8667-9d9bb70f8af4] RpcClient init, ServerListFactory = com.alibaba.nacos.client.naming.core.ServerListManager
2025-11-07 23:09:58.257 [main] INFO  com.alibaba.nacos.common.remote.client - [faf109b6-e834-45ee-8667-9d9bb70f8af4] Registry connection listener to current client:com.alibaba.nacos.client.naming.remote.gprc.redo.NamingGrpcRedoService
2025-11-07 23:09:58.260 [main] INFO  com.alibaba.nacos.common.remote.client - [faf109b6-e834-45ee-8667-9d9bb70f8af4] Register server push request handler:com.alibaba.nacos.client.naming.remote.gprc.NamingPushRequestHandler
2025-11-07 23:09:58.262 [main] INFO  com.alibaba.nacos.common.remote.client - [faf109b6-e834-45ee-8667-9d9bb70f8af4] Try to connect to server on start up, server: {serverIp = '127.0.0.1', server main port = 8848}
2025-11-07 23:09:58.285 [main] INFO  c.a.nacos.common.remote.client.grpc.GrpcClient - grpc client connection server:127.0.0.1 ip,serverPort:9848,grpcTslConfig:{"sslProvider":"OPENSSL","enableTls":false,"mutualAuthEnable":false,"trustAll":false}
2025-11-07 23:09:59.128 [main] INFO  com.alibaba.nacos.common.remote.client - [faf109b6-e834-45ee-8667-9d9bb70f8af4] Success to connect to server [127.0.0.1:8848] on start up, connectionId = 1762528198958_127.0.0.1_14151
2025-11-07 23:09:59.129 [com.alibaba.nacos.client.remote.worker] INFO  com.alibaba.nacos.common.remote.client - [faf109b6-e834-45ee-8667-9d9bb70f8af4] Notify connected event to listeners.
2025-11-07 23:09:59.129 [com.alibaba.nacos.client.remote.worker] INFO  com.alibaba.nacos.client.naming - Grpc connection connect
2025-11-07 23:09:59.129 [main] INFO  com.alibaba.nacos.common.remote.client - [faf109b6-e834-45ee-8667-9d9bb70f8af4] Register server push request handler:com.alibaba.nacos.common.remote.client.RpcClient$ConnectResetRequestHandler
2025-11-07 23:09:59.130 [main] INFO  com.alibaba.nacos.common.remote.client - [faf109b6-e834-45ee-8667-9d9bb70f8af4] Register server push request handler:com.alibaba.nacos.common.remote.client.RpcClient$$Lambda$1284/0x000001cc488930b8
2025-11-07 23:09:59.130 [main] INFO  com.alibaba.nacos.client.naming - [REGISTER-SERVICE] xiaohashu registering service xiaohashu-note with instance Instance{instanceId='null', ip='192.168.134.1', port=8087, weight=1.0, healthy=true, enabled=true, ephemeral=true, clusterName='DEFAULT', serviceName='null', metadata={IPv6=null, preserved.register.source=SPRING_CLOUD}}
2025-11-07 23:09:59.144 [main] INFO  c.a.cloud.nacos.registry.NacosServiceRegistry - nacos registry, DEFAULT_GROUP xiaohashu-note 192.168.134.1:8087 register finished
2025-11-07 23:10:00.344 [main] INFO  org.springframework.cloud.commons.util.InetUtils - Cannot determine local hostname
2025-11-07 23:10:00.350 [main] INFO  c.q.xiaohashu.note.biz.XiaohashuNoteBizApplication - Started XiaohashuNoteBizApplication in 10.3 seconds (process running for 10.851)
2025-11-07 23:10:07.859 [http-nio-8087-exec-1] INFO  o.a.c.core.ContainerBase.[Tomcat].[localhost].[/] - Initializing Spring DispatcherServlet 'dispatcherServlet'
2025-11-07 23:10:07.859 [http-nio-8087-exec-1] INFO  org.springframework.web.servlet.DispatcherServlet - Initializing Servlet 'dispatcherServlet'
2025-11-07 23:10:07.860 [http-nio-8087-exec-1] INFO  org.springframework.web.servlet.DispatcherServlet - Completed initialization in 1 ms
2025-11-07 23:10:07.867 [http-nio-8087-exec-1] INFO  c.q.x.note.biz.filter.HeaderUserId2ContextFilter - ## HeaderUserId2ContextFilter, 用户 ID: 5
2025-11-07 23:10:07.867 [http-nio-8087-exec-1] INFO  c.q.x.note.biz.filter.HeaderUserId2ContextFilter - ===== 设置 userId 到 ThreadLocal 中， 用户 ID: 5
2025-11-07 23:10:07.933 [http-nio-8087-exec-1] INFO  c.q.f.b.operationlog.aspect.ApiOperationLogAspect - ====== 请求开始: [点赞笔记], 入参: {"id":1985341445787090969}, 请求类: NoteController, 请求方法: likeNote =================================== 
2025-11-07 23:10:08.139 [http-nio-8087-exec-1] DEBUG c.q.x.n.b.d.m.NoteLikeDOMapper.selectNoteIsLiked - ==>  Preparing: select count(1) from t_note_like where user_id = ? and note_id = ? and status = 1 limit 1
2025-11-07 23:10:08.221 [http-nio-8087-exec-1] DEBUG c.q.x.n.b.d.m.NoteLikeDOMapper.selectNoteIsLiked - ==> Parameters: 5(Long), 1985341445787090969(Long)
2025-11-07 23:10:08.235 [http-nio-8087-exec-1] DEBUG c.q.x.n.b.d.m.NoteLikeDOMapper.selectNoteIsLiked - <==      Total: 1
2025-11-07 23:10:08.239 [http-nio-8087-exec-1] DEBUG c.q.x.n.b.d.m.N.selectLikedByUserIdAndLimit - ==>  Preparing: select note_id, create_time from t_note_like where user_id = ? and status = 1 order by create_time desc limit ?
2025-11-07 23:10:08.241 [http-nio-8087-exec-1] DEBUG c.q.x.n.b.d.m.N.selectLikedByUserIdAndLimit - ==> Parameters: 5(Long), 100(Integer)
2025-11-07 23:10:08.243 [http-nio-8087-exec-1] DEBUG c.q.x.n.b.d.m.N.selectLikedByUserIdAndLimit - <==      Total: 0
2025-11-07 23:10:08.262 [http-nio-8087-exec-1] INFO  c.q.f.b.operationlog.aspect.ApiOperationLogAspect - ====== 请求结束: [点赞笔记], 耗时: 330ms, 出参: {"success":true,"message":null,"errorCode":null,"data":null} =================================== 
2025-11-07 23:10:08.272 [http-nio-8087-exec-1] INFO  c.q.x.note.biz.filter.HeaderUserId2ContextFilter - ===== 删除 ThreadLocal， userId: 5
2025-11-07 23:10:08.291 [NettyClientPublicExecutor_1] INFO  c.q.x.note.biz.service.impl.NoteServiceImpl - ==> 【笔记点赞】MQ 发送成功，SendResult: SendResult [sendStatus=SEND_OK, msgId=7F00000183DC63947C6B23DEDD990000, offsetMsgId=C0A8170100002A9F0000000000D53F31, messageQueue=MessageQueue [topic=LikeUnlikeTopic, brokerName=LAPTOP-QR8TII6M, queueId=1], queueOffset=0]
2025-11-07 23:10:36.302 [ConsumeMessageThread_xiaohashu_group_LikeUnlikeTopic_1] INFO  c.q.x.note.biz.consumer.LikeUnlikeNoteConsumer - ==> LikeUnlikeNoteConsumer 消费了消息 {"userId":5,"noteId":1985341445787090969,"type":1,"createTime":[2025,11,7,23,10,8,236891500]}, tags: Like
2025-11-07 23:14:09.297 [main] WARN  com.alibaba.nacos.client.logging.NacosLogging - Load Logback Configuration of Nacos fail, message: Could not initialize Logback Nacos logging from classpath:nacos-logback.xml
2025-11-07 23:14:09.336 [main] WARN  com.alibaba.nacos.client.logging.NacosLogging - Load Logback Configuration of Nacos fail, message: Could not initialize Logback Nacos logging from classpath:nacos-logback.xml
2025-11-07 23:14:10.767 [main] WARN  com.alibaba.nacos.client.logging.NacosLogging - Load Logback Configuration of Nacos fail, message: Could not initialize Logback Nacos logging from classpath:nacos-logback.xml
2025-11-07 23:14:10.775 [main] WARN  com.alibaba.nacos.client.logging.NacosLogging - Load Logback Configuration of Nacos fail, message: Could not initialize Logback Nacos logging from classpath:nacos-logback.xml
2025-11-07 23:14:10.775 [main] INFO  c.q.xiaohashu.note.biz.XiaohashuNoteBizApplication - The following 1 profile is active: "dev"
2025-11-07 23:14:11.175 [main] INFO  o.s.d.r.config.RepositoryConfigurationDelegate - Multiple Spring Data modules found, entering strict repository configuration mode
2025-11-07 23:14:11.176 [main] INFO  o.s.d.r.config.RepositoryConfigurationDelegate - Bootstrapping Spring Data Redis repositories in DEFAULT mode.
2025-11-07 23:14:11.190 [main] INFO  o.s.d.r.config.RepositoryConfigurationDelegate - Finished Spring Data repository scanning in 6 ms. Found 0 Redis repository interfaces.
2025-11-07 23:14:11.324 [main] INFO  o.springframework.cloud.context.scope.GenericScope - BeanFactory id=d0ff88e7-a0e9-3cf6-8357-25e650d39544
2025-11-07 23:14:11.345 [main] INFO  o.s.c.s.PostProcessorRegistrationDelegate$BeanPostProcessorChecker - Bean 'com.quanxiaoha.xiaohashu.distributed.id.generator.api.DistributedIdGeneratorFeignApi' of type [org.springframework.cloud.openfeign.FeignClientFactoryBean] is not eligible for getting processed by all BeanPostProcessors (for example: not eligible for auto-proxying)
2025-11-07 23:14:11.346 [main] INFO  o.s.c.s.PostProcessorRegistrationDelegate$BeanPostProcessorChecker - Bean 'com.quanxiaoha.xiaohashu.user.api.UserFeignApi' of type [org.springframework.cloud.openfeign.FeignClientFactoryBean] is not eligible for getting processed by all BeanPostProcessors (for example: not eligible for auto-proxying)
2025-11-07 23:14:11.347 [main] INFO  o.s.c.s.PostProcessorRegistrationDelegate$BeanPostProcessorChecker - Bean 'com.quanxiaoha.xiaohashu.kv.api.KeyValueFeignApi' of type [org.springframework.cloud.openfeign.FeignClientFactoryBean] is not eligible for getting processed by all BeanPostProcessors (for example: not eligible for auto-proxying)
2025-11-07 23:14:11.430 [main] INFO  o.s.c.s.PostProcessorRegistrationDelegate$BeanPostProcessorChecker - Bean 'org.apache.rocketmq.spring.autoconfigure.MessageConverterConfiguration' of type [org.apache.rocketmq.spring.autoconfigure.MessageConverterConfiguration$$SpringCGLIB$$0] is not eligible for getting processed by all BeanPostProcessors (for example: not eligible for auto-proxying)
2025-11-07 23:14:11.455 [main] INFO  o.s.c.s.PostProcessorRegistrationDelegate$BeanPostProcessorChecker - Bean 'createRocketMQMessageConverter' of type [org.apache.rocketmq.spring.support.RocketMQMessageConverter] is not eligible for getting processed by all BeanPostProcessors (for example: not eligible for auto-proxying)
2025-11-07 23:14:11.457 [main] INFO  o.s.c.s.PostProcessorRegistrationDelegate$BeanPostProcessorChecker - Bean 'org.springframework.cloud.commons.config.CommonsConfigAutoConfiguration' of type [org.springframework.cloud.commons.config.CommonsConfigAutoConfiguration] is not eligible for getting processed by all BeanPostProcessors (for example: not eligible for auto-proxying)
2025-11-07 23:14:11.460 [main] INFO  o.s.c.s.PostProcessorRegistrationDelegate$BeanPostProcessorChecker - Bean 'org.springframework.cloud.client.loadbalancer.LoadBalancerDefaultMappingsProviderAutoConfiguration' of type [org.springframework.cloud.client.loadbalancer.LoadBalancerDefaultMappingsProviderAutoConfiguration] is not eligible for getting processed by all BeanPostProcessors (for example: not eligible for auto-proxying)
2025-11-07 23:14:11.460 [main] INFO  o.s.c.s.PostProcessorRegistrationDelegate$BeanPostProcessorChecker - Bean 'loadBalancerClientsDefaultsMappingsProvider' of type [org.springframework.cloud.client.loadbalancer.LoadBalancerDefaultMappingsProviderAutoConfiguration$$Lambda$722/0x000001ad81476cf8] is not eligible for getting processed by all BeanPostProcessors (for example: not eligible for auto-proxying)
2025-11-07 23:14:11.462 [main] INFO  o.s.c.s.PostProcessorRegistrationDelegate$BeanPostProcessorChecker - Bean 'defaultsBindHandlerAdvisor' of type [org.springframework.cloud.commons.config.DefaultsBindHandlerAdvisor] is not eligible for getting processed by all BeanPostProcessors (for example: not eligible for auto-proxying)
2025-11-07 23:14:11.468 [main] INFO  o.s.c.s.PostProcessorRegistrationDelegate$BeanPostProcessorChecker - Bean 'rocketmq-org.apache.rocketmq.spring.autoconfigure.RocketMQProperties' of type [org.apache.rocketmq.spring.autoconfigure.RocketMQProperties] is not eligible for getting processed by all BeanPostProcessors (for example: not eligible for auto-proxying)
2025-11-07 23:14:11.468 [main] INFO  o.s.c.s.PostProcessorRegistrationDelegate$BeanPostProcessorChecker - Bean 'org.apache.rocketmq.spring.autoconfigure.ListenerContainerConfiguration' of type [org.apache.rocketmq.spring.autoconfigure.ListenerContainerConfiguration$$SpringCGLIB$$0] is not eligible for getting processed by all BeanPostProcessors (for example: not eligible for auto-proxying)
2025-11-07 23:14:11.609 [main] INFO  o.s.boot.web.embedded.tomcat.TomcatWebServer - Tomcat initialized with port(s): 8087 (http)
2025-11-07 23:14:11.616 [main] INFO  org.apache.catalina.core.StandardService - Starting service [Tomcat]
2025-11-07 23:14:11.616 [main] INFO  org.apache.catalina.core.StandardEngine - Starting Servlet engine: [Apache Tomcat/10.1.5]
2025-11-07 23:14:11.705 [main] INFO  o.a.c.core.ContainerBase.[Tomcat].[localhost].[/] - Initializing Spring embedded WebApplicationContext
2025-11-07 23:14:11.706 [main] INFO  o.s.b.w.s.c.ServletWebServerApplicationContext - Root WebApplicationContext: initialization completed in 915 ms
2025-11-07 23:14:12.130 [main] INFO  o.a.r.s.support.DefaultRocketMQListenerContainer - running container: DefaultRocketMQListenerContainer{consumerGroup='xiaohashu_group_DelayDeleteNoteRedisCacheTopic', namespace='', nameServer='127.0.0.1:9876', topic='DelayDeleteNoteRedisCacheTopic', consumeMode=CONCURRENTLY, selectorType=TAG, selectorExpression='*', messageModel=CLUSTERING', tlsEnable=false, instanceName=DEFAULT}
2025-11-07 23:14:12.130 [main] INFO  o.a.r.s.a.ListenerContainerConfiguration - Register the listener to container, listenerBeanName:delayDeleteNoteRedisCacheConsumer, containerBeanName:org.apache.rocketmq.spring.support.DefaultRocketMQListenerContainer_1
2025-11-07 23:14:12.156 [main] INFO  c.a.d.s.b.a.DruidDataSourceAutoConfigure - Init DruidDataSource
2025-11-07 23:14:12.356 [main] INFO  com.alibaba.druid.pool.DruidDataSource - {dataSource-1} inited
2025-11-07 23:14:12.563 [main] INFO  o.s.cloud.openfeign.FeignClientFactoryBean - For 'xiaohashu-distributed-id-generator' URL not provided. Will try picking an instance via load-balancing.
2025-11-07 23:14:12.598 [main] INFO  o.s.cloud.openfeign.FeignClientFactoryBean - For 'xiaohashu-kv' URL not provided. Will try picking an instance via load-balancing.
2025-11-07 23:14:12.610 [main] INFO  o.s.cloud.openfeign.FeignClientFactoryBean - For 'xiaohashu-user' URL not provided. Will try picking an instance via load-balancing.
2025-11-07 23:14:12.630 [main] INFO  o.a.r.s.autoconfigure.RocketMQAutoConfiguration - a producer (xiaohashu_group) init on namesrv 127.0.0.1:9876
2025-11-07 23:14:12.730 [main] INFO  o.a.r.s.support.DefaultRocketMQListenerContainer - running container: DefaultRocketMQListenerContainer{consumerGroup='xiaohashu_groupDeleteNoteLocalCacheTopic', namespace='', nameServer='127.0.0.1:9876', topic='DeleteNoteLocalCacheTopic', consumeMode=CONCURRENTLY, selectorType=TAG, selectorExpression='*', messageModel=BROADCASTING', tlsEnable=false, instanceName=DEFAULT}
2025-11-07 23:14:12.730 [main] INFO  o.a.r.s.a.ListenerContainerConfiguration - Register the listener to container, listenerBeanName:deleteNoteLocalCacheConsumer, containerBeanName:org.apache.rocketmq.spring.support.DefaultRocketMQListenerContainer_2
2025-11-07 23:14:12.788 [main] INFO  o.a.r.s.support.DefaultRocketMQListenerContainer - running container: DefaultRocketMQListenerContainer{consumerGroup='xiaohashu_group_LikeUnlikeTopic', namespace='', nameServer='127.0.0.1:9876', topic='LikeUnlikeTopic', consumeMode=ORDERLY, selectorType=TAG, selectorExpression='*', messageModel=CLUSTERING', tlsEnable=false, instanceName=DEFAULT}
2025-11-07 23:14:12.788 [main] INFO  o.a.r.s.a.ListenerContainerConfiguration - Register the listener to container, listenerBeanName:likeUnlikeNoteConsumer, containerBeanName:org.apache.rocketmq.spring.support.DefaultRocketMQListenerContainer_3
2025-11-07 23:14:14.155 [main] INFO  org.springframework.cloud.commons.util.InetUtils - Cannot determine local hostname
2025-11-07 23:14:15.600 [main] INFO  org.springframework.cloud.commons.util.InetUtils - Cannot determine local hostname
2025-11-07 23:14:15.664 [main] INFO  o.s.boot.web.embedded.tomcat.TomcatWebServer - Tomcat started on port(s): 8087 (http) with context path ''
2025-11-07 23:14:15.669 [main] WARN  com.alibaba.nacos.client.logging.NacosLogging - Load Logback Configuration of Nacos fail, message: Could not initialize Logback Nacos logging from classpath:nacos-logback.xml
2025-11-07 23:14:15.669 [main] INFO  com.alibaba.nacos.client.naming - initializer namespace from ans.namespace attribute : null
2025-11-07 23:14:15.669 [main] INFO  com.alibaba.nacos.client.naming - initializer namespace from ALIBABA_ALIWARE_NAMESPACE attribute :null
2025-11-07 23:14:15.670 [main] INFO  com.alibaba.nacos.client.naming - initializer namespace from namespace attribute :null
2025-11-07 23:14:15.685 [main] INFO  com.alibaba.nacos.client.utils.ParamUtil - [settings] [req-serv] nacos-server port:8848
2025-11-07 23:14:15.685 [main] INFO  com.alibaba.nacos.client.utils.ParamUtil - [settings] [http-client] connect timeout:1000
2025-11-07 23:14:15.686 [main] INFO  com.alibaba.nacos.client.utils.ParamUtil - PER_TASK_CONFIG_SIZE: 3000.0
2025-11-07 23:14:15.688 [main] INFO  c.a.n.p.auth.spi.client.ClientAuthPluginManager - [ClientAuthPluginManager] Load ClientAuthService com.alibaba.nacos.client.auth.impl.NacosClientAuthServiceImpl success.
2025-11-07 23:14:15.688 [main] INFO  c.a.n.p.auth.spi.client.ClientAuthPluginManager - [ClientAuthPluginManager] Load ClientAuthService com.alibaba.nacos.client.auth.ram.RamClientAuthServiceImpl success.
2025-11-07 23:14:15.690 [main] INFO  c.a.n.client.auth.ram.identify.CredentialWatcher - null No credential found
2025-11-07 23:14:15.694 [main] INFO  com.alibaba.nacos.common.remote.client - [RpcClientFactory] create a new rpc client of 3336b44b-7b51-4d9c-a27d-603428aefefd
2025-11-07 23:14:15.707 [main] INFO  com.alibaba.nacos.common.remote.client - [3336b44b-7b51-4d9c-a27d-603428aefefd] RpcClient init, ServerListFactory = com.alibaba.nacos.client.naming.core.ServerListManager
2025-11-07 23:14:15.707 [main] INFO  com.alibaba.nacos.common.remote.client - [3336b44b-7b51-4d9c-a27d-603428aefefd] Registry connection listener to current client:com.alibaba.nacos.client.naming.remote.gprc.redo.NamingGrpcRedoService
2025-11-07 23:14:15.708 [main] INFO  com.alibaba.nacos.common.remote.client - [3336b44b-7b51-4d9c-a27d-603428aefefd] Register server push request handler:com.alibaba.nacos.client.naming.remote.gprc.NamingPushRequestHandler
2025-11-07 23:14:15.710 [main] INFO  com.alibaba.nacos.common.remote.client - [3336b44b-7b51-4d9c-a27d-603428aefefd] Try to connect to server on start up, server: {serverIp = '127.0.0.1', server main port = 8848}
2025-11-07 23:14:15.734 [main] INFO  c.a.nacos.common.remote.client.grpc.GrpcClient - grpc client connection server:127.0.0.1 ip,serverPort:9848,grpcTslConfig:{"sslProvider":"OPENSSL","enableTls":false,"mutualAuthEnable":false,"trustAll":false}
2025-11-07 23:14:16.454 [main] INFO  com.alibaba.nacos.common.remote.client - [3336b44b-7b51-4d9c-a27d-603428aefefd] Success to connect to server [127.0.0.1:8848] on start up, connectionId = 1762528456293_127.0.0.1_14383
2025-11-07 23:14:16.455 [com.alibaba.nacos.client.remote.worker] INFO  com.alibaba.nacos.common.remote.client - [3336b44b-7b51-4d9c-a27d-603428aefefd] Notify connected event to listeners.
2025-11-07 23:14:16.455 [com.alibaba.nacos.client.remote.worker] INFO  com.alibaba.nacos.client.naming - Grpc connection connect
2025-11-07 23:14:16.455 [main] INFO  com.alibaba.nacos.common.remote.client - [3336b44b-7b51-4d9c-a27d-603428aefefd] Register server push request handler:com.alibaba.nacos.common.remote.client.RpcClient$ConnectResetRequestHandler
2025-11-07 23:14:16.455 [main] INFO  com.alibaba.nacos.common.remote.client - [3336b44b-7b51-4d9c-a27d-603428aefefd] Register server push request handler:com.alibaba.nacos.common.remote.client.RpcClient$$Lambda$1284/0x000001ad81891af0
2025-11-07 23:14:16.456 [main] INFO  com.alibaba.nacos.client.naming - [REGISTER-SERVICE] xiaohashu registering service xiaohashu-note with instance Instance{instanceId='null', ip='192.168.134.1', port=8087, weight=1.0, healthy=true, enabled=true, ephemeral=true, clusterName='DEFAULT', serviceName='null', metadata={IPv6=null, preserved.register.source=SPRING_CLOUD}}
2025-11-07 23:14:16.466 [main] INFO  c.a.cloud.nacos.registry.NacosServiceRegistry - nacos registry, DEFAULT_GROUP xiaohashu-note 192.168.134.1:8087 register finished
2025-11-07 23:14:17.643 [main] INFO  org.springframework.cloud.commons.util.InetUtils - Cannot determine local hostname
2025-11-07 23:14:17.648 [main] INFO  c.q.xiaohashu.note.biz.XiaohashuNoteBizApplication - Started XiaohashuNoteBizApplication in 9.916 seconds (process running for 10.412)
2025-11-07 23:14:24.307 [http-nio-8087-exec-1] INFO  o.a.c.core.ContainerBase.[Tomcat].[localhost].[/] - Initializing Spring DispatcherServlet 'dispatcherServlet'
2025-11-07 23:14:24.307 [http-nio-8087-exec-1] INFO  org.springframework.web.servlet.DispatcherServlet - Initializing Servlet 'dispatcherServlet'
2025-11-07 23:14:24.308 [http-nio-8087-exec-1] INFO  org.springframework.web.servlet.DispatcherServlet - Completed initialization in 1 ms
2025-11-07 23:14:24.313 [http-nio-8087-exec-1] INFO  c.q.x.note.biz.filter.HeaderUserId2ContextFilter - ## HeaderUserId2ContextFilter, 用户 ID: 5
2025-11-07 23:14:24.313 [http-nio-8087-exec-1] INFO  c.q.x.note.biz.filter.HeaderUserId2ContextFilter - ===== 设置 userId 到 ThreadLocal 中， 用户 ID: 5
2025-11-07 23:14:24.378 [http-nio-8087-exec-1] INFO  c.q.f.b.operationlog.aspect.ApiOperationLogAspect - ====== 请求开始: [点赞笔记], 入参: {"id":1985336838415450122}, 请求类: NoteController, 请求方法: likeNote =================================== 
2025-11-07 23:14:24.534 [http-nio-8087-exec-1] DEBUG c.q.x.n.b.d.m.NoteDOMapper.selectCountByNoteId - ==>  Preparing: select count(1) from t_note where id = ? and status = 1
2025-11-07 23:14:24.601 [http-nio-8087-exec-1] DEBUG c.q.x.n.b.d.m.NoteDOMapper.selectCountByNoteId - ==> Parameters: 1985336838415450122(Long)
2025-11-07 23:14:24.616 [http-nio-8087-exec-1] DEBUG c.q.x.n.b.d.m.NoteDOMapper.selectCountByNoteId - <==      Total: 1
2025-11-07 23:14:24.622 [NoteExecutor-1] DEBUG c.q.x.n.b.d.mapper.NoteDOMapper.selectByPrimaryKey - ==>  Preparing: select id, title, is_content_empty, creator_id, topic_id, topic_name, is_top, `type`, img_uris, video_uri, visible, create_time, update_time, `status`, content_uuid from t_note where id = ? and status = 1
2025-11-07 23:14:24.623 [NoteExecutor-1] DEBUG c.q.x.n.b.d.mapper.NoteDOMapper.selectByPrimaryKey - ==> Parameters: 1985336838415450122(Long)
2025-11-07 23:14:24.627 [NoteExecutor-1] DEBUG c.q.x.n.b.d.mapper.NoteDOMapper.selectByPrimaryKey - <==      Total: 1
2025-11-07 23:14:24.635 [NoteExecutor-3] INFO  c.q.x.note.biz.interceptor.FeignRequestInterceptor - ########## feign 请求设置请求头 userId: 5
2025-11-07 23:14:24.635 [NoteExecutor-2] INFO  c.q.x.note.biz.interceptor.FeignRequestInterceptor - ########## feign 请求设置请求头 userId: 5
2025-11-07 23:14:24.653 [http-nio-8087-exec-1] INFO  c.q.f.b.operationlog.aspect.ApiOperationLogAspect - ====== 请求结束: [点赞笔记], 耗时: 277ms, 出参: {"success":true,"message":null,"errorCode":null,"data":null} =================================== 
2025-11-07 23:14:24.665 [http-nio-8087-exec-1] INFO  c.q.x.note.biz.filter.HeaderUserId2ContextFilter - ===== 删除 ThreadLocal， userId: 5
2025-11-07 23:14:24.682 [NettyClientPublicExecutor_1] INFO  c.q.x.note.biz.service.impl.NoteServiceImpl - ==> 【笔记点赞】MQ 发送成功，SendResult: SendResult [sendStatus=SEND_OK, msgId=7F0000016AFC63947C6B23E2C7210000, offsetMsgId=C0A8170100002A9F0000000000D540D9, messageQueue=MessageQueue [topic=LikeUnlikeTopic, brokerName=LAPTOP-QR8TII6M, queueId=1], queueOffset=1]
2025-11-07 23:14:24.683 [NoteExecutor-3] INFO  com.alibaba.nacos.client.naming - [SUBSCRIBE-SERVICE] service:xiaohashu-kv, group:DEFAULT_GROUP, clusters: 
2025-11-07 23:14:24.683 [NoteExecutor-2] INFO  com.alibaba.nacos.client.naming - [SUBSCRIBE-SERVICE] service:xiaohashu-user, group:DEFAULT_GROUP, clusters: 
2025-11-07 23:14:24.704 [NoteExecutor-2] INFO  com.alibaba.nacos.client.naming - init new ips(1) service: DEFAULT_GROUP@@xiaohashu-user -> [{"ip":"192.168.134.1","port":4815,"weight":1.0,"healthy":true,"enabled":true,"ephemeral":true,"clusterName":"DEFAULT","serviceName":"DEFAULT_GROUP@@xiaohashu-user","metadata":{"preserved.register.source":"SPRING_CLOUD"},"ipDeleteTimeout":30000,"instanceHeartBeatInterval":5000,"instanceHeartBeatTimeOut":15000}]
2025-11-07 23:14:24.704 [NoteExecutor-3] INFO  com.alibaba.nacos.client.naming - init new ips(1) service: DEFAULT_GROUP@@xiaohashu-kv -> [{"ip":"192.168.134.1","port":10106,"weight":1.0,"healthy":true,"enabled":true,"ephemeral":true,"clusterName":"DEFAULT","serviceName":"DEFAULT_GROUP@@xiaohashu-kv","metadata":{"preserved.register.source":"SPRING_CLOUD"},"ipDeleteTimeout":30000,"instanceHeartBeatInterval":5000,"instanceHeartBeatTimeOut":15000}]
2025-11-07 23:14:24.714 [NoteExecutor-3] INFO  com.alibaba.nacos.client.naming - current ips:(1) service: DEFAULT_GROUP@@xiaohashu-kv -> [{"ip":"192.168.134.1","port":10106,"weight":1.0,"healthy":true,"enabled":true,"ephemeral":true,"clusterName":"DEFAULT","serviceName":"DEFAULT_GROUP@@xiaohashu-kv","metadata":{"preserved.register.source":"SPRING_CLOUD"},"ipDeleteTimeout":30000,"instanceHeartBeatInterval":5000,"instanceHeartBeatTimeOut":15000}]
2025-11-07 23:14:24.714 [NoteExecutor-2] INFO  com.alibaba.nacos.client.naming - current ips:(1) service: DEFAULT_GROUP@@xiaohashu-user -> [{"ip":"192.168.134.1","port":4815,"weight":1.0,"healthy":true,"enabled":true,"ephemeral":true,"clusterName":"DEFAULT","serviceName":"DEFAULT_GROUP@@xiaohashu-user","metadata":{"preserved.register.source":"SPRING_CLOUD"},"ipDeleteTimeout":30000,"instanceHeartBeatInterval":5000,"instanceHeartBeatTimeOut":15000}]
2025-11-07 23:14:25.251 [nacos-grpc-client-executor-127.0.0.1-12] INFO  com.alibaba.nacos.common.remote.client - [3336b44b-7b51-4d9c-a27d-603428aefefd] Receive server push request, request = NotifySubscriberRequest, requestId = 21
2025-11-07 23:14:25.251 [nacos-grpc-client-executor-127.0.0.1-12] INFO  com.alibaba.nacos.common.remote.client - [3336b44b-7b51-4d9c-a27d-603428aefefd] Ack server push request, request = NotifySubscriberRequest, requestId = 21
2025-11-07 23:14:25.254 [nacos-grpc-client-executor-127.0.0.1-13] INFO  com.alibaba.nacos.common.remote.client - [3336b44b-7b51-4d9c-a27d-603428aefefd] Receive server push request, request = NotifySubscriberRequest, requestId = 22
2025-11-07 23:14:25.255 [nacos-grpc-client-executor-127.0.0.1-13] INFO  com.alibaba.nacos.common.remote.client - [3336b44b-7b51-4d9c-a27d-603428aefefd] Ack server push request, request = NotifySubscriberRequest, requestId = 22
2025-11-07 23:15:13.878 [ConsumeMessageThread_xiaohashu_group_LikeUnlikeTopic_1] INFO  c.q.x.note.biz.consumer.LikeUnlikeNoteConsumer - ==> LikeUnlikeNoteConsumer 消费了消息 {"userId":5,"noteId":1985336838415450122,"type":1,"createTime":[2025,11,7,23,14,24,642243100]}, tags: Like
2025-11-07 23:15:13.881 [ConsumeMessageThread_xiaohashu_group_LikeUnlikeTopic_1] DEBUG c.q.x.n.b.d.mapper.NoteLikeDOMapper.insertOrUpdate - ==>  Preparing: INSERT INTO t_note_like (user_id, note_id, create_time, status) VALUES (?, ?, ?, ?) ON DUPLICATE KEY UPDATE create_time = ?, status = ?;
2025-11-07 23:15:13.893 [ConsumeMessageThread_xiaohashu_group_LikeUnlikeTopic_1] DEBUG c.q.x.n.b.d.mapper.NoteLikeDOMapper.insertOrUpdate - ==> Parameters: 5(Long), 1985336838415450122(Long), 2025-11-07T23:14:24.642243100(LocalDateTime), 1(Integer), 2025-11-07T23:14:24.642243100(LocalDateTime), 1(Integer)
2025-11-07 23:15:13.902 [ConsumeMessageThread_xiaohashu_group_LikeUnlikeTopic_1] DEBUG c.q.x.n.b.d.mapper.NoteLikeDOMapper.insertOrUpdate - <==    Updates: 1
