2025-10-31 13:19:18.314 [main] INFO  c.q.xiaohashu.oss.biz.XiaohashuOssBizApplication - Starting XiaohashuOssBizApplication using Java 17.0.12 with PID 21468 (E:\xiaohashu\xiaohashu-oss\xiaohashu-oss-biz\target\classes started by hp in E:\xiaohashu)
2025-10-31 13:19:18.317 [main] INFO  c.q.xiaohashu.oss.biz.XiaohashuOssBizApplication - The following 1 profile is active: "dev"
2025-10-31 13:19:18.785 [main] INFO  o.s.boot.web.embedded.tomcat.TomcatWebServer - Tomcat initialized with port(s): 8081 (http)
2025-10-31 13:19:18.791 [main] INFO  org.apache.catalina.core.StandardService - Starting service [Tomcat]
2025-10-31 13:19:18.791 [main] INFO  org.apache.catalina.core.StandardEngine - Starting Servlet engine: [Apache Tomcat/10.1.5]
2025-10-31 13:19:18.858 [main] INFO  o.a.c.core.ContainerBase.[Tomcat].[localhost].[/] - Initializing Spring embedded WebApplicationContext
2025-10-31 13:19:18.858 [main] INFO  o.s.b.w.s.c.ServletWebServerApplicationContext - Root WebApplicationContext: initialization completed in 511 ms
2025-10-31 13:19:19.018 [main] INFO  o.s.boot.web.embedded.tomcat.TomcatWebServer - Tomcat started on port(s): 8081 (http) with context path ''
2025-10-31 13:19:19.023 [main] INFO  c.q.xiaohashu.oss.biz.XiaohashuOssBizApplication - Started XiaohashuOssBizApplication in 1.07 seconds (process running for 1.58)
2025-10-31 13:42:00.112 [main] INFO  c.q.xiaohashu.oss.biz.XiaohashuOssBizApplication - Starting XiaohashuOssBizApplication using Java 17.0.12 with PID 18384 (E:\xiaohashu\xiaohashu-oss\xiaohashu-oss-biz\target\classes started by hp in E:\xiaohashu)
2025-10-31 13:42:00.114 [main] INFO  c.q.xiaohashu.oss.biz.XiaohashuOssBizApplication - The following 1 profile is active: "dev"
2025-10-31 13:42:00.689 [main] INFO  o.s.boot.web.embedded.tomcat.TomcatWebServer - Tomcat initialized with port(s): 8081 (http)
2025-10-31 13:42:00.694 [main] INFO  org.apache.catalina.core.StandardService - Starting service [Tomcat]
2025-10-31 13:42:00.695 [main] INFO  org.apache.catalina.core.StandardEngine - Starting Servlet engine: [Apache Tomcat/10.1.5]
2025-10-31 13:42:00.766 [main] INFO  o.a.c.core.ContainerBase.[Tomcat].[localhost].[/] - Initializing Spring embedded WebApplicationContext
2025-10-31 13:42:00.767 [main] INFO  o.s.b.w.s.c.ServletWebServerApplicationContext - Root WebApplicationContext: initialization completed in 622 ms
2025-10-31 13:42:00.945 [main] INFO  o.s.boot.web.embedded.tomcat.TomcatWebServer - Tomcat started on port(s): 8081 (http) with context path ''
2025-10-31 13:42:00.950 [main] INFO  c.q.xiaohashu.oss.biz.XiaohashuOssBizApplication - Started XiaohashuOssBizApplication in 1.228 seconds (process running for 1.646)
2025-10-31 13:55:55.846 [http-nio-8081-exec-2] INFO  org.springframework.web.servlet.DispatcherServlet - Initializing Servlet 'dispatcherServlet'
2025-10-31 13:55:55.851 [http-nio-8081-exec-2] INFO  org.springframework.web.servlet.DispatcherServlet - Completed initialization in 5 ms
2025-10-31 13:55:55.934 [http-nio-8081-exec-2] WARN  o.s.w.s.m.support.DefaultHandlerExceptionResolver - Resolved [org.springframework.web.multipart.support.MissingServletRequestPartException: Required part 'file' is not present.]
2025-10-31 13:57:03.200 [http-nio-8081-exec-4] WARN  o.s.w.s.m.support.DefaultHandlerExceptionResolver - Resolved [org.springframework.web.multipart.support.MissingServletRequestPartException: Required part 'file' is not present.]
2025-10-31 13:57:48.554 [http-nio-8081-exec-6] INFO  c.q.x.oss.biz.strategy.impl.AliyunOssFileStrategy - ## 上传文件至阿里云 OSS ...
2025-10-31 14:00:34.820 [main] INFO  c.q.xiaohashu.oss.biz.XiaohashuOssBizApplication - Starting XiaohashuOssBizApplication using Java 17.0.12 with PID 25080 (E:\xiaohashu\xiaohashu-oss\xiaohashu-oss-biz\target\classes started by hp in E:\xiaohashu)
2025-10-31 14:00:34.822 [main] INFO  c.q.xiaohashu.oss.biz.XiaohashuOssBizApplication - The following 1 profile is active: "dev"
2025-10-31 14:00:35.335 [main] INFO  o.s.boot.web.embedded.tomcat.TomcatWebServer - Tomcat initialized with port(s): 8081 (http)
2025-10-31 14:00:35.340 [main] INFO  org.apache.catalina.core.StandardService - Starting service [Tomcat]
2025-10-31 14:00:35.340 [main] INFO  org.apache.catalina.core.StandardEngine - Starting Servlet engine: [Apache Tomcat/10.1.5]
2025-10-31 14:00:35.403 [main] INFO  o.a.c.core.ContainerBase.[Tomcat].[localhost].[/] - Initializing Spring embedded WebApplicationContext
2025-10-31 14:00:35.403 [main] INFO  o.s.b.w.s.c.ServletWebServerApplicationContext - Root WebApplicationContext: initialization completed in 555 ms
2025-10-31 14:00:35.575 [main] INFO  o.s.boot.web.embedded.tomcat.TomcatWebServer - Tomcat started on port(s): 8081 (http) with context path ''
2025-10-31 14:00:35.580 [main] INFO  c.q.xiaohashu.oss.biz.XiaohashuOssBizApplication - Started XiaohashuOssBizApplication in 1.089 seconds (process running for 1.532)
2025-10-31 14:02:14.705 [main] INFO  c.q.xiaohashu.oss.biz.XiaohashuOssBizApplication - Starting XiaohashuOssBizApplication using Java 17.0.12 with PID 7448 (E:\xiaohashu\xiaohashu-oss\xiaohashu-oss-biz\target\classes started by hp in E:\xiaohashu)
2025-10-31 14:02:14.707 [main] INFO  c.q.xiaohashu.oss.biz.XiaohashuOssBizApplication - The following 1 profile is active: "dev"
2025-10-31 14:02:15.236 [main] INFO  o.s.boot.web.embedded.tomcat.TomcatWebServer - Tomcat initialized with port(s): 8081 (http)
2025-10-31 14:02:15.242 [main] INFO  org.apache.catalina.core.StandardService - Starting service [Tomcat]
2025-10-31 14:02:15.242 [main] INFO  org.apache.catalina.core.StandardEngine - Starting Servlet engine: [Apache Tomcat/10.1.5]
2025-10-31 14:02:15.299 [main] INFO  o.a.c.core.ContainerBase.[Tomcat].[localhost].[/] - Initializing Spring embedded WebApplicationContext
2025-10-31 14:02:15.299 [main] INFO  o.s.b.w.s.c.ServletWebServerApplicationContext - Root WebApplicationContext: initialization completed in 563 ms
2025-10-31 14:02:15.481 [main] INFO  o.s.boot.web.embedded.tomcat.TomcatWebServer - Tomcat started on port(s): 8081 (http) with context path ''
2025-10-31 14:02:15.486 [main] INFO  c.q.xiaohashu.oss.biz.XiaohashuOssBizApplication - Started XiaohashuOssBizApplication in 1.127 seconds (process running for 1.471)
2025-10-31 14:03:45.397 [main] INFO  c.q.xiaohashu.oss.biz.XiaohashuOssBizApplication - Starting XiaohashuOssBizApplication using Java 17.0.12 with PID 7804 (E:\xiaohashu\xiaohashu-oss\xiaohashu-oss-biz\target\classes started by hp in E:\xiaohashu)
2025-10-31 14:03:45.399 [main] INFO  c.q.xiaohashu.oss.biz.XiaohashuOssBizApplication - The following 1 profile is active: "dev"
2025-10-31 14:03:45.934 [main] INFO  o.s.boot.web.embedded.tomcat.TomcatWebServer - Tomcat initialized with port(s): 8081 (http)
2025-10-31 14:03:45.939 [main] INFO  org.apache.catalina.core.StandardService - Starting service [Tomcat]
2025-10-31 14:03:45.940 [main] INFO  org.apache.catalina.core.StandardEngine - Starting Servlet engine: [Apache Tomcat/10.1.5]
2025-10-31 14:03:46.002 [main] INFO  o.a.c.core.ContainerBase.[Tomcat].[localhost].[/] - Initializing Spring embedded WebApplicationContext
2025-10-31 14:03:46.002 [main] INFO  o.s.b.w.s.c.ServletWebServerApplicationContext - Root WebApplicationContext: initialization completed in 574 ms
2025-10-31 14:03:46.175 [main] INFO  o.s.boot.web.embedded.tomcat.TomcatWebServer - Tomcat started on port(s): 8081 (http) with context path ''
2025-10-31 14:03:46.181 [main] INFO  c.q.xiaohashu.oss.biz.XiaohashuOssBizApplication - Started XiaohashuOssBizApplication in 1.111 seconds (process running for 1.553)
2025-10-31 14:12:23.177 [main] WARN  com.alibaba.nacos.client.logging.NacosLogging - Load Logback Configuration of Nacos fail, message: Could not initialize Logback Nacos logging from classpath:nacos-logback.xml
2025-10-31 14:12:23.210 [main] WARN  com.alibaba.nacos.client.logging.NacosLogging - Load Logback Configuration of Nacos fail, message: Could not initialize Logback Nacos logging from classpath:nacos-logback.xml
2025-10-31 14:12:24.590 [main] WARN  com.alibaba.nacos.client.logging.NacosLogging - Load Logback Configuration of Nacos fail, message: Could not initialize Logback Nacos logging from classpath:nacos-logback.xml
2025-10-31 14:12:24.602 [main] WARN  com.alibaba.nacos.client.logging.NacosLogging - Load Logback Configuration of Nacos fail, message: Could not initialize Logback Nacos logging from classpath:nacos-logback.xml
2025-10-31 14:12:24.603 [main] INFO  c.q.xiaohashu.oss.biz.XiaohashuOssBizApplication - The following 1 profile is active: "dev"
2025-10-31 14:12:24.962 [main] INFO  o.springframework.cloud.context.scope.GenericScope - BeanFactory id=f5a5948f-8e01-3d8a-97b4-fd68b3bd04f5
2025-10-31 14:12:25.082 [main] INFO  o.s.boot.web.embedded.tomcat.TomcatWebServer - Tomcat initialized with port(s): 8081 (http)
2025-10-31 14:12:25.086 [main] INFO  org.apache.catalina.core.StandardService - Starting service [Tomcat]
2025-10-31 14:12:25.087 [main] INFO  org.apache.catalina.core.StandardEngine - Starting Servlet engine: [Apache Tomcat/10.1.5]
2025-10-31 14:12:25.140 [main] INFO  o.a.c.core.ContainerBase.[Tomcat].[localhost].[/] - Initializing Spring embedded WebApplicationContext
2025-10-31 14:12:25.141 [main] INFO  o.s.b.w.s.c.ServletWebServerApplicationContext - Root WebApplicationContext: initialization completed in 523 ms
2025-10-31 14:12:26.448 [main] INFO  org.springframework.cloud.commons.util.InetUtils - Cannot determine local hostname
2025-10-31 14:12:27.753 [main] INFO  org.springframework.cloud.commons.util.InetUtils - Cannot determine local hostname
2025-10-31 14:12:27.794 [main] INFO  o.s.boot.web.embedded.tomcat.TomcatWebServer - Tomcat started on port(s): 8081 (http) with context path ''
2025-10-31 14:12:27.798 [main] WARN  com.alibaba.nacos.client.logging.NacosLogging - Load Logback Configuration of Nacos fail, message: Could not initialize Logback Nacos logging from classpath:nacos-logback.xml
2025-10-31 14:12:27.798 [main] INFO  com.alibaba.nacos.client.naming - initializer namespace from ans.namespace attribute : null
2025-10-31 14:12:27.799 [main] INFO  com.alibaba.nacos.client.naming - initializer namespace from ALIBABA_ALIWARE_NAMESPACE attribute :null
2025-10-31 14:12:27.799 [main] INFO  com.alibaba.nacos.client.naming - initializer namespace from namespace attribute :null
2025-10-31 14:12:27.812 [main] INFO  com.alibaba.nacos.client.utils.ParamUtil - [settings] [req-serv] nacos-server port:8848
2025-10-31 14:12:27.812 [main] INFO  com.alibaba.nacos.client.utils.ParamUtil - [settings] [http-client] connect timeout:1000
2025-10-31 14:12:27.812 [main] INFO  com.alibaba.nacos.client.utils.ParamUtil - PER_TASK_CONFIG_SIZE: 3000.0
2025-10-31 14:12:27.815 [main] INFO  c.a.n.p.auth.spi.client.ClientAuthPluginManager - [ClientAuthPluginManager] Load ClientAuthService com.alibaba.nacos.client.auth.impl.NacosClientAuthServiceImpl success.
2025-10-31 14:12:27.815 [main] INFO  c.a.n.p.auth.spi.client.ClientAuthPluginManager - [ClientAuthPluginManager] Load ClientAuthService com.alibaba.nacos.client.auth.ram.RamClientAuthServiceImpl success.
2025-10-31 14:12:27.816 [main] INFO  c.a.n.client.auth.ram.identify.CredentialWatcher - null No credential found
2025-10-31 14:12:27.819 [main] INFO  com.alibaba.nacos.common.remote.client - [RpcClientFactory] create a new rpc client of 78114f8b-fe3d-4390-adf3-75b7fdffac04
2025-10-31 14:12:27.828 [main] INFO  com.alibaba.nacos.common.remote.client - [78114f8b-fe3d-4390-adf3-75b7fdffac04] RpcClient init, ServerListFactory = com.alibaba.nacos.client.naming.core.ServerListManager
2025-10-31 14:12:27.828 [main] INFO  com.alibaba.nacos.common.remote.client - [78114f8b-fe3d-4390-adf3-75b7fdffac04] Registry connection listener to current client:com.alibaba.nacos.client.naming.remote.gprc.redo.NamingGrpcRedoService
2025-10-31 14:12:27.828 [main] INFO  com.alibaba.nacos.common.remote.client - [78114f8b-fe3d-4390-adf3-75b7fdffac04] Register server push request handler:com.alibaba.nacos.client.naming.remote.gprc.NamingPushRequestHandler
2025-10-31 14:12:27.829 [main] INFO  com.alibaba.nacos.common.remote.client - [78114f8b-fe3d-4390-adf3-75b7fdffac04] Try to connect to server on start up, server: {serverIp = '127.0.0.1', server main port = 8848}
2025-10-31 14:12:27.849 [main] INFO  c.a.nacos.common.remote.client.grpc.GrpcClient - grpc client connection server:127.0.0.1 ip,serverPort:9848,grpcTslConfig:{"sslProvider":"OPENSSL","enableTls":false,"mutualAuthEnable":false,"trustAll":false}
2025-10-31 14:12:28.445 [main] INFO  com.alibaba.nacos.common.remote.client - [78114f8b-fe3d-4390-adf3-75b7fdffac04] Success to connect to server [127.0.0.1:8848] on start up, connectionId = 1761891148295_127.0.0.1_3128
2025-10-31 14:12:28.445 [com.alibaba.nacos.client.remote.worker] INFO  com.alibaba.nacos.common.remote.client - [78114f8b-fe3d-4390-adf3-75b7fdffac04] Notify connected event to listeners.
2025-10-31 14:12:28.445 [com.alibaba.nacos.client.remote.worker] INFO  com.alibaba.nacos.client.naming - Grpc connection connect
2025-10-31 14:12:28.445 [main] INFO  com.alibaba.nacos.common.remote.client - [78114f8b-fe3d-4390-adf3-75b7fdffac04] Register server push request handler:com.alibaba.nacos.common.remote.client.RpcClient$ConnectResetRequestHandler
2025-10-31 14:12:28.446 [main] INFO  com.alibaba.nacos.common.remote.client - [78114f8b-fe3d-4390-adf3-75b7fdffac04] Register server push request handler:com.alibaba.nacos.common.remote.client.RpcClient$$Lambda$913/0x0000023cd3589680
2025-10-31 14:12:28.446 [main] INFO  com.alibaba.nacos.client.naming - [REGISTER-SERVICE] xiaohashu registering service xiaohashu-oss with instance Instance{instanceId='null', ip='192.168.134.1', port=8081, weight=1.0, healthy=true, enabled=true, ephemeral=true, clusterName='DEFAULT', serviceName='null', metadata={IPv6=null, preserved.register.source=SPRING_CLOUD}}
2025-10-31 14:12:28.456 [main] INFO  c.a.cloud.nacos.registry.NacosServiceRegistry - nacos registry, DEFAULT_GROUP xiaohashu-oss 192.168.134.1:8081 register finished
2025-10-31 14:12:29.581 [main] INFO  org.springframework.cloud.commons.util.InetUtils - Cannot determine local hostname
2025-10-31 14:12:29.586 [main] INFO  c.q.xiaohashu.oss.biz.XiaohashuOssBizApplication - Started XiaohashuOssBizApplication in 7.916 seconds (process running for 8.414)
2025-10-31 14:50:11.821 [main] WARN  com.alibaba.nacos.client.logging.NacosLogging - Load Logback Configuration of Nacos fail, message: Could not initialize Logback Nacos logging from classpath:nacos-logback.xml
2025-10-31 14:50:11.857 [main] WARN  com.alibaba.nacos.client.logging.NacosLogging - Load Logback Configuration of Nacos fail, message: Could not initialize Logback Nacos logging from classpath:nacos-logback.xml
2025-10-31 14:50:12.005 [main] WARN  com.alibaba.nacos.client.logging.NacosLogging - Load Logback Configuration of Nacos fail, message: Could not initialize Logback Nacos logging from classpath:nacos-logback.xml
2025-10-31 14:50:12.006 [main] INFO  com.alibaba.nacos.client.utils.ParamUtil - [settings] [req-serv] nacos-server port:8848
2025-10-31 14:50:12.006 [main] INFO  com.alibaba.nacos.client.utils.ParamUtil - [settings] [http-client] connect timeout:1000
2025-10-31 14:50:12.007 [main] INFO  com.alibaba.nacos.client.utils.ParamUtil - PER_TASK_CONFIG_SIZE: 3000.0
2025-10-31 14:50:12.018 [main] INFO  c.a.n.p.auth.spi.client.ClientAuthPluginManager - [ClientAuthPluginManager] Load ClientAuthService com.alibaba.nacos.client.auth.impl.NacosClientAuthServiceImpl success.
2025-10-31 14:50:12.018 [main] INFO  c.a.n.p.auth.spi.client.ClientAuthPluginManager - [ClientAuthPluginManager] Load ClientAuthService com.alibaba.nacos.client.auth.ram.RamClientAuthServiceImpl success.
2025-10-31 14:50:12.019 [main] INFO  c.a.n.client.auth.ram.identify.CredentialWatcher - null No credential found
2025-10-31 14:50:13.217 [main] WARN  com.alibaba.nacos.client.logging.NacosLogging - Load Logback Configuration of Nacos fail, message: Could not initialize Logback Nacos logging from classpath:nacos-logback.xml
2025-10-31 14:50:13.225 [main] INFO  c.a.n.client.config.impl.LocalConfigInfoProcessor - LOCAL_SNAPSHOT_PATH:C:\Users\hp\nacos\config
2025-10-31 14:50:13.227 [main] INFO  com.alibaba.nacos.common.remote.client - [RpcClientFactory] create a new rpc client of dedda0cd-2584-4c44-b78b-de04f84c8689_config-0
2025-10-31 14:50:13.234 [main] INFO  com.alibaba.nacos.common.remote.client - [dedda0cd-2584-4c44-b78b-de04f84c8689_config-0] Register server push request handler:com.alibaba.nacos.client.config.impl.ClientWorker$ConfigRpcTransportClient$$Lambda$584/0x00000204be33a660
2025-10-31 14:50:13.234 [main] INFO  com.alibaba.nacos.common.remote.client - [dedda0cd-2584-4c44-b78b-de04f84c8689_config-0] Register server push request handler:com.alibaba.nacos.client.config.impl.ClientWorker$ConfigRpcTransportClient$$Lambda$585/0x00000204be33aa80
2025-10-31 14:50:13.234 [main] INFO  com.alibaba.nacos.common.remote.client - [dedda0cd-2584-4c44-b78b-de04f84c8689_config-0] Registry connection listener to current client:com.alibaba.nacos.client.config.impl.ClientWorker$ConfigRpcTransportClient$1
2025-10-31 14:50:13.235 [main] INFO  com.alibaba.nacos.common.remote.client - [dedda0cd-2584-4c44-b78b-de04f84c8689_config-0] RpcClient init, ServerListFactory = com.alibaba.nacos.client.config.impl.ClientWorker$ConfigRpcTransportClient$2
2025-10-31 14:50:13.239 [main] INFO  com.alibaba.nacos.common.remote.client - [dedda0cd-2584-4c44-b78b-de04f84c8689_config-0] Try to connect to server on start up, server: {serverIp = '127.0.0.1', server main port = 8848}
2025-10-31 14:50:13.260 [main] INFO  c.a.nacos.common.remote.client.grpc.GrpcClient - grpc client connection server:127.0.0.1 ip,serverPort:9848,grpcTslConfig:{"sslProvider":"OPENSSL","enableTls":false,"mutualAuthEnable":false,"trustAll":false}
2025-10-31 14:50:13.824 [main] INFO  com.alibaba.nacos.common.remote.client - [dedda0cd-2584-4c44-b78b-de04f84c8689_config-0] Success to connect to server [127.0.0.1:8848] on start up, connectionId = 1761893413678_127.0.0.1_5276
2025-10-31 14:50:13.824 [com.alibaba.nacos.client.remote.worker] INFO  com.alibaba.nacos.common.remote.client - [dedda0cd-2584-4c44-b78b-de04f84c8689_config-0] Notify connected event to listeners.
2025-10-31 14:50:13.824 [com.alibaba.nacos.client.remote.worker] INFO  com.alibaba.nacos.client.config.impl.ClientWorker - [dedda0cd-2584-4c44-b78b-de04f84c8689_config-0] Connected,notify listen context...
2025-10-31 14:50:13.825 [main] INFO  com.alibaba.nacos.common.remote.client - [dedda0cd-2584-4c44-b78b-de04f84c8689_config-0] Register server push request handler:com.alibaba.nacos.common.remote.client.RpcClient$ConnectResetRequestHandler
2025-10-31 14:50:13.825 [main] INFO  com.alibaba.nacos.common.remote.client - [dedda0cd-2584-4c44-b78b-de04f84c8689_config-0] Register server push request handler:com.alibaba.nacos.common.remote.client.RpcClient$$Lambda$605/0x00000204be448228
2025-10-31 14:50:13.846 [main] INFO  com.alibaba.nacos.client.config.impl.Limiter - limitTime:5.0
2025-10-31 14:50:13.859 [main] WARN  c.a.cloud.nacos.client.NacosPropertySourceBuilder - Ignore the empty nacos configuration and get it based on dataId[xiaohashu-oss] & group[DEFAULT_GROUP]
2025-10-31 14:50:13.864 [main] WARN  c.a.cloud.nacos.client.NacosPropertySourceBuilder - Ignore the empty nacos configuration and get it based on dataId[xiaohashu-oss.yaml] & group[DEFAULT_GROUP]
2025-10-31 14:50:13.867 [main] WARN  c.a.cloud.nacos.client.NacosPropertySourceBuilder - Ignore the empty nacos configuration and get it based on dataId[xiaohashu-oss-dev.yaml] & group[DEFAULT_GROUP]
2025-10-31 14:50:13.868 [main] INFO  o.s.c.b.c.PropertySourceBootstrapConfiguration - Located property source: [BootstrapPropertySource {name='bootstrapProperties-xiaohashu-oss-dev.yaml,DEFAULT_GROUP'}, BootstrapPropertySource {name='bootstrapProperties-xiaohashu-oss.yaml,DEFAULT_GROUP'}, BootstrapPropertySource {name='bootstrapProperties-xiaohashu-oss,DEFAULT_GROUP'}]
2025-10-31 14:50:13.871 [main] WARN  com.alibaba.nacos.client.logging.NacosLogging - Load Logback Configuration of Nacos fail, message: Could not initialize Logback Nacos logging from classpath:nacos-logback.xml
2025-10-31 14:50:13.872 [main] INFO  c.q.xiaohashu.oss.biz.XiaohashuOssBizApplication - The following 1 profile is active: "dev"
2025-10-31 14:50:14.156 [main] INFO  o.springframework.cloud.context.scope.GenericScope - BeanFactory id=3097a8a5-0aa2-3e11-8635-e120ef280dbe
2025-10-31 14:50:14.291 [main] INFO  o.s.boot.web.embedded.tomcat.TomcatWebServer - Tomcat initialized with port(s): 8081 (http)
2025-10-31 14:50:14.296 [main] INFO  org.apache.catalina.core.StandardService - Starting service [Tomcat]
2025-10-31 14:50:14.296 [main] INFO  org.apache.catalina.core.StandardEngine - Starting Servlet engine: [Apache Tomcat/10.1.5]
2025-10-31 14:50:14.348 [main] INFO  o.a.c.core.ContainerBase.[Tomcat].[localhost].[/] - Initializing Spring embedded WebApplicationContext
2025-10-31 14:50:14.349 [main] INFO  o.s.b.w.s.c.ServletWebServerApplicationContext - Root WebApplicationContext: initialization completed in 470 ms
2025-10-31 14:50:15.655 [main] INFO  org.springframework.cloud.commons.util.InetUtils - Cannot determine local hostname
2025-10-31 14:50:16.927 [main] INFO  org.springframework.cloud.commons.util.InetUtils - Cannot determine local hostname
2025-10-31 14:50:16.962 [main] INFO  o.s.boot.web.embedded.tomcat.TomcatWebServer - Tomcat started on port(s): 8081 (http) with context path ''
2025-10-31 14:50:16.964 [main] INFO  com.alibaba.nacos.client.naming - initializer namespace from ans.namespace attribute : null
2025-10-31 14:50:16.964 [main] INFO  com.alibaba.nacos.client.naming - initializer namespace from ALIBABA_ALIWARE_NAMESPACE attribute :null
2025-10-31 14:50:16.964 [main] INFO  com.alibaba.nacos.client.naming - initializer namespace from namespace attribute :null
2025-10-31 14:50:16.968 [main] INFO  c.a.n.p.auth.spi.client.ClientAuthPluginManager - [ClientAuthPluginManager] Load ClientAuthService com.alibaba.nacos.client.auth.impl.NacosClientAuthServiceImpl success.
2025-10-31 14:50:16.968 [main] INFO  c.a.n.p.auth.spi.client.ClientAuthPluginManager - [ClientAuthPluginManager] Load ClientAuthService com.alibaba.nacos.client.auth.ram.RamClientAuthServiceImpl success.
2025-10-31 14:50:16.970 [main] INFO  com.alibaba.nacos.common.remote.client - [RpcClientFactory] create a new rpc client of ce7f16b3-4b55-473f-8544-95cdbdf84c07
2025-10-31 14:50:16.970 [main] INFO  com.alibaba.nacos.common.remote.client - [ce7f16b3-4b55-473f-8544-95cdbdf84c07] RpcClient init, ServerListFactory = com.alibaba.nacos.client.naming.core.ServerListManager
2025-10-31 14:50:16.970 [main] INFO  com.alibaba.nacos.common.remote.client - [ce7f16b3-4b55-473f-8544-95cdbdf84c07] Registry connection listener to current client:com.alibaba.nacos.client.naming.remote.gprc.redo.NamingGrpcRedoService
2025-10-31 14:50:16.970 [main] INFO  com.alibaba.nacos.common.remote.client - [ce7f16b3-4b55-473f-8544-95cdbdf84c07] Register server push request handler:com.alibaba.nacos.client.naming.remote.gprc.NamingPushRequestHandler
2025-10-31 14:50:16.971 [main] INFO  com.alibaba.nacos.common.remote.client - [ce7f16b3-4b55-473f-8544-95cdbdf84c07] Try to connect to server on start up, server: {serverIp = '127.0.0.1', server main port = 8848}
2025-10-31 14:50:16.971 [main] INFO  c.a.nacos.common.remote.client.grpc.GrpcClient - grpc client connection server:127.0.0.1 ip,serverPort:9848,grpcTslConfig:{"sslProvider":"OPENSSL","enableTls":false,"mutualAuthEnable":false,"trustAll":false}
2025-10-31 14:50:17.083 [main] INFO  com.alibaba.nacos.common.remote.client - [ce7f16b3-4b55-473f-8544-95cdbdf84c07] Success to connect to server [127.0.0.1:8848] on start up, connectionId = 1761893416974_127.0.0.1_5277
2025-10-31 14:50:17.083 [main] INFO  com.alibaba.nacos.common.remote.client - [ce7f16b3-4b55-473f-8544-95cdbdf84c07] Register server push request handler:com.alibaba.nacos.common.remote.client.RpcClient$ConnectResetRequestHandler
2025-10-31 14:50:17.083 [main] INFO  com.alibaba.nacos.common.remote.client - [ce7f16b3-4b55-473f-8544-95cdbdf84c07] Register server push request handler:com.alibaba.nacos.common.remote.client.RpcClient$$Lambda$605/0x00000204be448228
2025-10-31 14:50:17.083 [com.alibaba.nacos.client.remote.worker] INFO  com.alibaba.nacos.common.remote.client - [ce7f16b3-4b55-473f-8544-95cdbdf84c07] Notify connected event to listeners.
2025-10-31 14:50:17.083 [com.alibaba.nacos.client.remote.worker] INFO  com.alibaba.nacos.client.naming - Grpc connection connect
2025-10-31 14:50:17.084 [main] INFO  com.alibaba.nacos.client.naming - [REGISTER-SERVICE] xiaohashu registering service xiaohashu-oss with instance Instance{instanceId='null', ip='192.168.134.1', port=8081, weight=1.0, healthy=true, enabled=true, ephemeral=true, clusterName='DEFAULT', serviceName='null', metadata={IPv6=null, preserved.register.source=SPRING_CLOUD}}
2025-10-31 14:50:17.090 [main] INFO  c.a.cloud.nacos.registry.NacosServiceRegistry - nacos registry, DEFAULT_GROUP xiaohashu-oss 192.168.134.1:8081 register finished
2025-10-31 14:50:18.222 [main] INFO  org.springframework.cloud.commons.util.InetUtils - Cannot determine local hostname
2025-10-31 14:50:18.229 [main] INFO  c.q.xiaohashu.oss.biz.XiaohashuOssBizApplication - Started XiaohashuOssBizApplication in 7.89 seconds (process running for 8.344)
2025-10-31 14:50:18.232 [main] INFO  com.alibaba.nacos.client.config.impl.CacheData - nacos.cache.data.init.snapshot = true 
2025-10-31 14:50:18.233 [main] INFO  com.alibaba.nacos.client.config.impl.ClientWorker - [fixed-xiaohashu-127.0.0.1_8848] [subscribe] xiaohashu-oss+DEFAULT_GROUP+xiaohashu
2025-10-31 14:50:18.239 [main] INFO  com.alibaba.nacos.client.config.impl.CacheData - [fixed-xiaohashu-127.0.0.1_8848] [add-listener] ok, tenant=xiaohashu, dataId=xiaohashu-oss, group=DEFAULT_GROUP, cnt=1
2025-10-31 14:50:18.239 [main] INFO  c.a.cloud.nacos.refresh.NacosContextRefresher - [Nacos Config] Listening config: dataId=xiaohashu-oss, group=DEFAULT_GROUP
2025-10-31 14:50:18.239 [main] INFO  com.alibaba.nacos.client.config.impl.ClientWorker - [fixed-xiaohashu-127.0.0.1_8848] [subscribe] xiaohashu-oss-dev.yaml+DEFAULT_GROUP+xiaohashu
2025-10-31 14:50:18.239 [main] INFO  com.alibaba.nacos.client.config.impl.CacheData - [fixed-xiaohashu-127.0.0.1_8848] [add-listener] ok, tenant=xiaohashu, dataId=xiaohashu-oss-dev.yaml, group=DEFAULT_GROUP, cnt=1
2025-10-31 14:50:18.239 [main] INFO  c.a.cloud.nacos.refresh.NacosContextRefresher - [Nacos Config] Listening config: dataId=xiaohashu-oss-dev.yaml, group=DEFAULT_GROUP
2025-10-31 14:50:18.239 [main] INFO  com.alibaba.nacos.client.config.impl.ClientWorker - [fixed-xiaohashu-127.0.0.1_8848] [subscribe] xiaohashu-oss.yaml+DEFAULT_GROUP+xiaohashu
2025-10-31 14:50:18.239 [main] INFO  com.alibaba.nacos.client.config.impl.CacheData - [fixed-xiaohashu-127.0.0.1_8848] [add-listener] ok, tenant=xiaohashu, dataId=xiaohashu-oss.yaml, group=DEFAULT_GROUP, cnt=1
2025-10-31 14:50:18.239 [main] INFO  c.a.cloud.nacos.refresh.NacosContextRefresher - [Nacos Config] Listening config: dataId=xiaohashu-oss.yaml, group=DEFAULT_GROUP
2025-10-31 14:50:53.186 [http-nio-8081-exec-2] INFO  o.a.c.core.ContainerBase.[Tomcat].[localhost].[/] - Initializing Spring DispatcherServlet 'dispatcherServlet'
2025-10-31 14:50:53.187 [http-nio-8081-exec-2] INFO  org.springframework.web.servlet.DispatcherServlet - Initializing Servlet 'dispatcherServlet'
2025-10-31 14:50:53.187 [http-nio-8081-exec-2] INFO  org.springframework.web.servlet.DispatcherServlet - Completed initialization in 0 ms
2025-10-31 14:50:53.217 [http-nio-8081-exec-2] INFO  c.q.x.oss.biz.strategy.impl.AliyunOssFileStrategy - ## 上传文件至阿里云 OSS ...
2025-10-31 14:51:24.364 [http-nio-8081-exec-3] INFO  c.q.x.oss.biz.strategy.impl.AliyunOssFileStrategy - ## 上传文件至阿里云 OSS ...
2025-10-31 14:52:01.744 [main] WARN  com.alibaba.nacos.client.logging.NacosLogging - Load Logback Configuration of Nacos fail, message: Could not initialize Logback Nacos logging from classpath:nacos-logback.xml
2025-10-31 14:52:01.775 [main] WARN  com.alibaba.nacos.client.logging.NacosLogging - Load Logback Configuration of Nacos fail, message: Could not initialize Logback Nacos logging from classpath:nacos-logback.xml
2025-10-31 14:52:01.914 [main] WARN  com.alibaba.nacos.client.logging.NacosLogging - Load Logback Configuration of Nacos fail, message: Could not initialize Logback Nacos logging from classpath:nacos-logback.xml
2025-10-31 14:52:01.915 [main] INFO  com.alibaba.nacos.client.utils.ParamUtil - [settings] [req-serv] nacos-server port:8848
2025-10-31 14:52:01.915 [main] INFO  com.alibaba.nacos.client.utils.ParamUtil - [settings] [http-client] connect timeout:1000
2025-10-31 14:52:01.916 [main] INFO  com.alibaba.nacos.client.utils.ParamUtil - PER_TASK_CONFIG_SIZE: 3000.0
2025-10-31 14:52:01.927 [main] INFO  c.a.n.p.auth.spi.client.ClientAuthPluginManager - [ClientAuthPluginManager] Load ClientAuthService com.alibaba.nacos.client.auth.impl.NacosClientAuthServiceImpl success.
2025-10-31 14:52:01.927 [main] INFO  c.a.n.p.auth.spi.client.ClientAuthPluginManager - [ClientAuthPluginManager] Load ClientAuthService com.alibaba.nacos.client.auth.ram.RamClientAuthServiceImpl success.
2025-10-31 14:52:01.928 [main] INFO  c.a.n.client.auth.ram.identify.CredentialWatcher - null No credential found
2025-10-31 14:52:03.191 [main] WARN  com.alibaba.nacos.client.logging.NacosLogging - Load Logback Configuration of Nacos fail, message: Could not initialize Logback Nacos logging from classpath:nacos-logback.xml
2025-10-31 14:52:03.199 [main] INFO  c.a.n.client.config.impl.LocalConfigInfoProcessor - LOCAL_SNAPSHOT_PATH:C:\Users\hp\nacos\config
2025-10-31 14:52:03.200 [main] INFO  com.alibaba.nacos.common.remote.client - [RpcClientFactory] create a new rpc client of 4e0c5136-c726-48ba-8ee2-915c952321a9_config-0
2025-10-31 14:52:03.207 [main] INFO  com.alibaba.nacos.common.remote.client - [4e0c5136-c726-48ba-8ee2-915c952321a9_config-0] Register server push request handler:com.alibaba.nacos.client.config.impl.ClientWorker$ConfigRpcTransportClient$$Lambda$584/0x000002053033a858
2025-10-31 14:52:03.208 [main] INFO  com.alibaba.nacos.common.remote.client - [4e0c5136-c726-48ba-8ee2-915c952321a9_config-0] Register server push request handler:com.alibaba.nacos.client.config.impl.ClientWorker$ConfigRpcTransportClient$$Lambda$585/0x000002053033ac78
2025-10-31 14:52:03.208 [main] INFO  com.alibaba.nacos.common.remote.client - [4e0c5136-c726-48ba-8ee2-915c952321a9_config-0] Registry connection listener to current client:com.alibaba.nacos.client.config.impl.ClientWorker$ConfigRpcTransportClient$1
2025-10-31 14:52:03.208 [main] INFO  com.alibaba.nacos.common.remote.client - [4e0c5136-c726-48ba-8ee2-915c952321a9_config-0] RpcClient init, ServerListFactory = com.alibaba.nacos.client.config.impl.ClientWorker$ConfigRpcTransportClient$2
2025-10-31 14:52:03.213 [main] INFO  com.alibaba.nacos.common.remote.client - [4e0c5136-c726-48ba-8ee2-915c952321a9_config-0] Try to connect to server on start up, server: {serverIp = '127.0.0.1', server main port = 8848}
2025-10-31 14:52:03.232 [main] INFO  c.a.nacos.common.remote.client.grpc.GrpcClient - grpc client connection server:127.0.0.1 ip,serverPort:9848,grpcTslConfig:{"sslProvider":"OPENSSL","enableTls":false,"mutualAuthEnable":false,"trustAll":false}
2025-10-31 14:52:03.775 [main] INFO  com.alibaba.nacos.common.remote.client - [4e0c5136-c726-48ba-8ee2-915c952321a9_config-0] Success to connect to server [127.0.0.1:8848] on start up, connectionId = 1761893523631_127.0.0.1_5403
2025-10-31 14:52:03.775 [com.alibaba.nacos.client.remote.worker] INFO  com.alibaba.nacos.common.remote.client - [4e0c5136-c726-48ba-8ee2-915c952321a9_config-0] Notify connected event to listeners.
2025-10-31 14:52:03.775 [main] INFO  com.alibaba.nacos.common.remote.client - [4e0c5136-c726-48ba-8ee2-915c952321a9_config-0] Register server push request handler:com.alibaba.nacos.common.remote.client.RpcClient$ConnectResetRequestHandler
2025-10-31 14:52:03.775 [com.alibaba.nacos.client.remote.worker] INFO  com.alibaba.nacos.client.config.impl.ClientWorker - [4e0c5136-c726-48ba-8ee2-915c952321a9_config-0] Connected,notify listen context...
2025-10-31 14:52:03.775 [main] INFO  com.alibaba.nacos.common.remote.client - [4e0c5136-c726-48ba-8ee2-915c952321a9_config-0] Register server push request handler:com.alibaba.nacos.common.remote.client.RpcClient$$Lambda$605/0x0000020530448668
2025-10-31 14:52:03.790 [main] INFO  com.alibaba.nacos.client.config.impl.Limiter - limitTime:5.0
2025-10-31 14:52:03.801 [main] WARN  c.a.cloud.nacos.client.NacosPropertySourceBuilder - Ignore the empty nacos configuration and get it based on dataId[xiaohashu-oss] & group[DEFAULT_GROUP]
2025-10-31 14:52:03.805 [main] WARN  c.a.cloud.nacos.client.NacosPropertySourceBuilder - Ignore the empty nacos configuration and get it based on dataId[xiaohashu-oss.yaml] & group[DEFAULT_GROUP]
2025-10-31 14:52:03.809 [main] WARN  c.a.cloud.nacos.client.NacosPropertySourceBuilder - Ignore the empty nacos configuration and get it based on dataId[xiaohashu-oss-dev.yaml] & group[DEFAULT_GROUP]
2025-10-31 14:52:03.809 [main] INFO  o.s.c.b.c.PropertySourceBootstrapConfiguration - Located property source: [BootstrapPropertySource {name='bootstrapProperties-xiaohashu-oss-dev.yaml,DEFAULT_GROUP'}, BootstrapPropertySource {name='bootstrapProperties-xiaohashu-oss.yaml,DEFAULT_GROUP'}, BootstrapPropertySource {name='bootstrapProperties-xiaohashu-oss,DEFAULT_GROUP'}]
2025-10-31 14:52:03.812 [main] WARN  com.alibaba.nacos.client.logging.NacosLogging - Load Logback Configuration of Nacos fail, message: Could not initialize Logback Nacos logging from classpath:nacos-logback.xml
2025-10-31 14:52:03.812 [main] INFO  c.q.xiaohashu.oss.biz.XiaohashuOssBizApplication - The following 1 profile is active: "dev"
2025-10-31 14:52:04.073 [main] INFO  o.springframework.cloud.context.scope.GenericScope - BeanFactory id=3097a8a5-0aa2-3e11-8635-e120ef280dbe
2025-10-31 14:52:04.183 [main] INFO  o.s.boot.web.embedded.tomcat.TomcatWebServer - Tomcat initialized with port(s): 8081 (http)
2025-10-31 14:52:04.188 [main] INFO  org.apache.catalina.core.StandardService - Starting service [Tomcat]
2025-10-31 14:52:04.188 [main] INFO  org.apache.catalina.core.StandardEngine - Starting Servlet engine: [Apache Tomcat/10.1.5]
2025-10-31 14:52:04.233 [main] INFO  o.a.c.core.ContainerBase.[Tomcat].[localhost].[/] - Initializing Spring embedded WebApplicationContext
2025-10-31 14:52:04.234 [main] INFO  o.s.b.w.s.c.ServletWebServerApplicationContext - Root WebApplicationContext: initialization completed in 414 ms
2025-10-31 14:52:05.530 [main] INFO  org.springframework.cloud.commons.util.InetUtils - Cannot determine local hostname
2025-10-31 14:52:06.802 [main] INFO  org.springframework.cloud.commons.util.InetUtils - Cannot determine local hostname
2025-10-31 14:52:06.836 [main] INFO  o.s.boot.web.embedded.tomcat.TomcatWebServer - Tomcat started on port(s): 8081 (http) with context path ''
2025-10-31 14:52:06.838 [main] INFO  com.alibaba.nacos.client.naming - initializer namespace from ans.namespace attribute : null
2025-10-31 14:52:06.838 [main] INFO  com.alibaba.nacos.client.naming - initializer namespace from ALIBABA_ALIWARE_NAMESPACE attribute :null
2025-10-31 14:52:06.839 [main] INFO  com.alibaba.nacos.client.naming - initializer namespace from namespace attribute :null
2025-10-31 14:52:06.842 [main] INFO  c.a.n.p.auth.spi.client.ClientAuthPluginManager - [ClientAuthPluginManager] Load ClientAuthService com.alibaba.nacos.client.auth.impl.NacosClientAuthServiceImpl success.
2025-10-31 14:52:06.842 [main] INFO  c.a.n.p.auth.spi.client.ClientAuthPluginManager - [ClientAuthPluginManager] Load ClientAuthService com.alibaba.nacos.client.auth.ram.RamClientAuthServiceImpl success.
2025-10-31 14:52:06.844 [main] INFO  com.alibaba.nacos.common.remote.client - [RpcClientFactory] create a new rpc client of fd8dc750-bf4d-40fe-a06f-a70b3e3ecbee
2025-10-31 14:52:06.845 [main] INFO  com.alibaba.nacos.common.remote.client - [fd8dc750-bf4d-40fe-a06f-a70b3e3ecbee] RpcClient init, ServerListFactory = com.alibaba.nacos.client.naming.core.ServerListManager
2025-10-31 14:52:06.845 [main] INFO  com.alibaba.nacos.common.remote.client - [fd8dc750-bf4d-40fe-a06f-a70b3e3ecbee] Registry connection listener to current client:com.alibaba.nacos.client.naming.remote.gprc.redo.NamingGrpcRedoService
2025-10-31 14:52:06.845 [main] INFO  com.alibaba.nacos.common.remote.client - [fd8dc750-bf4d-40fe-a06f-a70b3e3ecbee] Register server push request handler:com.alibaba.nacos.client.naming.remote.gprc.NamingPushRequestHandler
2025-10-31 14:52:06.845 [main] INFO  com.alibaba.nacos.common.remote.client - [fd8dc750-bf4d-40fe-a06f-a70b3e3ecbee] Try to connect to server on start up, server: {serverIp = '127.0.0.1', server main port = 8848}
2025-10-31 14:52:06.845 [main] INFO  c.a.nacos.common.remote.client.grpc.GrpcClient - grpc client connection server:127.0.0.1 ip,serverPort:9848,grpcTslConfig:{"sslProvider":"OPENSSL","enableTls":false,"mutualAuthEnable":false,"trustAll":false}
2025-10-31 14:52:06.959 [main] INFO  com.alibaba.nacos.common.remote.client - [fd8dc750-bf4d-40fe-a06f-a70b3e3ecbee] Success to connect to server [127.0.0.1:8848] on start up, connectionId = 1761893526849_127.0.0.1_5404
2025-10-31 14:52:06.959 [com.alibaba.nacos.client.remote.worker] INFO  com.alibaba.nacos.common.remote.client - [fd8dc750-bf4d-40fe-a06f-a70b3e3ecbee] Notify connected event to listeners.
2025-10-31 14:52:06.960 [com.alibaba.nacos.client.remote.worker] INFO  com.alibaba.nacos.client.naming - Grpc connection connect
2025-10-31 14:52:06.959 [main] INFO  com.alibaba.nacos.common.remote.client - [fd8dc750-bf4d-40fe-a06f-a70b3e3ecbee] Register server push request handler:com.alibaba.nacos.common.remote.client.RpcClient$ConnectResetRequestHandler
2025-10-31 14:52:06.960 [main] INFO  com.alibaba.nacos.common.remote.client - [fd8dc750-bf4d-40fe-a06f-a70b3e3ecbee] Register server push request handler:com.alibaba.nacos.common.remote.client.RpcClient$$Lambda$605/0x0000020530448668
2025-10-31 14:52:06.961 [main] INFO  com.alibaba.nacos.client.naming - [REGISTER-SERVICE] xiaohashu registering service xiaohashu-oss with instance Instance{instanceId='null', ip='192.168.134.1', port=8081, weight=1.0, healthy=true, enabled=true, ephemeral=true, clusterName='DEFAULT', serviceName='null', metadata={IPv6=null, preserved.register.source=SPRING_CLOUD}}
2025-10-31 14:52:06.969 [main] INFO  c.a.cloud.nacos.registry.NacosServiceRegistry - nacos registry, DEFAULT_GROUP xiaohashu-oss 192.168.134.1:8081 register finished
2025-10-31 14:52:08.099 [main] INFO  org.springframework.cloud.commons.util.InetUtils - Cannot determine local hostname
2025-10-31 14:52:08.105 [main] INFO  c.q.xiaohashu.oss.biz.XiaohashuOssBizApplication - Started XiaohashuOssBizApplication in 7.831 seconds (process running for 8.265)
2025-10-31 14:52:08.107 [main] INFO  com.alibaba.nacos.client.config.impl.CacheData - nacos.cache.data.init.snapshot = true 
2025-10-31 14:52:08.108 [main] INFO  com.alibaba.nacos.client.config.impl.ClientWorker - [fixed-xiaohashu-127.0.0.1_8848] [subscribe] xiaohashu-oss+DEFAULT_GROUP+xiaohashu
2025-10-31 14:52:08.111 [main] INFO  com.alibaba.nacos.client.config.impl.CacheData - [fixed-xiaohashu-127.0.0.1_8848] [add-listener] ok, tenant=xiaohashu, dataId=xiaohashu-oss, group=DEFAULT_GROUP, cnt=1
2025-10-31 14:52:08.112 [main] INFO  c.a.cloud.nacos.refresh.NacosContextRefresher - [Nacos Config] Listening config: dataId=xiaohashu-oss, group=DEFAULT_GROUP
2025-10-31 14:52:08.112 [main] INFO  com.alibaba.nacos.client.config.impl.ClientWorker - [fixed-xiaohashu-127.0.0.1_8848] [subscribe] xiaohashu-oss-dev.yaml+DEFAULT_GROUP+xiaohashu
2025-10-31 14:52:08.112 [main] INFO  com.alibaba.nacos.client.config.impl.CacheData - [fixed-xiaohashu-127.0.0.1_8848] [add-listener] ok, tenant=xiaohashu, dataId=xiaohashu-oss-dev.yaml, group=DEFAULT_GROUP, cnt=1
2025-10-31 14:52:08.112 [main] INFO  c.a.cloud.nacos.refresh.NacosContextRefresher - [Nacos Config] Listening config: dataId=xiaohashu-oss-dev.yaml, group=DEFAULT_GROUP
2025-10-31 14:52:08.113 [main] INFO  com.alibaba.nacos.client.config.impl.ClientWorker - [fixed-xiaohashu-127.0.0.1_8848] [subscribe] xiaohashu-oss.yaml+DEFAULT_GROUP+xiaohashu
2025-10-31 14:52:08.113 [main] INFO  com.alibaba.nacos.client.config.impl.CacheData - [fixed-xiaohashu-127.0.0.1_8848] [add-listener] ok, tenant=xiaohashu, dataId=xiaohashu-oss.yaml, group=DEFAULT_GROUP, cnt=1
2025-10-31 14:52:08.113 [main] INFO  c.a.cloud.nacos.refresh.NacosContextRefresher - [Nacos Config] Listening config: dataId=xiaohashu-oss.yaml, group=DEFAULT_GROUP
2025-10-31 14:52:31.054 [http-nio-8081-exec-2] INFO  o.a.c.core.ContainerBase.[Tomcat].[localhost].[/] - Initializing Spring DispatcherServlet 'dispatcherServlet'
2025-10-31 14:52:31.054 [http-nio-8081-exec-2] INFO  org.springframework.web.servlet.DispatcherServlet - Initializing Servlet 'dispatcherServlet'
2025-10-31 14:52:31.055 [http-nio-8081-exec-2] INFO  org.springframework.web.servlet.DispatcherServlet - Completed initialization in 1 ms
2025-10-31 14:52:31.076 [http-nio-8081-exec-2] INFO  c.q.x.oss.biz.strategy.impl.AliyunOssFileStrategy - ## 上传文件至阿里云 OSS ...
2025-10-31 14:53:53.254 [http-nio-8081-exec-5] INFO  c.q.x.oss.biz.strategy.impl.AliyunOssFileStrategy - ## 上传文件至阿里云 OSS ...
2025-10-31 14:54:40.213 [http-nio-8081-exec-6] INFO  c.q.x.oss.biz.strategy.impl.AliyunOssFileStrategy - ## 上传文件至阿里云 OSS ...
2025-10-31 14:56:47.903 [nacos-grpc-client-executor-127.0.0.1-81] INFO  com.alibaba.nacos.common.remote.client - [4e0c5136-c726-48ba-8ee2-915c952321a9_config-0] Receive server push request, request = ConfigChangeNotifyRequest, requestId = 8
2025-10-31 14:56:47.903 [nacos-grpc-client-executor-127.0.0.1-81] INFO  com.alibaba.nacos.client.config.impl.ClientWorker - [4e0c5136-c726-48ba-8ee2-915c952321a9_config-0] [server-push] config changed. dataId=xiaohashu-oss-dev.yaml, group=DEFAULT_GROUP,tenant=xiaohashu
2025-10-31 14:56:47.903 [nacos-grpc-client-executor-127.0.0.1-81] INFO  com.alibaba.nacos.common.remote.client - [4e0c5136-c726-48ba-8ee2-915c952321a9_config-0] Ack server push request, request = ConfigChangeNotifyRequest, requestId = 8
2025-10-31 14:56:47.919 [com.alibaba.nacos.client.Worker] INFO  com.alibaba.nacos.client.config.utils.JvmUtil - isMultiInstance:false
2025-10-31 14:56:47.922 [com.alibaba.nacos.client.Worker] INFO  com.alibaba.nacos.client.config.impl.ClientWorker - [fixed-xiaohashu-127.0.0.1_8848] [data-received] dataId=xiaohashu-oss-dev.yaml, group=DEFAULT_GROUP, tenant=xiaohashu, md5=29e0de59937e3a754c482b74d97a37db, content=storage:
  type: minio # 对象存储类型, type=yaml
2025-10-31 14:56:47.925 [com.alibaba.nacos.client.Worker] INFO  com.alibaba.nacos.client.config.impl.CacheData - [fixed-xiaohashu-127.0.0.1_8848] [notify-listener] time cost=0ms in ClientWorker, dataId=xiaohashu-oss-dev.yaml, group=DEFAULT_GROUP, md5=29e0de59937e3a754c482b74d97a37db, listener=com.alibaba.cloud.nacos.refresh.NacosContextRefresher$1@78183f6 
2025-10-31 14:56:47.925 [nacos.client.cachedata.internal.notifier] INFO  com.alibaba.nacos.client.config.impl.CacheData - [fixed-xiaohashu-127.0.0.1_8848] [notify-context] dataId=xiaohashu-oss-dev.yaml, group=DEFAULT_GROUP, md5=29e0de59937e3a754c482b74d97a37db
2025-10-31 14:56:49.247 [nacos.client.cachedata.internal.notifier] INFO  org.springframework.cloud.commons.util.InetUtils - Cannot determine local hostname
2025-10-31 14:56:49.304 [nacos.client.cachedata.internal.notifier] WARN  com.alibaba.nacos.client.logging.NacosLogging - Load Logback Configuration of Nacos fail, message: Could not initialize Logback Nacos logging from classpath:nacos-logback.xml
2025-10-31 14:56:49.312 [nacos.client.cachedata.internal.notifier] WARN  com.alibaba.nacos.client.logging.NacosLogging - Load Logback Configuration of Nacos fail, message: Could not initialize Logback Nacos logging from classpath:nacos-logback.xml
2025-10-31 14:56:49.375 [nacos.client.cachedata.internal.notifier] WARN  com.alibaba.nacos.client.logging.NacosLogging - Load Logback Configuration of Nacos fail, message: Could not initialize Logback Nacos logging from classpath:nacos-logback.xml
2025-10-31 14:56:49.387 [nacos.client.cachedata.internal.notifier] WARN  c.a.cloud.nacos.client.NacosPropertySourceBuilder - Ignore the empty nacos configuration and get it based on dataId[xiaohashu-oss] & group[DEFAULT_GROUP]
2025-10-31 14:56:49.391 [nacos.client.cachedata.internal.notifier] WARN  c.a.cloud.nacos.client.NacosPropertySourceBuilder - Ignore the empty nacos configuration and get it based on dataId[xiaohashu-oss.yaml] & group[DEFAULT_GROUP]
2025-10-31 14:56:49.400 [nacos.client.cachedata.internal.notifier] INFO  o.s.c.b.c.PropertySourceBootstrapConfiguration - Located property source: [BootstrapPropertySource {name='bootstrapProperties-xiaohashu-oss-dev.yaml,DEFAULT_GROUP'}, BootstrapPropertySource {name='bootstrapProperties-xiaohashu-oss.yaml,DEFAULT_GROUP'}, BootstrapPropertySource {name='bootstrapProperties-xiaohashu-oss,DEFAULT_GROUP'}]
2025-10-31 14:56:49.403 [nacos.client.cachedata.internal.notifier] WARN  com.alibaba.nacos.client.logging.NacosLogging - Load Logback Configuration of Nacos fail, message: Could not initialize Logback Nacos logging from classpath:nacos-logback.xml
2025-10-31 14:56:49.404 [nacos.client.cachedata.internal.notifier] INFO  org.springframework.boot.SpringApplication - The following 1 profile is active: "dev"
2025-10-31 14:56:49.411 [nacos.client.cachedata.internal.notifier] INFO  org.springframework.boot.SpringApplication - Started application in 1.48 seconds (process running for 289.571)
2025-10-31 14:56:49.457 [nacos.client.cachedata.internal.notifier] INFO  o.s.cloud.endpoint.event.RefreshEventListener - Refresh keys changed: [storage.type]
2025-10-31 14:56:49.457 [nacos.client.cachedata.internal.notifier] INFO  com.alibaba.nacos.client.config.impl.CacheData - [fixed-xiaohashu-127.0.0.1_8848] [notify-ok] dataId=xiaohashu-oss-dev.yaml, group=DEFAULT_GROUP, md5=29e0de59937e3a754c482b74d97a37db, listener=com.alibaba.cloud.nacos.refresh.NacosContextRefresher$1@78183f6 ,cost=1532 millis.
2025-10-31 14:56:56.639 [http-nio-8081-exec-8] INFO  c.q.x.oss.biz.strategy.impl.AliyunOssFileStrategy - ## 上传文件至阿里云 OSS ...
2025-10-31 14:57:15.056 [main] WARN  com.alibaba.nacos.client.logging.NacosLogging - Load Logback Configuration of Nacos fail, message: Could not initialize Logback Nacos logging from classpath:nacos-logback.xml
2025-10-31 14:57:15.089 [main] WARN  com.alibaba.nacos.client.logging.NacosLogging - Load Logback Configuration of Nacos fail, message: Could not initialize Logback Nacos logging from classpath:nacos-logback.xml
2025-10-31 14:57:15.226 [main] WARN  com.alibaba.nacos.client.logging.NacosLogging - Load Logback Configuration of Nacos fail, message: Could not initialize Logback Nacos logging from classpath:nacos-logback.xml
2025-10-31 14:57:15.227 [main] INFO  com.alibaba.nacos.client.utils.ParamUtil - [settings] [req-serv] nacos-server port:8848
2025-10-31 14:57:15.228 [main] INFO  com.alibaba.nacos.client.utils.ParamUtil - [settings] [http-client] connect timeout:1000
2025-10-31 14:57:15.228 [main] INFO  com.alibaba.nacos.client.utils.ParamUtil - PER_TASK_CONFIG_SIZE: 3000.0
2025-10-31 14:57:15.238 [main] INFO  c.a.n.p.auth.spi.client.ClientAuthPluginManager - [ClientAuthPluginManager] Load ClientAuthService com.alibaba.nacos.client.auth.impl.NacosClientAuthServiceImpl success.
2025-10-31 14:57:15.238 [main] INFO  c.a.n.p.auth.spi.client.ClientAuthPluginManager - [ClientAuthPluginManager] Load ClientAuthService com.alibaba.nacos.client.auth.ram.RamClientAuthServiceImpl success.
2025-10-31 14:57:15.239 [main] INFO  c.a.n.client.auth.ram.identify.CredentialWatcher - null No credential found
2025-10-31 14:57:16.432 [main] WARN  com.alibaba.nacos.client.logging.NacosLogging - Load Logback Configuration of Nacos fail, message: Could not initialize Logback Nacos logging from classpath:nacos-logback.xml
2025-10-31 14:57:16.439 [main] INFO  c.a.n.client.config.impl.LocalConfigInfoProcessor - LOCAL_SNAPSHOT_PATH:C:\Users\hp\nacos\config
2025-10-31 14:57:16.441 [main] INFO  com.alibaba.nacos.common.remote.client - [RpcClientFactory] create a new rpc client of a5f7e284-6af8-4ac9-9da7-d0fff34eeb43_config-0
2025-10-31 14:57:16.447 [main] INFO  com.alibaba.nacos.common.remote.client - [a5f7e284-6af8-4ac9-9da7-d0fff34eeb43_config-0] Register server push request handler:com.alibaba.nacos.client.config.impl.ClientWorker$ConfigRpcTransportClient$$Lambda$584/0x000002140133a348
2025-10-31 14:57:16.447 [main] INFO  com.alibaba.nacos.common.remote.client - [a5f7e284-6af8-4ac9-9da7-d0fff34eeb43_config-0] Register server push request handler:com.alibaba.nacos.client.config.impl.ClientWorker$ConfigRpcTransportClient$$Lambda$585/0x000002140133a768
2025-10-31 14:57:16.448 [main] INFO  com.alibaba.nacos.common.remote.client - [a5f7e284-6af8-4ac9-9da7-d0fff34eeb43_config-0] Registry connection listener to current client:com.alibaba.nacos.client.config.impl.ClientWorker$ConfigRpcTransportClient$1
2025-10-31 14:57:16.448 [main] INFO  com.alibaba.nacos.common.remote.client - [a5f7e284-6af8-4ac9-9da7-d0fff34eeb43_config-0] RpcClient init, ServerListFactory = com.alibaba.nacos.client.config.impl.ClientWorker$ConfigRpcTransportClient$2
2025-10-31 14:57:16.452 [main] INFO  com.alibaba.nacos.common.remote.client - [a5f7e284-6af8-4ac9-9da7-d0fff34eeb43_config-0] Try to connect to server on start up, server: {serverIp = '127.0.0.1', server main port = 8848}
2025-10-31 14:57:16.470 [main] INFO  c.a.nacos.common.remote.client.grpc.GrpcClient - grpc client connection server:127.0.0.1 ip,serverPort:9848,grpcTslConfig:{"sslProvider":"OPENSSL","enableTls":false,"mutualAuthEnable":false,"trustAll":false}
2025-10-31 14:57:17.013 [main] INFO  com.alibaba.nacos.common.remote.client - [a5f7e284-6af8-4ac9-9da7-d0fff34eeb43_config-0] Success to connect to server [127.0.0.1:8848] on start up, connectionId = 1761893836858_127.0.0.1_5748
2025-10-31 14:57:17.014 [main] INFO  com.alibaba.nacos.common.remote.client - [a5f7e284-6af8-4ac9-9da7-d0fff34eeb43_config-0] Register server push request handler:com.alibaba.nacos.common.remote.client.RpcClient$ConnectResetRequestHandler
2025-10-31 14:57:17.013 [com.alibaba.nacos.client.remote.worker] INFO  com.alibaba.nacos.common.remote.client - [a5f7e284-6af8-4ac9-9da7-d0fff34eeb43_config-0] Notify connected event to listeners.
2025-10-31 14:57:17.014 [com.alibaba.nacos.client.remote.worker] INFO  com.alibaba.nacos.client.config.impl.ClientWorker - [a5f7e284-6af8-4ac9-9da7-d0fff34eeb43_config-0] Connected,notify listen context...
2025-10-31 14:57:17.014 [main] INFO  com.alibaba.nacos.common.remote.client - [a5f7e284-6af8-4ac9-9da7-d0fff34eeb43_config-0] Register server push request handler:com.alibaba.nacos.common.remote.client.RpcClient$$Lambda$605/0x0000021401448440
2025-10-31 14:57:17.027 [main] INFO  com.alibaba.nacos.client.config.impl.Limiter - limitTime:5.0
2025-10-31 14:57:17.036 [main] WARN  c.a.cloud.nacos.client.NacosPropertySourceBuilder - Ignore the empty nacos configuration and get it based on dataId[xiaohashu-oss] & group[DEFAULT_GROUP]
2025-10-31 14:57:17.040 [main] WARN  c.a.cloud.nacos.client.NacosPropertySourceBuilder - Ignore the empty nacos configuration and get it based on dataId[xiaohashu-oss.yaml] & group[DEFAULT_GROUP]
2025-10-31 14:57:17.044 [main] INFO  com.alibaba.nacos.client.config.utils.JvmUtil - isMultiInstance:false
2025-10-31 14:57:17.047 [main] INFO  o.s.c.b.c.PropertySourceBootstrapConfiguration - Located property source: [BootstrapPropertySource {name='bootstrapProperties-xiaohashu-oss-dev.yaml,DEFAULT_GROUP'}, BootstrapPropertySource {name='bootstrapProperties-xiaohashu-oss.yaml,DEFAULT_GROUP'}, BootstrapPropertySource {name='bootstrapProperties-xiaohashu-oss,DEFAULT_GROUP'}]
2025-10-31 14:57:17.050 [main] WARN  com.alibaba.nacos.client.logging.NacosLogging - Load Logback Configuration of Nacos fail, message: Could not initialize Logback Nacos logging from classpath:nacos-logback.xml
2025-10-31 14:57:17.050 [main] INFO  c.q.xiaohashu.oss.biz.XiaohashuOssBizApplication - The following 1 profile is active: "dev"
2025-10-31 14:57:17.323 [main] INFO  o.springframework.cloud.context.scope.GenericScope - BeanFactory id=3097a8a5-0aa2-3e11-8635-e120ef280dbe
2025-10-31 14:57:17.435 [main] INFO  o.s.boot.web.embedded.tomcat.TomcatWebServer - Tomcat initialized with port(s): 8081 (http)
2025-10-31 14:57:17.440 [main] INFO  org.apache.catalina.core.StandardService - Starting service [Tomcat]
2025-10-31 14:57:17.440 [main] INFO  org.apache.catalina.core.StandardEngine - Starting Servlet engine: [Apache Tomcat/10.1.5]
2025-10-31 14:57:17.493 [main] INFO  o.a.c.core.ContainerBase.[Tomcat].[localhost].[/] - Initializing Spring embedded WebApplicationContext
2025-10-31 14:57:17.494 [main] INFO  o.s.b.w.s.c.ServletWebServerApplicationContext - Root WebApplicationContext: initialization completed in 437 ms
2025-10-31 14:57:18.792 [main] INFO  org.springframework.cloud.commons.util.InetUtils - Cannot determine local hostname
2025-10-31 14:57:20.063 [main] INFO  org.springframework.cloud.commons.util.InetUtils - Cannot determine local hostname
2025-10-31 14:57:20.099 [main] INFO  o.s.boot.web.embedded.tomcat.TomcatWebServer - Tomcat started on port(s): 8081 (http) with context path ''
2025-10-31 14:57:20.102 [main] INFO  com.alibaba.nacos.client.naming - initializer namespace from ans.namespace attribute : null
2025-10-31 14:57:20.102 [main] INFO  com.alibaba.nacos.client.naming - initializer namespace from ALIBABA_ALIWARE_NAMESPACE attribute :null
2025-10-31 14:57:20.102 [main] INFO  com.alibaba.nacos.client.naming - initializer namespace from namespace attribute :null
2025-10-31 14:57:20.105 [main] INFO  c.a.n.p.auth.spi.client.ClientAuthPluginManager - [ClientAuthPluginManager] Load ClientAuthService com.alibaba.nacos.client.auth.impl.NacosClientAuthServiceImpl success.
2025-10-31 14:57:20.106 [main] INFO  c.a.n.p.auth.spi.client.ClientAuthPluginManager - [ClientAuthPluginManager] Load ClientAuthService com.alibaba.nacos.client.auth.ram.RamClientAuthServiceImpl success.
2025-10-31 14:57:20.108 [main] INFO  com.alibaba.nacos.common.remote.client - [RpcClientFactory] create a new rpc client of 83784bf1-df48-4449-9a8f-6c4241881efd
2025-10-31 14:57:20.109 [main] INFO  com.alibaba.nacos.common.remote.client - [83784bf1-df48-4449-9a8f-6c4241881efd] RpcClient init, ServerListFactory = com.alibaba.nacos.client.naming.core.ServerListManager
2025-10-31 14:57:20.109 [main] INFO  com.alibaba.nacos.common.remote.client - [83784bf1-df48-4449-9a8f-6c4241881efd] Registry connection listener to current client:com.alibaba.nacos.client.naming.remote.gprc.redo.NamingGrpcRedoService
2025-10-31 14:57:20.109 [main] INFO  com.alibaba.nacos.common.remote.client - [83784bf1-df48-4449-9a8f-6c4241881efd] Register server push request handler:com.alibaba.nacos.client.naming.remote.gprc.NamingPushRequestHandler
2025-10-31 14:57:20.109 [main] INFO  com.alibaba.nacos.common.remote.client - [83784bf1-df48-4449-9a8f-6c4241881efd] Try to connect to server on start up, server: {serverIp = '127.0.0.1', server main port = 8848}
2025-10-31 14:57:20.109 [main] INFO  c.a.nacos.common.remote.client.grpc.GrpcClient - grpc client connection server:127.0.0.1 ip,serverPort:9848,grpcTslConfig:{"sslProvider":"OPENSSL","enableTls":false,"mutualAuthEnable":false,"trustAll":false}
2025-10-31 14:57:20.231 [main] INFO  com.alibaba.nacos.common.remote.client - [83784bf1-df48-4449-9a8f-6c4241881efd] Success to connect to server [127.0.0.1:8848] on start up, connectionId = 1761893840113_127.0.0.1_5751
2025-10-31 14:57:20.231 [com.alibaba.nacos.client.remote.worker] INFO  com.alibaba.nacos.common.remote.client - [83784bf1-df48-4449-9a8f-6c4241881efd] Notify connected event to listeners.
2025-10-31 14:57:20.231 [com.alibaba.nacos.client.remote.worker] INFO  com.alibaba.nacos.client.naming - Grpc connection connect
2025-10-31 14:57:20.231 [main] INFO  com.alibaba.nacos.common.remote.client - [83784bf1-df48-4449-9a8f-6c4241881efd] Register server push request handler:com.alibaba.nacos.common.remote.client.RpcClient$ConnectResetRequestHandler
2025-10-31 14:57:20.231 [main] INFO  com.alibaba.nacos.common.remote.client - [83784bf1-df48-4449-9a8f-6c4241881efd] Register server push request handler:com.alibaba.nacos.common.remote.client.RpcClient$$Lambda$605/0x0000021401448440
2025-10-31 14:57:20.232 [main] INFO  com.alibaba.nacos.client.naming - [REGISTER-SERVICE] xiaohashu registering service xiaohashu-oss with instance Instance{instanceId='null', ip='192.168.134.1', port=8081, weight=1.0, healthy=true, enabled=true, ephemeral=true, clusterName='DEFAULT', serviceName='null', metadata={IPv6=null, preserved.register.source=SPRING_CLOUD}}
2025-10-31 14:57:20.241 [main] INFO  c.a.cloud.nacos.registry.NacosServiceRegistry - nacos registry, DEFAULT_GROUP xiaohashu-oss 192.168.134.1:8081 register finished
2025-10-31 14:57:21.372 [main] INFO  org.springframework.cloud.commons.util.InetUtils - Cannot determine local hostname
2025-10-31 14:57:21.377 [main] INFO  c.q.xiaohashu.oss.biz.XiaohashuOssBizApplication - Started XiaohashuOssBizApplication in 7.779 seconds (process running for 8.208)
2025-10-31 14:57:21.379 [main] INFO  com.alibaba.nacos.client.config.impl.CacheData - nacos.cache.data.init.snapshot = true 
2025-10-31 14:57:21.379 [main] INFO  com.alibaba.nacos.client.config.impl.ClientWorker - [fixed-xiaohashu-127.0.0.1_8848] [subscribe] xiaohashu-oss+DEFAULT_GROUP+xiaohashu
2025-10-31 14:57:21.382 [main] INFO  com.alibaba.nacos.client.config.impl.CacheData - [fixed-xiaohashu-127.0.0.1_8848] [add-listener] ok, tenant=xiaohashu, dataId=xiaohashu-oss, group=DEFAULT_GROUP, cnt=1
2025-10-31 14:57:21.382 [main] INFO  c.a.cloud.nacos.refresh.NacosContextRefresher - [Nacos Config] Listening config: dataId=xiaohashu-oss, group=DEFAULT_GROUP
2025-10-31 14:57:21.382 [main] INFO  com.alibaba.nacos.client.config.impl.ClientWorker - [fixed-xiaohashu-127.0.0.1_8848] [subscribe] xiaohashu-oss-dev.yaml+DEFAULT_GROUP+xiaohashu
2025-10-31 14:57:21.383 [main] INFO  com.alibaba.nacos.client.config.impl.CacheData - [fixed-xiaohashu-127.0.0.1_8848] [add-listener] ok, tenant=xiaohashu, dataId=xiaohashu-oss-dev.yaml, group=DEFAULT_GROUP, cnt=1
2025-10-31 14:57:21.383 [main] INFO  c.a.cloud.nacos.refresh.NacosContextRefresher - [Nacos Config] Listening config: dataId=xiaohashu-oss-dev.yaml, group=DEFAULT_GROUP
2025-10-31 14:57:21.383 [main] INFO  com.alibaba.nacos.client.config.impl.ClientWorker - [fixed-xiaohashu-127.0.0.1_8848] [subscribe] xiaohashu-oss.yaml+DEFAULT_GROUP+xiaohashu
2025-10-31 14:57:21.383 [main] INFO  com.alibaba.nacos.client.config.impl.CacheData - [fixed-xiaohashu-127.0.0.1_8848] [add-listener] ok, tenant=xiaohashu, dataId=xiaohashu-oss.yaml, group=DEFAULT_GROUP, cnt=1
2025-10-31 14:57:21.383 [main] INFO  c.a.cloud.nacos.refresh.NacosContextRefresher - [Nacos Config] Listening config: dataId=xiaohashu-oss.yaml, group=DEFAULT_GROUP
2025-10-31 14:57:31.050 [http-nio-8081-exec-1] INFO  o.a.c.core.ContainerBase.[Tomcat].[localhost].[/] - Initializing Spring DispatcherServlet 'dispatcherServlet'
2025-10-31 14:57:31.050 [http-nio-8081-exec-1] INFO  org.springframework.web.servlet.DispatcherServlet - Initializing Servlet 'dispatcherServlet'
2025-10-31 14:57:31.050 [http-nio-8081-exec-1] INFO  org.springframework.web.servlet.DispatcherServlet - Completed initialization in 0 ms
2025-10-31 14:57:31.072 [http-nio-8081-exec-1] INFO  c.q.x.oss.biz.strategy.impl.MinioFileStrategy - ## 上传文件至minio ...
2025-10-31 15:11:14.768 [main] WARN  com.alibaba.nacos.client.logging.NacosLogging - Load Logback Configuration of Nacos fail, message: Could not initialize Logback Nacos logging from classpath:nacos-logback.xml
2025-10-31 15:11:14.810 [main] WARN  com.alibaba.nacos.client.logging.NacosLogging - Load Logback Configuration of Nacos fail, message: Could not initialize Logback Nacos logging from classpath:nacos-logback.xml
2025-10-31 15:11:14.990 [main] WARN  com.alibaba.nacos.client.logging.NacosLogging - Load Logback Configuration of Nacos fail, message: Could not initialize Logback Nacos logging from classpath:nacos-logback.xml
2025-10-31 15:11:14.992 [main] INFO  com.alibaba.nacos.client.utils.ParamUtil - [settings] [req-serv] nacos-server port:8848
2025-10-31 15:11:14.993 [main] INFO  com.alibaba.nacos.client.utils.ParamUtil - [settings] [http-client] connect timeout:1000
2025-10-31 15:11:14.993 [main] INFO  com.alibaba.nacos.client.utils.ParamUtil - PER_TASK_CONFIG_SIZE: 3000.0
2025-10-31 15:11:15.008 [main] INFO  c.a.n.p.auth.spi.client.ClientAuthPluginManager - [ClientAuthPluginManager] Load ClientAuthService com.alibaba.nacos.client.auth.impl.NacosClientAuthServiceImpl success.
2025-10-31 15:11:15.009 [main] INFO  c.a.n.p.auth.spi.client.ClientAuthPluginManager - [ClientAuthPluginManager] Load ClientAuthService com.alibaba.nacos.client.auth.ram.RamClientAuthServiceImpl success.
2025-10-31 15:11:15.010 [main] INFO  c.a.n.client.auth.ram.identify.CredentialWatcher - null No credential found
2025-10-31 15:11:16.260 [main] WARN  com.alibaba.nacos.client.logging.NacosLogging - Load Logback Configuration of Nacos fail, message: Could not initialize Logback Nacos logging from classpath:nacos-logback.xml
2025-10-31 15:11:16.268 [main] INFO  c.a.n.client.config.impl.LocalConfigInfoProcessor - LOCAL_SNAPSHOT_PATH:C:\Users\hp\nacos\config
2025-10-31 15:11:16.270 [main] INFO  com.alibaba.nacos.common.remote.client - [RpcClientFactory] create a new rpc client of 7e1819c1-60a2-4a0b-a4d1-5b187360b475_config-0
2025-10-31 15:11:16.279 [main] INFO  com.alibaba.nacos.common.remote.client - [7e1819c1-60a2-4a0b-a4d1-5b187360b475_config-0] Register server push request handler:com.alibaba.nacos.client.config.impl.ClientWorker$ConfigRpcTransportClient$$Lambda$585/0x000001fc9433a868
2025-10-31 15:11:16.279 [main] INFO  com.alibaba.nacos.common.remote.client - [7e1819c1-60a2-4a0b-a4d1-5b187360b475_config-0] Register server push request handler:com.alibaba.nacos.client.config.impl.ClientWorker$ConfigRpcTransportClient$$Lambda$586/0x000001fc9433ac88
2025-10-31 15:11:16.279 [main] INFO  com.alibaba.nacos.common.remote.client - [7e1819c1-60a2-4a0b-a4d1-5b187360b475_config-0] Registry connection listener to current client:com.alibaba.nacos.client.config.impl.ClientWorker$ConfigRpcTransportClient$1
2025-10-31 15:11:16.280 [main] INFO  com.alibaba.nacos.common.remote.client - [7e1819c1-60a2-4a0b-a4d1-5b187360b475_config-0] RpcClient init, ServerListFactory = com.alibaba.nacos.client.config.impl.ClientWorker$ConfigRpcTransportClient$2
2025-10-31 15:11:16.284 [main] INFO  com.alibaba.nacos.common.remote.client - [7e1819c1-60a2-4a0b-a4d1-5b187360b475_config-0] Try to connect to server on start up, server: {serverIp = '127.0.0.1', server main port = 8848}
2025-10-31 15:11:16.304 [main] INFO  c.a.nacos.common.remote.client.grpc.GrpcClient - grpc client connection server:127.0.0.1 ip,serverPort:9848,grpcTslConfig:{"sslProvider":"OPENSSL","enableTls":false,"mutualAuthEnable":false,"trustAll":false}
2025-10-31 15:11:16.914 [main] INFO  com.alibaba.nacos.common.remote.client - [7e1819c1-60a2-4a0b-a4d1-5b187360b475_config-0] Success to connect to server [127.0.0.1:8848] on start up, connectionId = 1761894676762_127.0.0.1_6740
2025-10-31 15:11:16.914 [com.alibaba.nacos.client.remote.worker] INFO  com.alibaba.nacos.common.remote.client - [7e1819c1-60a2-4a0b-a4d1-5b187360b475_config-0] Notify connected event to listeners.
2025-10-31 15:11:16.914 [com.alibaba.nacos.client.remote.worker] INFO  com.alibaba.nacos.client.config.impl.ClientWorker - [7e1819c1-60a2-4a0b-a4d1-5b187360b475_config-0] Connected,notify listen context...
2025-10-31 15:11:16.914 [main] INFO  com.alibaba.nacos.common.remote.client - [7e1819c1-60a2-4a0b-a4d1-5b187360b475_config-0] Register server push request handler:com.alibaba.nacos.common.remote.client.RpcClient$ConnectResetRequestHandler
2025-10-31 15:11:16.915 [main] INFO  com.alibaba.nacos.common.remote.client - [7e1819c1-60a2-4a0b-a4d1-5b187360b475_config-0] Register server push request handler:com.alibaba.nacos.common.remote.client.RpcClient$$Lambda$606/0x000001fc94448668
2025-10-31 15:11:16.934 [main] INFO  com.alibaba.nacos.client.config.impl.Limiter - limitTime:5.0
2025-10-31 15:11:16.943 [main] WARN  c.a.cloud.nacos.client.NacosPropertySourceBuilder - Ignore the empty nacos configuration and get it based on dataId[xiaohashu-oss] & group[DEFAULT_GROUP]
2025-10-31 15:11:16.947 [main] WARN  c.a.cloud.nacos.client.NacosPropertySourceBuilder - Ignore the empty nacos configuration and get it based on dataId[xiaohashu-oss.yaml] & group[DEFAULT_GROUP]
2025-10-31 15:11:16.953 [main] INFO  com.alibaba.nacos.client.config.utils.JvmUtil - isMultiInstance:false
2025-10-31 15:11:16.956 [main] INFO  o.s.c.b.c.PropertySourceBootstrapConfiguration - Located property source: [BootstrapPropertySource {name='bootstrapProperties-xiaohashu-oss-dev.yaml,DEFAULT_GROUP'}, BootstrapPropertySource {name='bootstrapProperties-xiaohashu-oss.yaml,DEFAULT_GROUP'}, BootstrapPropertySource {name='bootstrapProperties-xiaohashu-oss,DEFAULT_GROUP'}]
2025-10-31 15:11:16.958 [main] WARN  com.alibaba.nacos.client.logging.NacosLogging - Load Logback Configuration of Nacos fail, message: Could not initialize Logback Nacos logging from classpath:nacos-logback.xml
2025-10-31 15:11:16.958 [main] INFO  c.q.xiaohashu.oss.biz.XiaohashuOssBizApplication - The following 1 profile is active: "dev"
2025-10-31 15:11:17.240 [main] INFO  o.springframework.cloud.context.scope.GenericScope - BeanFactory id=bcfde756-787f-31ab-90d5-c09118aa42a8
2025-10-31 15:11:17.362 [main] INFO  o.s.boot.web.embedded.tomcat.TomcatWebServer - Tomcat initialized with port(s): 8081 (http)
2025-10-31 15:11:17.368 [main] INFO  org.apache.catalina.core.StandardService - Starting service [Tomcat]
2025-10-31 15:11:17.368 [main] INFO  org.apache.catalina.core.StandardEngine - Starting Servlet engine: [Apache Tomcat/10.1.5]
2025-10-31 15:11:17.423 [main] INFO  o.a.c.core.ContainerBase.[Tomcat].[localhost].[/] - Initializing Spring embedded WebApplicationContext
2025-10-31 15:11:17.423 [main] INFO  o.s.b.w.s.c.ServletWebServerApplicationContext - Root WebApplicationContext: initialization completed in 457 ms
2025-10-31 15:11:18.971 [main] INFO  org.springframework.cloud.commons.util.InetUtils - Cannot determine local hostname
2025-10-31 15:11:20.265 [main] INFO  org.springframework.cloud.commons.util.InetUtils - Cannot determine local hostname
2025-10-31 15:11:20.300 [main] INFO  o.s.boot.web.embedded.tomcat.TomcatWebServer - Tomcat started on port(s): 8081 (http) with context path ''
2025-10-31 15:11:20.302 [main] INFO  com.alibaba.nacos.client.naming - initializer namespace from ans.namespace attribute : null
2025-10-31 15:11:20.302 [main] INFO  com.alibaba.nacos.client.naming - initializer namespace from ALIBABA_ALIWARE_NAMESPACE attribute :null
2025-10-31 15:11:20.302 [main] INFO  com.alibaba.nacos.client.naming - initializer namespace from namespace attribute :null
2025-10-31 15:11:20.306 [main] INFO  c.a.n.p.auth.spi.client.ClientAuthPluginManager - [ClientAuthPluginManager] Load ClientAuthService com.alibaba.nacos.client.auth.impl.NacosClientAuthServiceImpl success.
2025-10-31 15:11:20.306 [main] INFO  c.a.n.p.auth.spi.client.ClientAuthPluginManager - [ClientAuthPluginManager] Load ClientAuthService com.alibaba.nacos.client.auth.ram.RamClientAuthServiceImpl success.
2025-10-31 15:11:20.308 [main] INFO  com.alibaba.nacos.common.remote.client - [RpcClientFactory] create a new rpc client of 83f7c347-4599-488c-b051-2e8fa0f2cacc
2025-10-31 15:11:20.308 [main] INFO  com.alibaba.nacos.common.remote.client - [83f7c347-4599-488c-b051-2e8fa0f2cacc] RpcClient init, ServerListFactory = com.alibaba.nacos.client.naming.core.ServerListManager
2025-10-31 15:11:20.309 [main] INFO  com.alibaba.nacos.common.remote.client - [83f7c347-4599-488c-b051-2e8fa0f2cacc] Registry connection listener to current client:com.alibaba.nacos.client.naming.remote.gprc.redo.NamingGrpcRedoService
2025-10-31 15:11:20.309 [main] INFO  com.alibaba.nacos.common.remote.client - [83f7c347-4599-488c-b051-2e8fa0f2cacc] Register server push request handler:com.alibaba.nacos.client.naming.remote.gprc.NamingPushRequestHandler
2025-10-31 15:11:20.309 [main] INFO  com.alibaba.nacos.common.remote.client - [83f7c347-4599-488c-b051-2e8fa0f2cacc] Try to connect to server on start up, server: {serverIp = '127.0.0.1', server main port = 8848}
2025-10-31 15:11:20.309 [main] INFO  c.a.nacos.common.remote.client.grpc.GrpcClient - grpc client connection server:127.0.0.1 ip,serverPort:9848,grpcTslConfig:{"sslProvider":"OPENSSL","enableTls":false,"mutualAuthEnable":false,"trustAll":false}
2025-10-31 15:11:20.420 [main] INFO  com.alibaba.nacos.common.remote.client - [83f7c347-4599-488c-b051-2e8fa0f2cacc] Success to connect to server [127.0.0.1:8848] on start up, connectionId = 1761894680314_127.0.0.1_6741
2025-10-31 15:11:20.420 [main] INFO  com.alibaba.nacos.common.remote.client - [83f7c347-4599-488c-b051-2e8fa0f2cacc] Register server push request handler:com.alibaba.nacos.common.remote.client.RpcClient$ConnectResetRequestHandler
2025-10-31 15:11:20.420 [main] INFO  com.alibaba.nacos.common.remote.client - [83f7c347-4599-488c-b051-2e8fa0f2cacc] Register server push request handler:com.alibaba.nacos.common.remote.client.RpcClient$$Lambda$606/0x000001fc94448668
2025-10-31 15:11:20.420 [com.alibaba.nacos.client.remote.worker] INFO  com.alibaba.nacos.common.remote.client - [83f7c347-4599-488c-b051-2e8fa0f2cacc] Notify connected event to listeners.
2025-10-31 15:11:20.421 [com.alibaba.nacos.client.remote.worker] INFO  com.alibaba.nacos.client.naming - Grpc connection connect
2025-10-31 15:11:20.421 [main] INFO  com.alibaba.nacos.client.naming - [REGISTER-SERVICE] xiaohashu registering service xiaohashu-oss with instance Instance{instanceId='null', ip='192.168.134.1', port=8081, weight=1.0, healthy=true, enabled=true, ephemeral=true, clusterName='DEFAULT', serviceName='null', metadata={IPv6=null, preserved.register.source=SPRING_CLOUD}}
2025-10-31 15:11:20.428 [main] INFO  c.a.cloud.nacos.registry.NacosServiceRegistry - nacos registry, DEFAULT_GROUP xiaohashu-oss 192.168.134.1:8081 register finished
2025-10-31 15:11:21.558 [main] INFO  org.springframework.cloud.commons.util.InetUtils - Cannot determine local hostname
2025-10-31 15:11:21.562 [main] INFO  c.q.xiaohashu.oss.biz.XiaohashuOssBizApplication - Started XiaohashuOssBizApplication in 8.366 seconds (process running for 8.832)
2025-10-31 15:11:21.564 [main] INFO  com.alibaba.nacos.client.config.impl.CacheData - nacos.cache.data.init.snapshot = true 
2025-10-31 15:11:21.564 [main] INFO  com.alibaba.nacos.client.config.impl.ClientWorker - [fixed-xiaohashu-127.0.0.1_8848] [subscribe] xiaohashu-oss+DEFAULT_GROUP+xiaohashu
2025-10-31 15:11:21.566 [main] INFO  com.alibaba.nacos.client.config.impl.CacheData - [fixed-xiaohashu-127.0.0.1_8848] [add-listener] ok, tenant=xiaohashu, dataId=xiaohashu-oss, group=DEFAULT_GROUP, cnt=1
2025-10-31 15:11:21.567 [main] INFO  c.a.cloud.nacos.refresh.NacosContextRefresher - [Nacos Config] Listening config: dataId=xiaohashu-oss, group=DEFAULT_GROUP
2025-10-31 15:11:21.567 [main] INFO  com.alibaba.nacos.client.config.impl.ClientWorker - [fixed-xiaohashu-127.0.0.1_8848] [subscribe] xiaohashu-oss-dev.yaml+DEFAULT_GROUP+xiaohashu
2025-10-31 15:11:21.568 [main] INFO  com.alibaba.nacos.client.config.impl.CacheData - [fixed-xiaohashu-127.0.0.1_8848] [add-listener] ok, tenant=xiaohashu, dataId=xiaohashu-oss-dev.yaml, group=DEFAULT_GROUP, cnt=1
2025-10-31 15:11:21.568 [main] INFO  c.a.cloud.nacos.refresh.NacosContextRefresher - [Nacos Config] Listening config: dataId=xiaohashu-oss-dev.yaml, group=DEFAULT_GROUP
2025-10-31 15:11:21.568 [main] INFO  com.alibaba.nacos.client.config.impl.ClientWorker - [fixed-xiaohashu-127.0.0.1_8848] [subscribe] xiaohashu-oss.yaml+DEFAULT_GROUP+xiaohashu
2025-10-31 15:11:21.568 [main] INFO  com.alibaba.nacos.client.config.impl.CacheData - [fixed-xiaohashu-127.0.0.1_8848] [add-listener] ok, tenant=xiaohashu, dataId=xiaohashu-oss.yaml, group=DEFAULT_GROUP, cnt=1
2025-10-31 15:11:21.568 [main] INFO  c.a.cloud.nacos.refresh.NacosContextRefresher - [Nacos Config] Listening config: dataId=xiaohashu-oss.yaml, group=DEFAULT_GROUP
2025-10-31 15:11:59.331 [http-nio-8081-exec-4] INFO  o.a.c.core.ContainerBase.[Tomcat].[localhost].[/] - Initializing Spring DispatcherServlet 'dispatcherServlet'
2025-10-31 15:11:59.331 [http-nio-8081-exec-4] INFO  org.springframework.web.servlet.DispatcherServlet - Initializing Servlet 'dispatcherServlet'
2025-10-31 15:11:59.332 [http-nio-8081-exec-4] INFO  org.springframework.web.servlet.DispatcherServlet - Completed initialization in 1 ms
2025-10-31 15:11:59.356 [http-nio-8081-exec-4] INFO  c.q.x.oss.biz.strategy.impl.MinioFileStrategy - ## 上传文件至 Minio ...
2025-10-31 15:11:59.357 [http-nio-8081-exec-4] INFO  c.q.x.oss.biz.strategy.impl.MinioFileStrategy - ==> 开始上传文件至 Minio, ObjectName: 88a3e14978944bca8078686a0c1bc07b.jpg
2025-10-31 15:11:59.481 [http-nio-8081-exec-4] INFO  c.q.x.oss.biz.strategy.impl.MinioFileStrategy - ==> 上传文件至 Minio 成功，访问路径: http://192.168.134.128:9000/xiaohashu/88a3e14978944bca8078686a0c1bc07b.jpg
2025-10-31 19:39:38.270 [main] WARN  com.alibaba.nacos.client.logging.NacosLogging - Load Logback Configuration of Nacos fail, message: Could not initialize Logback Nacos logging from classpath:nacos-logback.xml
2025-10-31 19:39:38.315 [main] WARN  com.alibaba.nacos.client.logging.NacosLogging - Load Logback Configuration of Nacos fail, message: Could not initialize Logback Nacos logging from classpath:nacos-logback.xml
2025-10-31 19:39:38.507 [main] WARN  com.alibaba.nacos.client.logging.NacosLogging - Load Logback Configuration of Nacos fail, message: Could not initialize Logback Nacos logging from classpath:nacos-logback.xml
2025-10-31 19:39:38.508 [main] INFO  com.alibaba.nacos.client.utils.ParamUtil - [settings] [req-serv] nacos-server port:8848
2025-10-31 19:39:38.508 [main] INFO  com.alibaba.nacos.client.utils.ParamUtil - [settings] [http-client] connect timeout:1000
2025-10-31 19:39:38.509 [main] INFO  com.alibaba.nacos.client.utils.ParamUtil - PER_TASK_CONFIG_SIZE: 3000.0
2025-10-31 19:39:38.522 [main] INFO  c.a.n.p.auth.spi.client.ClientAuthPluginManager - [ClientAuthPluginManager] Load ClientAuthService com.alibaba.nacos.client.auth.impl.NacosClientAuthServiceImpl success.
2025-10-31 19:39:38.523 [main] INFO  c.a.n.p.auth.spi.client.ClientAuthPluginManager - [ClientAuthPluginManager] Load ClientAuthService com.alibaba.nacos.client.auth.ram.RamClientAuthServiceImpl success.
2025-10-31 19:39:38.524 [main] INFO  c.a.n.client.auth.ram.identify.CredentialWatcher - null No credential found
2025-10-31 19:39:38.733 [main] WARN  com.alibaba.nacos.client.logging.NacosLogging - Load Logback Configuration of Nacos fail, message: Could not initialize Logback Nacos logging from classpath:nacos-logback.xml
2025-10-31 19:39:38.742 [main] INFO  c.a.n.client.config.impl.LocalConfigInfoProcessor - LOCAL_SNAPSHOT_PATH:C:\Users\hp\nacos\config
2025-10-31 19:39:38.744 [main] INFO  com.alibaba.nacos.common.remote.client - [RpcClientFactory] create a new rpc client of 12ebc372-7b08-4f78-b622-08499e710c0e_config-0
2025-10-31 19:39:38.752 [main] INFO  com.alibaba.nacos.common.remote.client - [12ebc372-7b08-4f78-b622-08499e710c0e_config-0] Register server push request handler:com.alibaba.nacos.client.config.impl.ClientWorker$ConfigRpcTransportClient$$Lambda$585/0x000002409c323058
2025-10-31 19:39:38.752 [main] INFO  com.alibaba.nacos.common.remote.client - [12ebc372-7b08-4f78-b622-08499e710c0e_config-0] Register server push request handler:com.alibaba.nacos.client.config.impl.ClientWorker$ConfigRpcTransportClient$$Lambda$586/0x000002409c323478
2025-10-31 19:39:38.753 [main] INFO  com.alibaba.nacos.common.remote.client - [12ebc372-7b08-4f78-b622-08499e710c0e_config-0] Registry connection listener to current client:com.alibaba.nacos.client.config.impl.ClientWorker$ConfigRpcTransportClient$1
2025-10-31 19:39:38.753 [main] INFO  com.alibaba.nacos.common.remote.client - [12ebc372-7b08-4f78-b622-08499e710c0e_config-0] RpcClient init, ServerListFactory = com.alibaba.nacos.client.config.impl.ClientWorker$ConfigRpcTransportClient$2
2025-10-31 19:39:38.758 [main] INFO  com.alibaba.nacos.common.remote.client - [12ebc372-7b08-4f78-b622-08499e710c0e_config-0] Try to connect to server on start up, server: {serverIp = '127.0.0.1', server main port = 8848}
2025-10-31 19:39:38.779 [main] INFO  c.a.nacos.common.remote.client.grpc.GrpcClient - grpc client connection server:127.0.0.1 ip,serverPort:9848,grpcTslConfig:{"sslProvider":"OPENSSL","enableTls":false,"mutualAuthEnable":false,"trustAll":false}
2025-10-31 19:39:39.345 [main] INFO  com.alibaba.nacos.common.remote.client - [12ebc372-7b08-4f78-b622-08499e710c0e_config-0] Success to connect to server [127.0.0.1:8848] on start up, connectionId = 1761910779190_127.0.0.1_7000
2025-10-31 19:39:39.345 [com.alibaba.nacos.client.remote.worker] INFO  com.alibaba.nacos.common.remote.client - [12ebc372-7b08-4f78-b622-08499e710c0e_config-0] Notify connected event to listeners.
2025-10-31 19:39:39.345 [com.alibaba.nacos.client.remote.worker] INFO  com.alibaba.nacos.client.config.impl.ClientWorker - [12ebc372-7b08-4f78-b622-08499e710c0e_config-0] Connected,notify listen context...
2025-10-31 19:39:39.345 [main] INFO  com.alibaba.nacos.common.remote.client - [12ebc372-7b08-4f78-b622-08499e710c0e_config-0] Register server push request handler:com.alibaba.nacos.common.remote.client.RpcClient$ConnectResetRequestHandler
2025-10-31 19:39:39.346 [main] INFO  com.alibaba.nacos.common.remote.client - [12ebc372-7b08-4f78-b622-08499e710c0e_config-0] Register server push request handler:com.alibaba.nacos.common.remote.client.RpcClient$$Lambda$606/0x000002409c42f068
2025-10-31 19:39:39.363 [main] INFO  com.alibaba.nacos.client.config.impl.Limiter - limitTime:5.0
2025-10-31 19:39:39.371 [main] WARN  c.a.cloud.nacos.client.NacosPropertySourceBuilder - Ignore the empty nacos configuration and get it based on dataId[xiaohashu-oss] & group[DEFAULT_GROUP]
2025-10-31 19:39:39.377 [main] WARN  c.a.cloud.nacos.client.NacosPropertySourceBuilder - Ignore the empty nacos configuration and get it based on dataId[xiaohashu-oss.yaml] & group[DEFAULT_GROUP]
2025-10-31 19:39:39.381 [main] INFO  com.alibaba.nacos.client.config.utils.JvmUtil - isMultiInstance:false
2025-10-31 19:39:39.384 [main] INFO  o.s.c.b.c.PropertySourceBootstrapConfiguration - Located property source: [BootstrapPropertySource {name='bootstrapProperties-xiaohashu-oss-dev.yaml,DEFAULT_GROUP'}, BootstrapPropertySource {name='bootstrapProperties-xiaohashu-oss.yaml,DEFAULT_GROUP'}, BootstrapPropertySource {name='bootstrapProperties-xiaohashu-oss,DEFAULT_GROUP'}]
2025-10-31 19:39:39.388 [main] WARN  com.alibaba.nacos.client.logging.NacosLogging - Load Logback Configuration of Nacos fail, message: Could not initialize Logback Nacos logging from classpath:nacos-logback.xml
2025-10-31 19:39:39.388 [main] INFO  c.q.xiaohashu.oss.biz.XiaohashuOssBizApplication - The following 1 profile is active: "dev"
2025-10-31 19:39:39.698 [main] INFO  o.springframework.cloud.context.scope.GenericScope - BeanFactory id=431b852a-ce3f-3e34-8aab-d752b6637b7a
2025-10-31 19:39:39.819 [main] INFO  o.s.boot.web.embedded.tomcat.TomcatWebServer - Tomcat initialized with port(s): 8081 (http)
2025-10-31 19:39:39.824 [main] INFO  org.apache.catalina.core.StandardService - Starting service [Tomcat]
2025-10-31 19:39:39.825 [main] INFO  org.apache.catalina.core.StandardEngine - Starting Servlet engine: [Apache Tomcat/10.1.5]
2025-10-31 19:39:39.873 [main] INFO  o.a.c.core.ContainerBase.[Tomcat].[localhost].[/] - Initializing Spring embedded WebApplicationContext
2025-10-31 19:39:39.873 [main] INFO  o.s.b.w.s.c.ServletWebServerApplicationContext - Root WebApplicationContext: initialization completed in 477 ms
2025-10-31 19:39:40.729 [main] INFO  o.s.boot.web.embedded.tomcat.TomcatWebServer - Tomcat started on port(s): 8081 (http) with context path ''
2025-10-31 19:39:40.733 [main] INFO  com.alibaba.nacos.client.naming - initializer namespace from ans.namespace attribute : null
2025-10-31 19:39:40.733 [main] INFO  com.alibaba.nacos.client.naming - initializer namespace from ALIBABA_ALIWARE_NAMESPACE attribute :null
2025-10-31 19:39:40.733 [main] INFO  com.alibaba.nacos.client.naming - initializer namespace from namespace attribute :null
2025-10-31 19:39:40.739 [main] INFO  c.a.n.p.auth.spi.client.ClientAuthPluginManager - [ClientAuthPluginManager] Load ClientAuthService com.alibaba.nacos.client.auth.impl.NacosClientAuthServiceImpl success.
2025-10-31 19:39:40.739 [main] INFO  c.a.n.p.auth.spi.client.ClientAuthPluginManager - [ClientAuthPluginManager] Load ClientAuthService com.alibaba.nacos.client.auth.ram.RamClientAuthServiceImpl success.
2025-10-31 19:39:40.741 [main] INFO  com.alibaba.nacos.common.remote.client - [RpcClientFactory] create a new rpc client of ffc33b66-19ae-4d11-b540-81f0406b1e7b
2025-10-31 19:39:40.742 [main] INFO  com.alibaba.nacos.common.remote.client - [ffc33b66-19ae-4d11-b540-81f0406b1e7b] RpcClient init, ServerListFactory = com.alibaba.nacos.client.naming.core.ServerListManager
2025-10-31 19:39:40.742 [main] INFO  com.alibaba.nacos.common.remote.client - [ffc33b66-19ae-4d11-b540-81f0406b1e7b] Registry connection listener to current client:com.alibaba.nacos.client.naming.remote.gprc.redo.NamingGrpcRedoService
2025-10-31 19:39:40.742 [main] INFO  com.alibaba.nacos.common.remote.client - [ffc33b66-19ae-4d11-b540-81f0406b1e7b] Register server push request handler:com.alibaba.nacos.client.naming.remote.gprc.NamingPushRequestHandler
2025-10-31 19:39:40.743 [main] INFO  com.alibaba.nacos.common.remote.client - [ffc33b66-19ae-4d11-b540-81f0406b1e7b] Try to connect to server on start up, server: {serverIp = '127.0.0.1', server main port = 8848}
2025-10-31 19:39:40.743 [main] INFO  c.a.nacos.common.remote.client.grpc.GrpcClient - grpc client connection server:127.0.0.1 ip,serverPort:9848,grpcTslConfig:{"sslProvider":"OPENSSL","enableTls":false,"mutualAuthEnable":false,"trustAll":false}
2025-10-31 19:39:40.858 [main] INFO  com.alibaba.nacos.common.remote.client - [ffc33b66-19ae-4d11-b540-81f0406b1e7b] Success to connect to server [127.0.0.1:8848] on start up, connectionId = 1761910780746_127.0.0.1_7005
2025-10-31 19:39:40.858 [com.alibaba.nacos.client.remote.worker] INFO  com.alibaba.nacos.common.remote.client - [ffc33b66-19ae-4d11-b540-81f0406b1e7b] Notify connected event to listeners.
2025-10-31 19:39:40.858 [com.alibaba.nacos.client.remote.worker] INFO  com.alibaba.nacos.client.naming - Grpc connection connect
2025-10-31 19:39:40.858 [main] INFO  com.alibaba.nacos.common.remote.client - [ffc33b66-19ae-4d11-b540-81f0406b1e7b] Register server push request handler:com.alibaba.nacos.common.remote.client.RpcClient$ConnectResetRequestHandler
2025-10-31 19:39:40.859 [main] INFO  com.alibaba.nacos.common.remote.client - [ffc33b66-19ae-4d11-b540-81f0406b1e7b] Register server push request handler:com.alibaba.nacos.common.remote.client.RpcClient$$Lambda$606/0x000002409c42f068
2025-10-31 19:39:40.859 [main] INFO  com.alibaba.nacos.client.naming - [REGISTER-SERVICE] xiaohashu registering service xiaohashu-oss with instance Instance{instanceId='null', ip='192.168.134.1', port=8081, weight=1.0, healthy=true, enabled=true, ephemeral=true, clusterName='DEFAULT', serviceName='null', metadata={IPv6=null, preserved.register.source=SPRING_CLOUD}}
2025-10-31 19:39:40.870 [main] INFO  c.a.cloud.nacos.registry.NacosServiceRegistry - nacos registry, DEFAULT_GROUP xiaohashu-oss 192.168.134.1:8081 register finished
2025-10-31 19:39:41.008 [main] INFO  c.q.xiaohashu.oss.biz.XiaohashuOssBizApplication - Started XiaohashuOssBizApplication in 3.288 seconds (process running for 3.758)
2025-10-31 19:39:41.009 [main] INFO  com.alibaba.nacos.client.config.impl.CacheData - nacos.cache.data.init.snapshot = true 
2025-10-31 19:39:41.011 [main] INFO  com.alibaba.nacos.client.config.impl.ClientWorker - [fixed-xiaohashu-127.0.0.1_8848] [subscribe] xiaohashu-oss+DEFAULT_GROUP+xiaohashu
2025-10-31 19:39:41.013 [main] INFO  com.alibaba.nacos.client.config.impl.CacheData - [fixed-xiaohashu-127.0.0.1_8848] [add-listener] ok, tenant=xiaohashu, dataId=xiaohashu-oss, group=DEFAULT_GROUP, cnt=1
2025-10-31 19:39:41.014 [main] INFO  c.a.cloud.nacos.refresh.NacosContextRefresher - [Nacos Config] Listening config: dataId=xiaohashu-oss, group=DEFAULT_GROUP
2025-10-31 19:39:41.015 [main] INFO  com.alibaba.nacos.client.config.impl.ClientWorker - [fixed-xiaohashu-127.0.0.1_8848] [subscribe] xiaohashu-oss-dev.yaml+DEFAULT_GROUP+xiaohashu
2025-10-31 19:39:41.015 [main] INFO  com.alibaba.nacos.client.config.impl.CacheData - [fixed-xiaohashu-127.0.0.1_8848] [add-listener] ok, tenant=xiaohashu, dataId=xiaohashu-oss-dev.yaml, group=DEFAULT_GROUP, cnt=1
2025-10-31 19:39:41.015 [main] INFO  c.a.cloud.nacos.refresh.NacosContextRefresher - [Nacos Config] Listening config: dataId=xiaohashu-oss-dev.yaml, group=DEFAULT_GROUP
2025-10-31 19:39:41.015 [main] INFO  com.alibaba.nacos.client.config.impl.ClientWorker - [fixed-xiaohashu-127.0.0.1_8848] [subscribe] xiaohashu-oss.yaml+DEFAULT_GROUP+xiaohashu
2025-10-31 19:39:41.015 [main] INFO  com.alibaba.nacos.client.config.impl.CacheData - [fixed-xiaohashu-127.0.0.1_8848] [add-listener] ok, tenant=xiaohashu, dataId=xiaohashu-oss.yaml, group=DEFAULT_GROUP, cnt=1
2025-10-31 19:39:41.015 [main] INFO  c.a.cloud.nacos.refresh.NacosContextRefresher - [Nacos Config] Listening config: dataId=xiaohashu-oss.yaml, group=DEFAULT_GROUP
2025-10-31 20:29:34.836 [main] WARN  com.alibaba.nacos.client.logging.NacosLogging - Load Logback Configuration of Nacos fail, message: Could not initialize Logback Nacos logging from classpath:nacos-logback.xml
2025-10-31 20:29:34.887 [main] WARN  com.alibaba.nacos.client.logging.NacosLogging - Load Logback Configuration of Nacos fail, message: Could not initialize Logback Nacos logging from classpath:nacos-logback.xml
2025-10-31 20:29:35.123 [main] WARN  com.alibaba.nacos.client.logging.NacosLogging - Load Logback Configuration of Nacos fail, message: Could not initialize Logback Nacos logging from classpath:nacos-logback.xml
2025-10-31 20:29:35.124 [main] INFO  com.alibaba.nacos.client.utils.ParamUtil - [settings] [req-serv] nacos-server port:8848
2025-10-31 20:29:35.124 [main] INFO  com.alibaba.nacos.client.utils.ParamUtil - [settings] [http-client] connect timeout:1000
2025-10-31 20:29:35.125 [main] INFO  com.alibaba.nacos.client.utils.ParamUtil - PER_TASK_CONFIG_SIZE: 3000.0
2025-10-31 20:29:35.142 [main] INFO  c.a.n.p.auth.spi.client.ClientAuthPluginManager - [ClientAuthPluginManager] Load ClientAuthService com.alibaba.nacos.client.auth.impl.NacosClientAuthServiceImpl success.
2025-10-31 20:29:35.142 [main] INFO  c.a.n.p.auth.spi.client.ClientAuthPluginManager - [ClientAuthPluginManager] Load ClientAuthService com.alibaba.nacos.client.auth.ram.RamClientAuthServiceImpl success.
2025-10-31 20:29:35.144 [main] INFO  c.a.n.client.auth.ram.identify.CredentialWatcher - null No credential found
2025-10-31 20:29:35.357 [main] WARN  com.alibaba.nacos.client.logging.NacosLogging - Load Logback Configuration of Nacos fail, message: Could not initialize Logback Nacos logging from classpath:nacos-logback.xml
2025-10-31 20:29:35.365 [main] INFO  c.a.n.client.config.impl.LocalConfigInfoProcessor - LOCAL_SNAPSHOT_PATH:C:\Users\hp\nacos\config
2025-10-31 20:29:35.367 [main] INFO  com.alibaba.nacos.common.remote.client - [RpcClientFactory] create a new rpc client of d13249cf-de11-43b9-b721-a63b0f209278_config-0
2025-10-31 20:29:35.375 [main] INFO  com.alibaba.nacos.common.remote.client - [d13249cf-de11-43b9-b721-a63b0f209278_config-0] Register server push request handler:com.alibaba.nacos.client.config.impl.ClientWorker$ConfigRpcTransportClient$$Lambda$585/0x000001ec06323af8
2025-10-31 20:29:35.375 [main] INFO  com.alibaba.nacos.common.remote.client - [d13249cf-de11-43b9-b721-a63b0f209278_config-0] Register server push request handler:com.alibaba.nacos.client.config.impl.ClientWorker$ConfigRpcTransportClient$$Lambda$586/0x000001ec06323f18
2025-10-31 20:29:35.375 [main] INFO  com.alibaba.nacos.common.remote.client - [d13249cf-de11-43b9-b721-a63b0f209278_config-0] Registry connection listener to current client:com.alibaba.nacos.client.config.impl.ClientWorker$ConfigRpcTransportClient$1
2025-10-31 20:29:35.376 [main] INFO  com.alibaba.nacos.common.remote.client - [d13249cf-de11-43b9-b721-a63b0f209278_config-0] RpcClient init, ServerListFactory = com.alibaba.nacos.client.config.impl.ClientWorker$ConfigRpcTransportClient$2
2025-10-31 20:29:35.380 [main] INFO  com.alibaba.nacos.common.remote.client - [d13249cf-de11-43b9-b721-a63b0f209278_config-0] Try to connect to server on start up, server: {serverIp = '127.0.0.1', server main port = 8848}
2025-10-31 20:29:35.402 [main] INFO  c.a.nacos.common.remote.client.grpc.GrpcClient - grpc client connection server:127.0.0.1 ip,serverPort:9848,grpcTslConfig:{"sslProvider":"OPENSSL","enableTls":false,"mutualAuthEnable":false,"trustAll":false}
2025-10-31 20:29:35.973 [main] INFO  com.alibaba.nacos.common.remote.client - [d13249cf-de11-43b9-b721-a63b0f209278_config-0] Success to connect to server [127.0.0.1:8848] on start up, connectionId = 1761913775824_127.0.0.1_2518
2025-10-31 20:29:35.973 [com.alibaba.nacos.client.remote.worker] INFO  com.alibaba.nacos.common.remote.client - [d13249cf-de11-43b9-b721-a63b0f209278_config-0] Notify connected event to listeners.
2025-10-31 20:29:35.974 [com.alibaba.nacos.client.remote.worker] INFO  com.alibaba.nacos.client.config.impl.ClientWorker - [d13249cf-de11-43b9-b721-a63b0f209278_config-0] Connected,notify listen context...
2025-10-31 20:29:35.974 [main] INFO  com.alibaba.nacos.common.remote.client - [d13249cf-de11-43b9-b721-a63b0f209278_config-0] Register server push request handler:com.alibaba.nacos.common.remote.client.RpcClient$ConnectResetRequestHandler
2025-10-31 20:29:35.974 [main] INFO  com.alibaba.nacos.common.remote.client - [d13249cf-de11-43b9-b721-a63b0f209278_config-0] Register server push request handler:com.alibaba.nacos.common.remote.client.RpcClient$$Lambda$606/0x000001ec0642f7d0
2025-10-31 20:29:35.990 [main] INFO  com.alibaba.nacos.client.config.impl.Limiter - limitTime:5.0
2025-10-31 20:29:36.000 [main] WARN  c.a.cloud.nacos.client.NacosPropertySourceBuilder - Ignore the empty nacos configuration and get it based on dataId[xiaohashu-oss] & group[DEFAULT_GROUP]
2025-10-31 20:29:36.005 [main] WARN  c.a.cloud.nacos.client.NacosPropertySourceBuilder - Ignore the empty nacos configuration and get it based on dataId[xiaohashu-oss.yaml] & group[DEFAULT_GROUP]
2025-10-31 20:29:36.009 [main] INFO  com.alibaba.nacos.client.config.utils.JvmUtil - isMultiInstance:false
2025-10-31 20:29:36.012 [main] INFO  o.s.c.b.c.PropertySourceBootstrapConfiguration - Located property source: [BootstrapPropertySource {name='bootstrapProperties-xiaohashu-oss-dev.yaml,DEFAULT_GROUP'}, BootstrapPropertySource {name='bootstrapProperties-xiaohashu-oss.yaml,DEFAULT_GROUP'}, BootstrapPropertySource {name='bootstrapProperties-xiaohashu-oss,DEFAULT_GROUP'}]
2025-10-31 20:29:36.015 [main] WARN  com.alibaba.nacos.client.logging.NacosLogging - Load Logback Configuration of Nacos fail, message: Could not initialize Logback Nacos logging from classpath:nacos-logback.xml
2025-10-31 20:29:36.016 [main] INFO  c.q.xiaohashu.oss.biz.XiaohashuOssBizApplication - The following 1 profile is active: "dev"
2025-10-31 20:29:36.413 [main] INFO  o.springframework.cloud.context.scope.GenericScope - BeanFactory id=f641ba8e-c4e2-3439-9fc6-ceae67a7e62a
2025-10-31 20:29:36.635 [main] INFO  o.s.boot.web.embedded.tomcat.TomcatWebServer - Tomcat initialized with port(s): 8081 (http)
2025-10-31 20:29:36.640 [main] INFO  org.apache.catalina.core.StandardService - Starting service [Tomcat]
2025-10-31 20:29:36.640 [main] INFO  org.apache.catalina.core.StandardEngine - Starting Servlet engine: [Apache Tomcat/10.1.5]
2025-10-31 20:29:36.693 [main] INFO  o.a.c.core.ContainerBase.[Tomcat].[localhost].[/] - Initializing Spring embedded WebApplicationContext
2025-10-31 20:29:36.693 [main] INFO  o.s.b.w.s.c.ServletWebServerApplicationContext - Root WebApplicationContext: initialization completed in 670 ms
2025-10-31 20:29:37.571 [main] WARN  o.s.c.l.c.LoadBalancerCacheAutoConfiguration$LoadBalancerCaffeineWarnLogger - Spring Cloud LoadBalancer is currently working with the default cache. While this cache implementation is useful for development and tests, it's recommended to use Caffeine cache in production.You can switch to using Caffeine cache, by adding it and org.springframework.cache.caffeine.CaffeineCacheManager to the classpath.
2025-10-31 20:29:37.619 [main] INFO  o.s.boot.web.embedded.tomcat.TomcatWebServer - Tomcat started on port(s): 8081 (http) with context path ''
2025-10-31 20:29:37.621 [main] INFO  com.alibaba.nacos.client.naming - initializer namespace from ans.namespace attribute : null
2025-10-31 20:29:37.622 [main] INFO  com.alibaba.nacos.client.naming - initializer namespace from ALIBABA_ALIWARE_NAMESPACE attribute :null
2025-10-31 20:29:37.622 [main] INFO  com.alibaba.nacos.client.naming - initializer namespace from namespace attribute :null
2025-10-31 20:29:37.626 [main] INFO  c.a.n.p.auth.spi.client.ClientAuthPluginManager - [ClientAuthPluginManager] Load ClientAuthService com.alibaba.nacos.client.auth.impl.NacosClientAuthServiceImpl success.
2025-10-31 20:29:37.626 [main] INFO  c.a.n.p.auth.spi.client.ClientAuthPluginManager - [ClientAuthPluginManager] Load ClientAuthService com.alibaba.nacos.client.auth.ram.RamClientAuthServiceImpl success.
2025-10-31 20:29:37.628 [main] INFO  com.alibaba.nacos.common.remote.client - [RpcClientFactory] create a new rpc client of 13d36eda-72f4-4504-b2cc-eccf0af664d6
2025-10-31 20:29:37.629 [main] INFO  com.alibaba.nacos.common.remote.client - [13d36eda-72f4-4504-b2cc-eccf0af664d6] RpcClient init, ServerListFactory = com.alibaba.nacos.client.naming.core.ServerListManager
2025-10-31 20:29:37.629 [main] INFO  com.alibaba.nacos.common.remote.client - [13d36eda-72f4-4504-b2cc-eccf0af664d6] Registry connection listener to current client:com.alibaba.nacos.client.naming.remote.gprc.redo.NamingGrpcRedoService
2025-10-31 20:29:37.629 [main] INFO  com.alibaba.nacos.common.remote.client - [13d36eda-72f4-4504-b2cc-eccf0af664d6] Register server push request handler:com.alibaba.nacos.client.naming.remote.gprc.NamingPushRequestHandler
2025-10-31 20:29:37.630 [main] INFO  com.alibaba.nacos.common.remote.client - [13d36eda-72f4-4504-b2cc-eccf0af664d6] Try to connect to server on start up, server: {serverIp = '127.0.0.1', server main port = 8848}
2025-10-31 20:29:37.630 [main] INFO  c.a.nacos.common.remote.client.grpc.GrpcClient - grpc client connection server:127.0.0.1 ip,serverPort:9848,grpcTslConfig:{"sslProvider":"OPENSSL","enableTls":false,"mutualAuthEnable":false,"trustAll":false}
2025-10-31 20:29:37.751 [main] INFO  com.alibaba.nacos.common.remote.client - [13d36eda-72f4-4504-b2cc-eccf0af664d6] Success to connect to server [127.0.0.1:8848] on start up, connectionId = 1761913777633_127.0.0.1_2525
2025-10-31 20:29:37.751 [com.alibaba.nacos.client.remote.worker] INFO  com.alibaba.nacos.common.remote.client - [13d36eda-72f4-4504-b2cc-eccf0af664d6] Notify connected event to listeners.
2025-10-31 20:29:37.751 [com.alibaba.nacos.client.remote.worker] INFO  com.alibaba.nacos.client.naming - Grpc connection connect
2025-10-31 20:29:37.751 [main] INFO  com.alibaba.nacos.common.remote.client - [13d36eda-72f4-4504-b2cc-eccf0af664d6] Register server push request handler:com.alibaba.nacos.common.remote.client.RpcClient$ConnectResetRequestHandler
2025-10-31 20:29:37.752 [main] INFO  com.alibaba.nacos.common.remote.client - [13d36eda-72f4-4504-b2cc-eccf0af664d6] Register server push request handler:com.alibaba.nacos.common.remote.client.RpcClient$$Lambda$606/0x000001ec0642f7d0
2025-10-31 20:29:37.753 [main] INFO  com.alibaba.nacos.client.naming - [REGISTER-SERVICE] xiaohashu registering service xiaohashu-oss with instance Instance{instanceId='null', ip='192.168.134.1', port=8081, weight=1.0, healthy=true, enabled=true, ephemeral=true, clusterName='DEFAULT', serviceName='null', metadata={IPv6=null, preserved.register.source=SPRING_CLOUD}}
2025-10-31 20:29:37.761 [main] INFO  c.a.cloud.nacos.registry.NacosServiceRegistry - nacos registry, DEFAULT_GROUP xiaohashu-oss 192.168.134.1:8081 register finished
2025-10-31 20:29:37.916 [main] INFO  c.q.xiaohashu.oss.biz.XiaohashuOssBizApplication - Started XiaohashuOssBizApplication in 3.678 seconds (process running for 4.119)
2025-10-31 20:29:37.917 [main] INFO  com.alibaba.nacos.client.config.impl.CacheData - nacos.cache.data.init.snapshot = true 
2025-10-31 20:29:37.918 [main] INFO  com.alibaba.nacos.client.config.impl.ClientWorker - [fixed-xiaohashu-127.0.0.1_8848] [subscribe] xiaohashu-oss+DEFAULT_GROUP+xiaohashu
2025-10-31 20:29:37.921 [main] INFO  com.alibaba.nacos.client.config.impl.CacheData - [fixed-xiaohashu-127.0.0.1_8848] [add-listener] ok, tenant=xiaohashu, dataId=xiaohashu-oss, group=DEFAULT_GROUP, cnt=1
2025-10-31 20:29:37.921 [main] INFO  c.a.cloud.nacos.refresh.NacosContextRefresher - [Nacos Config] Listening config: dataId=xiaohashu-oss, group=DEFAULT_GROUP
2025-10-31 20:29:37.922 [main] INFO  com.alibaba.nacos.client.config.impl.ClientWorker - [fixed-xiaohashu-127.0.0.1_8848] [subscribe] xiaohashu-oss-dev.yaml+DEFAULT_GROUP+xiaohashu
2025-10-31 20:29:37.922 [main] INFO  com.alibaba.nacos.client.config.impl.CacheData - [fixed-xiaohashu-127.0.0.1_8848] [add-listener] ok, tenant=xiaohashu, dataId=xiaohashu-oss-dev.yaml, group=DEFAULT_GROUP, cnt=1
2025-10-31 20:29:37.922 [main] INFO  c.a.cloud.nacos.refresh.NacosContextRefresher - [Nacos Config] Listening config: dataId=xiaohashu-oss-dev.yaml, group=DEFAULT_GROUP
2025-10-31 20:29:37.922 [main] INFO  com.alibaba.nacos.client.config.impl.ClientWorker - [fixed-xiaohashu-127.0.0.1_8848] [subscribe] xiaohashu-oss.yaml+DEFAULT_GROUP+xiaohashu
2025-10-31 20:29:37.922 [main] INFO  com.alibaba.nacos.client.config.impl.CacheData - [fixed-xiaohashu-127.0.0.1_8848] [add-listener] ok, tenant=xiaohashu, dataId=xiaohashu-oss.yaml, group=DEFAULT_GROUP, cnt=1
2025-10-31 20:29:37.922 [main] INFO  c.a.cloud.nacos.refresh.NacosContextRefresher - [Nacos Config] Listening config: dataId=xiaohashu-oss.yaml, group=DEFAULT_GROUP
2025-10-31 20:54:15.232 [main] WARN  com.alibaba.nacos.client.logging.NacosLogging - Load Logback Configuration of Nacos fail, message: Could not initialize Logback Nacos logging from classpath:nacos-logback.xml
2025-10-31 20:54:15.281 [main] WARN  com.alibaba.nacos.client.logging.NacosLogging - Load Logback Configuration of Nacos fail, message: Could not initialize Logback Nacos logging from classpath:nacos-logback.xml
2025-10-31 20:54:15.468 [main] WARN  com.alibaba.nacos.client.logging.NacosLogging - Load Logback Configuration of Nacos fail, message: Could not initialize Logback Nacos logging from classpath:nacos-logback.xml
2025-10-31 20:54:15.469 [main] INFO  com.alibaba.nacos.client.utils.ParamUtil - [settings] [req-serv] nacos-server port:8848
2025-10-31 20:54:15.469 [main] INFO  com.alibaba.nacos.client.utils.ParamUtil - [settings] [http-client] connect timeout:1000
2025-10-31 20:54:15.470 [main] INFO  com.alibaba.nacos.client.utils.ParamUtil - PER_TASK_CONFIG_SIZE: 3000.0
2025-10-31 20:54:15.486 [main] INFO  c.a.n.p.auth.spi.client.ClientAuthPluginManager - [ClientAuthPluginManager] Load ClientAuthService com.alibaba.nacos.client.auth.impl.NacosClientAuthServiceImpl success.
2025-10-31 20:54:15.486 [main] INFO  c.a.n.p.auth.spi.client.ClientAuthPluginManager - [ClientAuthPluginManager] Load ClientAuthService com.alibaba.nacos.client.auth.ram.RamClientAuthServiceImpl success.
2025-10-31 20:54:15.487 [main] INFO  c.a.n.client.auth.ram.identify.CredentialWatcher - null No credential found
2025-10-31 20:54:15.688 [main] WARN  com.alibaba.nacos.client.logging.NacosLogging - Load Logback Configuration of Nacos fail, message: Could not initialize Logback Nacos logging from classpath:nacos-logback.xml
2025-10-31 20:54:15.697 [main] INFO  c.a.n.client.config.impl.LocalConfigInfoProcessor - LOCAL_SNAPSHOT_PATH:C:\Users\hp\nacos\config
2025-10-31 20:54:15.699 [main] INFO  com.alibaba.nacos.common.remote.client - [RpcClientFactory] create a new rpc client of 21f81ac0-f34c-412a-9dc2-541a4aa15103_config-0
2025-10-31 20:54:15.709 [main] INFO  com.alibaba.nacos.common.remote.client - [21f81ac0-f34c-412a-9dc2-541a4aa15103_config-0] Register server push request handler:com.alibaba.nacos.client.config.impl.ClientWorker$ConfigRpcTransportClient$$Lambda$585/0x0000028849323058
2025-10-31 20:54:15.709 [main] INFO  com.alibaba.nacos.common.remote.client - [21f81ac0-f34c-412a-9dc2-541a4aa15103_config-0] Register server push request handler:com.alibaba.nacos.client.config.impl.ClientWorker$ConfigRpcTransportClient$$Lambda$586/0x0000028849323478
2025-10-31 20:54:15.709 [main] INFO  com.alibaba.nacos.common.remote.client - [21f81ac0-f34c-412a-9dc2-541a4aa15103_config-0] Registry connection listener to current client:com.alibaba.nacos.client.config.impl.ClientWorker$ConfigRpcTransportClient$1
2025-10-31 20:54:15.710 [main] INFO  com.alibaba.nacos.common.remote.client - [21f81ac0-f34c-412a-9dc2-541a4aa15103_config-0] RpcClient init, ServerListFactory = com.alibaba.nacos.client.config.impl.ClientWorker$ConfigRpcTransportClient$2
2025-10-31 20:54:15.714 [main] INFO  com.alibaba.nacos.common.remote.client - [21f81ac0-f34c-412a-9dc2-541a4aa15103_config-0] Try to connect to server on start up, server: {serverIp = '127.0.0.1', server main port = 8848}
2025-10-31 20:54:15.735 [main] INFO  c.a.nacos.common.remote.client.grpc.GrpcClient - grpc client connection server:127.0.0.1 ip,serverPort:9848,grpcTslConfig:{"sslProvider":"OPENSSL","enableTls":false,"mutualAuthEnable":false,"trustAll":false}
2025-10-31 20:54:16.385 [main] INFO  com.alibaba.nacos.common.remote.client - [21f81ac0-f34c-412a-9dc2-541a4aa15103_config-0] Success to connect to server [127.0.0.1:8848] on start up, connectionId = 1761915256220_127.0.0.1_7181
2025-10-31 20:54:16.385 [com.alibaba.nacos.client.remote.worker] INFO  com.alibaba.nacos.common.remote.client - [21f81ac0-f34c-412a-9dc2-541a4aa15103_config-0] Notify connected event to listeners.
2025-10-31 20:54:16.385 [com.alibaba.nacos.client.remote.worker] INFO  com.alibaba.nacos.client.config.impl.ClientWorker - [21f81ac0-f34c-412a-9dc2-541a4aa15103_config-0] Connected,notify listen context...
2025-10-31 20:54:16.386 [main] INFO  com.alibaba.nacos.common.remote.client - [21f81ac0-f34c-412a-9dc2-541a4aa15103_config-0] Register server push request handler:com.alibaba.nacos.common.remote.client.RpcClient$ConnectResetRequestHandler
2025-10-31 20:54:16.386 [main] INFO  com.alibaba.nacos.common.remote.client - [21f81ac0-f34c-412a-9dc2-541a4aa15103_config-0] Register server push request handler:com.alibaba.nacos.common.remote.client.RpcClient$$Lambda$606/0x000002884942f068
2025-10-31 20:54:16.409 [main] INFO  com.alibaba.nacos.client.config.impl.Limiter - limitTime:5.0
2025-10-31 20:54:16.419 [main] WARN  c.a.cloud.nacos.client.NacosPropertySourceBuilder - Ignore the empty nacos configuration and get it based on dataId[xiaohashu-oss] & group[DEFAULT_GROUP]
2025-10-31 20:54:16.424 [main] WARN  c.a.cloud.nacos.client.NacosPropertySourceBuilder - Ignore the empty nacos configuration and get it based on dataId[xiaohashu-oss.yaml] & group[DEFAULT_GROUP]
2025-10-31 20:54:16.428 [main] INFO  com.alibaba.nacos.client.config.utils.JvmUtil - isMultiInstance:false
2025-10-31 20:54:16.431 [main] INFO  o.s.c.b.c.PropertySourceBootstrapConfiguration - Located property source: [BootstrapPropertySource {name='bootstrapProperties-xiaohashu-oss-dev.yaml,DEFAULT_GROUP'}, BootstrapPropertySource {name='bootstrapProperties-xiaohashu-oss.yaml,DEFAULT_GROUP'}, BootstrapPropertySource {name='bootstrapProperties-xiaohashu-oss,DEFAULT_GROUP'}]
2025-10-31 20:54:16.435 [main] WARN  com.alibaba.nacos.client.logging.NacosLogging - Load Logback Configuration of Nacos fail, message: Could not initialize Logback Nacos logging from classpath:nacos-logback.xml
2025-10-31 20:54:16.435 [main] INFO  c.q.xiaohashu.oss.biz.XiaohashuOssBizApplication - The following 1 profile is active: "dev"
2025-10-31 20:54:16.809 [main] INFO  o.springframework.cloud.context.scope.GenericScope - BeanFactory id=f641ba8e-c4e2-3439-9fc6-ceae67a7e62a
2025-10-31 20:54:17.042 [main] INFO  o.s.boot.web.embedded.tomcat.TomcatWebServer - Tomcat initialized with port(s): 8081 (http)
2025-10-31 20:54:17.048 [main] INFO  org.apache.catalina.core.StandardService - Starting service [Tomcat]
2025-10-31 20:54:17.049 [main] INFO  org.apache.catalina.core.StandardEngine - Starting Servlet engine: [Apache Tomcat/10.1.5]
2025-10-31 20:54:17.118 [main] INFO  o.a.c.core.ContainerBase.[Tomcat].[localhost].[/] - Initializing Spring embedded WebApplicationContext
2025-10-31 20:54:17.118 [main] INFO  o.s.b.w.s.c.ServletWebServerApplicationContext - Root WebApplicationContext: initialization completed in 675 ms
2025-10-31 20:54:18.020 [main] WARN  o.s.c.l.c.LoadBalancerCacheAutoConfiguration$LoadBalancerCaffeineWarnLogger - Spring Cloud LoadBalancer is currently working with the default cache. While this cache implementation is useful for development and tests, it's recommended to use Caffeine cache in production.You can switch to using Caffeine cache, by adding it and org.springframework.cache.caffeine.CaffeineCacheManager to the classpath.
2025-10-31 20:54:18.067 [main] INFO  o.s.boot.web.embedded.tomcat.TomcatWebServer - Tomcat started on port(s): 8081 (http) with context path ''
2025-10-31 20:54:18.070 [main] INFO  com.alibaba.nacos.client.naming - initializer namespace from ans.namespace attribute : null
2025-10-31 20:54:18.070 [main] INFO  com.alibaba.nacos.client.naming - initializer namespace from ALIBABA_ALIWARE_NAMESPACE attribute :null
2025-10-31 20:54:18.070 [main] INFO  com.alibaba.nacos.client.naming - initializer namespace from namespace attribute :null
2025-10-31 20:54:18.074 [main] INFO  c.a.n.p.auth.spi.client.ClientAuthPluginManager - [ClientAuthPluginManager] Load ClientAuthService com.alibaba.nacos.client.auth.impl.NacosClientAuthServiceImpl success.
2025-10-31 20:54:18.074 [main] INFO  c.a.n.p.auth.spi.client.ClientAuthPluginManager - [ClientAuthPluginManager] Load ClientAuthService com.alibaba.nacos.client.auth.ram.RamClientAuthServiceImpl success.
2025-10-31 20:54:18.075 [main] INFO  com.alibaba.nacos.common.remote.client - [RpcClientFactory] create a new rpc client of 08eb742c-eea7-4080-a6de-3bb095daf14c
2025-10-31 20:54:18.077 [main] INFO  com.alibaba.nacos.common.remote.client - [08eb742c-eea7-4080-a6de-3bb095daf14c] RpcClient init, ServerListFactory = com.alibaba.nacos.client.naming.core.ServerListManager
2025-10-31 20:54:18.077 [main] INFO  com.alibaba.nacos.common.remote.client - [08eb742c-eea7-4080-a6de-3bb095daf14c] Registry connection listener to current client:com.alibaba.nacos.client.naming.remote.gprc.redo.NamingGrpcRedoService
2025-10-31 20:54:18.077 [main] INFO  com.alibaba.nacos.common.remote.client - [08eb742c-eea7-4080-a6de-3bb095daf14c] Register server push request handler:com.alibaba.nacos.client.naming.remote.gprc.NamingPushRequestHandler
2025-10-31 20:54:18.078 [main] INFO  com.alibaba.nacos.common.remote.client - [08eb742c-eea7-4080-a6de-3bb095daf14c] Try to connect to server on start up, server: {serverIp = '127.0.0.1', server main port = 8848}
2025-10-31 20:54:18.078 [main] INFO  c.a.nacos.common.remote.client.grpc.GrpcClient - grpc client connection server:127.0.0.1 ip,serverPort:9848,grpcTslConfig:{"sslProvider":"OPENSSL","enableTls":false,"mutualAuthEnable":false,"trustAll":false}
2025-10-31 20:54:18.186 [main] INFO  com.alibaba.nacos.common.remote.client - [08eb742c-eea7-4080-a6de-3bb095daf14c] Success to connect to server [127.0.0.1:8848] on start up, connectionId = 1761915258081_127.0.0.1_7182
2025-10-31 20:54:18.186 [com.alibaba.nacos.client.remote.worker] INFO  com.alibaba.nacos.common.remote.client - [08eb742c-eea7-4080-a6de-3bb095daf14c] Notify connected event to listeners.
2025-10-31 20:54:18.186 [main] INFO  com.alibaba.nacos.common.remote.client - [08eb742c-eea7-4080-a6de-3bb095daf14c] Register server push request handler:com.alibaba.nacos.common.remote.client.RpcClient$ConnectResetRequestHandler
2025-10-31 20:54:18.186 [com.alibaba.nacos.client.remote.worker] INFO  com.alibaba.nacos.client.naming - Grpc connection connect
2025-10-31 20:54:18.187 [main] INFO  com.alibaba.nacos.common.remote.client - [08eb742c-eea7-4080-a6de-3bb095daf14c] Register server push request handler:com.alibaba.nacos.common.remote.client.RpcClient$$Lambda$606/0x000002884942f068
2025-10-31 20:54:18.188 [main] INFO  com.alibaba.nacos.client.naming - [REGISTER-SERVICE] xiaohashu registering service xiaohashu-oss with instance Instance{instanceId='null', ip='192.168.134.1', port=8081, weight=1.0, healthy=true, enabled=true, ephemeral=true, clusterName='DEFAULT', serviceName='null', metadata={IPv6=null, preserved.register.source=SPRING_CLOUD}}
2025-10-31 20:54:18.194 [main] INFO  c.a.cloud.nacos.registry.NacosServiceRegistry - nacos registry, DEFAULT_GROUP xiaohashu-oss 192.168.134.1:8081 register finished
2025-10-31 20:54:18.336 [main] INFO  c.q.xiaohashu.oss.biz.XiaohashuOssBizApplication - Started XiaohashuOssBizApplication in 3.774 seconds (process running for 4.305)
2025-10-31 20:54:18.338 [main] INFO  com.alibaba.nacos.client.config.impl.CacheData - nacos.cache.data.init.snapshot = true 
2025-10-31 20:54:18.338 [main] INFO  com.alibaba.nacos.client.config.impl.ClientWorker - [fixed-xiaohashu-127.0.0.1_8848] [subscribe] xiaohashu-oss+DEFAULT_GROUP+xiaohashu
2025-10-31 20:54:18.342 [main] INFO  com.alibaba.nacos.client.config.impl.CacheData - [fixed-xiaohashu-127.0.0.1_8848] [add-listener] ok, tenant=xiaohashu, dataId=xiaohashu-oss, group=DEFAULT_GROUP, cnt=1
2025-10-31 20:54:18.342 [main] INFO  c.a.cloud.nacos.refresh.NacosContextRefresher - [Nacos Config] Listening config: dataId=xiaohashu-oss, group=DEFAULT_GROUP
2025-10-31 20:54:18.343 [main] INFO  com.alibaba.nacos.client.config.impl.ClientWorker - [fixed-xiaohashu-127.0.0.1_8848] [subscribe] xiaohashu-oss-dev.yaml+DEFAULT_GROUP+xiaohashu
2025-10-31 20:54:18.343 [main] INFO  com.alibaba.nacos.client.config.impl.CacheData - [fixed-xiaohashu-127.0.0.1_8848] [add-listener] ok, tenant=xiaohashu, dataId=xiaohashu-oss-dev.yaml, group=DEFAULT_GROUP, cnt=1
2025-10-31 20:54:18.343 [main] INFO  c.a.cloud.nacos.refresh.NacosContextRefresher - [Nacos Config] Listening config: dataId=xiaohashu-oss-dev.yaml, group=DEFAULT_GROUP
2025-10-31 20:54:18.343 [main] INFO  com.alibaba.nacos.client.config.impl.ClientWorker - [fixed-xiaohashu-127.0.0.1_8848] [subscribe] xiaohashu-oss.yaml+DEFAULT_GROUP+xiaohashu
2025-10-31 20:54:18.343 [main] INFO  com.alibaba.nacos.client.config.impl.CacheData - [fixed-xiaohashu-127.0.0.1_8848] [add-listener] ok, tenant=xiaohashu, dataId=xiaohashu-oss.yaml, group=DEFAULT_GROUP, cnt=1
2025-10-31 20:54:18.343 [main] INFO  c.a.cloud.nacos.refresh.NacosContextRefresher - [Nacos Config] Listening config: dataId=xiaohashu-oss.yaml, group=DEFAULT_GROUP
2025-10-31 20:55:25.054 [http-nio-8081-exec-1] INFO  org.springframework.web.servlet.DispatcherServlet - Initializing Servlet 'dispatcherServlet'
2025-10-31 20:55:25.056 [http-nio-8081-exec-1] INFO  org.springframework.web.servlet.DispatcherServlet - Completed initialization in 2 ms
2025-10-31 20:55:25.100 [http-nio-8081-exec-1] INFO  c.q.x.oss.biz.strategy.impl.MinioFileStrategy - ## 上传文件至 Minio ...
2025-10-31 20:55:25.101 [http-nio-8081-exec-1] INFO  c.q.x.oss.biz.strategy.impl.MinioFileStrategy - ==> 开始上传文件至 Minio, ObjectName: 3c834610189343a785694a601ec73526.png
2025-10-31 20:55:25.236 [http-nio-8081-exec-1] INFO  c.q.x.oss.biz.strategy.impl.MinioFileStrategy - ==> 上传文件至 Minio 成功，访问路径: http://192.168.134.128:9000/xiaohashu/3c834610189343a785694a601ec73526.png
2025-10-31 20:55:25.284 [http-nio-8081-exec-6] INFO  c.q.x.oss.biz.strategy.impl.MinioFileStrategy - ## 上传文件至 Minio ...
2025-10-31 20:55:25.285 [http-nio-8081-exec-6] INFO  c.q.x.oss.biz.strategy.impl.MinioFileStrategy - ==> 开始上传文件至 Minio, ObjectName: aba30c5a28f74fbe8f82e03025e2aaed.png
2025-10-31 20:55:25.325 [http-nio-8081-exec-6] INFO  c.q.x.oss.biz.strategy.impl.MinioFileStrategy - ==> 上传文件至 Minio 成功，访问路径: http://192.168.134.128:9000/xiaohashu/aba30c5a28f74fbe8f82e03025e2aaed.png
2025-10-31 21:10:23.121 [main] WARN  com.alibaba.nacos.client.logging.NacosLogging - Load Logback Configuration of Nacos fail, message: Could not initialize Logback Nacos logging from classpath:nacos-logback.xml
2025-10-31 21:10:23.178 [main] WARN  com.alibaba.nacos.client.logging.NacosLogging - Load Logback Configuration of Nacos fail, message: Could not initialize Logback Nacos logging from classpath:nacos-logback.xml
2025-10-31 21:10:23.387 [main] WARN  com.alibaba.nacos.client.logging.NacosLogging - Load Logback Configuration of Nacos fail, message: Could not initialize Logback Nacos logging from classpath:nacos-logback.xml
2025-10-31 21:10:23.388 [main] INFO  com.alibaba.nacos.client.utils.ParamUtil - [settings] [req-serv] nacos-server port:8848
2025-10-31 21:10:23.389 [main] INFO  com.alibaba.nacos.client.utils.ParamUtil - [settings] [http-client] connect timeout:1000
2025-10-31 21:10:23.389 [main] INFO  com.alibaba.nacos.client.utils.ParamUtil - PER_TASK_CONFIG_SIZE: 3000.0
2025-10-31 21:10:23.405 [main] INFO  c.a.n.p.auth.spi.client.ClientAuthPluginManager - [ClientAuthPluginManager] Load ClientAuthService com.alibaba.nacos.client.auth.impl.NacosClientAuthServiceImpl success.
2025-10-31 21:10:23.405 [main] INFO  c.a.n.p.auth.spi.client.ClientAuthPluginManager - [ClientAuthPluginManager] Load ClientAuthService com.alibaba.nacos.client.auth.ram.RamClientAuthServiceImpl success.
2025-10-31 21:10:23.406 [main] INFO  c.a.n.client.auth.ram.identify.CredentialWatcher - null No credential found
2025-10-31 21:10:23.620 [main] WARN  com.alibaba.nacos.client.logging.NacosLogging - Load Logback Configuration of Nacos fail, message: Could not initialize Logback Nacos logging from classpath:nacos-logback.xml
2025-10-31 21:10:23.629 [main] INFO  c.a.n.client.config.impl.LocalConfigInfoProcessor - LOCAL_SNAPSHOT_PATH:C:\Users\hp\nacos\config
2025-10-31 21:10:23.631 [main] INFO  com.alibaba.nacos.common.remote.client - [RpcClientFactory] create a new rpc client of b4af1c92-7adf-4df0-a15b-e08f4a9b4651_config-0
2025-10-31 21:10:23.638 [main] INFO  com.alibaba.nacos.common.remote.client - [b4af1c92-7adf-4df0-a15b-e08f4a9b4651_config-0] Register server push request handler:com.alibaba.nacos.client.config.impl.ClientWorker$ConfigRpcTransportClient$$Lambda$585/0x000001e84d323058
2025-10-31 21:10:23.639 [main] INFO  com.alibaba.nacos.common.remote.client - [b4af1c92-7adf-4df0-a15b-e08f4a9b4651_config-0] Register server push request handler:com.alibaba.nacos.client.config.impl.ClientWorker$ConfigRpcTransportClient$$Lambda$586/0x000001e84d323478
2025-10-31 21:10:23.639 [main] INFO  com.alibaba.nacos.common.remote.client - [b4af1c92-7adf-4df0-a15b-e08f4a9b4651_config-0] Registry connection listener to current client:com.alibaba.nacos.client.config.impl.ClientWorker$ConfigRpcTransportClient$1
2025-10-31 21:10:23.639 [main] INFO  com.alibaba.nacos.common.remote.client - [b4af1c92-7adf-4df0-a15b-e08f4a9b4651_config-0] RpcClient init, ServerListFactory = com.alibaba.nacos.client.config.impl.ClientWorker$ConfigRpcTransportClient$2
2025-10-31 21:10:23.644 [main] INFO  com.alibaba.nacos.common.remote.client - [b4af1c92-7adf-4df0-a15b-e08f4a9b4651_config-0] Try to connect to server on start up, server: {serverIp = '127.0.0.1', server main port = 8848}
2025-10-31 21:10:23.666 [main] INFO  c.a.nacos.common.remote.client.grpc.GrpcClient - grpc client connection server:127.0.0.1 ip,serverPort:9848,grpcTslConfig:{"sslProvider":"OPENSSL","enableTls":false,"mutualAuthEnable":false,"trustAll":false}
2025-10-31 21:10:24.287 [main] INFO  com.alibaba.nacos.common.remote.client - [b4af1c92-7adf-4df0-a15b-e08f4a9b4651_config-0] Success to connect to server [127.0.0.1:8848] on start up, connectionId = 1761916224124_127.0.0.1_7884
2025-10-31 21:10:24.288 [com.alibaba.nacos.client.remote.worker] INFO  com.alibaba.nacos.common.remote.client - [b4af1c92-7adf-4df0-a15b-e08f4a9b4651_config-0] Notify connected event to listeners.
2025-10-31 21:10:24.288 [main] INFO  com.alibaba.nacos.common.remote.client - [b4af1c92-7adf-4df0-a15b-e08f4a9b4651_config-0] Register server push request handler:com.alibaba.nacos.common.remote.client.RpcClient$ConnectResetRequestHandler
2025-10-31 21:10:24.288 [com.alibaba.nacos.client.remote.worker] INFO  com.alibaba.nacos.client.config.impl.ClientWorker - [b4af1c92-7adf-4df0-a15b-e08f4a9b4651_config-0] Connected,notify listen context...
2025-10-31 21:10:24.288 [main] INFO  com.alibaba.nacos.common.remote.client - [b4af1c92-7adf-4df0-a15b-e08f4a9b4651_config-0] Register server push request handler:com.alibaba.nacos.common.remote.client.RpcClient$$Lambda$606/0x000001e84d42f068
2025-10-31 21:10:24.304 [main] INFO  com.alibaba.nacos.client.config.impl.Limiter - limitTime:5.0
2025-10-31 21:10:24.314 [main] WARN  c.a.cloud.nacos.client.NacosPropertySourceBuilder - Ignore the empty nacos configuration and get it based on dataId[xiaohashu-oss] & group[DEFAULT_GROUP]
2025-10-31 21:10:24.319 [main] WARN  c.a.cloud.nacos.client.NacosPropertySourceBuilder - Ignore the empty nacos configuration and get it based on dataId[xiaohashu-oss.yaml] & group[DEFAULT_GROUP]
2025-10-31 21:10:24.324 [main] INFO  com.alibaba.nacos.client.config.utils.JvmUtil - isMultiInstance:false
2025-10-31 21:10:24.327 [main] INFO  o.s.c.b.c.PropertySourceBootstrapConfiguration - Located property source: [BootstrapPropertySource {name='bootstrapProperties-xiaohashu-oss-dev.yaml,DEFAULT_GROUP'}, BootstrapPropertySource {name='bootstrapProperties-xiaohashu-oss.yaml,DEFAULT_GROUP'}, BootstrapPropertySource {name='bootstrapProperties-xiaohashu-oss,DEFAULT_GROUP'}]
2025-10-31 21:10:24.330 [main] WARN  com.alibaba.nacos.client.logging.NacosLogging - Load Logback Configuration of Nacos fail, message: Could not initialize Logback Nacos logging from classpath:nacos-logback.xml
2025-10-31 21:10:24.331 [main] INFO  c.q.xiaohashu.oss.biz.XiaohashuOssBizApplication - The following 1 profile is active: "dev"
2025-10-31 21:10:24.707 [main] INFO  o.springframework.cloud.context.scope.GenericScope - BeanFactory id=f641ba8e-c4e2-3439-9fc6-ceae67a7e62a
2025-10-31 21:10:24.927 [main] INFO  o.s.boot.web.embedded.tomcat.TomcatWebServer - Tomcat initialized with port(s): 8081 (http)
2025-10-31 21:10:24.934 [main] INFO  org.apache.catalina.core.StandardService - Starting service [Tomcat]
2025-10-31 21:10:24.934 [main] INFO  org.apache.catalina.core.StandardEngine - Starting Servlet engine: [Apache Tomcat/10.1.5]
2025-10-31 21:10:25.001 [main] INFO  o.a.c.core.ContainerBase.[Tomcat].[localhost].[/] - Initializing Spring embedded WebApplicationContext
2025-10-31 21:10:25.001 [main] INFO  o.s.b.w.s.c.ServletWebServerApplicationContext - Root WebApplicationContext: initialization completed in 661 ms
2025-10-31 21:10:25.909 [main] WARN  o.s.c.l.c.LoadBalancerCacheAutoConfiguration$LoadBalancerCaffeineWarnLogger - Spring Cloud LoadBalancer is currently working with the default cache. While this cache implementation is useful for development and tests, it's recommended to use Caffeine cache in production.You can switch to using Caffeine cache, by adding it and org.springframework.cache.caffeine.CaffeineCacheManager to the classpath.
2025-10-31 21:10:25.955 [main] INFO  o.s.boot.web.embedded.tomcat.TomcatWebServer - Tomcat started on port(s): 8081 (http) with context path ''
2025-10-31 21:10:25.957 [main] INFO  com.alibaba.nacos.client.naming - initializer namespace from ans.namespace attribute : null
2025-10-31 21:10:25.958 [main] INFO  com.alibaba.nacos.client.naming - initializer namespace from ALIBABA_ALIWARE_NAMESPACE attribute :null
2025-10-31 21:10:25.958 [main] INFO  com.alibaba.nacos.client.naming - initializer namespace from namespace attribute :null
2025-10-31 21:10:25.962 [main] INFO  c.a.n.p.auth.spi.client.ClientAuthPluginManager - [ClientAuthPluginManager] Load ClientAuthService com.alibaba.nacos.client.auth.impl.NacosClientAuthServiceImpl success.
2025-10-31 21:10:25.962 [main] INFO  c.a.n.p.auth.spi.client.ClientAuthPluginManager - [ClientAuthPluginManager] Load ClientAuthService com.alibaba.nacos.client.auth.ram.RamClientAuthServiceImpl success.
2025-10-31 21:10:25.964 [main] INFO  com.alibaba.nacos.common.remote.client - [RpcClientFactory] create a new rpc client of 862bb6d3-6d4e-410a-b4fd-8038fce24a70
2025-10-31 21:10:25.965 [main] INFO  com.alibaba.nacos.common.remote.client - [862bb6d3-6d4e-410a-b4fd-8038fce24a70] RpcClient init, ServerListFactory = com.alibaba.nacos.client.naming.core.ServerListManager
2025-10-31 21:10:25.965 [main] INFO  com.alibaba.nacos.common.remote.client - [862bb6d3-6d4e-410a-b4fd-8038fce24a70] Registry connection listener to current client:com.alibaba.nacos.client.naming.remote.gprc.redo.NamingGrpcRedoService
2025-10-31 21:10:25.965 [main] INFO  com.alibaba.nacos.common.remote.client - [862bb6d3-6d4e-410a-b4fd-8038fce24a70] Register server push request handler:com.alibaba.nacos.client.naming.remote.gprc.NamingPushRequestHandler
2025-10-31 21:10:25.965 [main] INFO  com.alibaba.nacos.common.remote.client - [862bb6d3-6d4e-410a-b4fd-8038fce24a70] Try to connect to server on start up, server: {serverIp = '127.0.0.1', server main port = 8848}
2025-10-31 21:10:25.965 [main] INFO  c.a.nacos.common.remote.client.grpc.GrpcClient - grpc client connection server:127.0.0.1 ip,serverPort:9848,grpcTslConfig:{"sslProvider":"OPENSSL","enableTls":false,"mutualAuthEnable":false,"trustAll":false}
2025-10-31 21:10:26.075 [main] INFO  com.alibaba.nacos.common.remote.client - [862bb6d3-6d4e-410a-b4fd-8038fce24a70] Success to connect to server [127.0.0.1:8848] on start up, connectionId = 1761916225970_127.0.0.1_7885
2025-10-31 21:10:26.076 [com.alibaba.nacos.client.remote.worker] INFO  com.alibaba.nacos.common.remote.client - [862bb6d3-6d4e-410a-b4fd-8038fce24a70] Notify connected event to listeners.
2025-10-31 21:10:26.076 [com.alibaba.nacos.client.remote.worker] INFO  com.alibaba.nacos.client.naming - Grpc connection connect
2025-10-31 21:10:26.076 [main] INFO  com.alibaba.nacos.common.remote.client - [862bb6d3-6d4e-410a-b4fd-8038fce24a70] Register server push request handler:com.alibaba.nacos.common.remote.client.RpcClient$ConnectResetRequestHandler
2025-10-31 21:10:26.076 [main] INFO  com.alibaba.nacos.common.remote.client - [862bb6d3-6d4e-410a-b4fd-8038fce24a70] Register server push request handler:com.alibaba.nacos.common.remote.client.RpcClient$$Lambda$606/0x000001e84d42f068
2025-10-31 21:10:26.077 [main] INFO  com.alibaba.nacos.client.naming - [REGISTER-SERVICE] xiaohashu registering service xiaohashu-oss with instance Instance{instanceId='null', ip='192.168.134.1', port=8081, weight=1.0, healthy=true, enabled=true, ephemeral=true, clusterName='DEFAULT', serviceName='null', metadata={IPv6=null, preserved.register.source=SPRING_CLOUD}}
2025-10-31 21:10:26.085 [main] INFO  c.a.cloud.nacos.registry.NacosServiceRegistry - nacos registry, DEFAULT_GROUP xiaohashu-oss 192.168.134.1:8081 register finished
2025-10-31 21:10:26.226 [main] INFO  c.q.xiaohashu.oss.biz.XiaohashuOssBizApplication - Started XiaohashuOssBizApplication in 3.728 seconds (process running for 4.202)
2025-10-31 21:10:26.228 [main] INFO  com.alibaba.nacos.client.config.impl.CacheData - nacos.cache.data.init.snapshot = true 
2025-10-31 21:10:26.228 [main] INFO  com.alibaba.nacos.client.config.impl.ClientWorker - [fixed-xiaohashu-127.0.0.1_8848] [subscribe] xiaohashu-oss+DEFAULT_GROUP+xiaohashu
2025-10-31 21:10:26.232 [main] INFO  com.alibaba.nacos.client.config.impl.CacheData - [fixed-xiaohashu-127.0.0.1_8848] [add-listener] ok, tenant=xiaohashu, dataId=xiaohashu-oss, group=DEFAULT_GROUP, cnt=1
2025-10-31 21:10:26.232 [main] INFO  c.a.cloud.nacos.refresh.NacosContextRefresher - [Nacos Config] Listening config: dataId=xiaohashu-oss, group=DEFAULT_GROUP
2025-10-31 21:10:26.233 [main] INFO  com.alibaba.nacos.client.config.impl.ClientWorker - [fixed-xiaohashu-127.0.0.1_8848] [subscribe] xiaohashu-oss-dev.yaml+DEFAULT_GROUP+xiaohashu
2025-10-31 21:10:26.233 [main] INFO  com.alibaba.nacos.client.config.impl.CacheData - [fixed-xiaohashu-127.0.0.1_8848] [add-listener] ok, tenant=xiaohashu, dataId=xiaohashu-oss-dev.yaml, group=DEFAULT_GROUP, cnt=1
2025-10-31 21:10:26.233 [main] INFO  c.a.cloud.nacos.refresh.NacosContextRefresher - [Nacos Config] Listening config: dataId=xiaohashu-oss-dev.yaml, group=DEFAULT_GROUP
2025-10-31 21:10:26.233 [main] INFO  com.alibaba.nacos.client.config.impl.ClientWorker - [fixed-xiaohashu-127.0.0.1_8848] [subscribe] xiaohashu-oss.yaml+DEFAULT_GROUP+xiaohashu
2025-10-31 21:10:26.233 [main] INFO  com.alibaba.nacos.client.config.impl.CacheData - [fixed-xiaohashu-127.0.0.1_8848] [add-listener] ok, tenant=xiaohashu, dataId=xiaohashu-oss.yaml, group=DEFAULT_GROUP, cnt=1
2025-10-31 21:10:26.233 [main] INFO  c.a.cloud.nacos.refresh.NacosContextRefresher - [Nacos Config] Listening config: dataId=xiaohashu-oss.yaml, group=DEFAULT_GROUP
2025-10-31 21:11:23.958 [http-nio-8081-exec-1] INFO  org.springframework.web.servlet.DispatcherServlet - Initializing Servlet 'dispatcherServlet'
2025-10-31 21:11:23.962 [http-nio-8081-exec-1] INFO  org.springframework.web.servlet.DispatcherServlet - Completed initialization in 4 ms
2025-10-31 21:11:24.014 [http-nio-8081-exec-1] INFO  c.q.xiaohashu.oss.biz.controller.FileController - 当前用户ID: null
2025-10-31 21:11:24.015 [http-nio-8081-exec-1] INFO  c.q.x.oss.biz.strategy.impl.MinioFileStrategy - ## 上传文件至 Minio ...
2025-10-31 21:11:24.015 [http-nio-8081-exec-1] INFO  c.q.x.oss.biz.strategy.impl.MinioFileStrategy - ==> 开始上传文件至 Minio, ObjectName: 3f7df950ad494c028b6354a7097fb501.png
2025-10-31 21:11:24.127 [http-nio-8081-exec-1] INFO  c.q.x.oss.biz.strategy.impl.MinioFileStrategy - ==> 上传文件至 Minio 成功，访问路径: http://192.168.134.128:9000/xiaohashu/3f7df950ad494c028b6354a7097fb501.png
2025-10-31 21:11:24.172 [http-nio-8081-exec-2] INFO  c.q.xiaohashu.oss.biz.controller.FileController - 当前用户ID: null
2025-10-31 21:11:24.172 [http-nio-8081-exec-2] INFO  c.q.x.oss.biz.strategy.impl.MinioFileStrategy - ## 上传文件至 Minio ...
2025-10-31 21:11:24.172 [http-nio-8081-exec-2] INFO  c.q.x.oss.biz.strategy.impl.MinioFileStrategy - ==> 开始上传文件至 Minio, ObjectName: f36ccbf569ea4cda9484020bf40da0e2.png
2025-10-31 21:11:24.201 [http-nio-8081-exec-2] INFO  c.q.x.oss.biz.strategy.impl.MinioFileStrategy - ==> 上传文件至 Minio 成功，访问路径: http://192.168.134.128:9000/xiaohashu/f36ccbf569ea4cda9484020bf40da0e2.png
2025-10-31 21:13:06.309 [main] WARN  com.alibaba.nacos.client.logging.NacosLogging - Load Logback Configuration of Nacos fail, message: Could not initialize Logback Nacos logging from classpath:nacos-logback.xml
2025-10-31 21:13:06.356 [main] WARN  com.alibaba.nacos.client.logging.NacosLogging - Load Logback Configuration of Nacos fail, message: Could not initialize Logback Nacos logging from classpath:nacos-logback.xml
2025-10-31 21:13:06.569 [main] WARN  com.alibaba.nacos.client.logging.NacosLogging - Load Logback Configuration of Nacos fail, message: Could not initialize Logback Nacos logging from classpath:nacos-logback.xml
2025-10-31 21:13:06.570 [main] INFO  com.alibaba.nacos.client.utils.ParamUtil - [settings] [req-serv] nacos-server port:8848
2025-10-31 21:13:06.570 [main] INFO  com.alibaba.nacos.client.utils.ParamUtil - [settings] [http-client] connect timeout:1000
2025-10-31 21:13:06.571 [main] INFO  com.alibaba.nacos.client.utils.ParamUtil - PER_TASK_CONFIG_SIZE: 3000.0
2025-10-31 21:13:06.586 [main] INFO  c.a.n.p.auth.spi.client.ClientAuthPluginManager - [ClientAuthPluginManager] Load ClientAuthService com.alibaba.nacos.client.auth.impl.NacosClientAuthServiceImpl success.
2025-10-31 21:13:06.586 [main] INFO  c.a.n.p.auth.spi.client.ClientAuthPluginManager - [ClientAuthPluginManager] Load ClientAuthService com.alibaba.nacos.client.auth.ram.RamClientAuthServiceImpl success.
2025-10-31 21:13:06.588 [main] INFO  c.a.n.client.auth.ram.identify.CredentialWatcher - null No credential found
2025-10-31 21:13:06.799 [main] WARN  com.alibaba.nacos.client.logging.NacosLogging - Load Logback Configuration of Nacos fail, message: Could not initialize Logback Nacos logging from classpath:nacos-logback.xml
2025-10-31 21:13:06.808 [main] INFO  c.a.n.client.config.impl.LocalConfigInfoProcessor - LOCAL_SNAPSHOT_PATH:C:\Users\hp\nacos\config
2025-10-31 21:13:06.811 [main] INFO  com.alibaba.nacos.common.remote.client - [RpcClientFactory] create a new rpc client of 613859bd-b267-433f-9941-26997d20478b_config-0
2025-10-31 21:13:06.819 [main] INFO  com.alibaba.nacos.common.remote.client - [613859bd-b267-433f-9941-26997d20478b_config-0] Register server push request handler:com.alibaba.nacos.client.config.impl.ClientWorker$ConfigRpcTransportClient$$Lambda$585/0x0000028e95323af8
2025-10-31 21:13:06.820 [main] INFO  com.alibaba.nacos.common.remote.client - [613859bd-b267-433f-9941-26997d20478b_config-0] Register server push request handler:com.alibaba.nacos.client.config.impl.ClientWorker$ConfigRpcTransportClient$$Lambda$586/0x0000028e95323f18
2025-10-31 21:13:06.820 [main] INFO  com.alibaba.nacos.common.remote.client - [613859bd-b267-433f-9941-26997d20478b_config-0] Registry connection listener to current client:com.alibaba.nacos.client.config.impl.ClientWorker$ConfigRpcTransportClient$1
2025-10-31 21:13:06.820 [main] INFO  com.alibaba.nacos.common.remote.client - [613859bd-b267-433f-9941-26997d20478b_config-0] RpcClient init, ServerListFactory = com.alibaba.nacos.client.config.impl.ClientWorker$ConfigRpcTransportClient$2
2025-10-31 21:13:06.825 [main] INFO  com.alibaba.nacos.common.remote.client - [613859bd-b267-433f-9941-26997d20478b_config-0] Try to connect to server on start up, server: {serverIp = '127.0.0.1', server main port = 8848}
2025-10-31 21:13:06.848 [main] INFO  c.a.nacos.common.remote.client.grpc.GrpcClient - grpc client connection server:127.0.0.1 ip,serverPort:9848,grpcTslConfig:{"sslProvider":"OPENSSL","enableTls":false,"mutualAuthEnable":false,"trustAll":false}
2025-10-31 21:13:07.422 [main] INFO  com.alibaba.nacos.common.remote.client - [613859bd-b267-433f-9941-26997d20478b_config-0] Success to connect to server [127.0.0.1:8848] on start up, connectionId = 1761916387271_127.0.0.1_8027
2025-10-31 21:13:07.422 [com.alibaba.nacos.client.remote.worker] INFO  com.alibaba.nacos.common.remote.client - [613859bd-b267-433f-9941-26997d20478b_config-0] Notify connected event to listeners.
2025-10-31 21:13:07.423 [com.alibaba.nacos.client.remote.worker] INFO  com.alibaba.nacos.client.config.impl.ClientWorker - [613859bd-b267-433f-9941-26997d20478b_config-0] Connected,notify listen context...
2025-10-31 21:13:07.423 [main] INFO  com.alibaba.nacos.common.remote.client - [613859bd-b267-433f-9941-26997d20478b_config-0] Register server push request handler:com.alibaba.nacos.common.remote.client.RpcClient$ConnectResetRequestHandler
2025-10-31 21:13:07.423 [main] INFO  com.alibaba.nacos.common.remote.client - [613859bd-b267-433f-9941-26997d20478b_config-0] Register server push request handler:com.alibaba.nacos.common.remote.client.RpcClient$$Lambda$606/0x0000028e9542f7d0
2025-10-31 21:13:07.440 [main] INFO  com.alibaba.nacos.client.config.impl.Limiter - limitTime:5.0
2025-10-31 21:13:07.449 [main] WARN  c.a.cloud.nacos.client.NacosPropertySourceBuilder - Ignore the empty nacos configuration and get it based on dataId[xiaohashu-oss] & group[DEFAULT_GROUP]
2025-10-31 21:13:07.453 [main] WARN  c.a.cloud.nacos.client.NacosPropertySourceBuilder - Ignore the empty nacos configuration and get it based on dataId[xiaohashu-oss.yaml] & group[DEFAULT_GROUP]
2025-10-31 21:13:07.458 [main] INFO  com.alibaba.nacos.client.config.utils.JvmUtil - isMultiInstance:false
2025-10-31 21:13:07.461 [main] INFO  o.s.c.b.c.PropertySourceBootstrapConfiguration - Located property source: [BootstrapPropertySource {name='bootstrapProperties-xiaohashu-oss-dev.yaml,DEFAULT_GROUP'}, BootstrapPropertySource {name='bootstrapProperties-xiaohashu-oss.yaml,DEFAULT_GROUP'}, BootstrapPropertySource {name='bootstrapProperties-xiaohashu-oss,DEFAULT_GROUP'}]
2025-10-31 21:13:07.465 [main] WARN  com.alibaba.nacos.client.logging.NacosLogging - Load Logback Configuration of Nacos fail, message: Could not initialize Logback Nacos logging from classpath:nacos-logback.xml
2025-10-31 21:13:07.466 [main] INFO  c.q.xiaohashu.oss.biz.XiaohashuOssBizApplication - The following 1 profile is active: "dev"
2025-10-31 21:13:07.830 [main] INFO  o.springframework.cloud.context.scope.GenericScope - BeanFactory id=f641ba8e-c4e2-3439-9fc6-ceae67a7e62a
2025-10-31 21:13:08.025 [main] INFO  o.s.boot.web.embedded.tomcat.TomcatWebServer - Tomcat initialized with port(s): 8081 (http)
2025-10-31 21:13:08.030 [main] INFO  org.apache.catalina.core.StandardService - Starting service [Tomcat]
2025-10-31 21:13:08.030 [main] INFO  org.apache.catalina.core.StandardEngine - Starting Servlet engine: [Apache Tomcat/10.1.5]
2025-10-31 21:13:08.091 [main] INFO  o.a.c.core.ContainerBase.[Tomcat].[localhost].[/] - Initializing Spring embedded WebApplicationContext
2025-10-31 21:13:08.091 [main] INFO  o.s.b.w.s.c.ServletWebServerApplicationContext - Root WebApplicationContext: initialization completed in 618 ms
2025-10-31 21:13:08.952 [main] WARN  o.s.c.l.c.LoadBalancerCacheAutoConfiguration$LoadBalancerCaffeineWarnLogger - Spring Cloud LoadBalancer is currently working with the default cache. While this cache implementation is useful for development and tests, it's recommended to use Caffeine cache in production.You can switch to using Caffeine cache, by adding it and org.springframework.cache.caffeine.CaffeineCacheManager to the classpath.
2025-10-31 21:13:08.999 [main] INFO  o.s.boot.web.embedded.tomcat.TomcatWebServer - Tomcat started on port(s): 8081 (http) with context path ''
2025-10-31 21:13:09.001 [main] INFO  com.alibaba.nacos.client.naming - initializer namespace from ans.namespace attribute : null
2025-10-31 21:13:09.002 [main] INFO  com.alibaba.nacos.client.naming - initializer namespace from ALIBABA_ALIWARE_NAMESPACE attribute :null
2025-10-31 21:13:09.002 [main] INFO  com.alibaba.nacos.client.naming - initializer namespace from namespace attribute :null
2025-10-31 21:13:09.006 [main] INFO  c.a.n.p.auth.spi.client.ClientAuthPluginManager - [ClientAuthPluginManager] Load ClientAuthService com.alibaba.nacos.client.auth.impl.NacosClientAuthServiceImpl success.
2025-10-31 21:13:09.006 [main] INFO  c.a.n.p.auth.spi.client.ClientAuthPluginManager - [ClientAuthPluginManager] Load ClientAuthService com.alibaba.nacos.client.auth.ram.RamClientAuthServiceImpl success.
2025-10-31 21:13:09.008 [main] INFO  com.alibaba.nacos.common.remote.client - [RpcClientFactory] create a new rpc client of 70acf54d-cb62-446c-b561-2fd4fb240e6a
2025-10-31 21:13:09.009 [main] INFO  com.alibaba.nacos.common.remote.client - [70acf54d-cb62-446c-b561-2fd4fb240e6a] RpcClient init, ServerListFactory = com.alibaba.nacos.client.naming.core.ServerListManager
2025-10-31 21:13:09.009 [main] INFO  com.alibaba.nacos.common.remote.client - [70acf54d-cb62-446c-b561-2fd4fb240e6a] Registry connection listener to current client:com.alibaba.nacos.client.naming.remote.gprc.redo.NamingGrpcRedoService
2025-10-31 21:13:09.009 [main] INFO  com.alibaba.nacos.common.remote.client - [70acf54d-cb62-446c-b561-2fd4fb240e6a] Register server push request handler:com.alibaba.nacos.client.naming.remote.gprc.NamingPushRequestHandler
2025-10-31 21:13:09.009 [main] INFO  com.alibaba.nacos.common.remote.client - [70acf54d-cb62-446c-b561-2fd4fb240e6a] Try to connect to server on start up, server: {serverIp = '127.0.0.1', server main port = 8848}
2025-10-31 21:13:09.009 [main] INFO  c.a.nacos.common.remote.client.grpc.GrpcClient - grpc client connection server:127.0.0.1 ip,serverPort:9848,grpcTslConfig:{"sslProvider":"OPENSSL","enableTls":false,"mutualAuthEnable":false,"trustAll":false}
2025-10-31 21:13:09.130 [main] INFO  com.alibaba.nacos.common.remote.client - [70acf54d-cb62-446c-b561-2fd4fb240e6a] Success to connect to server [127.0.0.1:8848] on start up, connectionId = 1761916389015_127.0.0.1_8028
2025-10-31 21:13:09.130 [com.alibaba.nacos.client.remote.worker] INFO  com.alibaba.nacos.common.remote.client - [70acf54d-cb62-446c-b561-2fd4fb240e6a] Notify connected event to listeners.
2025-10-31 21:13:09.130 [com.alibaba.nacos.client.remote.worker] INFO  com.alibaba.nacos.client.naming - Grpc connection connect
2025-10-31 21:13:09.130 [main] INFO  com.alibaba.nacos.common.remote.client - [70acf54d-cb62-446c-b561-2fd4fb240e6a] Register server push request handler:com.alibaba.nacos.common.remote.client.RpcClient$ConnectResetRequestHandler
2025-10-31 21:13:09.130 [main] INFO  com.alibaba.nacos.common.remote.client - [70acf54d-cb62-446c-b561-2fd4fb240e6a] Register server push request handler:com.alibaba.nacos.common.remote.client.RpcClient$$Lambda$606/0x0000028e9542f7d0
2025-10-31 21:13:09.131 [main] INFO  com.alibaba.nacos.client.naming - [REGISTER-SERVICE] xiaohashu registering service xiaohashu-oss with instance Instance{instanceId='null', ip='192.168.134.1', port=8081, weight=1.0, healthy=true, enabled=true, ephemeral=true, clusterName='DEFAULT', serviceName='null', metadata={IPv6=null, preserved.register.source=SPRING_CLOUD}}
2025-10-31 21:13:09.142 [main] INFO  c.a.cloud.nacos.registry.NacosServiceRegistry - nacos registry, DEFAULT_GROUP xiaohashu-oss 192.168.134.1:8081 register finished
2025-10-31 21:13:09.302 [main] INFO  c.q.xiaohashu.oss.biz.XiaohashuOssBizApplication - Started XiaohashuOssBizApplication in 3.568 seconds (process running for 4.013)
2025-10-31 21:13:09.304 [main] INFO  com.alibaba.nacos.client.config.impl.CacheData - nacos.cache.data.init.snapshot = true 
2025-10-31 21:13:09.305 [main] INFO  com.alibaba.nacos.client.config.impl.ClientWorker - [fixed-xiaohashu-127.0.0.1_8848] [subscribe] xiaohashu-oss+DEFAULT_GROUP+xiaohashu
2025-10-31 21:13:09.308 [main] INFO  com.alibaba.nacos.client.config.impl.CacheData - [fixed-xiaohashu-127.0.0.1_8848] [add-listener] ok, tenant=xiaohashu, dataId=xiaohashu-oss, group=DEFAULT_GROUP, cnt=1
2025-10-31 21:13:09.309 [main] INFO  c.a.cloud.nacos.refresh.NacosContextRefresher - [Nacos Config] Listening config: dataId=xiaohashu-oss, group=DEFAULT_GROUP
2025-10-31 21:13:09.309 [main] INFO  com.alibaba.nacos.client.config.impl.ClientWorker - [fixed-xiaohashu-127.0.0.1_8848] [subscribe] xiaohashu-oss-dev.yaml+DEFAULT_GROUP+xiaohashu
2025-10-31 21:13:09.309 [main] INFO  com.alibaba.nacos.client.config.impl.CacheData - [fixed-xiaohashu-127.0.0.1_8848] [add-listener] ok, tenant=xiaohashu, dataId=xiaohashu-oss-dev.yaml, group=DEFAULT_GROUP, cnt=1
2025-10-31 21:13:09.309 [main] INFO  c.a.cloud.nacos.refresh.NacosContextRefresher - [Nacos Config] Listening config: dataId=xiaohashu-oss-dev.yaml, group=DEFAULT_GROUP
2025-10-31 21:13:09.310 [main] INFO  com.alibaba.nacos.client.config.impl.ClientWorker - [fixed-xiaohashu-127.0.0.1_8848] [subscribe] xiaohashu-oss.yaml+DEFAULT_GROUP+xiaohashu
2025-10-31 21:13:09.310 [main] INFO  com.alibaba.nacos.client.config.impl.CacheData - [fixed-xiaohashu-127.0.0.1_8848] [add-listener] ok, tenant=xiaohashu, dataId=xiaohashu-oss.yaml, group=DEFAULT_GROUP, cnt=1
2025-10-31 21:13:09.310 [main] INFO  c.a.cloud.nacos.refresh.NacosContextRefresher - [Nacos Config] Listening config: dataId=xiaohashu-oss.yaml, group=DEFAULT_GROUP
2025-10-31 21:13:22.830 [http-nio-8081-exec-1] INFO  o.a.c.core.ContainerBase.[Tomcat].[localhost].[/] - Initializing Spring DispatcherServlet 'dispatcherServlet'
2025-10-31 21:13:22.830 [http-nio-8081-exec-1] INFO  org.springframework.web.servlet.DispatcherServlet - Initializing Servlet 'dispatcherServlet'
2025-10-31 21:13:22.831 [http-nio-8081-exec-1] INFO  org.springframework.web.servlet.DispatcherServlet - Completed initialization in 1 ms
2025-10-31 21:13:22.864 [http-nio-8081-exec-1] INFO  c.q.xiaohashu.oss.biz.controller.FileController - 当前用户ID: null
2025-10-31 21:13:22.865 [http-nio-8081-exec-1] INFO  c.q.x.oss.biz.strategy.impl.MinioFileStrategy - ## 上传文件至 Minio ...
2025-10-31 21:13:22.865 [http-nio-8081-exec-1] INFO  c.q.x.oss.biz.strategy.impl.MinioFileStrategy - ==> 开始上传文件至 Minio, ObjectName: aad8d0251ae44b5c8a18bef76825c4ce.png
2025-10-31 21:13:22.953 [http-nio-8081-exec-1] INFO  c.q.x.oss.biz.strategy.impl.MinioFileStrategy - ==> 上传文件至 Minio 成功，访问路径: http://192.168.134.128:9000/xiaohashu/aad8d0251ae44b5c8a18bef76825c4ce.png
2025-10-31 21:13:22.974 [http-nio-8081-exec-3] INFO  c.q.xiaohashu.oss.biz.controller.FileController - 当前用户ID: null
2025-10-31 21:13:22.975 [http-nio-8081-exec-3] INFO  c.q.x.oss.biz.strategy.impl.MinioFileStrategy - ## 上传文件至 Minio ...
2025-10-31 21:13:22.975 [http-nio-8081-exec-3] INFO  c.q.x.oss.biz.strategy.impl.MinioFileStrategy - ==> 开始上传文件至 Minio, ObjectName: a257976a2e724e12a3cbc6673a345da6.png
2025-10-31 21:13:23.002 [http-nio-8081-exec-3] INFO  c.q.x.oss.biz.strategy.impl.MinioFileStrategy - ==> 上传文件至 Minio 成功，访问路径: http://192.168.134.128:9000/xiaohashu/a257976a2e724e12a3cbc6673a345da6.png
2025-10-31 21:14:07.710 [main] WARN  com.alibaba.nacos.client.logging.NacosLogging - Load Logback Configuration of Nacos fail, message: Could not initialize Logback Nacos logging from classpath:nacos-logback.xml
2025-10-31 21:14:07.756 [main] WARN  com.alibaba.nacos.client.logging.NacosLogging - Load Logback Configuration of Nacos fail, message: Could not initialize Logback Nacos logging from classpath:nacos-logback.xml
2025-10-31 21:14:07.967 [main] WARN  com.alibaba.nacos.client.logging.NacosLogging - Load Logback Configuration of Nacos fail, message: Could not initialize Logback Nacos logging from classpath:nacos-logback.xml
2025-10-31 21:14:07.968 [main] INFO  com.alibaba.nacos.client.utils.ParamUtil - [settings] [req-serv] nacos-server port:8848
2025-10-31 21:14:07.968 [main] INFO  com.alibaba.nacos.client.utils.ParamUtil - [settings] [http-client] connect timeout:1000
2025-10-31 21:14:07.969 [main] INFO  com.alibaba.nacos.client.utils.ParamUtil - PER_TASK_CONFIG_SIZE: 3000.0
2025-10-31 21:14:07.985 [main] INFO  c.a.n.p.auth.spi.client.ClientAuthPluginManager - [ClientAuthPluginManager] Load ClientAuthService com.alibaba.nacos.client.auth.impl.NacosClientAuthServiceImpl success.
2025-10-31 21:14:07.986 [main] INFO  c.a.n.p.auth.spi.client.ClientAuthPluginManager - [ClientAuthPluginManager] Load ClientAuthService com.alibaba.nacos.client.auth.ram.RamClientAuthServiceImpl success.
2025-10-31 21:14:07.987 [main] INFO  c.a.n.client.auth.ram.identify.CredentialWatcher - null No credential found
2025-10-31 21:14:08.206 [main] WARN  com.alibaba.nacos.client.logging.NacosLogging - Load Logback Configuration of Nacos fail, message: Could not initialize Logback Nacos logging from classpath:nacos-logback.xml
2025-10-31 21:14:08.213 [main] INFO  c.a.n.client.config.impl.LocalConfigInfoProcessor - LOCAL_SNAPSHOT_PATH:C:\Users\hp\nacos\config
2025-10-31 21:14:08.215 [main] INFO  com.alibaba.nacos.common.remote.client - [RpcClientFactory] create a new rpc client of 9b48008b-2321-43e3-9357-1f3a42d8e0e1_config-0
2025-10-31 21:14:08.223 [main] INFO  com.alibaba.nacos.common.remote.client - [9b48008b-2321-43e3-9357-1f3a42d8e0e1_config-0] Register server push request handler:com.alibaba.nacos.client.config.impl.ClientWorker$ConfigRpcTransportClient$$Lambda$585/0x00000252d8323058
2025-10-31 21:14:08.223 [main] INFO  com.alibaba.nacos.common.remote.client - [9b48008b-2321-43e3-9357-1f3a42d8e0e1_config-0] Register server push request handler:com.alibaba.nacos.client.config.impl.ClientWorker$ConfigRpcTransportClient$$Lambda$586/0x00000252d8323478
2025-10-31 21:14:08.224 [main] INFO  com.alibaba.nacos.common.remote.client - [9b48008b-2321-43e3-9357-1f3a42d8e0e1_config-0] Registry connection listener to current client:com.alibaba.nacos.client.config.impl.ClientWorker$ConfigRpcTransportClient$1
2025-10-31 21:14:08.224 [main] INFO  com.alibaba.nacos.common.remote.client - [9b48008b-2321-43e3-9357-1f3a42d8e0e1_config-0] RpcClient init, ServerListFactory = com.alibaba.nacos.client.config.impl.ClientWorker$ConfigRpcTransportClient$2
2025-10-31 21:14:08.228 [main] INFO  com.alibaba.nacos.common.remote.client - [9b48008b-2321-43e3-9357-1f3a42d8e0e1_config-0] Try to connect to server on start up, server: {serverIp = '127.0.0.1', server main port = 8848}
2025-10-31 21:14:08.248 [main] INFO  c.a.nacos.common.remote.client.grpc.GrpcClient - grpc client connection server:127.0.0.1 ip,serverPort:9848,grpcTslConfig:{"sslProvider":"OPENSSL","enableTls":false,"mutualAuthEnable":false,"trustAll":false}
2025-10-31 21:14:08.821 [main] INFO  com.alibaba.nacos.common.remote.client - [9b48008b-2321-43e3-9357-1f3a42d8e0e1_config-0] Success to connect to server [127.0.0.1:8848] on start up, connectionId = 1761916448663_127.0.0.1_8109
2025-10-31 21:14:08.821 [com.alibaba.nacos.client.remote.worker] INFO  com.alibaba.nacos.common.remote.client - [9b48008b-2321-43e3-9357-1f3a42d8e0e1_config-0] Notify connected event to listeners.
2025-10-31 21:14:08.821 [com.alibaba.nacos.client.remote.worker] INFO  com.alibaba.nacos.client.config.impl.ClientWorker - [9b48008b-2321-43e3-9357-1f3a42d8e0e1_config-0] Connected,notify listen context...
2025-10-31 21:14:08.821 [main] INFO  com.alibaba.nacos.common.remote.client - [9b48008b-2321-43e3-9357-1f3a42d8e0e1_config-0] Register server push request handler:com.alibaba.nacos.common.remote.client.RpcClient$ConnectResetRequestHandler
2025-10-31 21:14:08.822 [main] INFO  com.alibaba.nacos.common.remote.client - [9b48008b-2321-43e3-9357-1f3a42d8e0e1_config-0] Register server push request handler:com.alibaba.nacos.common.remote.client.RpcClient$$Lambda$606/0x00000252d842f068
2025-10-31 21:14:08.837 [main] INFO  com.alibaba.nacos.client.config.impl.Limiter - limitTime:5.0
2025-10-31 21:14:08.846 [main] WARN  c.a.cloud.nacos.client.NacosPropertySourceBuilder - Ignore the empty nacos configuration and get it based on dataId[xiaohashu-oss] & group[DEFAULT_GROUP]
2025-10-31 21:14:08.850 [main] WARN  c.a.cloud.nacos.client.NacosPropertySourceBuilder - Ignore the empty nacos configuration and get it based on dataId[xiaohashu-oss.yaml] & group[DEFAULT_GROUP]
2025-10-31 21:14:08.853 [main] INFO  com.alibaba.nacos.client.config.utils.JvmUtil - isMultiInstance:false
2025-10-31 21:14:08.856 [main] INFO  o.s.c.b.c.PropertySourceBootstrapConfiguration - Located property source: [BootstrapPropertySource {name='bootstrapProperties-xiaohashu-oss-dev.yaml,DEFAULT_GROUP'}, BootstrapPropertySource {name='bootstrapProperties-xiaohashu-oss.yaml,DEFAULT_GROUP'}, BootstrapPropertySource {name='bootstrapProperties-xiaohashu-oss,DEFAULT_GROUP'}]
2025-10-31 21:14:08.859 [main] WARN  com.alibaba.nacos.client.logging.NacosLogging - Load Logback Configuration of Nacos fail, message: Could not initialize Logback Nacos logging from classpath:nacos-logback.xml
2025-10-31 21:14:08.859 [main] INFO  c.q.xiaohashu.oss.biz.XiaohashuOssBizApplication - The following 1 profile is active: "dev"
2025-10-31 21:14:09.222 [main] INFO  o.springframework.cloud.context.scope.GenericScope - BeanFactory id=6d950e4f-c07a-3cee-9321-2f2af7ce8df2
2025-10-31 21:14:09.430 [main] INFO  o.s.boot.web.embedded.tomcat.TomcatWebServer - Tomcat initialized with port(s): 8081 (http)
2025-10-31 21:14:09.435 [main] INFO  org.apache.catalina.core.StandardService - Starting service [Tomcat]
2025-10-31 21:14:09.436 [main] INFO  org.apache.catalina.core.StandardEngine - Starting Servlet engine: [Apache Tomcat/10.1.5]
2025-10-31 21:14:09.496 [main] INFO  o.a.c.core.ContainerBase.[Tomcat].[localhost].[/] - Initializing Spring embedded WebApplicationContext
2025-10-31 21:14:09.497 [main] INFO  o.s.b.w.s.c.ServletWebServerApplicationContext - Root WebApplicationContext: initialization completed in 628 ms
2025-10-31 21:14:10.333 [main] WARN  o.s.c.l.c.LoadBalancerCacheAutoConfiguration$LoadBalancerCaffeineWarnLogger - Spring Cloud LoadBalancer is currently working with the default cache. While this cache implementation is useful for development and tests, it's recommended to use Caffeine cache in production.You can switch to using Caffeine cache, by adding it and org.springframework.cache.caffeine.CaffeineCacheManager to the classpath.
2025-10-31 21:14:10.380 [main] INFO  o.s.boot.web.embedded.tomcat.TomcatWebServer - Tomcat started on port(s): 8081 (http) with context path ''
2025-10-31 21:14:10.382 [main] INFO  com.alibaba.nacos.client.naming - initializer namespace from ans.namespace attribute : null
2025-10-31 21:14:10.382 [main] INFO  com.alibaba.nacos.client.naming - initializer namespace from ALIBABA_ALIWARE_NAMESPACE attribute :null
2025-10-31 21:14:10.383 [main] INFO  com.alibaba.nacos.client.naming - initializer namespace from namespace attribute :null
2025-10-31 21:14:10.387 [main] INFO  c.a.n.p.auth.spi.client.ClientAuthPluginManager - [ClientAuthPluginManager] Load ClientAuthService com.alibaba.nacos.client.auth.impl.NacosClientAuthServiceImpl success.
2025-10-31 21:14:10.387 [main] INFO  c.a.n.p.auth.spi.client.ClientAuthPluginManager - [ClientAuthPluginManager] Load ClientAuthService com.alibaba.nacos.client.auth.ram.RamClientAuthServiceImpl success.
2025-10-31 21:14:10.389 [main] INFO  com.alibaba.nacos.common.remote.client - [RpcClientFactory] create a new rpc client of c5a5fc7a-ea2b-4338-b586-f52e0024b3df
2025-10-31 21:14:10.390 [main] INFO  com.alibaba.nacos.common.remote.client - [c5a5fc7a-ea2b-4338-b586-f52e0024b3df] RpcClient init, ServerListFactory = com.alibaba.nacos.client.naming.core.ServerListManager
2025-10-31 21:14:10.390 [main] INFO  com.alibaba.nacos.common.remote.client - [c5a5fc7a-ea2b-4338-b586-f52e0024b3df] Registry connection listener to current client:com.alibaba.nacos.client.naming.remote.gprc.redo.NamingGrpcRedoService
2025-10-31 21:14:10.390 [main] INFO  com.alibaba.nacos.common.remote.client - [c5a5fc7a-ea2b-4338-b586-f52e0024b3df] Register server push request handler:com.alibaba.nacos.client.naming.remote.gprc.NamingPushRequestHandler
2025-10-31 21:14:10.390 [main] INFO  com.alibaba.nacos.common.remote.client - [c5a5fc7a-ea2b-4338-b586-f52e0024b3df] Try to connect to server on start up, server: {serverIp = '127.0.0.1', server main port = 8848}
2025-10-31 21:14:10.390 [main] INFO  c.a.nacos.common.remote.client.grpc.GrpcClient - grpc client connection server:127.0.0.1 ip,serverPort:9848,grpcTslConfig:{"sslProvider":"OPENSSL","enableTls":false,"mutualAuthEnable":false,"trustAll":false}
2025-10-31 21:14:10.510 [main] INFO  com.alibaba.nacos.common.remote.client - [c5a5fc7a-ea2b-4338-b586-f52e0024b3df] Success to connect to server [127.0.0.1:8848] on start up, connectionId = 1761916450395_127.0.0.1_8110
2025-10-31 21:14:10.510 [main] INFO  com.alibaba.nacos.common.remote.client - [c5a5fc7a-ea2b-4338-b586-f52e0024b3df] Register server push request handler:com.alibaba.nacos.common.remote.client.RpcClient$ConnectResetRequestHandler
2025-10-31 21:14:10.510 [com.alibaba.nacos.client.remote.worker] INFO  com.alibaba.nacos.common.remote.client - [c5a5fc7a-ea2b-4338-b586-f52e0024b3df] Notify connected event to listeners.
2025-10-31 21:14:10.510 [com.alibaba.nacos.client.remote.worker] INFO  com.alibaba.nacos.client.naming - Grpc connection connect
2025-10-31 21:14:10.510 [main] INFO  com.alibaba.nacos.common.remote.client - [c5a5fc7a-ea2b-4338-b586-f52e0024b3df] Register server push request handler:com.alibaba.nacos.common.remote.client.RpcClient$$Lambda$606/0x00000252d842f068
2025-10-31 21:14:10.510 [main] INFO  com.alibaba.nacos.client.naming - [REGISTER-SERVICE] xiaohashu registering service xiaohashu-oss with instance Instance{instanceId='null', ip='192.168.134.1', port=8081, weight=1.0, healthy=true, enabled=true, ephemeral=true, clusterName='DEFAULT', serviceName='null', metadata={IPv6=null, preserved.register.source=SPRING_CLOUD}}
2025-10-31 21:14:10.518 [main] INFO  c.a.cloud.nacos.registry.NacosServiceRegistry - nacos registry, DEFAULT_GROUP xiaohashu-oss 192.168.134.1:8081 register finished
2025-10-31 21:14:10.658 [main] INFO  c.q.xiaohashu.oss.biz.XiaohashuOssBizApplication - Started XiaohashuOssBizApplication in 3.527 seconds (process running for 3.991)
2025-10-31 21:14:10.660 [main] INFO  com.alibaba.nacos.client.config.impl.CacheData - nacos.cache.data.init.snapshot = true 
2025-10-31 21:14:10.660 [main] INFO  com.alibaba.nacos.client.config.impl.ClientWorker - [fixed-xiaohashu-127.0.0.1_8848] [subscribe] xiaohashu-oss+DEFAULT_GROUP+xiaohashu
2025-10-31 21:14:10.663 [main] INFO  com.alibaba.nacos.client.config.impl.CacheData - [fixed-xiaohashu-127.0.0.1_8848] [add-listener] ok, tenant=xiaohashu, dataId=xiaohashu-oss, group=DEFAULT_GROUP, cnt=1
2025-10-31 21:14:10.663 [main] INFO  c.a.cloud.nacos.refresh.NacosContextRefresher - [Nacos Config] Listening config: dataId=xiaohashu-oss, group=DEFAULT_GROUP
2025-10-31 21:14:10.664 [main] INFO  com.alibaba.nacos.client.config.impl.ClientWorker - [fixed-xiaohashu-127.0.0.1_8848] [subscribe] xiaohashu-oss-dev.yaml+DEFAULT_GROUP+xiaohashu
2025-10-31 21:14:10.664 [main] INFO  com.alibaba.nacos.client.config.impl.CacheData - [fixed-xiaohashu-127.0.0.1_8848] [add-listener] ok, tenant=xiaohashu, dataId=xiaohashu-oss-dev.yaml, group=DEFAULT_GROUP, cnt=1
2025-10-31 21:14:10.664 [main] INFO  c.a.cloud.nacos.refresh.NacosContextRefresher - [Nacos Config] Listening config: dataId=xiaohashu-oss-dev.yaml, group=DEFAULT_GROUP
2025-10-31 21:14:10.664 [main] INFO  com.alibaba.nacos.client.config.impl.ClientWorker - [fixed-xiaohashu-127.0.0.1_8848] [subscribe] xiaohashu-oss.yaml+DEFAULT_GROUP+xiaohashu
2025-10-31 21:14:10.665 [main] INFO  com.alibaba.nacos.client.config.impl.CacheData - [fixed-xiaohashu-127.0.0.1_8848] [add-listener] ok, tenant=xiaohashu, dataId=xiaohashu-oss.yaml, group=DEFAULT_GROUP, cnt=1
2025-10-31 21:14:10.665 [main] INFO  c.a.cloud.nacos.refresh.NacosContextRefresher - [Nacos Config] Listening config: dataId=xiaohashu-oss.yaml, group=DEFAULT_GROUP
2025-10-31 21:14:32.092 [http-nio-8081-exec-1] INFO  o.a.c.core.ContainerBase.[Tomcat].[localhost].[/] - Initializing Spring DispatcherServlet 'dispatcherServlet'
2025-10-31 21:14:32.092 [http-nio-8081-exec-1] INFO  org.springframework.web.servlet.DispatcherServlet - Initializing Servlet 'dispatcherServlet'
2025-10-31 21:14:32.093 [http-nio-8081-exec-1] INFO  org.springframework.web.servlet.DispatcherServlet - Completed initialization in 0 ms
2025-10-31 21:14:32.125 [http-nio-8081-exec-1] INFO  c.q.xiaohashu.oss.biz.controller.FileController - 当前用户ID: null
2025-10-31 21:14:32.126 [http-nio-8081-exec-1] INFO  c.q.x.oss.biz.strategy.impl.MinioFileStrategy - ## 上传文件至 Minio ...
2025-10-31 21:14:32.126 [http-nio-8081-exec-1] INFO  c.q.x.oss.biz.strategy.impl.MinioFileStrategy - ==> 开始上传文件至 Minio, ObjectName: 65e520f7662747fd85bb895186432785.png
2025-10-31 21:14:32.220 [http-nio-8081-exec-1] INFO  c.q.x.oss.biz.strategy.impl.MinioFileStrategy - ==> 上传文件至 Minio 成功，访问路径: http://192.168.134.128:9000/xiaohashu/65e520f7662747fd85bb895186432785.png
2025-10-31 21:14:32.241 [http-nio-8081-exec-3] INFO  c.q.xiaohashu.oss.biz.controller.FileController - 当前用户ID: null
2025-10-31 21:14:32.241 [http-nio-8081-exec-3] INFO  c.q.x.oss.biz.strategy.impl.MinioFileStrategy - ## 上传文件至 Minio ...
2025-10-31 21:14:32.241 [http-nio-8081-exec-3] INFO  c.q.x.oss.biz.strategy.impl.MinioFileStrategy - ==> 开始上传文件至 Minio, ObjectName: 14a47cdc00fe472bb9849d8e4f36d600.png
2025-10-31 21:14:32.271 [http-nio-8081-exec-3] INFO  c.q.x.oss.biz.strategy.impl.MinioFileStrategy - ==> 上传文件至 Minio 成功，访问路径: http://192.168.134.128:9000/xiaohashu/14a47cdc00fe472bb9849d8e4f36d600.png
2025-10-31 21:16:09.581 [main] WARN  com.alibaba.nacos.client.logging.NacosLogging - Load Logback Configuration of Nacos fail, message: Could not initialize Logback Nacos logging from classpath:nacos-logback.xml
2025-10-31 21:16:09.629 [main] WARN  com.alibaba.nacos.client.logging.NacosLogging - Load Logback Configuration of Nacos fail, message: Could not initialize Logback Nacos logging from classpath:nacos-logback.xml
2025-10-31 21:16:09.839 [main] WARN  com.alibaba.nacos.client.logging.NacosLogging - Load Logback Configuration of Nacos fail, message: Could not initialize Logback Nacos logging from classpath:nacos-logback.xml
2025-10-31 21:16:09.840 [main] INFO  com.alibaba.nacos.client.utils.ParamUtil - [settings] [req-serv] nacos-server port:8848
2025-10-31 21:16:09.840 [main] INFO  com.alibaba.nacos.client.utils.ParamUtil - [settings] [http-client] connect timeout:1000
2025-10-31 21:16:09.841 [main] INFO  com.alibaba.nacos.client.utils.ParamUtil - PER_TASK_CONFIG_SIZE: 3000.0
2025-10-31 21:16:09.854 [main] INFO  c.a.n.p.auth.spi.client.ClientAuthPluginManager - [ClientAuthPluginManager] Load ClientAuthService com.alibaba.nacos.client.auth.impl.NacosClientAuthServiceImpl success.
2025-10-31 21:16:09.854 [main] INFO  c.a.n.p.auth.spi.client.ClientAuthPluginManager - [ClientAuthPluginManager] Load ClientAuthService com.alibaba.nacos.client.auth.ram.RamClientAuthServiceImpl success.
2025-10-31 21:16:09.856 [main] INFO  c.a.n.client.auth.ram.identify.CredentialWatcher - null No credential found
2025-10-31 21:16:10.075 [main] WARN  com.alibaba.nacos.client.logging.NacosLogging - Load Logback Configuration of Nacos fail, message: Could not initialize Logback Nacos logging from classpath:nacos-logback.xml
2025-10-31 21:16:10.084 [main] INFO  c.a.n.client.config.impl.LocalConfigInfoProcessor - LOCAL_SNAPSHOT_PATH:C:\Users\hp\nacos\config
2025-10-31 21:16:10.086 [main] INFO  com.alibaba.nacos.common.remote.client - [RpcClientFactory] create a new rpc client of e6877d92-7401-4136-b1a5-78aea5478882_config-0
2025-10-31 21:16:10.094 [main] INFO  com.alibaba.nacos.common.remote.client - [e6877d92-7401-4136-b1a5-78aea5478882_config-0] Register server push request handler:com.alibaba.nacos.client.config.impl.ClientWorker$ConfigRpcTransportClient$$Lambda$585/0x000002120d323af8
2025-10-31 21:16:10.094 [main] INFO  com.alibaba.nacos.common.remote.client - [e6877d92-7401-4136-b1a5-78aea5478882_config-0] Register server push request handler:com.alibaba.nacos.client.config.impl.ClientWorker$ConfigRpcTransportClient$$Lambda$586/0x000002120d323f18
2025-10-31 21:16:10.094 [main] INFO  com.alibaba.nacos.common.remote.client - [e6877d92-7401-4136-b1a5-78aea5478882_config-0] Registry connection listener to current client:com.alibaba.nacos.client.config.impl.ClientWorker$ConfigRpcTransportClient$1
2025-10-31 21:16:10.095 [main] INFO  com.alibaba.nacos.common.remote.client - [e6877d92-7401-4136-b1a5-78aea5478882_config-0] RpcClient init, ServerListFactory = com.alibaba.nacos.client.config.impl.ClientWorker$ConfigRpcTransportClient$2
2025-10-31 21:16:10.099 [main] INFO  com.alibaba.nacos.common.remote.client - [e6877d92-7401-4136-b1a5-78aea5478882_config-0] Try to connect to server on start up, server: {serverIp = '127.0.0.1', server main port = 8848}
2025-10-31 21:16:10.120 [main] INFO  c.a.nacos.common.remote.client.grpc.GrpcClient - grpc client connection server:127.0.0.1 ip,serverPort:9848,grpcTslConfig:{"sslProvider":"OPENSSL","enableTls":false,"mutualAuthEnable":false,"trustAll":false}
2025-10-31 21:16:10.690 [main] INFO  com.alibaba.nacos.common.remote.client - [e6877d92-7401-4136-b1a5-78aea5478882_config-0] Success to connect to server [127.0.0.1:8848] on start up, connectionId = 1761916570532_127.0.0.1_8213
2025-10-31 21:16:10.690 [com.alibaba.nacos.client.remote.worker] INFO  com.alibaba.nacos.common.remote.client - [e6877d92-7401-4136-b1a5-78aea5478882_config-0] Notify connected event to listeners.
2025-10-31 21:16:10.691 [main] INFO  com.alibaba.nacos.common.remote.client - [e6877d92-7401-4136-b1a5-78aea5478882_config-0] Register server push request handler:com.alibaba.nacos.common.remote.client.RpcClient$ConnectResetRequestHandler
2025-10-31 21:16:10.691 [com.alibaba.nacos.client.remote.worker] INFO  com.alibaba.nacos.client.config.impl.ClientWorker - [e6877d92-7401-4136-b1a5-78aea5478882_config-0] Connected,notify listen context...
2025-10-31 21:16:10.691 [main] INFO  com.alibaba.nacos.common.remote.client - [e6877d92-7401-4136-b1a5-78aea5478882_config-0] Register server push request handler:com.alibaba.nacos.common.remote.client.RpcClient$$Lambda$606/0x000002120d430000
2025-10-31 21:16:10.705 [main] INFO  com.alibaba.nacos.client.config.impl.Limiter - limitTime:5.0
2025-10-31 21:16:10.715 [main] WARN  c.a.cloud.nacos.client.NacosPropertySourceBuilder - Ignore the empty nacos configuration and get it based on dataId[xiaohashu-oss] & group[DEFAULT_GROUP]
2025-10-31 21:16:10.719 [main] WARN  c.a.cloud.nacos.client.NacosPropertySourceBuilder - Ignore the empty nacos configuration and get it based on dataId[xiaohashu-oss.yaml] & group[DEFAULT_GROUP]
2025-10-31 21:16:10.724 [main] INFO  com.alibaba.nacos.client.config.utils.JvmUtil - isMultiInstance:false
2025-10-31 21:16:10.727 [main] INFO  o.s.c.b.c.PropertySourceBootstrapConfiguration - Located property source: [BootstrapPropertySource {name='bootstrapProperties-xiaohashu-oss-dev.yaml,DEFAULT_GROUP'}, BootstrapPropertySource {name='bootstrapProperties-xiaohashu-oss.yaml,DEFAULT_GROUP'}, BootstrapPropertySource {name='bootstrapProperties-xiaohashu-oss,DEFAULT_GROUP'}]
2025-10-31 21:16:10.730 [main] WARN  com.alibaba.nacos.client.logging.NacosLogging - Load Logback Configuration of Nacos fail, message: Could not initialize Logback Nacos logging from classpath:nacos-logback.xml
2025-10-31 21:16:10.730 [main] INFO  c.q.xiaohashu.oss.biz.XiaohashuOssBizApplication - The following 1 profile is active: "dev"
2025-10-31 21:16:11.082 [main] INFO  o.springframework.cloud.context.scope.GenericScope - BeanFactory id=b7fb5971-e013-3159-b258-ef7d2687b5b0
2025-10-31 21:16:11.273 [main] INFO  o.s.boot.web.embedded.tomcat.TomcatWebServer - Tomcat initialized with port(s): 8081 (http)
2025-10-31 21:16:11.278 [main] INFO  org.apache.catalina.core.StandardService - Starting service [Tomcat]
2025-10-31 21:16:11.278 [main] INFO  org.apache.catalina.core.StandardEngine - Starting Servlet engine: [Apache Tomcat/10.1.5]
2025-10-31 21:16:11.331 [main] INFO  o.a.c.core.ContainerBase.[Tomcat].[localhost].[/] - Initializing Spring embedded WebApplicationContext
2025-10-31 21:16:11.331 [main] INFO  o.s.b.w.s.c.ServletWebServerApplicationContext - Root WebApplicationContext: initialization completed in 593 ms
2025-10-31 21:16:12.143 [main] WARN  o.s.c.l.c.LoadBalancerCacheAutoConfiguration$LoadBalancerCaffeineWarnLogger - Spring Cloud LoadBalancer is currently working with the default cache. While this cache implementation is useful for development and tests, it's recommended to use Caffeine cache in production.You can switch to using Caffeine cache, by adding it and org.springframework.cache.caffeine.CaffeineCacheManager to the classpath.
2025-10-31 21:16:12.185 [main] INFO  o.s.boot.web.embedded.tomcat.TomcatWebServer - Tomcat started on port(s): 8081 (http) with context path ''
2025-10-31 21:16:12.188 [main] INFO  com.alibaba.nacos.client.naming - initializer namespace from ans.namespace attribute : null
2025-10-31 21:16:12.188 [main] INFO  com.alibaba.nacos.client.naming - initializer namespace from ALIBABA_ALIWARE_NAMESPACE attribute :null
2025-10-31 21:16:12.188 [main] INFO  com.alibaba.nacos.client.naming - initializer namespace from namespace attribute :null
2025-10-31 21:16:12.192 [main] INFO  c.a.n.p.auth.spi.client.ClientAuthPluginManager - [ClientAuthPluginManager] Load ClientAuthService com.alibaba.nacos.client.auth.impl.NacosClientAuthServiceImpl success.
2025-10-31 21:16:12.192 [main] INFO  c.a.n.p.auth.spi.client.ClientAuthPluginManager - [ClientAuthPluginManager] Load ClientAuthService com.alibaba.nacos.client.auth.ram.RamClientAuthServiceImpl success.
2025-10-31 21:16:12.194 [main] INFO  com.alibaba.nacos.common.remote.client - [RpcClientFactory] create a new rpc client of 6c9d9e5e-e0c4-466a-89f7-736f0fc51a21
2025-10-31 21:16:12.194 [main] INFO  com.alibaba.nacos.common.remote.client - [6c9d9e5e-e0c4-466a-89f7-736f0fc51a21] RpcClient init, ServerListFactory = com.alibaba.nacos.client.naming.core.ServerListManager
2025-10-31 21:16:12.194 [main] INFO  com.alibaba.nacos.common.remote.client - [6c9d9e5e-e0c4-466a-89f7-736f0fc51a21] Registry connection listener to current client:com.alibaba.nacos.client.naming.remote.gprc.redo.NamingGrpcRedoService
2025-10-31 21:16:12.194 [main] INFO  com.alibaba.nacos.common.remote.client - [6c9d9e5e-e0c4-466a-89f7-736f0fc51a21] Register server push request handler:com.alibaba.nacos.client.naming.remote.gprc.NamingPushRequestHandler
2025-10-31 21:16:12.194 [main] INFO  com.alibaba.nacos.common.remote.client - [6c9d9e5e-e0c4-466a-89f7-736f0fc51a21] Try to connect to server on start up, server: {serverIp = '127.0.0.1', server main port = 8848}
2025-10-31 21:16:12.196 [main] INFO  c.a.nacos.common.remote.client.grpc.GrpcClient - grpc client connection server:127.0.0.1 ip,serverPort:9848,grpcTslConfig:{"sslProvider":"OPENSSL","enableTls":false,"mutualAuthEnable":false,"trustAll":false}
2025-10-31 21:16:12.316 [main] INFO  com.alibaba.nacos.common.remote.client - [6c9d9e5e-e0c4-466a-89f7-736f0fc51a21] Success to connect to server [127.0.0.1:8848] on start up, connectionId = 1761916572199_127.0.0.1_8214
2025-10-31 21:16:12.316 [main] INFO  com.alibaba.nacos.common.remote.client - [6c9d9e5e-e0c4-466a-89f7-736f0fc51a21] Register server push request handler:com.alibaba.nacos.common.remote.client.RpcClient$ConnectResetRequestHandler
2025-10-31 21:16:12.316 [main] INFO  com.alibaba.nacos.common.remote.client - [6c9d9e5e-e0c4-466a-89f7-736f0fc51a21] Register server push request handler:com.alibaba.nacos.common.remote.client.RpcClient$$Lambda$606/0x000002120d430000
2025-10-31 21:16:12.316 [com.alibaba.nacos.client.remote.worker] INFO  com.alibaba.nacos.common.remote.client - [6c9d9e5e-e0c4-466a-89f7-736f0fc51a21] Notify connected event to listeners.
2025-10-31 21:16:12.316 [com.alibaba.nacos.client.remote.worker] INFO  com.alibaba.nacos.client.naming - Grpc connection connect
2025-10-31 21:16:12.317 [main] INFO  com.alibaba.nacos.client.naming - [REGISTER-SERVICE] xiaohashu registering service xiaohashu-oss with instance Instance{instanceId='null', ip='192.168.134.1', port=8081, weight=1.0, healthy=true, enabled=true, ephemeral=true, clusterName='DEFAULT', serviceName='null', metadata={IPv6=null, preserved.register.source=SPRING_CLOUD}}
2025-10-31 21:16:12.326 [main] INFO  c.a.cloud.nacos.registry.NacosServiceRegistry - nacos registry, DEFAULT_GROUP xiaohashu-oss 192.168.134.1:8081 register finished
2025-10-31 21:16:12.459 [main] INFO  c.q.xiaohashu.oss.biz.XiaohashuOssBizApplication - Started XiaohashuOssBizApplication in 3.468 seconds (process running for 3.915)
2025-10-31 21:16:12.461 [main] INFO  com.alibaba.nacos.client.config.impl.CacheData - nacos.cache.data.init.snapshot = true 
2025-10-31 21:16:12.461 [main] INFO  com.alibaba.nacos.client.config.impl.ClientWorker - [fixed-xiaohashu-127.0.0.1_8848] [subscribe] xiaohashu-oss+DEFAULT_GROUP+xiaohashu
2025-10-31 21:16:12.464 [main] INFO  com.alibaba.nacos.client.config.impl.CacheData - [fixed-xiaohashu-127.0.0.1_8848] [add-listener] ok, tenant=xiaohashu, dataId=xiaohashu-oss, group=DEFAULT_GROUP, cnt=1
2025-10-31 21:16:12.464 [main] INFO  c.a.cloud.nacos.refresh.NacosContextRefresher - [Nacos Config] Listening config: dataId=xiaohashu-oss, group=DEFAULT_GROUP
2025-10-31 21:16:12.465 [main] INFO  com.alibaba.nacos.client.config.impl.ClientWorker - [fixed-xiaohashu-127.0.0.1_8848] [subscribe] xiaohashu-oss-dev.yaml+DEFAULT_GROUP+xiaohashu
2025-10-31 21:16:12.465 [main] INFO  com.alibaba.nacos.client.config.impl.CacheData - [fixed-xiaohashu-127.0.0.1_8848] [add-listener] ok, tenant=xiaohashu, dataId=xiaohashu-oss-dev.yaml, group=DEFAULT_GROUP, cnt=1
2025-10-31 21:16:12.465 [main] INFO  c.a.cloud.nacos.refresh.NacosContextRefresher - [Nacos Config] Listening config: dataId=xiaohashu-oss-dev.yaml, group=DEFAULT_GROUP
2025-10-31 21:16:12.465 [main] INFO  com.alibaba.nacos.client.config.impl.ClientWorker - [fixed-xiaohashu-127.0.0.1_8848] [subscribe] xiaohashu-oss.yaml+DEFAULT_GROUP+xiaohashu
2025-10-31 21:16:12.465 [main] INFO  com.alibaba.nacos.client.config.impl.CacheData - [fixed-xiaohashu-127.0.0.1_8848] [add-listener] ok, tenant=xiaohashu, dataId=xiaohashu-oss.yaml, group=DEFAULT_GROUP, cnt=1
2025-10-31 21:16:12.465 [main] INFO  c.a.cloud.nacos.refresh.NacosContextRefresher - [Nacos Config] Listening config: dataId=xiaohashu-oss.yaml, group=DEFAULT_GROUP
2025-10-31 21:17:49.241 [main] WARN  com.alibaba.nacos.client.logging.NacosLogging - Load Logback Configuration of Nacos fail, message: Could not initialize Logback Nacos logging from classpath:nacos-logback.xml
2025-10-31 21:17:49.290 [main] WARN  com.alibaba.nacos.client.logging.NacosLogging - Load Logback Configuration of Nacos fail, message: Could not initialize Logback Nacos logging from classpath:nacos-logback.xml
2025-10-31 21:17:49.513 [main] WARN  com.alibaba.nacos.client.logging.NacosLogging - Load Logback Configuration of Nacos fail, message: Could not initialize Logback Nacos logging from classpath:nacos-logback.xml
2025-10-31 21:17:49.514 [main] INFO  com.alibaba.nacos.client.utils.ParamUtil - [settings] [req-serv] nacos-server port:8848
2025-10-31 21:17:49.515 [main] INFO  com.alibaba.nacos.client.utils.ParamUtil - [settings] [http-client] connect timeout:1000
2025-10-31 21:17:49.515 [main] INFO  com.alibaba.nacos.client.utils.ParamUtil - PER_TASK_CONFIG_SIZE: 3000.0
2025-10-31 21:17:49.533 [main] INFO  c.a.n.p.auth.spi.client.ClientAuthPluginManager - [ClientAuthPluginManager] Load ClientAuthService com.alibaba.nacos.client.auth.impl.NacosClientAuthServiceImpl success.
2025-10-31 21:17:49.533 [main] INFO  c.a.n.p.auth.spi.client.ClientAuthPluginManager - [ClientAuthPluginManager] Load ClientAuthService com.alibaba.nacos.client.auth.ram.RamClientAuthServiceImpl success.
2025-10-31 21:17:49.535 [main] INFO  c.a.n.client.auth.ram.identify.CredentialWatcher - null No credential found
2025-10-31 21:17:49.759 [main] WARN  com.alibaba.nacos.client.logging.NacosLogging - Load Logback Configuration of Nacos fail, message: Could not initialize Logback Nacos logging from classpath:nacos-logback.xml
2025-10-31 21:17:49.767 [main] INFO  c.a.n.client.config.impl.LocalConfigInfoProcessor - LOCAL_SNAPSHOT_PATH:C:\Users\hp\nacos\config
2025-10-31 21:17:49.769 [main] INFO  com.alibaba.nacos.common.remote.client - [RpcClientFactory] create a new rpc client of 176a2190-8da2-4abe-8454-6b7bc562e828_config-0
2025-10-31 21:17:49.777 [main] INFO  com.alibaba.nacos.common.remote.client - [176a2190-8da2-4abe-8454-6b7bc562e828_config-0] Register server push request handler:com.alibaba.nacos.client.config.impl.ClientWorker$ConfigRpcTransportClient$$Lambda$585/0x0000025acd323338
2025-10-31 21:17:49.777 [main] INFO  com.alibaba.nacos.common.remote.client - [176a2190-8da2-4abe-8454-6b7bc562e828_config-0] Register server push request handler:com.alibaba.nacos.client.config.impl.ClientWorker$ConfigRpcTransportClient$$Lambda$586/0x0000025acd323758
2025-10-31 21:17:49.777 [main] INFO  com.alibaba.nacos.common.remote.client - [176a2190-8da2-4abe-8454-6b7bc562e828_config-0] Registry connection listener to current client:com.alibaba.nacos.client.config.impl.ClientWorker$ConfigRpcTransportClient$1
2025-10-31 21:17:49.778 [main] INFO  com.alibaba.nacos.common.remote.client - [176a2190-8da2-4abe-8454-6b7bc562e828_config-0] RpcClient init, ServerListFactory = com.alibaba.nacos.client.config.impl.ClientWorker$ConfigRpcTransportClient$2
2025-10-31 21:17:49.782 [main] INFO  com.alibaba.nacos.common.remote.client - [176a2190-8da2-4abe-8454-6b7bc562e828_config-0] Try to connect to server on start up, server: {serverIp = '127.0.0.1', server main port = 8848}
2025-10-31 21:17:49.802 [main] INFO  c.a.nacos.common.remote.client.grpc.GrpcClient - grpc client connection server:127.0.0.1 ip,serverPort:9848,grpcTslConfig:{"sslProvider":"OPENSSL","enableTls":false,"mutualAuthEnable":false,"trustAll":false}
2025-10-31 21:17:50.403 [main] INFO  com.alibaba.nacos.common.remote.client - [176a2190-8da2-4abe-8454-6b7bc562e828_config-0] Success to connect to server [127.0.0.1:8848] on start up, connectionId = 1761916670246_127.0.0.1_8293
2025-10-31 21:17:50.403 [com.alibaba.nacos.client.remote.worker] INFO  com.alibaba.nacos.common.remote.client - [176a2190-8da2-4abe-8454-6b7bc562e828_config-0] Notify connected event to listeners.
2025-10-31 21:17:50.403 [com.alibaba.nacos.client.remote.worker] INFO  com.alibaba.nacos.client.config.impl.ClientWorker - [176a2190-8da2-4abe-8454-6b7bc562e828_config-0] Connected,notify listen context...
2025-10-31 21:17:50.403 [main] INFO  com.alibaba.nacos.common.remote.client - [176a2190-8da2-4abe-8454-6b7bc562e828_config-0] Register server push request handler:com.alibaba.nacos.common.remote.client.RpcClient$ConnectResetRequestHandler
2025-10-31 21:17:50.404 [main] INFO  com.alibaba.nacos.common.remote.client - [176a2190-8da2-4abe-8454-6b7bc562e828_config-0] Register server push request handler:com.alibaba.nacos.common.remote.client.RpcClient$$Lambda$606/0x0000025acd42f068
2025-10-31 21:17:50.419 [main] INFO  com.alibaba.nacos.client.config.impl.Limiter - limitTime:5.0
2025-10-31 21:17:50.431 [main] WARN  c.a.cloud.nacos.client.NacosPropertySourceBuilder - Ignore the empty nacos configuration and get it based on dataId[xiaohashu-oss] & group[DEFAULT_GROUP]
2025-10-31 21:17:50.435 [main] WARN  c.a.cloud.nacos.client.NacosPropertySourceBuilder - Ignore the empty nacos configuration and get it based on dataId[xiaohashu-oss.yaml] & group[DEFAULT_GROUP]
2025-10-31 21:17:50.440 [main] INFO  com.alibaba.nacos.client.config.utils.JvmUtil - isMultiInstance:false
2025-10-31 21:17:50.442 [main] INFO  o.s.c.b.c.PropertySourceBootstrapConfiguration - Located property source: [BootstrapPropertySource {name='bootstrapProperties-xiaohashu-oss-dev.yaml,DEFAULT_GROUP'}, BootstrapPropertySource {name='bootstrapProperties-xiaohashu-oss.yaml,DEFAULT_GROUP'}, BootstrapPropertySource {name='bootstrapProperties-xiaohashu-oss,DEFAULT_GROUP'}]
2025-10-31 21:17:50.445 [main] WARN  com.alibaba.nacos.client.logging.NacosLogging - Load Logback Configuration of Nacos fail, message: Could not initialize Logback Nacos logging from classpath:nacos-logback.xml
2025-10-31 21:17:50.446 [main] INFO  c.q.xiaohashu.oss.biz.XiaohashuOssBizApplication - The following 1 profile is active: "dev"
2025-10-31 21:17:50.800 [main] INFO  o.springframework.cloud.context.scope.GenericScope - BeanFactory id=b7fb5971-e013-3159-b258-ef7d2687b5b0
2025-10-31 21:17:50.994 [main] INFO  o.s.boot.web.embedded.tomcat.TomcatWebServer - Tomcat initialized with port(s): 8081 (http)
2025-10-31 21:17:50.999 [main] INFO  org.apache.catalina.core.StandardService - Starting service [Tomcat]
2025-10-31 21:17:50.999 [main] INFO  org.apache.catalina.core.StandardEngine - Starting Servlet engine: [Apache Tomcat/10.1.5]
2025-10-31 21:17:51.056 [main] INFO  o.a.c.core.ContainerBase.[Tomcat].[localhost].[/] - Initializing Spring embedded WebApplicationContext
2025-10-31 21:17:51.056 [main] INFO  o.s.b.w.s.c.ServletWebServerApplicationContext - Root WebApplicationContext: initialization completed in 603 ms
2025-10-31 21:17:51.898 [main] WARN  o.s.c.l.c.LoadBalancerCacheAutoConfiguration$LoadBalancerCaffeineWarnLogger - Spring Cloud LoadBalancer is currently working with the default cache. While this cache implementation is useful for development and tests, it's recommended to use Caffeine cache in production.You can switch to using Caffeine cache, by adding it and org.springframework.cache.caffeine.CaffeineCacheManager to the classpath.
2025-10-31 21:17:51.943 [main] INFO  o.s.boot.web.embedded.tomcat.TomcatWebServer - Tomcat started on port(s): 8081 (http) with context path ''
2025-10-31 21:17:51.946 [main] INFO  com.alibaba.nacos.client.naming - initializer namespace from ans.namespace attribute : null
2025-10-31 21:17:51.947 [main] INFO  com.alibaba.nacos.client.naming - initializer namespace from ALIBABA_ALIWARE_NAMESPACE attribute :null
2025-10-31 21:17:51.947 [main] INFO  com.alibaba.nacos.client.naming - initializer namespace from namespace attribute :null
2025-10-31 21:17:51.951 [main] INFO  c.a.n.p.auth.spi.client.ClientAuthPluginManager - [ClientAuthPluginManager] Load ClientAuthService com.alibaba.nacos.client.auth.impl.NacosClientAuthServiceImpl success.
2025-10-31 21:17:51.951 [main] INFO  c.a.n.p.auth.spi.client.ClientAuthPluginManager - [ClientAuthPluginManager] Load ClientAuthService com.alibaba.nacos.client.auth.ram.RamClientAuthServiceImpl success.
2025-10-31 21:17:51.953 [main] INFO  com.alibaba.nacos.common.remote.client - [RpcClientFactory] create a new rpc client of 0edffd0a-776a-4377-9de4-d7b6e110f10d
2025-10-31 21:17:51.954 [main] INFO  com.alibaba.nacos.common.remote.client - [0edffd0a-776a-4377-9de4-d7b6e110f10d] RpcClient init, ServerListFactory = com.alibaba.nacos.client.naming.core.ServerListManager
2025-10-31 21:17:51.954 [main] INFO  com.alibaba.nacos.common.remote.client - [0edffd0a-776a-4377-9de4-d7b6e110f10d] Registry connection listener to current client:com.alibaba.nacos.client.naming.remote.gprc.redo.NamingGrpcRedoService
2025-10-31 21:17:51.955 [main] INFO  com.alibaba.nacos.common.remote.client - [0edffd0a-776a-4377-9de4-d7b6e110f10d] Register server push request handler:com.alibaba.nacos.client.naming.remote.gprc.NamingPushRequestHandler
2025-10-31 21:17:51.955 [main] INFO  com.alibaba.nacos.common.remote.client - [0edffd0a-776a-4377-9de4-d7b6e110f10d] Try to connect to server on start up, server: {serverIp = '127.0.0.1', server main port = 8848}
2025-10-31 21:17:51.955 [main] INFO  c.a.nacos.common.remote.client.grpc.GrpcClient - grpc client connection server:127.0.0.1 ip,serverPort:9848,grpcTslConfig:{"sslProvider":"OPENSSL","enableTls":false,"mutualAuthEnable":false,"trustAll":false}
2025-10-31 21:17:52.063 [main] INFO  com.alibaba.nacos.common.remote.client - [0edffd0a-776a-4377-9de4-d7b6e110f10d] Success to connect to server [127.0.0.1:8848] on start up, connectionId = 1761916671959_127.0.0.1_8294
2025-10-31 21:17:52.063 [main] INFO  com.alibaba.nacos.common.remote.client - [0edffd0a-776a-4377-9de4-d7b6e110f10d] Register server push request handler:com.alibaba.nacos.common.remote.client.RpcClient$ConnectResetRequestHandler
2025-10-31 21:17:52.063 [com.alibaba.nacos.client.remote.worker] INFO  com.alibaba.nacos.common.remote.client - [0edffd0a-776a-4377-9de4-d7b6e110f10d] Notify connected event to listeners.
2025-10-31 21:17:52.064 [com.alibaba.nacos.client.remote.worker] INFO  com.alibaba.nacos.client.naming - Grpc connection connect
2025-10-31 21:17:52.064 [main] INFO  com.alibaba.nacos.common.remote.client - [0edffd0a-776a-4377-9de4-d7b6e110f10d] Register server push request handler:com.alibaba.nacos.common.remote.client.RpcClient$$Lambda$606/0x0000025acd42f068
2025-10-31 21:17:52.064 [main] INFO  com.alibaba.nacos.client.naming - [REGISTER-SERVICE] xiaohashu registering service xiaohashu-oss with instance Instance{instanceId='null', ip='192.168.134.1', port=8081, weight=1.0, healthy=true, enabled=true, ephemeral=true, clusterName='DEFAULT', serviceName='null', metadata={IPv6=null, preserved.register.source=SPRING_CLOUD}}
2025-10-31 21:17:52.071 [main] INFO  c.a.cloud.nacos.registry.NacosServiceRegistry - nacos registry, DEFAULT_GROUP xiaohashu-oss 192.168.134.1:8081 register finished
2025-10-31 21:17:52.212 [main] INFO  c.q.xiaohashu.oss.biz.XiaohashuOssBizApplication - Started XiaohashuOssBizApplication in 3.567 seconds (process running for 4.031)
2025-10-31 21:17:52.214 [main] INFO  com.alibaba.nacos.client.config.impl.CacheData - nacos.cache.data.init.snapshot = true 
2025-10-31 21:17:52.214 [main] INFO  com.alibaba.nacos.client.config.impl.ClientWorker - [fixed-xiaohashu-127.0.0.1_8848] [subscribe] xiaohashu-oss+DEFAULT_GROUP+xiaohashu
2025-10-31 21:17:52.217 [main] INFO  com.alibaba.nacos.client.config.impl.CacheData - [fixed-xiaohashu-127.0.0.1_8848] [add-listener] ok, tenant=xiaohashu, dataId=xiaohashu-oss, group=DEFAULT_GROUP, cnt=1
2025-10-31 21:17:52.217 [main] INFO  c.a.cloud.nacos.refresh.NacosContextRefresher - [Nacos Config] Listening config: dataId=xiaohashu-oss, group=DEFAULT_GROUP
2025-10-31 21:17:52.218 [main] INFO  com.alibaba.nacos.client.config.impl.ClientWorker - [fixed-xiaohashu-127.0.0.1_8848] [subscribe] xiaohashu-oss-dev.yaml+DEFAULT_GROUP+xiaohashu
2025-10-31 21:17:52.218 [main] INFO  com.alibaba.nacos.client.config.impl.CacheData - [fixed-xiaohashu-127.0.0.1_8848] [add-listener] ok, tenant=xiaohashu, dataId=xiaohashu-oss-dev.yaml, group=DEFAULT_GROUP, cnt=1
2025-10-31 21:17:52.218 [main] INFO  c.a.cloud.nacos.refresh.NacosContextRefresher - [Nacos Config] Listening config: dataId=xiaohashu-oss-dev.yaml, group=DEFAULT_GROUP
2025-10-31 21:17:52.218 [main] INFO  com.alibaba.nacos.client.config.impl.ClientWorker - [fixed-xiaohashu-127.0.0.1_8848] [subscribe] xiaohashu-oss.yaml+DEFAULT_GROUP+xiaohashu
2025-10-31 21:17:52.218 [main] INFO  com.alibaba.nacos.client.config.impl.CacheData - [fixed-xiaohashu-127.0.0.1_8848] [add-listener] ok, tenant=xiaohashu, dataId=xiaohashu-oss.yaml, group=DEFAULT_GROUP, cnt=1
2025-10-31 21:17:52.218 [main] INFO  c.a.cloud.nacos.refresh.NacosContextRefresher - [Nacos Config] Listening config: dataId=xiaohashu-oss.yaml, group=DEFAULT_GROUP
2025-10-31 21:17:58.452 [http-nio-8081-exec-1] INFO  o.a.c.core.ContainerBase.[Tomcat].[localhost].[/] - Initializing Spring DispatcherServlet 'dispatcherServlet'
2025-10-31 21:17:58.452 [http-nio-8081-exec-1] INFO  org.springframework.web.servlet.DispatcherServlet - Initializing Servlet 'dispatcherServlet'
2025-10-31 21:17:58.453 [http-nio-8081-exec-1] INFO  org.springframework.web.servlet.DispatcherServlet - Completed initialization in 1 ms
2025-10-31 21:17:58.456 [http-nio-8081-exec-1] INFO  c.q.x.oss.biz.filter.HeaderUserId2ContextFilter - ## HeaderUserId2ContextFilter, 用户 ID: null
2025-10-31 21:17:58.488 [http-nio-8081-exec-1] INFO  c.q.xiaohashu.oss.biz.controller.FileController - 当前用户ID: null
2025-10-31 21:17:58.488 [http-nio-8081-exec-1] INFO  c.q.x.oss.biz.strategy.impl.MinioFileStrategy - ## 上传文件至 Minio ...
2025-10-31 21:17:58.488 [http-nio-8081-exec-1] INFO  c.q.x.oss.biz.strategy.impl.MinioFileStrategy - ==> 开始上传文件至 Minio, ObjectName: 861e45e6b5e8449ebcad70aef5c2be50.png
2025-10-31 21:17:58.577 [http-nio-8081-exec-1] INFO  c.q.x.oss.biz.strategy.impl.MinioFileStrategy - ==> 上传文件至 Minio 成功，访问路径: http://192.168.134.128:9000/xiaohashu/861e45e6b5e8449ebcad70aef5c2be50.png
2025-10-31 21:17:58.593 [http-nio-8081-exec-2] INFO  c.q.x.oss.biz.filter.HeaderUserId2ContextFilter - ## HeaderUserId2ContextFilter, 用户 ID: null
2025-10-31 21:17:58.597 [http-nio-8081-exec-2] INFO  c.q.xiaohashu.oss.biz.controller.FileController - 当前用户ID: null
2025-10-31 21:17:58.597 [http-nio-8081-exec-2] INFO  c.q.x.oss.biz.strategy.impl.MinioFileStrategy - ## 上传文件至 Minio ...
2025-10-31 21:17:58.597 [http-nio-8081-exec-2] INFO  c.q.x.oss.biz.strategy.impl.MinioFileStrategy - ==> 开始上传文件至 Minio, ObjectName: fa89658af9b04217ae8ab0a51ce1babb.png
2025-10-31 21:17:58.635 [http-nio-8081-exec-2] INFO  c.q.x.oss.biz.strategy.impl.MinioFileStrategy - ==> 上传文件至 Minio 成功，访问路径: http://192.168.134.128:9000/xiaohashu/fa89658af9b04217ae8ab0a51ce1babb.png
2025-10-31 21:18:46.454 [main] WARN  com.alibaba.nacos.client.logging.NacosLogging - Load Logback Configuration of Nacos fail, message: Could not initialize Logback Nacos logging from classpath:nacos-logback.xml
2025-10-31 21:18:46.499 [main] WARN  com.alibaba.nacos.client.logging.NacosLogging - Load Logback Configuration of Nacos fail, message: Could not initialize Logback Nacos logging from classpath:nacos-logback.xml
2025-10-31 21:18:46.707 [main] WARN  com.alibaba.nacos.client.logging.NacosLogging - Load Logback Configuration of Nacos fail, message: Could not initialize Logback Nacos logging from classpath:nacos-logback.xml
2025-10-31 21:18:46.709 [main] INFO  com.alibaba.nacos.client.utils.ParamUtil - [settings] [req-serv] nacos-server port:8848
2025-10-31 21:18:46.709 [main] INFO  com.alibaba.nacos.client.utils.ParamUtil - [settings] [http-client] connect timeout:1000
2025-10-31 21:18:46.709 [main] INFO  com.alibaba.nacos.client.utils.ParamUtil - PER_TASK_CONFIG_SIZE: 3000.0
2025-10-31 21:18:46.725 [main] INFO  c.a.n.p.auth.spi.client.ClientAuthPluginManager - [ClientAuthPluginManager] Load ClientAuthService com.alibaba.nacos.client.auth.impl.NacosClientAuthServiceImpl success.
2025-10-31 21:18:46.726 [main] INFO  c.a.n.p.auth.spi.client.ClientAuthPluginManager - [ClientAuthPluginManager] Load ClientAuthService com.alibaba.nacos.client.auth.ram.RamClientAuthServiceImpl success.
2025-10-31 21:18:46.727 [main] INFO  c.a.n.client.auth.ram.identify.CredentialWatcher - null No credential found
2025-10-31 21:18:46.934 [main] WARN  com.alibaba.nacos.client.logging.NacosLogging - Load Logback Configuration of Nacos fail, message: Could not initialize Logback Nacos logging from classpath:nacos-logback.xml
2025-10-31 21:18:46.942 [main] INFO  c.a.n.client.config.impl.LocalConfigInfoProcessor - LOCAL_SNAPSHOT_PATH:C:\Users\hp\nacos\config
2025-10-31 21:18:46.944 [main] INFO  com.alibaba.nacos.common.remote.client - [RpcClientFactory] create a new rpc client of 9ad8bfb5-f648-4746-87e0-d139c6631dc0_config-0
2025-10-31 21:18:46.952 [main] INFO  com.alibaba.nacos.common.remote.client - [9ad8bfb5-f648-4746-87e0-d139c6631dc0_config-0] Register server push request handler:com.alibaba.nacos.client.config.impl.ClientWorker$ConfigRpcTransportClient$$Lambda$585/0x000001d081322b10
2025-10-31 21:18:46.952 [main] INFO  com.alibaba.nacos.common.remote.client - [9ad8bfb5-f648-4746-87e0-d139c6631dc0_config-0] Register server push request handler:com.alibaba.nacos.client.config.impl.ClientWorker$ConfigRpcTransportClient$$Lambda$586/0x000001d081322f30
2025-10-31 21:18:46.952 [main] INFO  com.alibaba.nacos.common.remote.client - [9ad8bfb5-f648-4746-87e0-d139c6631dc0_config-0] Registry connection listener to current client:com.alibaba.nacos.client.config.impl.ClientWorker$ConfigRpcTransportClient$1
2025-10-31 21:18:46.953 [main] INFO  com.alibaba.nacos.common.remote.client - [9ad8bfb5-f648-4746-87e0-d139c6631dc0_config-0] RpcClient init, ServerListFactory = com.alibaba.nacos.client.config.impl.ClientWorker$ConfigRpcTransportClient$2
2025-10-31 21:18:46.958 [main] INFO  com.alibaba.nacos.common.remote.client - [9ad8bfb5-f648-4746-87e0-d139c6631dc0_config-0] Try to connect to server on start up, server: {serverIp = '127.0.0.1', server main port = 8848}
2025-10-31 21:18:46.979 [main] INFO  c.a.nacos.common.remote.client.grpc.GrpcClient - grpc client connection server:127.0.0.1 ip,serverPort:9848,grpcTslConfig:{"sslProvider":"OPENSSL","enableTls":false,"mutualAuthEnable":false,"trustAll":false}
2025-10-31 21:18:47.537 [main] INFO  com.alibaba.nacos.common.remote.client - [9ad8bfb5-f648-4746-87e0-d139c6631dc0_config-0] Success to connect to server [127.0.0.1:8848] on start up, connectionId = 1761916727389_127.0.0.1_8343
2025-10-31 21:18:47.537 [com.alibaba.nacos.client.remote.worker] INFO  com.alibaba.nacos.common.remote.client - [9ad8bfb5-f648-4746-87e0-d139c6631dc0_config-0] Notify connected event to listeners.
2025-10-31 21:18:47.538 [com.alibaba.nacos.client.remote.worker] INFO  com.alibaba.nacos.client.config.impl.ClientWorker - [9ad8bfb5-f648-4746-87e0-d139c6631dc0_config-0] Connected,notify listen context...
2025-10-31 21:18:47.538 [main] INFO  com.alibaba.nacos.common.remote.client - [9ad8bfb5-f648-4746-87e0-d139c6631dc0_config-0] Register server push request handler:com.alibaba.nacos.common.remote.client.RpcClient$ConnectResetRequestHandler
2025-10-31 21:18:47.538 [main] INFO  com.alibaba.nacos.common.remote.client - [9ad8bfb5-f648-4746-87e0-d139c6631dc0_config-0] Register server push request handler:com.alibaba.nacos.common.remote.client.RpcClient$$Lambda$606/0x000001d08142ec40
2025-10-31 21:18:47.552 [main] INFO  com.alibaba.nacos.client.config.impl.Limiter - limitTime:5.0
2025-10-31 21:18:47.563 [main] WARN  c.a.cloud.nacos.client.NacosPropertySourceBuilder - Ignore the empty nacos configuration and get it based on dataId[xiaohashu-oss] & group[DEFAULT_GROUP]
2025-10-31 21:18:47.567 [main] WARN  c.a.cloud.nacos.client.NacosPropertySourceBuilder - Ignore the empty nacos configuration and get it based on dataId[xiaohashu-oss.yaml] & group[DEFAULT_GROUP]
2025-10-31 21:18:47.575 [main] INFO  com.alibaba.nacos.client.config.utils.JvmUtil - isMultiInstance:false
2025-10-31 21:18:47.579 [main] INFO  o.s.c.b.c.PropertySourceBootstrapConfiguration - Located property source: [BootstrapPropertySource {name='bootstrapProperties-xiaohashu-oss-dev.yaml,DEFAULT_GROUP'}, BootstrapPropertySource {name='bootstrapProperties-xiaohashu-oss.yaml,DEFAULT_GROUP'}, BootstrapPropertySource {name='bootstrapProperties-xiaohashu-oss,DEFAULT_GROUP'}]
2025-10-31 21:18:47.582 [main] WARN  com.alibaba.nacos.client.logging.NacosLogging - Load Logback Configuration of Nacos fail, message: Could not initialize Logback Nacos logging from classpath:nacos-logback.xml
2025-10-31 21:18:47.582 [main] INFO  c.q.xiaohashu.oss.biz.XiaohashuOssBizApplication - The following 1 profile is active: "dev"
2025-10-31 21:18:47.926 [main] INFO  o.springframework.cloud.context.scope.GenericScope - BeanFactory id=b7fb5971-e013-3159-b258-ef7d2687b5b0
2025-10-31 21:18:48.121 [main] INFO  o.s.boot.web.embedded.tomcat.TomcatWebServer - Tomcat initialized with port(s): 8081 (http)
2025-10-31 21:18:48.126 [main] INFO  org.apache.catalina.core.StandardService - Starting service [Tomcat]
2025-10-31 21:18:48.126 [main] INFO  org.apache.catalina.core.StandardEngine - Starting Servlet engine: [Apache Tomcat/10.1.5]
2025-10-31 21:18:48.180 [main] INFO  o.a.c.core.ContainerBase.[Tomcat].[localhost].[/] - Initializing Spring embedded WebApplicationContext
2025-10-31 21:18:48.181 [main] INFO  o.s.b.w.s.c.ServletWebServerApplicationContext - Root WebApplicationContext: initialization completed in 592 ms
2025-10-31 21:18:49.012 [main] WARN  o.s.c.l.c.LoadBalancerCacheAutoConfiguration$LoadBalancerCaffeineWarnLogger - Spring Cloud LoadBalancer is currently working with the default cache. While this cache implementation is useful for development and tests, it's recommended to use Caffeine cache in production.You can switch to using Caffeine cache, by adding it and org.springframework.cache.caffeine.CaffeineCacheManager to the classpath.
2025-10-31 21:18:49.057 [main] INFO  o.s.boot.web.embedded.tomcat.TomcatWebServer - Tomcat started on port(s): 8081 (http) with context path ''
2025-10-31 21:18:49.059 [main] INFO  com.alibaba.nacos.client.naming - initializer namespace from ans.namespace attribute : null
2025-10-31 21:18:49.059 [main] INFO  com.alibaba.nacos.client.naming - initializer namespace from ALIBABA_ALIWARE_NAMESPACE attribute :null
2025-10-31 21:18:49.059 [main] INFO  com.alibaba.nacos.client.naming - initializer namespace from namespace attribute :null
2025-10-31 21:18:49.063 [main] INFO  c.a.n.p.auth.spi.client.ClientAuthPluginManager - [ClientAuthPluginManager] Load ClientAuthService com.alibaba.nacos.client.auth.impl.NacosClientAuthServiceImpl success.
2025-10-31 21:18:49.063 [main] INFO  c.a.n.p.auth.spi.client.ClientAuthPluginManager - [ClientAuthPluginManager] Load ClientAuthService com.alibaba.nacos.client.auth.ram.RamClientAuthServiceImpl success.
2025-10-31 21:18:49.065 [main] INFO  com.alibaba.nacos.common.remote.client - [RpcClientFactory] create a new rpc client of 90a4928f-6ab9-4aab-9ec6-d2f437783a19
2025-10-31 21:18:49.066 [main] INFO  com.alibaba.nacos.common.remote.client - [90a4928f-6ab9-4aab-9ec6-d2f437783a19] RpcClient init, ServerListFactory = com.alibaba.nacos.client.naming.core.ServerListManager
2025-10-31 21:18:49.066 [main] INFO  com.alibaba.nacos.common.remote.client - [90a4928f-6ab9-4aab-9ec6-d2f437783a19] Registry connection listener to current client:com.alibaba.nacos.client.naming.remote.gprc.redo.NamingGrpcRedoService
2025-10-31 21:18:49.066 [main] INFO  com.alibaba.nacos.common.remote.client - [90a4928f-6ab9-4aab-9ec6-d2f437783a19] Register server push request handler:com.alibaba.nacos.client.naming.remote.gprc.NamingPushRequestHandler
2025-10-31 21:18:49.066 [main] INFO  com.alibaba.nacos.common.remote.client - [90a4928f-6ab9-4aab-9ec6-d2f437783a19] Try to connect to server on start up, server: {serverIp = '127.0.0.1', server main port = 8848}
2025-10-31 21:18:49.067 [main] INFO  c.a.nacos.common.remote.client.grpc.GrpcClient - grpc client connection server:127.0.0.1 ip,serverPort:9848,grpcTslConfig:{"sslProvider":"OPENSSL","enableTls":false,"mutualAuthEnable":false,"trustAll":false}
2025-10-31 21:18:49.180 [main] INFO  com.alibaba.nacos.common.remote.client - [90a4928f-6ab9-4aab-9ec6-d2f437783a19] Success to connect to server [127.0.0.1:8848] on start up, connectionId = 1761916729070_127.0.0.1_8344
2025-10-31 21:18:49.180 [main] INFO  com.alibaba.nacos.common.remote.client - [90a4928f-6ab9-4aab-9ec6-d2f437783a19] Register server push request handler:com.alibaba.nacos.common.remote.client.RpcClient$ConnectResetRequestHandler
2025-10-31 21:18:49.180 [com.alibaba.nacos.client.remote.worker] INFO  com.alibaba.nacos.common.remote.client - [90a4928f-6ab9-4aab-9ec6-d2f437783a19] Notify connected event to listeners.
2025-10-31 21:18:49.180 [com.alibaba.nacos.client.remote.worker] INFO  com.alibaba.nacos.client.naming - Grpc connection connect
2025-10-31 21:18:49.181 [main] INFO  com.alibaba.nacos.common.remote.client - [90a4928f-6ab9-4aab-9ec6-d2f437783a19] Register server push request handler:com.alibaba.nacos.common.remote.client.RpcClient$$Lambda$606/0x000001d08142ec40
2025-10-31 21:18:49.181 [main] INFO  com.alibaba.nacos.client.naming - [REGISTER-SERVICE] xiaohashu registering service xiaohashu-oss with instance Instance{instanceId='null', ip='192.168.134.1', port=8081, weight=1.0, healthy=true, enabled=true, ephemeral=true, clusterName='DEFAULT', serviceName='null', metadata={IPv6=null, preserved.register.source=SPRING_CLOUD}}
2025-10-31 21:18:49.190 [main] INFO  c.a.cloud.nacos.registry.NacosServiceRegistry - nacos registry, DEFAULT_GROUP xiaohashu-oss 192.168.134.1:8081 register finished
2025-10-31 21:18:49.322 [main] INFO  c.q.xiaohashu.oss.biz.XiaohashuOssBizApplication - Started XiaohashuOssBizApplication in 3.445 seconds (process running for 3.888)
2025-10-31 21:18:49.325 [main] INFO  com.alibaba.nacos.client.config.impl.CacheData - nacos.cache.data.init.snapshot = true 
2025-10-31 21:18:49.325 [main] INFO  com.alibaba.nacos.client.config.impl.ClientWorker - [fixed-xiaohashu-127.0.0.1_8848] [subscribe] xiaohashu-oss+DEFAULT_GROUP+xiaohashu
2025-10-31 21:18:49.329 [main] INFO  com.alibaba.nacos.client.config.impl.CacheData - [fixed-xiaohashu-127.0.0.1_8848] [add-listener] ok, tenant=xiaohashu, dataId=xiaohashu-oss, group=DEFAULT_GROUP, cnt=1
2025-10-31 21:18:49.329 [main] INFO  c.a.cloud.nacos.refresh.NacosContextRefresher - [Nacos Config] Listening config: dataId=xiaohashu-oss, group=DEFAULT_GROUP
2025-10-31 21:18:49.330 [main] INFO  com.alibaba.nacos.client.config.impl.ClientWorker - [fixed-xiaohashu-127.0.0.1_8848] [subscribe] xiaohashu-oss-dev.yaml+DEFAULT_GROUP+xiaohashu
2025-10-31 21:18:49.330 [main] INFO  com.alibaba.nacos.client.config.impl.CacheData - [fixed-xiaohashu-127.0.0.1_8848] [add-listener] ok, tenant=xiaohashu, dataId=xiaohashu-oss-dev.yaml, group=DEFAULT_GROUP, cnt=1
2025-10-31 21:18:49.330 [main] INFO  c.a.cloud.nacos.refresh.NacosContextRefresher - [Nacos Config] Listening config: dataId=xiaohashu-oss-dev.yaml, group=DEFAULT_GROUP
2025-10-31 21:18:49.330 [main] INFO  com.alibaba.nacos.client.config.impl.ClientWorker - [fixed-xiaohashu-127.0.0.1_8848] [subscribe] xiaohashu-oss.yaml+DEFAULT_GROUP+xiaohashu
2025-10-31 21:18:49.330 [main] INFO  com.alibaba.nacos.client.config.impl.CacheData - [fixed-xiaohashu-127.0.0.1_8848] [add-listener] ok, tenant=xiaohashu, dataId=xiaohashu-oss.yaml, group=DEFAULT_GROUP, cnt=1
2025-10-31 21:18:49.330 [main] INFO  c.a.cloud.nacos.refresh.NacosContextRefresher - [Nacos Config] Listening config: dataId=xiaohashu-oss.yaml, group=DEFAULT_GROUP
2025-10-31 21:18:54.554 [http-nio-8081-exec-1] INFO  o.a.c.core.ContainerBase.[Tomcat].[localhost].[/] - Initializing Spring DispatcherServlet 'dispatcherServlet'
2025-10-31 21:18:54.554 [http-nio-8081-exec-1] INFO  org.springframework.web.servlet.DispatcherServlet - Initializing Servlet 'dispatcherServlet'
2025-10-31 21:18:54.555 [http-nio-8081-exec-1] INFO  org.springframework.web.servlet.DispatcherServlet - Completed initialization in 1 ms
2025-10-31 21:18:54.557 [http-nio-8081-exec-1] INFO  c.q.x.oss.biz.filter.HeaderUserId2ContextFilter - ## HeaderUserId2ContextFilter, 用户 ID: null
2025-10-31 21:18:54.585 [http-nio-8081-exec-1] INFO  c.q.xiaohashu.oss.biz.controller.FileController - 当前用户ID: null
2025-10-31 21:18:54.585 [http-nio-8081-exec-1] INFO  c.q.x.oss.biz.strategy.impl.MinioFileStrategy - ## 上传文件至 Minio ...
2025-10-31 21:18:54.586 [http-nio-8081-exec-1] INFO  c.q.x.oss.biz.strategy.impl.MinioFileStrategy - ==> 开始上传文件至 Minio, ObjectName: 75cc6ad16cd54a18b26a227a6b1bbc73.png
2025-10-31 21:18:54.670 [http-nio-8081-exec-1] INFO  c.q.x.oss.biz.strategy.impl.MinioFileStrategy - ==> 上传文件至 Minio 成功，访问路径: http://192.168.134.128:9000/xiaohashu/75cc6ad16cd54a18b26a227a6b1bbc73.png
2025-10-31 21:18:54.688 [http-nio-8081-exec-5] INFO  c.q.x.oss.biz.filter.HeaderUserId2ContextFilter - ## HeaderUserId2ContextFilter, 用户 ID: null
2025-10-31 21:18:54.692 [http-nio-8081-exec-5] INFO  c.q.xiaohashu.oss.biz.controller.FileController - 当前用户ID: null
2025-10-31 21:18:54.692 [http-nio-8081-exec-5] INFO  c.q.x.oss.biz.strategy.impl.MinioFileStrategy - ## 上传文件至 Minio ...
2025-10-31 21:18:54.692 [http-nio-8081-exec-5] INFO  c.q.x.oss.biz.strategy.impl.MinioFileStrategy - ==> 开始上传文件至 Minio, ObjectName: 832778ec646f4213895193f615bfac0f.png
2025-10-31 21:18:54.708 [http-nio-8081-exec-5] INFO  c.q.x.oss.biz.strategy.impl.MinioFileStrategy - ==> 上传文件至 Minio 成功，访问路径: http://192.168.134.128:9000/xiaohashu/832778ec646f4213895193f615bfac0f.png
2025-10-31 21:23:30.092 [main] WARN  com.alibaba.nacos.client.logging.NacosLogging - Load Logback Configuration of Nacos fail, message: Could not initialize Logback Nacos logging from classpath:nacos-logback.xml
2025-10-31 21:23:30.139 [main] WARN  com.alibaba.nacos.client.logging.NacosLogging - Load Logback Configuration of Nacos fail, message: Could not initialize Logback Nacos logging from classpath:nacos-logback.xml
2025-10-31 21:23:30.334 [main] WARN  com.alibaba.nacos.client.logging.NacosLogging - Load Logback Configuration of Nacos fail, message: Could not initialize Logback Nacos logging from classpath:nacos-logback.xml
2025-10-31 21:23:30.335 [main] INFO  com.alibaba.nacos.client.utils.ParamUtil - [settings] [req-serv] nacos-server port:8848
2025-10-31 21:23:30.335 [main] INFO  com.alibaba.nacos.client.utils.ParamUtil - [settings] [http-client] connect timeout:1000
2025-10-31 21:23:30.336 [main] INFO  com.alibaba.nacos.client.utils.ParamUtil - PER_TASK_CONFIG_SIZE: 3000.0
2025-10-31 21:23:30.349 [main] INFO  c.a.n.p.auth.spi.client.ClientAuthPluginManager - [ClientAuthPluginManager] Load ClientAuthService com.alibaba.nacos.client.auth.impl.NacosClientAuthServiceImpl success.
2025-10-31 21:23:30.349 [main] INFO  c.a.n.p.auth.spi.client.ClientAuthPluginManager - [ClientAuthPluginManager] Load ClientAuthService com.alibaba.nacos.client.auth.ram.RamClientAuthServiceImpl success.
2025-10-31 21:23:30.350 [main] INFO  c.a.n.client.auth.ram.identify.CredentialWatcher - null No credential found
2025-10-31 21:23:30.577 [main] WARN  com.alibaba.nacos.client.logging.NacosLogging - Load Logback Configuration of Nacos fail, message: Could not initialize Logback Nacos logging from classpath:nacos-logback.xml
2025-10-31 21:23:30.586 [main] INFO  c.a.n.client.config.impl.LocalConfigInfoProcessor - LOCAL_SNAPSHOT_PATH:C:\Users\hp\nacos\config
2025-10-31 21:23:30.588 [main] INFO  com.alibaba.nacos.common.remote.client - [RpcClientFactory] create a new rpc client of 2e19f09b-3c38-441e-9502-05fb3537bffa_config-0
2025-10-31 21:23:30.596 [main] INFO  com.alibaba.nacos.common.remote.client - [2e19f09b-3c38-441e-9502-05fb3537bffa_config-0] Register server push request handler:com.alibaba.nacos.client.config.impl.ClientWorker$ConfigRpcTransportClient$$Lambda$585/0x000001cfc7323140
2025-10-31 21:23:30.597 [main] INFO  com.alibaba.nacos.common.remote.client - [2e19f09b-3c38-441e-9502-05fb3537bffa_config-0] Register server push request handler:com.alibaba.nacos.client.config.impl.ClientWorker$ConfigRpcTransportClient$$Lambda$586/0x000001cfc7323560
2025-10-31 21:23:30.597 [main] INFO  com.alibaba.nacos.common.remote.client - [2e19f09b-3c38-441e-9502-05fb3537bffa_config-0] Registry connection listener to current client:com.alibaba.nacos.client.config.impl.ClientWorker$ConfigRpcTransportClient$1
2025-10-31 21:23:30.597 [main] INFO  com.alibaba.nacos.common.remote.client - [2e19f09b-3c38-441e-9502-05fb3537bffa_config-0] RpcClient init, ServerListFactory = com.alibaba.nacos.client.config.impl.ClientWorker$ConfigRpcTransportClient$2
2025-10-31 21:23:30.602 [main] INFO  com.alibaba.nacos.common.remote.client - [2e19f09b-3c38-441e-9502-05fb3537bffa_config-0] Try to connect to server on start up, server: {serverIp = '127.0.0.1', server main port = 8848}
2025-10-31 21:23:30.624 [main] INFO  c.a.nacos.common.remote.client.grpc.GrpcClient - grpc client connection server:127.0.0.1 ip,serverPort:9848,grpcTslConfig:{"sslProvider":"OPENSSL","enableTls":false,"mutualAuthEnable":false,"trustAll":false}
2025-10-31 21:23:31.214 [main] INFO  com.alibaba.nacos.common.remote.client - [2e19f09b-3c38-441e-9502-05fb3537bffa_config-0] Success to connect to server [127.0.0.1:8848] on start up, connectionId = 1761917011048_127.0.0.1_8518
2025-10-31 21:23:31.214 [com.alibaba.nacos.client.remote.worker] INFO  com.alibaba.nacos.common.remote.client - [2e19f09b-3c38-441e-9502-05fb3537bffa_config-0] Notify connected event to listeners.
2025-10-31 21:23:31.214 [com.alibaba.nacos.client.remote.worker] INFO  com.alibaba.nacos.client.config.impl.ClientWorker - [2e19f09b-3c38-441e-9502-05fb3537bffa_config-0] Connected,notify listen context...
2025-10-31 21:23:31.215 [main] INFO  com.alibaba.nacos.common.remote.client - [2e19f09b-3c38-441e-9502-05fb3537bffa_config-0] Register server push request handler:com.alibaba.nacos.common.remote.client.RpcClient$ConnectResetRequestHandler
2025-10-31 21:23:31.215 [main] INFO  com.alibaba.nacos.common.remote.client - [2e19f09b-3c38-441e-9502-05fb3537bffa_config-0] Register server push request handler:com.alibaba.nacos.common.remote.client.RpcClient$$Lambda$606/0x000001cfc742f068
2025-10-31 21:23:31.232 [main] INFO  com.alibaba.nacos.client.config.impl.Limiter - limitTime:5.0
2025-10-31 21:23:31.241 [main] WARN  c.a.cloud.nacos.client.NacosPropertySourceBuilder - Ignore the empty nacos configuration and get it based on dataId[xiaohashu-oss] & group[DEFAULT_GROUP]
2025-10-31 21:23:31.245 [main] WARN  c.a.cloud.nacos.client.NacosPropertySourceBuilder - Ignore the empty nacos configuration and get it based on dataId[xiaohashu-oss.yaml] & group[DEFAULT_GROUP]
2025-10-31 21:23:31.252 [main] INFO  com.alibaba.nacos.client.config.utils.JvmUtil - isMultiInstance:false
2025-10-31 21:23:31.256 [main] INFO  o.s.c.b.c.PropertySourceBootstrapConfiguration - Located property source: [BootstrapPropertySource {name='bootstrapProperties-xiaohashu-oss-dev.yaml,DEFAULT_GROUP'}, BootstrapPropertySource {name='bootstrapProperties-xiaohashu-oss.yaml,DEFAULT_GROUP'}, BootstrapPropertySource {name='bootstrapProperties-xiaohashu-oss,DEFAULT_GROUP'}]
2025-10-31 21:23:31.259 [main] WARN  com.alibaba.nacos.client.logging.NacosLogging - Load Logback Configuration of Nacos fail, message: Could not initialize Logback Nacos logging from classpath:nacos-logback.xml
2025-10-31 21:23:31.259 [main] INFO  c.q.xiaohashu.oss.biz.XiaohashuOssBizApplication - The following 1 profile is active: "dev"
2025-10-31 21:23:31.626 [main] INFO  o.springframework.cloud.context.scope.GenericScope - BeanFactory id=b7fb5971-e013-3159-b258-ef7d2687b5b0
2025-10-31 21:23:31.818 [main] INFO  o.s.boot.web.embedded.tomcat.TomcatWebServer - Tomcat initialized with port(s): 8081 (http)
2025-10-31 21:23:31.824 [main] INFO  org.apache.catalina.core.StandardService - Starting service [Tomcat]
2025-10-31 21:23:31.824 [main] INFO  org.apache.catalina.core.StandardEngine - Starting Servlet engine: [Apache Tomcat/10.1.5]
2025-10-31 21:23:31.879 [main] INFO  o.a.c.core.ContainerBase.[Tomcat].[localhost].[/] - Initializing Spring embedded WebApplicationContext
2025-10-31 21:23:31.879 [main] INFO  o.s.b.w.s.c.ServletWebServerApplicationContext - Root WebApplicationContext: initialization completed in 612 ms
2025-10-31 21:23:32.758 [main] WARN  o.s.c.l.c.LoadBalancerCacheAutoConfiguration$LoadBalancerCaffeineWarnLogger - Spring Cloud LoadBalancer is currently working with the default cache. While this cache implementation is useful for development and tests, it's recommended to use Caffeine cache in production.You can switch to using Caffeine cache, by adding it and org.springframework.cache.caffeine.CaffeineCacheManager to the classpath.
2025-10-31 21:23:32.803 [main] INFO  o.s.boot.web.embedded.tomcat.TomcatWebServer - Tomcat started on port(s): 8081 (http) with context path ''
2025-10-31 21:23:32.805 [main] INFO  com.alibaba.nacos.client.naming - initializer namespace from ans.namespace attribute : null
2025-10-31 21:23:32.805 [main] INFO  com.alibaba.nacos.client.naming - initializer namespace from ALIBABA_ALIWARE_NAMESPACE attribute :null
2025-10-31 21:23:32.805 [main] INFO  com.alibaba.nacos.client.naming - initializer namespace from namespace attribute :null
2025-10-31 21:23:32.809 [main] INFO  c.a.n.p.auth.spi.client.ClientAuthPluginManager - [ClientAuthPluginManager] Load ClientAuthService com.alibaba.nacos.client.auth.impl.NacosClientAuthServiceImpl success.
2025-10-31 21:23:32.809 [main] INFO  c.a.n.p.auth.spi.client.ClientAuthPluginManager - [ClientAuthPluginManager] Load ClientAuthService com.alibaba.nacos.client.auth.ram.RamClientAuthServiceImpl success.
2025-10-31 21:23:32.811 [main] INFO  com.alibaba.nacos.common.remote.client - [RpcClientFactory] create a new rpc client of 9cd617de-f38e-4956-9f84-28896dc0ca5f
2025-10-31 21:23:32.813 [main] INFO  com.alibaba.nacos.common.remote.client - [9cd617de-f38e-4956-9f84-28896dc0ca5f] RpcClient init, ServerListFactory = com.alibaba.nacos.client.naming.core.ServerListManager
2025-10-31 21:23:32.813 [main] INFO  com.alibaba.nacos.common.remote.client - [9cd617de-f38e-4956-9f84-28896dc0ca5f] Registry connection listener to current client:com.alibaba.nacos.client.naming.remote.gprc.redo.NamingGrpcRedoService
2025-10-31 21:23:32.813 [main] INFO  com.alibaba.nacos.common.remote.client - [9cd617de-f38e-4956-9f84-28896dc0ca5f] Register server push request handler:com.alibaba.nacos.client.naming.remote.gprc.NamingPushRequestHandler
2025-10-31 21:23:32.814 [main] INFO  com.alibaba.nacos.common.remote.client - [9cd617de-f38e-4956-9f84-28896dc0ca5f] Try to connect to server on start up, server: {serverIp = '127.0.0.1', server main port = 8848}
2025-10-31 21:23:32.814 [main] INFO  c.a.nacos.common.remote.client.grpc.GrpcClient - grpc client connection server:127.0.0.1 ip,serverPort:9848,grpcTslConfig:{"sslProvider":"OPENSSL","enableTls":false,"mutualAuthEnable":false,"trustAll":false}
2025-10-31 21:23:32.937 [main] INFO  com.alibaba.nacos.common.remote.client - [9cd617de-f38e-4956-9f84-28896dc0ca5f] Success to connect to server [127.0.0.1:8848] on start up, connectionId = 1761917012828_127.0.0.1_8524
2025-10-31 21:23:32.937 [main] INFO  com.alibaba.nacos.common.remote.client - [9cd617de-f38e-4956-9f84-28896dc0ca5f] Register server push request handler:com.alibaba.nacos.common.remote.client.RpcClient$ConnectResetRequestHandler
2025-10-31 21:23:32.937 [com.alibaba.nacos.client.remote.worker] INFO  com.alibaba.nacos.common.remote.client - [9cd617de-f38e-4956-9f84-28896dc0ca5f] Notify connected event to listeners.
2025-10-31 21:23:32.937 [com.alibaba.nacos.client.remote.worker] INFO  com.alibaba.nacos.client.naming - Grpc connection connect
2025-10-31 21:23:32.937 [main] INFO  com.alibaba.nacos.common.remote.client - [9cd617de-f38e-4956-9f84-28896dc0ca5f] Register server push request handler:com.alibaba.nacos.common.remote.client.RpcClient$$Lambda$606/0x000001cfc742f068
2025-10-31 21:23:32.938 [main] INFO  com.alibaba.nacos.client.naming - [REGISTER-SERVICE] xiaohashu registering service xiaohashu-oss with instance Instance{instanceId='null', ip='192.168.134.1', port=8081, weight=1.0, healthy=true, enabled=true, ephemeral=true, clusterName='DEFAULT', serviceName='null', metadata={IPv6=null, preserved.register.source=SPRING_CLOUD}}
2025-10-31 21:23:32.945 [main] INFO  c.a.cloud.nacos.registry.NacosServiceRegistry - nacos registry, DEFAULT_GROUP xiaohashu-oss 192.168.134.1:8081 register finished
2025-10-31 21:23:33.090 [main] INFO  c.q.xiaohashu.oss.biz.XiaohashuOssBizApplication - Started XiaohashuOssBizApplication in 3.586 seconds (process running for 4.055)
2025-10-31 21:23:33.092 [main] INFO  com.alibaba.nacos.client.config.impl.CacheData - nacos.cache.data.init.snapshot = true 
2025-10-31 21:23:33.093 [main] INFO  com.alibaba.nacos.client.config.impl.ClientWorker - [fixed-xiaohashu-127.0.0.1_8848] [subscribe] xiaohashu-oss+DEFAULT_GROUP+xiaohashu
2025-10-31 21:23:33.097 [main] INFO  com.alibaba.nacos.client.config.impl.CacheData - [fixed-xiaohashu-127.0.0.1_8848] [add-listener] ok, tenant=xiaohashu, dataId=xiaohashu-oss, group=DEFAULT_GROUP, cnt=1
2025-10-31 21:23:33.097 [main] INFO  c.a.cloud.nacos.refresh.NacosContextRefresher - [Nacos Config] Listening config: dataId=xiaohashu-oss, group=DEFAULT_GROUP
2025-10-31 21:23:33.098 [main] INFO  com.alibaba.nacos.client.config.impl.ClientWorker - [fixed-xiaohashu-127.0.0.1_8848] [subscribe] xiaohashu-oss-dev.yaml+DEFAULT_GROUP+xiaohashu
2025-10-31 21:23:33.098 [main] INFO  com.alibaba.nacos.client.config.impl.CacheData - [fixed-xiaohashu-127.0.0.1_8848] [add-listener] ok, tenant=xiaohashu, dataId=xiaohashu-oss-dev.yaml, group=DEFAULT_GROUP, cnt=1
2025-10-31 21:23:33.098 [main] INFO  c.a.cloud.nacos.refresh.NacosContextRefresher - [Nacos Config] Listening config: dataId=xiaohashu-oss-dev.yaml, group=DEFAULT_GROUP
2025-10-31 21:23:33.098 [main] INFO  com.alibaba.nacos.client.config.impl.ClientWorker - [fixed-xiaohashu-127.0.0.1_8848] [subscribe] xiaohashu-oss.yaml+DEFAULT_GROUP+xiaohashu
2025-10-31 21:23:33.098 [main] INFO  com.alibaba.nacos.client.config.impl.CacheData - [fixed-xiaohashu-127.0.0.1_8848] [add-listener] ok, tenant=xiaohashu, dataId=xiaohashu-oss.yaml, group=DEFAULT_GROUP, cnt=1
2025-10-31 21:23:33.098 [main] INFO  c.a.cloud.nacos.refresh.NacosContextRefresher - [Nacos Config] Listening config: dataId=xiaohashu-oss.yaml, group=DEFAULT_GROUP
2025-10-31 21:23:48.045 [http-nio-8081-exec-1] INFO  o.a.c.core.ContainerBase.[Tomcat].[localhost].[/] - Initializing Spring DispatcherServlet 'dispatcherServlet'
2025-10-31 21:23:48.045 [http-nio-8081-exec-1] INFO  org.springframework.web.servlet.DispatcherServlet - Initializing Servlet 'dispatcherServlet'
2025-10-31 21:23:48.046 [http-nio-8081-exec-1] INFO  org.springframework.web.servlet.DispatcherServlet - Completed initialization in 1 ms
2025-10-31 21:23:48.049 [http-nio-8081-exec-1] INFO  c.q.x.oss.biz.filter.HeaderUserId2ContextFilter - ## HeaderUserId2ContextFilter, 用户 ID: 5
2025-10-31 21:23:48.049 [http-nio-8081-exec-1] INFO  c.q.x.oss.biz.filter.HeaderUserId2ContextFilter - ===== 设置 userId 到 ThreadLocal 中， 用户 ID: 5
2025-10-31 21:23:48.082 [http-nio-8081-exec-1] INFO  c.q.xiaohashu.oss.biz.controller.FileController - 当前用户ID: 5
2025-10-31 21:23:48.082 [http-nio-8081-exec-1] INFO  c.q.x.oss.biz.strategy.impl.MinioFileStrategy - ## 上传文件至 Minio ...
2025-10-31 21:23:48.082 [http-nio-8081-exec-1] INFO  c.q.x.oss.biz.strategy.impl.MinioFileStrategy - ==> 开始上传文件至 Minio, ObjectName: 1cbfdfe9d6244219a5cc1233a8d4e639.png
2025-10-31 21:23:48.191 [http-nio-8081-exec-1] INFO  c.q.x.oss.biz.strategy.impl.MinioFileStrategy - ==> 上传文件至 Minio 成功，访问路径: http://192.168.134.128:9000/xiaohashu/1cbfdfe9d6244219a5cc1233a8d4e639.png
2025-10-31 21:23:48.206 [http-nio-8081-exec-1] INFO  c.q.x.oss.biz.filter.HeaderUserId2ContextFilter - ===== 删除 ThreadLocal， userId: 5
2025-10-31 21:23:48.222 [http-nio-8081-exec-2] INFO  c.q.x.oss.biz.filter.HeaderUserId2ContextFilter - ## HeaderUserId2ContextFilter, 用户 ID: 5
2025-10-31 21:23:48.222 [http-nio-8081-exec-2] INFO  c.q.x.oss.biz.filter.HeaderUserId2ContextFilter - ===== 设置 userId 到 ThreadLocal 中， 用户 ID: 5
2025-10-31 21:23:48.225 [http-nio-8081-exec-2] INFO  c.q.xiaohashu.oss.biz.controller.FileController - 当前用户ID: 5
2025-10-31 21:23:48.226 [http-nio-8081-exec-2] INFO  c.q.x.oss.biz.strategy.impl.MinioFileStrategy - ## 上传文件至 Minio ...
2025-10-31 21:23:48.226 [http-nio-8081-exec-2] INFO  c.q.x.oss.biz.strategy.impl.MinioFileStrategy - ==> 开始上传文件至 Minio, ObjectName: 8694fb202f7f41968821df9c59e26b70.png
2025-10-31 21:23:48.246 [http-nio-8081-exec-2] INFO  c.q.x.oss.biz.strategy.impl.MinioFileStrategy - ==> 上传文件至 Minio 成功，访问路径: http://192.168.134.128:9000/xiaohashu/8694fb202f7f41968821df9c59e26b70.png
2025-10-31 21:23:48.247 [http-nio-8081-exec-2] INFO  c.q.x.oss.biz.filter.HeaderUserId2ContextFilter - ===== 删除 ThreadLocal， userId: 5
2025-10-31 21:26:33.335 [main] WARN  com.alibaba.nacos.client.logging.NacosLogging - Load Logback Configuration of Nacos fail, message: Could not initialize Logback Nacos logging from classpath:nacos-logback.xml
2025-10-31 21:26:33.385 [main] WARN  com.alibaba.nacos.client.logging.NacosLogging - Load Logback Configuration of Nacos fail, message: Could not initialize Logback Nacos logging from classpath:nacos-logback.xml
2025-10-31 21:26:33.582 [main] WARN  com.alibaba.nacos.client.logging.NacosLogging - Load Logback Configuration of Nacos fail, message: Could not initialize Logback Nacos logging from classpath:nacos-logback.xml
2025-10-31 21:26:33.583 [main] INFO  com.alibaba.nacos.client.utils.ParamUtil - [settings] [req-serv] nacos-server port:8848
2025-10-31 21:26:33.583 [main] INFO  com.alibaba.nacos.client.utils.ParamUtil - [settings] [http-client] connect timeout:1000
2025-10-31 21:26:33.583 [main] INFO  com.alibaba.nacos.client.utils.ParamUtil - PER_TASK_CONFIG_SIZE: 3000.0
2025-10-31 21:26:33.598 [main] INFO  c.a.n.p.auth.spi.client.ClientAuthPluginManager - [ClientAuthPluginManager] Load ClientAuthService com.alibaba.nacos.client.auth.impl.NacosClientAuthServiceImpl success.
2025-10-31 21:26:33.599 [main] INFO  c.a.n.p.auth.spi.client.ClientAuthPluginManager - [ClientAuthPluginManager] Load ClientAuthService com.alibaba.nacos.client.auth.ram.RamClientAuthServiceImpl success.
2025-10-31 21:26:33.600 [main] INFO  c.a.n.client.auth.ram.identify.CredentialWatcher - null No credential found
2025-10-31 21:26:33.830 [main] WARN  com.alibaba.nacos.client.logging.NacosLogging - Load Logback Configuration of Nacos fail, message: Could not initialize Logback Nacos logging from classpath:nacos-logback.xml
2025-10-31 21:26:33.839 [main] INFO  c.a.n.client.config.impl.LocalConfigInfoProcessor - LOCAL_SNAPSHOT_PATH:C:\Users\hp\nacos\config
2025-10-31 21:26:33.841 [main] INFO  com.alibaba.nacos.common.remote.client - [RpcClientFactory] create a new rpc client of a7a62bcc-dd59-4442-b6b9-b9ee2047bb40_config-0
2025-10-31 21:26:33.849 [main] INFO  com.alibaba.nacos.common.remote.client - [a7a62bcc-dd59-4442-b6b9-b9ee2047bb40_config-0] Register server push request handler:com.alibaba.nacos.client.config.impl.ClientWorker$ConfigRpcTransportClient$$Lambda$585/0x000001ae01323058
2025-10-31 21:26:33.850 [main] INFO  com.alibaba.nacos.common.remote.client - [a7a62bcc-dd59-4442-b6b9-b9ee2047bb40_config-0] Register server push request handler:com.alibaba.nacos.client.config.impl.ClientWorker$ConfigRpcTransportClient$$Lambda$586/0x000001ae01323478
2025-10-31 21:26:33.850 [main] INFO  com.alibaba.nacos.common.remote.client - [a7a62bcc-dd59-4442-b6b9-b9ee2047bb40_config-0] Registry connection listener to current client:com.alibaba.nacos.client.config.impl.ClientWorker$ConfigRpcTransportClient$1
2025-10-31 21:26:33.850 [main] INFO  com.alibaba.nacos.common.remote.client - [a7a62bcc-dd59-4442-b6b9-b9ee2047bb40_config-0] RpcClient init, ServerListFactory = com.alibaba.nacos.client.config.impl.ClientWorker$ConfigRpcTransportClient$2
2025-10-31 21:26:33.854 [main] INFO  com.alibaba.nacos.common.remote.client - [a7a62bcc-dd59-4442-b6b9-b9ee2047bb40_config-0] Try to connect to server on start up, server: {serverIp = '127.0.0.1', server main port = 8848}
2025-10-31 21:26:33.875 [main] INFO  c.a.nacos.common.remote.client.grpc.GrpcClient - grpc client connection server:127.0.0.1 ip,serverPort:9848,grpcTslConfig:{"sslProvider":"OPENSSL","enableTls":false,"mutualAuthEnable":false,"trustAll":false}
2025-10-31 21:26:34.446 [main] INFO  com.alibaba.nacos.common.remote.client - [a7a62bcc-dd59-4442-b6b9-b9ee2047bb40_config-0] Success to connect to server [127.0.0.1:8848] on start up, connectionId = 1761917194294_127.0.0.1_8679
2025-10-31 21:26:34.446 [com.alibaba.nacos.client.remote.worker] INFO  com.alibaba.nacos.common.remote.client - [a7a62bcc-dd59-4442-b6b9-b9ee2047bb40_config-0] Notify connected event to listeners.
2025-10-31 21:26:34.446 [com.alibaba.nacos.client.remote.worker] INFO  com.alibaba.nacos.client.config.impl.ClientWorker - [a7a62bcc-dd59-4442-b6b9-b9ee2047bb40_config-0] Connected,notify listen context...
2025-10-31 21:26:34.446 [main] INFO  com.alibaba.nacos.common.remote.client - [a7a62bcc-dd59-4442-b6b9-b9ee2047bb40_config-0] Register server push request handler:com.alibaba.nacos.common.remote.client.RpcClient$ConnectResetRequestHandler
2025-10-31 21:26:34.446 [main] INFO  com.alibaba.nacos.common.remote.client - [a7a62bcc-dd59-4442-b6b9-b9ee2047bb40_config-0] Register server push request handler:com.alibaba.nacos.common.remote.client.RpcClient$$Lambda$606/0x000001ae0142ec40
2025-10-31 21:26:34.463 [main] INFO  com.alibaba.nacos.client.config.impl.Limiter - limitTime:5.0
2025-10-31 21:26:34.472 [main] WARN  c.a.cloud.nacos.client.NacosPropertySourceBuilder - Ignore the empty nacos configuration and get it based on dataId[xiaohashu-oss] & group[DEFAULT_GROUP]
2025-10-31 21:26:34.476 [main] WARN  c.a.cloud.nacos.client.NacosPropertySourceBuilder - Ignore the empty nacos configuration and get it based on dataId[xiaohashu-oss.yaml] & group[DEFAULT_GROUP]
2025-10-31 21:26:34.481 [main] INFO  com.alibaba.nacos.client.config.utils.JvmUtil - isMultiInstance:false
2025-10-31 21:26:34.484 [main] INFO  o.s.c.b.c.PropertySourceBootstrapConfiguration - Located property source: [BootstrapPropertySource {name='bootstrapProperties-xiaohashu-oss-dev.yaml,DEFAULT_GROUP'}, BootstrapPropertySource {name='bootstrapProperties-xiaohashu-oss.yaml,DEFAULT_GROUP'}, BootstrapPropertySource {name='bootstrapProperties-xiaohashu-oss,DEFAULT_GROUP'}]
2025-10-31 21:26:34.486 [main] WARN  com.alibaba.nacos.client.logging.NacosLogging - Load Logback Configuration of Nacos fail, message: Could not initialize Logback Nacos logging from classpath:nacos-logback.xml
2025-10-31 21:26:34.487 [main] INFO  c.q.xiaohashu.oss.biz.XiaohashuOssBizApplication - The following 1 profile is active: "dev"
2025-10-31 21:26:34.835 [main] INFO  o.springframework.cloud.context.scope.GenericScope - BeanFactory id=93e3424f-0fe4-316f-91d2-712092fb89d9
2025-10-31 21:26:35.046 [main] INFO  o.s.boot.web.embedded.tomcat.TomcatWebServer - Tomcat initialized with port(s): 8081 (http)
2025-10-31 21:26:35.052 [main] INFO  org.apache.catalina.core.StandardService - Starting service [Tomcat]
2025-10-31 21:26:35.052 [main] INFO  org.apache.catalina.core.StandardEngine - Starting Servlet engine: [Apache Tomcat/10.1.5]
2025-10-31 21:26:35.111 [main] INFO  o.a.c.core.ContainerBase.[Tomcat].[localhost].[/] - Initializing Spring embedded WebApplicationContext
2025-10-31 21:26:35.111 [main] INFO  o.s.b.w.s.c.ServletWebServerApplicationContext - Root WebApplicationContext: initialization completed in 617 ms
2025-10-31 21:26:35.158 [main] WARN  o.s.b.w.s.c.AnnotationConfigServletWebServerApplicationContext - Exception encountered during context initialization - cancelling refresh attempt: org.springframework.beans.factory.BeanCreationException: Error creating bean with name 'fileController': Injection of resource dependencies failed
2025-10-31 21:26:35.160 [main] INFO  org.apache.catalina.core.StandardService - Stopping service [Tomcat]
2025-10-31 21:26:35.169 [main] INFO  o.s.b.a.logging.ConditionEvaluationReportLogger - 

Error starting ApplicationContext. To display the condition evaluation report re-run your application with 'debug' enabled.
2025-10-31 21:26:35.179 [main] ERROR o.s.b.diagnostics.LoggingFailureAnalysisReporter - 

***************************
APPLICATION FAILED TO START
***************************

Description:

A component required a bean of type 'com.quanxiaoha.xiaohashu.oss.biz.strategy.FileStrategy' that could not be found.


Action:

Consider defining a bean of type 'com.quanxiaoha.xiaohashu.oss.biz.strategy.FileStrategy' in your configuration.

2025-10-31 21:26:35.180 [Thread-9] WARN  com.alibaba.nacos.common.notify.NotifyCenter - [NotifyCenter] Start destroying Publisher
2025-10-31 21:26:35.180 [Thread-9] WARN  com.alibaba.nacos.common.notify.NotifyCenter - [NotifyCenter] Destruction of the end
2025-10-31 21:26:35.180 [Thread-2] WARN  c.alibaba.nacos.common.http.HttpClientBeanHolder - [HttpClientBeanHolder] Start destroying common HttpClient
2025-10-31 21:26:35.181 [Thread-2] WARN  c.alibaba.nacos.common.http.HttpClientBeanHolder - [HttpClientBeanHolder] Destruction of the end
2025-10-31 21:27:14.950 [main] WARN  com.alibaba.nacos.client.logging.NacosLogging - Load Logback Configuration of Nacos fail, message: Could not initialize Logback Nacos logging from classpath:nacos-logback.xml
2025-10-31 21:27:14.998 [main] WARN  com.alibaba.nacos.client.logging.NacosLogging - Load Logback Configuration of Nacos fail, message: Could not initialize Logback Nacos logging from classpath:nacos-logback.xml
2025-10-31 21:27:15.219 [main] WARN  com.alibaba.nacos.client.logging.NacosLogging - Load Logback Configuration of Nacos fail, message: Could not initialize Logback Nacos logging from classpath:nacos-logback.xml
2025-10-31 21:27:15.221 [main] INFO  com.alibaba.nacos.client.utils.ParamUtil - [settings] [req-serv] nacos-server port:8848
2025-10-31 21:27:15.222 [main] INFO  com.alibaba.nacos.client.utils.ParamUtil - [settings] [http-client] connect timeout:1000
2025-10-31 21:27:15.222 [main] INFO  com.alibaba.nacos.client.utils.ParamUtil - PER_TASK_CONFIG_SIZE: 3000.0
2025-10-31 21:27:15.241 [main] INFO  c.a.n.p.auth.spi.client.ClientAuthPluginManager - [ClientAuthPluginManager] Load ClientAuthService com.alibaba.nacos.client.auth.impl.NacosClientAuthServiceImpl success.
2025-10-31 21:27:15.241 [main] INFO  c.a.n.p.auth.spi.client.ClientAuthPluginManager - [ClientAuthPluginManager] Load ClientAuthService com.alibaba.nacos.client.auth.ram.RamClientAuthServiceImpl success.
2025-10-31 21:27:15.243 [main] INFO  c.a.n.client.auth.ram.identify.CredentialWatcher - null No credential found
2025-10-31 21:27:15.446 [main] WARN  com.alibaba.nacos.client.logging.NacosLogging - Load Logback Configuration of Nacos fail, message: Could not initialize Logback Nacos logging from classpath:nacos-logback.xml
2025-10-31 21:27:15.455 [main] INFO  c.a.n.client.config.impl.LocalConfigInfoProcessor - LOCAL_SNAPSHOT_PATH:C:\Users\hp\nacos\config
2025-10-31 21:27:15.458 [main] INFO  com.alibaba.nacos.common.remote.client - [RpcClientFactory] create a new rpc client of f5ce1641-cab2-4a50-a125-e0e036ffcf72_config-0
2025-10-31 21:27:15.466 [main] INFO  com.alibaba.nacos.common.remote.client - [f5ce1641-cab2-4a50-a125-e0e036ffcf72_config-0] Register server push request handler:com.alibaba.nacos.client.config.impl.ClientWorker$ConfigRpcTransportClient$$Lambda$585/0x0000022e01323d50
2025-10-31 21:27:15.466 [main] INFO  com.alibaba.nacos.common.remote.client - [f5ce1641-cab2-4a50-a125-e0e036ffcf72_config-0] Register server push request handler:com.alibaba.nacos.client.config.impl.ClientWorker$ConfigRpcTransportClient$$Lambda$586/0x0000022e01324170
2025-10-31 21:27:15.467 [main] INFO  com.alibaba.nacos.common.remote.client - [f5ce1641-cab2-4a50-a125-e0e036ffcf72_config-0] Registry connection listener to current client:com.alibaba.nacos.client.config.impl.ClientWorker$ConfigRpcTransportClient$1
2025-10-31 21:27:15.467 [main] INFO  com.alibaba.nacos.common.remote.client - [f5ce1641-cab2-4a50-a125-e0e036ffcf72_config-0] RpcClient init, ServerListFactory = com.alibaba.nacos.client.config.impl.ClientWorker$ConfigRpcTransportClient$2
2025-10-31 21:27:15.472 [main] INFO  com.alibaba.nacos.common.remote.client - [f5ce1641-cab2-4a50-a125-e0e036ffcf72_config-0] Try to connect to server on start up, server: {serverIp = '127.0.0.1', server main port = 8848}
2025-10-31 21:27:15.492 [main] INFO  c.a.nacos.common.remote.client.grpc.GrpcClient - grpc client connection server:127.0.0.1 ip,serverPort:9848,grpcTslConfig:{"sslProvider":"OPENSSL","enableTls":false,"mutualAuthEnable":false,"trustAll":false}
2025-10-31 21:27:16.074 [main] INFO  com.alibaba.nacos.common.remote.client - [f5ce1641-cab2-4a50-a125-e0e036ffcf72_config-0] Success to connect to server [127.0.0.1:8848] on start up, connectionId = 1761917235915_127.0.0.1_8718
2025-10-31 21:27:16.074 [com.alibaba.nacos.client.remote.worker] INFO  com.alibaba.nacos.common.remote.client - [f5ce1641-cab2-4a50-a125-e0e036ffcf72_config-0] Notify connected event to listeners.
2025-10-31 21:27:16.074 [com.alibaba.nacos.client.remote.worker] INFO  com.alibaba.nacos.client.config.impl.ClientWorker - [f5ce1641-cab2-4a50-a125-e0e036ffcf72_config-0] Connected,notify listen context...
2025-10-31 21:27:16.075 [main] INFO  com.alibaba.nacos.common.remote.client - [f5ce1641-cab2-4a50-a125-e0e036ffcf72_config-0] Register server push request handler:com.alibaba.nacos.common.remote.client.RpcClient$ConnectResetRequestHandler
2025-10-31 21:27:16.075 [main] INFO  com.alibaba.nacos.common.remote.client - [f5ce1641-cab2-4a50-a125-e0e036ffcf72_config-0] Register server push request handler:com.alibaba.nacos.common.remote.client.RpcClient$$Lambda$606/0x0000022e0142f7d0
2025-10-31 21:27:16.091 [main] INFO  com.alibaba.nacos.client.config.impl.Limiter - limitTime:5.0
2025-10-31 21:27:16.103 [main] WARN  c.a.cloud.nacos.client.NacosPropertySourceBuilder - Ignore the empty nacos configuration and get it based on dataId[xiaohashu-oss] & group[DEFAULT_GROUP]
2025-10-31 21:27:16.107 [main] WARN  c.a.cloud.nacos.client.NacosPropertySourceBuilder - Ignore the empty nacos configuration and get it based on dataId[xiaohashu-oss.yaml] & group[DEFAULT_GROUP]
2025-10-31 21:27:16.111 [main] INFO  com.alibaba.nacos.client.config.utils.JvmUtil - isMultiInstance:false
2025-10-31 21:27:16.115 [main] INFO  o.s.c.b.c.PropertySourceBootstrapConfiguration - Located property source: [BootstrapPropertySource {name='bootstrapProperties-xiaohashu-oss-dev.yaml,DEFAULT_GROUP'}, BootstrapPropertySource {name='bootstrapProperties-xiaohashu-oss.yaml,DEFAULT_GROUP'}, BootstrapPropertySource {name='bootstrapProperties-xiaohashu-oss,DEFAULT_GROUP'}]
2025-10-31 21:27:16.118 [main] WARN  com.alibaba.nacos.client.logging.NacosLogging - Load Logback Configuration of Nacos fail, message: Could not initialize Logback Nacos logging from classpath:nacos-logback.xml
2025-10-31 21:27:16.119 [main] INFO  c.q.xiaohashu.oss.biz.XiaohashuOssBizApplication - The following 1 profile is active: "dev"
2025-10-31 21:27:16.489 [main] INFO  o.springframework.cloud.context.scope.GenericScope - BeanFactory id=ec0c2eca-ed67-394b-9953-b1efb06979a9
2025-10-31 21:27:16.683 [main] INFO  o.s.boot.web.embedded.tomcat.TomcatWebServer - Tomcat initialized with port(s): 8081 (http)
2025-10-31 21:27:16.688 [main] INFO  org.apache.catalina.core.StandardService - Starting service [Tomcat]
2025-10-31 21:27:16.689 [main] INFO  org.apache.catalina.core.StandardEngine - Starting Servlet engine: [Apache Tomcat/10.1.5]
2025-10-31 21:27:16.745 [main] INFO  o.a.c.core.ContainerBase.[Tomcat].[localhost].[/] - Initializing Spring embedded WebApplicationContext
2025-10-31 21:27:16.746 [main] INFO  o.s.b.w.s.c.ServletWebServerApplicationContext - Root WebApplicationContext: initialization completed in 619 ms
2025-10-31 21:27:17.572 [main] WARN  o.s.c.l.c.LoadBalancerCacheAutoConfiguration$LoadBalancerCaffeineWarnLogger - Spring Cloud LoadBalancer is currently working with the default cache. While this cache implementation is useful for development and tests, it's recommended to use Caffeine cache in production.You can switch to using Caffeine cache, by adding it and org.springframework.cache.caffeine.CaffeineCacheManager to the classpath.
2025-10-31 21:27:17.617 [main] INFO  o.s.boot.web.embedded.tomcat.TomcatWebServer - Tomcat started on port(s): 8081 (http) with context path ''
2025-10-31 21:27:17.620 [main] INFO  com.alibaba.nacos.client.naming - initializer namespace from ans.namespace attribute : null
2025-10-31 21:27:17.620 [main] INFO  com.alibaba.nacos.client.naming - initializer namespace from ALIBABA_ALIWARE_NAMESPACE attribute :null
2025-10-31 21:27:17.620 [main] INFO  com.alibaba.nacos.client.naming - initializer namespace from namespace attribute :null
2025-10-31 21:27:17.624 [main] INFO  c.a.n.p.auth.spi.client.ClientAuthPluginManager - [ClientAuthPluginManager] Load ClientAuthService com.alibaba.nacos.client.auth.impl.NacosClientAuthServiceImpl success.
2025-10-31 21:27:17.625 [main] INFO  c.a.n.p.auth.spi.client.ClientAuthPluginManager - [ClientAuthPluginManager] Load ClientAuthService com.alibaba.nacos.client.auth.ram.RamClientAuthServiceImpl success.
2025-10-31 21:27:17.626 [main] INFO  com.alibaba.nacos.common.remote.client - [RpcClientFactory] create a new rpc client of 1fa5902c-90d7-4748-9edf-92b811e3560c
2025-10-31 21:27:17.628 [main] INFO  com.alibaba.nacos.common.remote.client - [1fa5902c-90d7-4748-9edf-92b811e3560c] RpcClient init, ServerListFactory = com.alibaba.nacos.client.naming.core.ServerListManager
2025-10-31 21:27:17.628 [main] INFO  com.alibaba.nacos.common.remote.client - [1fa5902c-90d7-4748-9edf-92b811e3560c] Registry connection listener to current client:com.alibaba.nacos.client.naming.remote.gprc.redo.NamingGrpcRedoService
2025-10-31 21:27:17.628 [main] INFO  com.alibaba.nacos.common.remote.client - [1fa5902c-90d7-4748-9edf-92b811e3560c] Register server push request handler:com.alibaba.nacos.client.naming.remote.gprc.NamingPushRequestHandler
2025-10-31 21:27:17.628 [main] INFO  com.alibaba.nacos.common.remote.client - [1fa5902c-90d7-4748-9edf-92b811e3560c] Try to connect to server on start up, server: {serverIp = '127.0.0.1', server main port = 8848}
2025-10-31 21:27:17.628 [main] INFO  c.a.nacos.common.remote.client.grpc.GrpcClient - grpc client connection server:127.0.0.1 ip,serverPort:9848,grpcTslConfig:{"sslProvider":"OPENSSL","enableTls":false,"mutualAuthEnable":false,"trustAll":false}
2025-10-31 21:27:17.738 [main] INFO  com.alibaba.nacos.common.remote.client - [1fa5902c-90d7-4748-9edf-92b811e3560c] Success to connect to server [127.0.0.1:8848] on start up, connectionId = 1761917237632_127.0.0.1_8719
2025-10-31 21:27:17.738 [main] INFO  com.alibaba.nacos.common.remote.client - [1fa5902c-90d7-4748-9edf-92b811e3560c] Register server push request handler:com.alibaba.nacos.common.remote.client.RpcClient$ConnectResetRequestHandler
2025-10-31 21:27:17.738 [com.alibaba.nacos.client.remote.worker] INFO  com.alibaba.nacos.common.remote.client - [1fa5902c-90d7-4748-9edf-92b811e3560c] Notify connected event to listeners.
2025-10-31 21:27:17.738 [main] INFO  com.alibaba.nacos.common.remote.client - [1fa5902c-90d7-4748-9edf-92b811e3560c] Register server push request handler:com.alibaba.nacos.common.remote.client.RpcClient$$Lambda$606/0x0000022e0142f7d0
2025-10-31 21:27:17.738 [com.alibaba.nacos.client.remote.worker] INFO  com.alibaba.nacos.client.naming - Grpc connection connect
2025-10-31 21:27:17.739 [main] INFO  com.alibaba.nacos.client.naming - [REGISTER-SERVICE] xiaohashu registering service xiaohashu-oss with instance Instance{instanceId='null', ip='192.168.134.1', port=8081, weight=1.0, healthy=true, enabled=true, ephemeral=true, clusterName='DEFAULT', serviceName='null', metadata={IPv6=null, preserved.register.source=SPRING_CLOUD}}
2025-10-31 21:27:17.749 [main] INFO  c.a.cloud.nacos.registry.NacosServiceRegistry - nacos registry, DEFAULT_GROUP xiaohashu-oss 192.168.134.1:8081 register finished
2025-10-31 21:27:17.885 [main] INFO  c.q.xiaohashu.oss.biz.XiaohashuOssBizApplication - Started XiaohashuOssBizApplication in 3.522 seconds (process running for 3.968)
2025-10-31 21:27:17.887 [main] INFO  com.alibaba.nacos.client.config.impl.CacheData - nacos.cache.data.init.snapshot = true 
2025-10-31 21:27:17.887 [main] INFO  com.alibaba.nacos.client.config.impl.ClientWorker - [fixed-xiaohashu-127.0.0.1_8848] [subscribe] xiaohashu-oss+DEFAULT_GROUP+xiaohashu
2025-10-31 21:27:17.890 [main] INFO  com.alibaba.nacos.client.config.impl.CacheData - [fixed-xiaohashu-127.0.0.1_8848] [add-listener] ok, tenant=xiaohashu, dataId=xiaohashu-oss, group=DEFAULT_GROUP, cnt=1
2025-10-31 21:27:17.890 [main] INFO  c.a.cloud.nacos.refresh.NacosContextRefresher - [Nacos Config] Listening config: dataId=xiaohashu-oss, group=DEFAULT_GROUP
2025-10-31 21:27:17.891 [main] INFO  com.alibaba.nacos.client.config.impl.ClientWorker - [fixed-xiaohashu-127.0.0.1_8848] [subscribe] xiaohashu-oss-dev.yaml+DEFAULT_GROUP+xiaohashu
2025-10-31 21:27:17.891 [main] INFO  com.alibaba.nacos.client.config.impl.CacheData - [fixed-xiaohashu-127.0.0.1_8848] [add-listener] ok, tenant=xiaohashu, dataId=xiaohashu-oss-dev.yaml, group=DEFAULT_GROUP, cnt=1
2025-10-31 21:27:17.891 [main] INFO  c.a.cloud.nacos.refresh.NacosContextRefresher - [Nacos Config] Listening config: dataId=xiaohashu-oss-dev.yaml, group=DEFAULT_GROUP
2025-10-31 21:27:17.891 [main] INFO  com.alibaba.nacos.client.config.impl.ClientWorker - [fixed-xiaohashu-127.0.0.1_8848] [subscribe] xiaohashu-oss.yaml+DEFAULT_GROUP+xiaohashu
2025-10-31 21:27:17.891 [main] INFO  com.alibaba.nacos.client.config.impl.CacheData - [fixed-xiaohashu-127.0.0.1_8848] [add-listener] ok, tenant=xiaohashu, dataId=xiaohashu-oss.yaml, group=DEFAULT_GROUP, cnt=1
2025-10-31 21:27:17.891 [main] INFO  c.a.cloud.nacos.refresh.NacosContextRefresher - [Nacos Config] Listening config: dataId=xiaohashu-oss.yaml, group=DEFAULT_GROUP
2025-10-31 21:27:22.343 [http-nio-8081-exec-1] INFO  o.a.c.core.ContainerBase.[Tomcat].[localhost].[/] - Initializing Spring DispatcherServlet 'dispatcherServlet'
2025-10-31 21:27:22.343 [http-nio-8081-exec-1] INFO  org.springframework.web.servlet.DispatcherServlet - Initializing Servlet 'dispatcherServlet'
2025-10-31 21:27:22.344 [http-nio-8081-exec-1] INFO  org.springframework.web.servlet.DispatcherServlet - Completed initialization in 1 ms
2025-10-31 21:27:22.347 [http-nio-8081-exec-1] INFO  c.q.x.oss.biz.filter.HeaderUserId2ContextFilter - ## HeaderUserId2ContextFilter, 用户 ID: 5
2025-10-31 21:27:22.347 [http-nio-8081-exec-1] INFO  c.q.x.oss.biz.filter.HeaderUserId2ContextFilter - ===== 设置 userId 到 ThreadLocal 中， 用户 ID: 5
2025-10-31 21:27:22.376 [http-nio-8081-exec-1] INFO  c.q.xiaohashu.oss.biz.controller.FileController - 当前用户ID: 5
2025-10-31 21:27:22.376 [http-nio-8081-exec-1] INFO  c.q.x.oss.biz.strategy.impl.MinioFileStrategy - ## 上传文件至 Minio ...
2025-10-31 21:27:22.376 [http-nio-8081-exec-1] INFO  c.q.x.oss.biz.strategy.impl.MinioFileStrategy - ==> 开始上传文件至 Minio, ObjectName: 4ce94f4e9c4c4af080e1be0353f136ff.png
2025-10-31 21:27:22.462 [http-nio-8081-exec-1] INFO  c.q.x.oss.biz.strategy.impl.MinioFileStrategy - ==> 上传文件至 Minio 成功，访问路径: http://192.168.134.128:9000/xiaohashu/4ce94f4e9c4c4af080e1be0353f136ff.png
2025-10-31 21:27:22.475 [http-nio-8081-exec-1] INFO  c.q.x.oss.biz.filter.HeaderUserId2ContextFilter - ===== 删除 ThreadLocal， userId: 5
2025-10-31 21:27:22.497 [http-nio-8081-exec-2] INFO  c.q.x.oss.biz.filter.HeaderUserId2ContextFilter - ## HeaderUserId2ContextFilter, 用户 ID: 5
2025-10-31 21:27:22.497 [http-nio-8081-exec-2] INFO  c.q.x.oss.biz.filter.HeaderUserId2ContextFilter - ===== 设置 userId 到 ThreadLocal 中， 用户 ID: 5
2025-10-31 21:27:22.501 [http-nio-8081-exec-2] INFO  c.q.xiaohashu.oss.biz.controller.FileController - 当前用户ID: 5
2025-10-31 21:27:22.501 [http-nio-8081-exec-2] INFO  c.q.x.oss.biz.strategy.impl.MinioFileStrategy - ## 上传文件至 Minio ...
2025-10-31 21:27:22.501 [http-nio-8081-exec-2] INFO  c.q.x.oss.biz.strategy.impl.MinioFileStrategy - ==> 开始上传文件至 Minio, ObjectName: 3708277cbfce4e5ead945d01d2352268.png
2025-10-31 21:27:22.536 [http-nio-8081-exec-2] INFO  c.q.x.oss.biz.strategy.impl.MinioFileStrategy - ==> 上传文件至 Minio 成功，访问路径: http://192.168.134.128:9000/xiaohashu/3708277cbfce4e5ead945d01d2352268.png
2025-10-31 21:27:22.538 [http-nio-8081-exec-2] INFO  c.q.x.oss.biz.filter.HeaderUserId2ContextFilter - ===== 删除 ThreadLocal， userId: 5
2025-10-31 21:28:39.271 [main] WARN  com.alibaba.nacos.client.logging.NacosLogging - Load Logback Configuration of Nacos fail, message: Could not initialize Logback Nacos logging from classpath:nacos-logback.xml
2025-10-31 21:28:39.327 [main] WARN  com.alibaba.nacos.client.logging.NacosLogging - Load Logback Configuration of Nacos fail, message: Could not initialize Logback Nacos logging from classpath:nacos-logback.xml
2025-10-31 21:28:39.566 [main] WARN  com.alibaba.nacos.client.logging.NacosLogging - Load Logback Configuration of Nacos fail, message: Could not initialize Logback Nacos logging from classpath:nacos-logback.xml
2025-10-31 21:28:39.568 [main] INFO  com.alibaba.nacos.client.utils.ParamUtil - [settings] [req-serv] nacos-server port:8848
2025-10-31 21:28:39.568 [main] INFO  com.alibaba.nacos.client.utils.ParamUtil - [settings] [http-client] connect timeout:1000
2025-10-31 21:28:39.568 [main] INFO  com.alibaba.nacos.client.utils.ParamUtil - PER_TASK_CONFIG_SIZE: 3000.0
2025-10-31 21:28:39.587 [main] INFO  c.a.n.p.auth.spi.client.ClientAuthPluginManager - [ClientAuthPluginManager] Load ClientAuthService com.alibaba.nacos.client.auth.impl.NacosClientAuthServiceImpl success.
2025-10-31 21:28:39.588 [main] INFO  c.a.n.p.auth.spi.client.ClientAuthPluginManager - [ClientAuthPluginManager] Load ClientAuthService com.alibaba.nacos.client.auth.ram.RamClientAuthServiceImpl success.
2025-10-31 21:28:39.590 [main] INFO  c.a.n.client.auth.ram.identify.CredentialWatcher - null No credential found
2025-10-31 21:28:39.804 [main] WARN  com.alibaba.nacos.client.logging.NacosLogging - Load Logback Configuration of Nacos fail, message: Could not initialize Logback Nacos logging from classpath:nacos-logback.xml
2025-10-31 21:28:39.812 [main] INFO  c.a.n.client.config.impl.LocalConfigInfoProcessor - LOCAL_SNAPSHOT_PATH:C:\Users\hp\nacos\config
2025-10-31 21:28:39.814 [main] INFO  com.alibaba.nacos.common.remote.client - [RpcClientFactory] create a new rpc client of 0771d1f2-37a3-4efb-aa07-7cfb2ab3eba4_config-0
2025-10-31 21:28:39.822 [main] INFO  com.alibaba.nacos.common.remote.client - [0771d1f2-37a3-4efb-aa07-7cfb2ab3eba4_config-0] Register server push request handler:com.alibaba.nacos.client.config.impl.ClientWorker$ConfigRpcTransportClient$$Lambda$585/0x000001ee01323338
2025-10-31 21:28:39.822 [main] INFO  com.alibaba.nacos.common.remote.client - [0771d1f2-37a3-4efb-aa07-7cfb2ab3eba4_config-0] Register server push request handler:com.alibaba.nacos.client.config.impl.ClientWorker$ConfigRpcTransportClient$$Lambda$586/0x000001ee01323758
2025-10-31 21:28:39.822 [main] INFO  com.alibaba.nacos.common.remote.client - [0771d1f2-37a3-4efb-aa07-7cfb2ab3eba4_config-0] Registry connection listener to current client:com.alibaba.nacos.client.config.impl.ClientWorker$ConfigRpcTransportClient$1
2025-10-31 21:28:39.823 [main] INFO  com.alibaba.nacos.common.remote.client - [0771d1f2-37a3-4efb-aa07-7cfb2ab3eba4_config-0] RpcClient init, ServerListFactory = com.alibaba.nacos.client.config.impl.ClientWorker$ConfigRpcTransportClient$2
2025-10-31 21:28:39.827 [main] INFO  com.alibaba.nacos.common.remote.client - [0771d1f2-37a3-4efb-aa07-7cfb2ab3eba4_config-0] Try to connect to server on start up, server: {serverIp = '127.0.0.1', server main port = 8848}
2025-10-31 21:28:39.848 [main] INFO  c.a.nacos.common.remote.client.grpc.GrpcClient - grpc client connection server:127.0.0.1 ip,serverPort:9848,grpcTslConfig:{"sslProvider":"OPENSSL","enableTls":false,"mutualAuthEnable":false,"trustAll":false}
2025-10-31 21:28:40.413 [main] INFO  com.alibaba.nacos.common.remote.client - [0771d1f2-37a3-4efb-aa07-7cfb2ab3eba4_config-0] Success to connect to server [127.0.0.1:8848] on start up, connectionId = 1761917320257_127.0.0.1_8786
2025-10-31 21:28:40.413 [com.alibaba.nacos.client.remote.worker] INFO  com.alibaba.nacos.common.remote.client - [0771d1f2-37a3-4efb-aa07-7cfb2ab3eba4_config-0] Notify connected event to listeners.
2025-10-31 21:28:40.413 [com.alibaba.nacos.client.remote.worker] INFO  com.alibaba.nacos.client.config.impl.ClientWorker - [0771d1f2-37a3-4efb-aa07-7cfb2ab3eba4_config-0] Connected,notify listen context...
2025-10-31 21:28:40.413 [main] INFO  com.alibaba.nacos.common.remote.client - [0771d1f2-37a3-4efb-aa07-7cfb2ab3eba4_config-0] Register server push request handler:com.alibaba.nacos.common.remote.client.RpcClient$ConnectResetRequestHandler
2025-10-31 21:28:40.414 [main] INFO  com.alibaba.nacos.common.remote.client - [0771d1f2-37a3-4efb-aa07-7cfb2ab3eba4_config-0] Register server push request handler:com.alibaba.nacos.common.remote.client.RpcClient$$Lambda$606/0x000001ee01430668
2025-10-31 21:28:40.428 [main] INFO  com.alibaba.nacos.client.config.impl.Limiter - limitTime:5.0
2025-10-31 21:28:40.437 [main] WARN  c.a.cloud.nacos.client.NacosPropertySourceBuilder - Ignore the empty nacos configuration and get it based on dataId[xiaohashu-oss] & group[DEFAULT_GROUP]
2025-10-31 21:28:40.442 [main] WARN  c.a.cloud.nacos.client.NacosPropertySourceBuilder - Ignore the empty nacos configuration and get it based on dataId[xiaohashu-oss.yaml] & group[DEFAULT_GROUP]
2025-10-31 21:28:40.451 [main] INFO  com.alibaba.nacos.client.config.utils.JvmUtil - isMultiInstance:false
2025-10-31 21:28:40.454 [main] INFO  o.s.c.b.c.PropertySourceBootstrapConfiguration - Located property source: [BootstrapPropertySource {name='bootstrapProperties-xiaohashu-oss-dev.yaml,DEFAULT_GROUP'}, BootstrapPropertySource {name='bootstrapProperties-xiaohashu-oss.yaml,DEFAULT_GROUP'}, BootstrapPropertySource {name='bootstrapProperties-xiaohashu-oss,DEFAULT_GROUP'}]
2025-10-31 21:28:40.457 [main] WARN  com.alibaba.nacos.client.logging.NacosLogging - Load Logback Configuration of Nacos fail, message: Could not initialize Logback Nacos logging from classpath:nacos-logback.xml
2025-10-31 21:28:40.457 [main] INFO  c.q.xiaohashu.oss.biz.XiaohashuOssBizApplication - The following 1 profile is active: "dev"
2025-10-31 21:28:40.807 [main] INFO  o.springframework.cloud.context.scope.GenericScope - BeanFactory id=f641ba8e-c4e2-3439-9fc6-ceae67a7e62a
2025-10-31 21:28:41.003 [main] INFO  o.s.boot.web.embedded.tomcat.TomcatWebServer - Tomcat initialized with port(s): 8081 (http)
2025-10-31 21:28:41.009 [main] INFO  org.apache.catalina.core.StandardService - Starting service [Tomcat]
2025-10-31 21:28:41.009 [main] INFO  org.apache.catalina.core.StandardEngine - Starting Servlet engine: [Apache Tomcat/10.1.5]
2025-10-31 21:28:41.064 [main] INFO  o.a.c.core.ContainerBase.[Tomcat].[localhost].[/] - Initializing Spring embedded WebApplicationContext
2025-10-31 21:28:41.064 [main] INFO  o.s.b.w.s.c.ServletWebServerApplicationContext - Root WebApplicationContext: initialization completed in 600 ms
2025-10-31 21:28:41.894 [main] WARN  o.s.c.l.c.LoadBalancerCacheAutoConfiguration$LoadBalancerCaffeineWarnLogger - Spring Cloud LoadBalancer is currently working with the default cache. While this cache implementation is useful for development and tests, it's recommended to use Caffeine cache in production.You can switch to using Caffeine cache, by adding it and org.springframework.cache.caffeine.CaffeineCacheManager to the classpath.
2025-10-31 21:28:41.939 [main] INFO  o.s.boot.web.embedded.tomcat.TomcatWebServer - Tomcat started on port(s): 8081 (http) with context path ''
2025-10-31 21:28:41.941 [main] INFO  com.alibaba.nacos.client.naming - initializer namespace from ans.namespace attribute : null
2025-10-31 21:28:41.941 [main] INFO  com.alibaba.nacos.client.naming - initializer namespace from ALIBABA_ALIWARE_NAMESPACE attribute :null
2025-10-31 21:28:41.942 [main] INFO  com.alibaba.nacos.client.naming - initializer namespace from namespace attribute :null
2025-10-31 21:28:41.945 [main] INFO  c.a.n.p.auth.spi.client.ClientAuthPluginManager - [ClientAuthPluginManager] Load ClientAuthService com.alibaba.nacos.client.auth.impl.NacosClientAuthServiceImpl success.
2025-10-31 21:28:41.946 [main] INFO  c.a.n.p.auth.spi.client.ClientAuthPluginManager - [ClientAuthPluginManager] Load ClientAuthService com.alibaba.nacos.client.auth.ram.RamClientAuthServiceImpl success.
2025-10-31 21:28:41.947 [main] INFO  com.alibaba.nacos.common.remote.client - [RpcClientFactory] create a new rpc client of 92a1fc1b-52e5-4f22-9532-72ea773c5838
2025-10-31 21:28:41.949 [main] INFO  com.alibaba.nacos.common.remote.client - [92a1fc1b-52e5-4f22-9532-72ea773c5838] RpcClient init, ServerListFactory = com.alibaba.nacos.client.naming.core.ServerListManager
2025-10-31 21:28:41.949 [main] INFO  com.alibaba.nacos.common.remote.client - [92a1fc1b-52e5-4f22-9532-72ea773c5838] Registry connection listener to current client:com.alibaba.nacos.client.naming.remote.gprc.redo.NamingGrpcRedoService
2025-10-31 21:28:41.949 [main] INFO  com.alibaba.nacos.common.remote.client - [92a1fc1b-52e5-4f22-9532-72ea773c5838] Register server push request handler:com.alibaba.nacos.client.naming.remote.gprc.NamingPushRequestHandler
2025-10-31 21:28:41.949 [main] INFO  com.alibaba.nacos.common.remote.client - [92a1fc1b-52e5-4f22-9532-72ea773c5838] Try to connect to server on start up, server: {serverIp = '127.0.0.1', server main port = 8848}
2025-10-31 21:28:41.949 [main] INFO  c.a.nacos.common.remote.client.grpc.GrpcClient - grpc client connection server:127.0.0.1 ip,serverPort:9848,grpcTslConfig:{"sslProvider":"OPENSSL","enableTls":false,"mutualAuthEnable":false,"trustAll":false}
2025-10-31 21:28:42.069 [main] INFO  com.alibaba.nacos.common.remote.client - [92a1fc1b-52e5-4f22-9532-72ea773c5838] Success to connect to server [127.0.0.1:8848] on start up, connectionId = 1761917321954_127.0.0.1_8788
2025-10-31 21:28:42.069 [main] INFO  com.alibaba.nacos.common.remote.client - [92a1fc1b-52e5-4f22-9532-72ea773c5838] Register server push request handler:com.alibaba.nacos.common.remote.client.RpcClient$ConnectResetRequestHandler
2025-10-31 21:28:42.069 [com.alibaba.nacos.client.remote.worker] INFO  com.alibaba.nacos.common.remote.client - [92a1fc1b-52e5-4f22-9532-72ea773c5838] Notify connected event to listeners.
2025-10-31 21:28:42.069 [com.alibaba.nacos.client.remote.worker] INFO  com.alibaba.nacos.client.naming - Grpc connection connect
2025-10-31 21:28:42.069 [main] INFO  com.alibaba.nacos.common.remote.client - [92a1fc1b-52e5-4f22-9532-72ea773c5838] Register server push request handler:com.alibaba.nacos.common.remote.client.RpcClient$$Lambda$606/0x000001ee01430668
2025-10-31 21:28:42.070 [main] INFO  com.alibaba.nacos.client.naming - [REGISTER-SERVICE] xiaohashu registering service xiaohashu-oss with instance Instance{instanceId='null', ip='192.168.134.1', port=8081, weight=1.0, healthy=true, enabled=true, ephemeral=true, clusterName='DEFAULT', serviceName='null', metadata={IPv6=null, preserved.register.source=SPRING_CLOUD}}
2025-10-31 21:28:42.078 [main] INFO  c.a.cloud.nacos.registry.NacosServiceRegistry - nacos registry, DEFAULT_GROUP xiaohashu-oss 192.168.134.1:8081 register finished
2025-10-31 21:28:42.215 [main] INFO  c.q.xiaohashu.oss.biz.XiaohashuOssBizApplication - Started XiaohashuOssBizApplication in 3.493 seconds (process running for 3.917)
2025-10-31 21:28:42.217 [main] INFO  com.alibaba.nacos.client.config.impl.CacheData - nacos.cache.data.init.snapshot = true 
2025-10-31 21:28:42.217 [main] INFO  com.alibaba.nacos.client.config.impl.ClientWorker - [fixed-xiaohashu-127.0.0.1_8848] [subscribe] xiaohashu-oss+DEFAULT_GROUP+xiaohashu
2025-10-31 21:28:42.221 [main] INFO  com.alibaba.nacos.client.config.impl.CacheData - [fixed-xiaohashu-127.0.0.1_8848] [add-listener] ok, tenant=xiaohashu, dataId=xiaohashu-oss, group=DEFAULT_GROUP, cnt=1
2025-10-31 21:28:42.221 [main] INFO  c.a.cloud.nacos.refresh.NacosContextRefresher - [Nacos Config] Listening config: dataId=xiaohashu-oss, group=DEFAULT_GROUP
2025-10-31 21:28:42.222 [main] INFO  com.alibaba.nacos.client.config.impl.ClientWorker - [fixed-xiaohashu-127.0.0.1_8848] [subscribe] xiaohashu-oss-dev.yaml+DEFAULT_GROUP+xiaohashu
2025-10-31 21:28:42.222 [main] INFO  com.alibaba.nacos.client.config.impl.CacheData - [fixed-xiaohashu-127.0.0.1_8848] [add-listener] ok, tenant=xiaohashu, dataId=xiaohashu-oss-dev.yaml, group=DEFAULT_GROUP, cnt=1
2025-10-31 21:28:42.222 [main] INFO  c.a.cloud.nacos.refresh.NacosContextRefresher - [Nacos Config] Listening config: dataId=xiaohashu-oss-dev.yaml, group=DEFAULT_GROUP
2025-10-31 21:28:42.222 [main] INFO  com.alibaba.nacos.client.config.impl.ClientWorker - [fixed-xiaohashu-127.0.0.1_8848] [subscribe] xiaohashu-oss.yaml+DEFAULT_GROUP+xiaohashu
2025-10-31 21:28:42.222 [main] INFO  com.alibaba.nacos.client.config.impl.CacheData - [fixed-xiaohashu-127.0.0.1_8848] [add-listener] ok, tenant=xiaohashu, dataId=xiaohashu-oss.yaml, group=DEFAULT_GROUP, cnt=1
2025-10-31 21:28:42.222 [main] INFO  c.a.cloud.nacos.refresh.NacosContextRefresher - [Nacos Config] Listening config: dataId=xiaohashu-oss.yaml, group=DEFAULT_GROUP
2025-10-31 21:28:45.760 [http-nio-8081-exec-1] INFO  o.a.c.core.ContainerBase.[Tomcat].[localhost].[/] - Initializing Spring DispatcherServlet 'dispatcherServlet'
2025-10-31 21:28:45.761 [http-nio-8081-exec-1] INFO  org.springframework.web.servlet.DispatcherServlet - Initializing Servlet 'dispatcherServlet'
2025-10-31 21:28:45.761 [http-nio-8081-exec-1] INFO  org.springframework.web.servlet.DispatcherServlet - Completed initialization in 0 ms
2025-10-31 21:28:45.793 [http-nio-8081-exec-1] INFO  c.q.xiaohashu.oss.biz.controller.FileController - 当前用户ID: null
2025-10-31 21:28:45.793 [http-nio-8081-exec-1] INFO  c.q.x.oss.biz.strategy.impl.MinioFileStrategy - ## 上传文件至 Minio ...
2025-10-31 21:28:45.793 [http-nio-8081-exec-1] INFO  c.q.x.oss.biz.strategy.impl.MinioFileStrategy - ==> 开始上传文件至 Minio, ObjectName: 6db551710b6646f4a41d11ecd481ead5.png
2025-10-31 21:28:45.899 [http-nio-8081-exec-1] INFO  c.q.x.oss.biz.strategy.impl.MinioFileStrategy - ==> 上传文件至 Minio 成功，访问路径: http://192.168.134.128:9000/xiaohashu/6db551710b6646f4a41d11ecd481ead5.png
2025-10-31 21:28:45.924 [http-nio-8081-exec-2] INFO  c.q.xiaohashu.oss.biz.controller.FileController - 当前用户ID: null
2025-10-31 21:28:45.924 [http-nio-8081-exec-2] INFO  c.q.x.oss.biz.strategy.impl.MinioFileStrategy - ## 上传文件至 Minio ...
2025-10-31 21:28:45.925 [http-nio-8081-exec-2] INFO  c.q.x.oss.biz.strategy.impl.MinioFileStrategy - ==> 开始上传文件至 Minio, ObjectName: 6649774b6ea7437ca639fea584d97dbe.png
2025-10-31 21:28:45.946 [http-nio-8081-exec-2] INFO  c.q.x.oss.biz.strategy.impl.MinioFileStrategy - ==> 上传文件至 Minio 成功，访问路径: http://192.168.134.128:9000/xiaohashu/6649774b6ea7437ca639fea584d97dbe.png
2025-10-31 21:31:38.312 [http-nio-8081-exec-4] INFO  c.q.xiaohashu.oss.biz.controller.FileController - 当前用户ID: null
2025-10-31 21:31:38.312 [http-nio-8081-exec-4] INFO  c.q.x.oss.biz.strategy.impl.MinioFileStrategy - ## 上传文件至 Minio ...
2025-10-31 21:31:38.313 [http-nio-8081-exec-4] INFO  c.q.x.oss.biz.strategy.impl.MinioFileStrategy - ==> 开始上传文件至 Minio, ObjectName: d516e0d9806b442c9c54709ba5b26673.png
2025-10-31 21:31:38.337 [http-nio-8081-exec-4] INFO  c.q.x.oss.biz.strategy.impl.MinioFileStrategy - ==> 上传文件至 Minio 成功，访问路径: http://192.168.134.128:9000/xiaohashu/d516e0d9806b442c9c54709ba5b26673.png
2025-10-31 21:31:38.369 [http-nio-8081-exec-3] INFO  c.q.xiaohashu.oss.biz.controller.FileController - 当前用户ID: null
2025-10-31 21:31:38.369 [http-nio-8081-exec-3] INFO  c.q.x.oss.biz.strategy.impl.MinioFileStrategy - ## 上传文件至 Minio ...
2025-10-31 21:31:38.369 [http-nio-8081-exec-3] INFO  c.q.x.oss.biz.strategy.impl.MinioFileStrategy - ==> 开始上传文件至 Minio, ObjectName: e4df2ea151d74142b3f5baf3951e6572.png
2025-10-31 21:31:38.387 [http-nio-8081-exec-3] INFO  c.q.x.oss.biz.strategy.impl.MinioFileStrategy - ==> 上传文件至 Minio 成功，访问路径: http://192.168.134.128:9000/xiaohashu/e4df2ea151d74142b3f5baf3951e6572.png
2025-10-31 21:32:51.281 [http-nio-8081-exec-5] INFO  c.q.xiaohashu.oss.biz.controller.FileController - 当前用户ID: null
2025-10-31 21:32:51.281 [http-nio-8081-exec-5] INFO  c.q.x.oss.biz.strategy.impl.MinioFileStrategy - ## 上传文件至 Minio ...
2025-10-31 21:32:51.282 [http-nio-8081-exec-5] INFO  c.q.x.oss.biz.strategy.impl.MinioFileStrategy - ==> 开始上传文件至 Minio, ObjectName: 19a6ea30583c41e9b74d7ddb3f2e8886.png
2025-10-31 21:32:51.316 [http-nio-8081-exec-5] INFO  c.q.x.oss.biz.strategy.impl.MinioFileStrategy - ==> 上传文件至 Minio 成功，访问路径: http://192.168.134.128:9000/xiaohashu/19a6ea30583c41e9b74d7ddb3f2e8886.png
2025-10-31 21:32:51.335 [http-nio-8081-exec-6] INFO  c.q.xiaohashu.oss.biz.controller.FileController - 当前用户ID: null
2025-10-31 21:32:51.335 [http-nio-8081-exec-6] INFO  c.q.x.oss.biz.strategy.impl.MinioFileStrategy - ## 上传文件至 Minio ...
2025-10-31 21:32:51.335 [http-nio-8081-exec-6] INFO  c.q.x.oss.biz.strategy.impl.MinioFileStrategy - ==> 开始上传文件至 Minio, ObjectName: c673c71261b046c59ef39b7762654140.png
2025-10-31 21:32:51.362 [http-nio-8081-exec-6] INFO  c.q.x.oss.biz.strategy.impl.MinioFileStrategy - ==> 上传文件至 Minio 成功，访问路径: http://192.168.134.128:9000/xiaohashu/c673c71261b046c59ef39b7762654140.png
2025-10-31 21:33:46.824 [main] WARN  com.alibaba.nacos.client.logging.NacosLogging - Load Logback Configuration of Nacos fail, message: Could not initialize Logback Nacos logging from classpath:nacos-logback.xml
2025-10-31 21:33:46.871 [main] WARN  com.alibaba.nacos.client.logging.NacosLogging - Load Logback Configuration of Nacos fail, message: Could not initialize Logback Nacos logging from classpath:nacos-logback.xml
2025-10-31 21:33:47.071 [main] WARN  com.alibaba.nacos.client.logging.NacosLogging - Load Logback Configuration of Nacos fail, message: Could not initialize Logback Nacos logging from classpath:nacos-logback.xml
2025-10-31 21:33:47.072 [main] INFO  com.alibaba.nacos.client.utils.ParamUtil - [settings] [req-serv] nacos-server port:8848
2025-10-31 21:33:47.072 [main] INFO  com.alibaba.nacos.client.utils.ParamUtil - [settings] [http-client] connect timeout:1000
2025-10-31 21:33:47.073 [main] INFO  com.alibaba.nacos.client.utils.ParamUtil - PER_TASK_CONFIG_SIZE: 3000.0
2025-10-31 21:33:47.088 [main] INFO  c.a.n.p.auth.spi.client.ClientAuthPluginManager - [ClientAuthPluginManager] Load ClientAuthService com.alibaba.nacos.client.auth.impl.NacosClientAuthServiceImpl success.
2025-10-31 21:33:47.088 [main] INFO  c.a.n.p.auth.spi.client.ClientAuthPluginManager - [ClientAuthPluginManager] Load ClientAuthService com.alibaba.nacos.client.auth.ram.RamClientAuthServiceImpl success.
2025-10-31 21:33:47.090 [main] INFO  c.a.n.client.auth.ram.identify.CredentialWatcher - null No credential found
2025-10-31 21:33:47.299 [main] WARN  com.alibaba.nacos.client.logging.NacosLogging - Load Logback Configuration of Nacos fail, message: Could not initialize Logback Nacos logging from classpath:nacos-logback.xml
2025-10-31 21:33:47.308 [main] INFO  c.a.n.client.config.impl.LocalConfigInfoProcessor - LOCAL_SNAPSHOT_PATH:C:\Users\hp\nacos\config
2025-10-31 21:33:47.310 [main] INFO  com.alibaba.nacos.common.remote.client - [RpcClientFactory] create a new rpc client of 7e899fb2-72ad-43c8-9be1-ad6878687bd6_config-0
2025-10-31 21:33:47.318 [main] INFO  com.alibaba.nacos.common.remote.client - [7e899fb2-72ad-43c8-9be1-ad6878687bd6_config-0] Register server push request handler:com.alibaba.nacos.client.config.impl.ClientWorker$ConfigRpcTransportClient$$Lambda$585/0x0000020fd53235d8
2025-10-31 21:33:47.318 [main] INFO  com.alibaba.nacos.common.remote.client - [7e899fb2-72ad-43c8-9be1-ad6878687bd6_config-0] Register server push request handler:com.alibaba.nacos.client.config.impl.ClientWorker$ConfigRpcTransportClient$$Lambda$586/0x0000020fd53239f8
2025-10-31 21:33:47.318 [main] INFO  com.alibaba.nacos.common.remote.client - [7e899fb2-72ad-43c8-9be1-ad6878687bd6_config-0] Registry connection listener to current client:com.alibaba.nacos.client.config.impl.ClientWorker$ConfigRpcTransportClient$1
2025-10-31 21:33:47.319 [main] INFO  com.alibaba.nacos.common.remote.client - [7e899fb2-72ad-43c8-9be1-ad6878687bd6_config-0] RpcClient init, ServerListFactory = com.alibaba.nacos.client.config.impl.ClientWorker$ConfigRpcTransportClient$2
2025-10-31 21:33:47.323 [main] INFO  com.alibaba.nacos.common.remote.client - [7e899fb2-72ad-43c8-9be1-ad6878687bd6_config-0] Try to connect to server on start up, server: {serverIp = '127.0.0.1', server main port = 8848}
2025-10-31 21:33:47.344 [main] INFO  c.a.nacos.common.remote.client.grpc.GrpcClient - grpc client connection server:127.0.0.1 ip,serverPort:9848,grpcTslConfig:{"sslProvider":"OPENSSL","enableTls":false,"mutualAuthEnable":false,"trustAll":false}
2025-10-31 21:33:47.906 [main] INFO  com.alibaba.nacos.common.remote.client - [7e899fb2-72ad-43c8-9be1-ad6878687bd6_config-0] Success to connect to server [127.0.0.1:8848] on start up, connectionId = 1761917627748_127.0.0.1_9021
2025-10-31 21:33:47.906 [com.alibaba.nacos.client.remote.worker] INFO  com.alibaba.nacos.common.remote.client - [7e899fb2-72ad-43c8-9be1-ad6878687bd6_config-0] Notify connected event to listeners.
2025-10-31 21:33:47.906 [main] INFO  com.alibaba.nacos.common.remote.client - [7e899fb2-72ad-43c8-9be1-ad6878687bd6_config-0] Register server push request handler:com.alibaba.nacos.common.remote.client.RpcClient$ConnectResetRequestHandler
2025-10-31 21:33:47.907 [main] INFO  com.alibaba.nacos.common.remote.client - [7e899fb2-72ad-43c8-9be1-ad6878687bd6_config-0] Register server push request handler:com.alibaba.nacos.common.remote.client.RpcClient$$Lambda$606/0x0000020fd542f068
2025-10-31 21:33:47.907 [com.alibaba.nacos.client.remote.worker] INFO  com.alibaba.nacos.client.config.impl.ClientWorker - [7e899fb2-72ad-43c8-9be1-ad6878687bd6_config-0] Connected,notify listen context...
2025-10-31 21:33:47.925 [main] INFO  com.alibaba.nacos.client.config.impl.Limiter - limitTime:5.0
2025-10-31 21:33:47.935 [main] WARN  c.a.cloud.nacos.client.NacosPropertySourceBuilder - Ignore the empty nacos configuration and get it based on dataId[xiaohashu-oss] & group[DEFAULT_GROUP]
2025-10-31 21:33:47.939 [main] WARN  c.a.cloud.nacos.client.NacosPropertySourceBuilder - Ignore the empty nacos configuration and get it based on dataId[xiaohashu-oss.yaml] & group[DEFAULT_GROUP]
2025-10-31 21:33:47.944 [main] INFO  com.alibaba.nacos.client.config.utils.JvmUtil - isMultiInstance:false
2025-10-31 21:33:47.948 [main] INFO  o.s.c.b.c.PropertySourceBootstrapConfiguration - Located property source: [BootstrapPropertySource {name='bootstrapProperties-xiaohashu-oss-dev.yaml,DEFAULT_GROUP'}, BootstrapPropertySource {name='bootstrapProperties-xiaohashu-oss.yaml,DEFAULT_GROUP'}, BootstrapPropertySource {name='bootstrapProperties-xiaohashu-oss,DEFAULT_GROUP'}]
2025-10-31 21:33:47.951 [main] WARN  com.alibaba.nacos.client.logging.NacosLogging - Load Logback Configuration of Nacos fail, message: Could not initialize Logback Nacos logging from classpath:nacos-logback.xml
2025-10-31 21:33:47.951 [main] INFO  c.q.xiaohashu.oss.biz.XiaohashuOssBizApplication - The following 1 profile is active: "dev"
2025-10-31 21:33:48.309 [main] INFO  o.springframework.cloud.context.scope.GenericScope - BeanFactory id=ec0c2eca-ed67-394b-9953-b1efb06979a9
2025-10-31 21:33:48.511 [main] INFO  o.s.boot.web.embedded.tomcat.TomcatWebServer - Tomcat initialized with port(s): 8081 (http)
2025-10-31 21:33:48.516 [main] INFO  org.apache.catalina.core.StandardService - Starting service [Tomcat]
2025-10-31 21:33:48.516 [main] INFO  org.apache.catalina.core.StandardEngine - Starting Servlet engine: [Apache Tomcat/10.1.5]
2025-10-31 21:33:48.581 [main] INFO  o.a.c.core.ContainerBase.[Tomcat].[localhost].[/] - Initializing Spring embedded WebApplicationContext
2025-10-31 21:33:48.582 [main] INFO  o.s.b.w.s.c.ServletWebServerApplicationContext - Root WebApplicationContext: initialization completed in 622 ms
2025-10-31 21:33:49.448 [main] WARN  o.s.c.l.c.LoadBalancerCacheAutoConfiguration$LoadBalancerCaffeineWarnLogger - Spring Cloud LoadBalancer is currently working with the default cache. While this cache implementation is useful for development and tests, it's recommended to use Caffeine cache in production.You can switch to using Caffeine cache, by adding it and org.springframework.cache.caffeine.CaffeineCacheManager to the classpath.
2025-10-31 21:33:49.494 [main] INFO  o.s.boot.web.embedded.tomcat.TomcatWebServer - Tomcat started on port(s): 8081 (http) with context path ''
2025-10-31 21:33:49.496 [main] INFO  com.alibaba.nacos.client.naming - initializer namespace from ans.namespace attribute : null
2025-10-31 21:33:49.497 [main] INFO  com.alibaba.nacos.client.naming - initializer namespace from ALIBABA_ALIWARE_NAMESPACE attribute :null
2025-10-31 21:33:49.497 [main] INFO  com.alibaba.nacos.client.naming - initializer namespace from namespace attribute :null
2025-10-31 21:33:49.501 [main] INFO  c.a.n.p.auth.spi.client.ClientAuthPluginManager - [ClientAuthPluginManager] Load ClientAuthService com.alibaba.nacos.client.auth.impl.NacosClientAuthServiceImpl success.
2025-10-31 21:33:49.501 [main] INFO  c.a.n.p.auth.spi.client.ClientAuthPluginManager - [ClientAuthPluginManager] Load ClientAuthService com.alibaba.nacos.client.auth.ram.RamClientAuthServiceImpl success.
2025-10-31 21:33:49.503 [main] INFO  com.alibaba.nacos.common.remote.client - [RpcClientFactory] create a new rpc client of f8799727-0653-44b1-9aa3-901de352e961
2025-10-31 21:33:49.504 [main] INFO  com.alibaba.nacos.common.remote.client - [f8799727-0653-44b1-9aa3-901de352e961] RpcClient init, ServerListFactory = com.alibaba.nacos.client.naming.core.ServerListManager
2025-10-31 21:33:49.504 [main] INFO  com.alibaba.nacos.common.remote.client - [f8799727-0653-44b1-9aa3-901de352e961] Registry connection listener to current client:com.alibaba.nacos.client.naming.remote.gprc.redo.NamingGrpcRedoService
2025-10-31 21:33:49.504 [main] INFO  com.alibaba.nacos.common.remote.client - [f8799727-0653-44b1-9aa3-901de352e961] Register server push request handler:com.alibaba.nacos.client.naming.remote.gprc.NamingPushRequestHandler
2025-10-31 21:33:49.504 [main] INFO  com.alibaba.nacos.common.remote.client - [f8799727-0653-44b1-9aa3-901de352e961] Try to connect to server on start up, server: {serverIp = '127.0.0.1', server main port = 8848}
2025-10-31 21:33:49.504 [main] INFO  c.a.nacos.common.remote.client.grpc.GrpcClient - grpc client connection server:127.0.0.1 ip,serverPort:9848,grpcTslConfig:{"sslProvider":"OPENSSL","enableTls":false,"mutualAuthEnable":false,"trustAll":false}
2025-10-31 21:33:49.612 [main] INFO  com.alibaba.nacos.common.remote.client - [f8799727-0653-44b1-9aa3-901de352e961] Success to connect to server [127.0.0.1:8848] on start up, connectionId = 1761917629507_127.0.0.1_9022
2025-10-31 21:33:49.612 [main] INFO  com.alibaba.nacos.common.remote.client - [f8799727-0653-44b1-9aa3-901de352e961] Register server push request handler:com.alibaba.nacos.common.remote.client.RpcClient$ConnectResetRequestHandler
2025-10-31 21:33:49.612 [com.alibaba.nacos.client.remote.worker] INFO  com.alibaba.nacos.common.remote.client - [f8799727-0653-44b1-9aa3-901de352e961] Notify connected event to listeners.
2025-10-31 21:33:49.613 [com.alibaba.nacos.client.remote.worker] INFO  com.alibaba.nacos.client.naming - Grpc connection connect
2025-10-31 21:33:49.612 [main] INFO  com.alibaba.nacos.common.remote.client - [f8799727-0653-44b1-9aa3-901de352e961] Register server push request handler:com.alibaba.nacos.common.remote.client.RpcClient$$Lambda$606/0x0000020fd542f068
2025-10-31 21:33:49.614 [main] INFO  com.alibaba.nacos.client.naming - [REGISTER-SERVICE] xiaohashu registering service xiaohashu-oss with instance Instance{instanceId='null', ip='192.168.134.1', port=8081, weight=1.0, healthy=true, enabled=true, ephemeral=true, clusterName='DEFAULT', serviceName='null', metadata={IPv6=null, preserved.register.source=SPRING_CLOUD}}
2025-10-31 21:33:49.623 [main] INFO  c.a.cloud.nacos.registry.NacosServiceRegistry - nacos registry, DEFAULT_GROUP xiaohashu-oss 192.168.134.1:8081 register finished
2025-10-31 21:33:49.778 [main] INFO  c.q.xiaohashu.oss.biz.XiaohashuOssBizApplication - Started XiaohashuOssBizApplication in 3.514 seconds (process running for 3.943)
2025-10-31 21:33:49.780 [main] INFO  com.alibaba.nacos.client.config.impl.CacheData - nacos.cache.data.init.snapshot = true 
2025-10-31 21:33:49.781 [main] INFO  com.alibaba.nacos.client.config.impl.ClientWorker - [fixed-xiaohashu-127.0.0.1_8848] [subscribe] xiaohashu-oss+DEFAULT_GROUP+xiaohashu
2025-10-31 21:33:49.787 [main] INFO  com.alibaba.nacos.client.config.impl.CacheData - [fixed-xiaohashu-127.0.0.1_8848] [add-listener] ok, tenant=xiaohashu, dataId=xiaohashu-oss, group=DEFAULT_GROUP, cnt=1
2025-10-31 21:33:49.787 [main] INFO  c.a.cloud.nacos.refresh.NacosContextRefresher - [Nacos Config] Listening config: dataId=xiaohashu-oss, group=DEFAULT_GROUP
2025-10-31 21:33:49.788 [main] INFO  com.alibaba.nacos.client.config.impl.ClientWorker - [fixed-xiaohashu-127.0.0.1_8848] [subscribe] xiaohashu-oss-dev.yaml+DEFAULT_GROUP+xiaohashu
2025-10-31 21:33:49.788 [main] INFO  com.alibaba.nacos.client.config.impl.CacheData - [fixed-xiaohashu-127.0.0.1_8848] [add-listener] ok, tenant=xiaohashu, dataId=xiaohashu-oss-dev.yaml, group=DEFAULT_GROUP, cnt=1
2025-10-31 21:33:49.788 [main] INFO  c.a.cloud.nacos.refresh.NacosContextRefresher - [Nacos Config] Listening config: dataId=xiaohashu-oss-dev.yaml, group=DEFAULT_GROUP
2025-10-31 21:33:49.789 [main] INFO  com.alibaba.nacos.client.config.impl.ClientWorker - [fixed-xiaohashu-127.0.0.1_8848] [subscribe] xiaohashu-oss.yaml+DEFAULT_GROUP+xiaohashu
2025-10-31 21:33:49.789 [main] INFO  com.alibaba.nacos.client.config.impl.CacheData - [fixed-xiaohashu-127.0.0.1_8848] [add-listener] ok, tenant=xiaohashu, dataId=xiaohashu-oss.yaml, group=DEFAULT_GROUP, cnt=1
2025-10-31 21:33:49.789 [main] INFO  c.a.cloud.nacos.refresh.NacosContextRefresher - [Nacos Config] Listening config: dataId=xiaohashu-oss.yaml, group=DEFAULT_GROUP
2025-10-31 21:33:52.315 [http-nio-8081-exec-1] INFO  o.a.c.core.ContainerBase.[Tomcat].[localhost].[/] - Initializing Spring DispatcherServlet 'dispatcherServlet'
2025-10-31 21:33:52.315 [http-nio-8081-exec-1] INFO  org.springframework.web.servlet.DispatcherServlet - Initializing Servlet 'dispatcherServlet'
2025-10-31 21:33:52.315 [http-nio-8081-exec-1] INFO  org.springframework.web.servlet.DispatcherServlet - Completed initialization in 0 ms
2025-10-31 21:33:52.318 [http-nio-8081-exec-1] INFO  c.q.x.oss.biz.filter.HeaderUserId2ContextFilter - ## HeaderUserId2ContextFilter, 用户 ID: 5
2025-10-31 21:33:52.318 [http-nio-8081-exec-1] INFO  c.q.x.oss.biz.filter.HeaderUserId2ContextFilter - ===== 设置 userId 到 ThreadLocal 中， 用户 ID: 5
2025-10-31 21:33:52.345 [http-nio-8081-exec-1] INFO  c.q.xiaohashu.oss.biz.controller.FileController - 当前用户ID: 5
2025-10-31 21:33:52.346 [http-nio-8081-exec-1] INFO  c.q.x.oss.biz.strategy.impl.MinioFileStrategy - ## 上传文件至 Minio ...
2025-10-31 21:33:52.346 [http-nio-8081-exec-1] INFO  c.q.x.oss.biz.strategy.impl.MinioFileStrategy - ==> 开始上传文件至 Minio, ObjectName: ad8caf361e794073a5f304859ac0a17c.png
2025-10-31 21:33:52.432 [http-nio-8081-exec-1] INFO  c.q.x.oss.biz.strategy.impl.MinioFileStrategy - ==> 上传文件至 Minio 成功，访问路径: http://192.168.134.128:9000/xiaohashu/ad8caf361e794073a5f304859ac0a17c.png
2025-10-31 21:33:52.445 [http-nio-8081-exec-1] INFO  c.q.x.oss.biz.filter.HeaderUserId2ContextFilter - ===== 删除 ThreadLocal， userId: 5
2025-10-31 21:33:52.448 [http-nio-8081-exec-5] INFO  c.q.x.oss.biz.filter.HeaderUserId2ContextFilter - ## HeaderUserId2ContextFilter, 用户 ID: 5
2025-10-31 21:33:52.448 [http-nio-8081-exec-5] INFO  c.q.x.oss.biz.filter.HeaderUserId2ContextFilter - ===== 设置 userId 到 ThreadLocal 中， 用户 ID: 5
2025-10-31 21:33:52.452 [http-nio-8081-exec-5] INFO  c.q.xiaohashu.oss.biz.controller.FileController - 当前用户ID: 5
2025-10-31 21:33:52.452 [http-nio-8081-exec-5] INFO  c.q.x.oss.biz.strategy.impl.MinioFileStrategy - ## 上传文件至 Minio ...
2025-10-31 21:33:52.452 [http-nio-8081-exec-5] INFO  c.q.x.oss.biz.strategy.impl.MinioFileStrategy - ==> 开始上传文件至 Minio, ObjectName: 717e034be9c64e268c9f24db46fed017.png
2025-10-31 21:33:52.470 [http-nio-8081-exec-5] INFO  c.q.x.oss.biz.strategy.impl.MinioFileStrategy - ==> 上传文件至 Minio 成功，访问路径: http://192.168.134.128:9000/xiaohashu/717e034be9c64e268c9f24db46fed017.png
2025-10-31 21:33:52.472 [http-nio-8081-exec-5] INFO  c.q.x.oss.biz.filter.HeaderUserId2ContextFilter - ===== 删除 ThreadLocal， userId: 5
2025-10-31 22:32:30.372 [main] WARN  com.alibaba.nacos.client.logging.NacosLogging - Load Logback Configuration of Nacos fail, message: Could not initialize Logback Nacos logging from classpath:nacos-logback.xml
2025-10-31 22:32:30.418 [main] WARN  com.alibaba.nacos.client.logging.NacosLogging - Load Logback Configuration of Nacos fail, message: Could not initialize Logback Nacos logging from classpath:nacos-logback.xml
2025-10-31 22:32:30.596 [main] WARN  com.alibaba.nacos.client.logging.NacosLogging - Load Logback Configuration of Nacos fail, message: Could not initialize Logback Nacos logging from classpath:nacos-logback.xml
2025-10-31 22:32:30.597 [main] INFO  com.alibaba.nacos.client.utils.ParamUtil - [settings] [req-serv] nacos-server port:8848
2025-10-31 22:32:30.597 [main] INFO  com.alibaba.nacos.client.utils.ParamUtil - [settings] [http-client] connect timeout:1000
2025-10-31 22:32:30.598 [main] INFO  com.alibaba.nacos.client.utils.ParamUtil - PER_TASK_CONFIG_SIZE: 3000.0
2025-10-31 22:32:30.614 [main] INFO  c.a.n.p.auth.spi.client.ClientAuthPluginManager - [ClientAuthPluginManager] Load ClientAuthService com.alibaba.nacos.client.auth.impl.NacosClientAuthServiceImpl success.
2025-10-31 22:32:30.614 [main] INFO  c.a.n.p.auth.spi.client.ClientAuthPluginManager - [ClientAuthPluginManager] Load ClientAuthService com.alibaba.nacos.client.auth.ram.RamClientAuthServiceImpl success.
2025-10-31 22:32:30.616 [main] INFO  c.a.n.client.auth.ram.identify.CredentialWatcher - null No credential found
2025-10-31 22:32:30.843 [main] WARN  com.alibaba.nacos.client.logging.NacosLogging - Load Logback Configuration of Nacos fail, message: Could not initialize Logback Nacos logging from classpath:nacos-logback.xml
2025-10-31 22:32:30.852 [main] INFO  c.a.n.client.config.impl.LocalConfigInfoProcessor - LOCAL_SNAPSHOT_PATH:C:\Users\hp\nacos\config
2025-10-31 22:32:30.855 [main] INFO  com.alibaba.nacos.common.remote.client - [RpcClientFactory] create a new rpc client of 6e4f745d-a07d-493b-9c16-b3dcf00fcf17_config-0
2025-10-31 22:32:30.864 [main] INFO  com.alibaba.nacos.common.remote.client - [6e4f745d-a07d-493b-9c16-b3dcf00fcf17_config-0] Register server push request handler:com.alibaba.nacos.client.config.impl.ClientWorker$ConfigRpcTransportClient$$Lambda$585/0x000001b119323058
2025-10-31 22:32:30.864 [main] INFO  com.alibaba.nacos.common.remote.client - [6e4f745d-a07d-493b-9c16-b3dcf00fcf17_config-0] Register server push request handler:com.alibaba.nacos.client.config.impl.ClientWorker$ConfigRpcTransportClient$$Lambda$586/0x000001b119323478
2025-10-31 22:32:30.865 [main] INFO  com.alibaba.nacos.common.remote.client - [6e4f745d-a07d-493b-9c16-b3dcf00fcf17_config-0] Registry connection listener to current client:com.alibaba.nacos.client.config.impl.ClientWorker$ConfigRpcTransportClient$1
2025-10-31 22:32:30.865 [main] INFO  com.alibaba.nacos.common.remote.client - [6e4f745d-a07d-493b-9c16-b3dcf00fcf17_config-0] RpcClient init, ServerListFactory = com.alibaba.nacos.client.config.impl.ClientWorker$ConfigRpcTransportClient$2
2025-10-31 22:32:30.869 [main] INFO  com.alibaba.nacos.common.remote.client - [6e4f745d-a07d-493b-9c16-b3dcf00fcf17_config-0] Try to connect to server on start up, server: {serverIp = '127.0.0.1', server main port = 8848}
2025-10-31 22:32:30.889 [main] INFO  c.a.nacos.common.remote.client.grpc.GrpcClient - grpc client connection server:127.0.0.1 ip,serverPort:9848,grpcTslConfig:{"sslProvider":"OPENSSL","enableTls":false,"mutualAuthEnable":false,"trustAll":false}
2025-10-31 22:32:31.436 [main] INFO  com.alibaba.nacos.common.remote.client - [6e4f745d-a07d-493b-9c16-b3dcf00fcf17_config-0] Success to connect to server [127.0.0.1:8848] on start up, connectionId = 1761921151290_127.0.0.1_11729
2025-10-31 22:32:31.437 [com.alibaba.nacos.client.remote.worker] INFO  com.alibaba.nacos.common.remote.client - [6e4f745d-a07d-493b-9c16-b3dcf00fcf17_config-0] Notify connected event to listeners.
2025-10-31 22:32:31.437 [com.alibaba.nacos.client.remote.worker] INFO  com.alibaba.nacos.client.config.impl.ClientWorker - [6e4f745d-a07d-493b-9c16-b3dcf00fcf17_config-0] Connected,notify listen context...
2025-10-31 22:32:31.437 [main] INFO  com.alibaba.nacos.common.remote.client - [6e4f745d-a07d-493b-9c16-b3dcf00fcf17_config-0] Register server push request handler:com.alibaba.nacos.common.remote.client.RpcClient$ConnectResetRequestHandler
2025-10-31 22:32:31.437 [main] INFO  com.alibaba.nacos.common.remote.client - [6e4f745d-a07d-493b-9c16-b3dcf00fcf17_config-0] Register server push request handler:com.alibaba.nacos.common.remote.client.RpcClient$$Lambda$606/0x000001b11942f068
2025-10-31 22:32:31.452 [main] INFO  com.alibaba.nacos.client.config.impl.Limiter - limitTime:5.0
2025-10-31 22:32:31.461 [main] WARN  c.a.cloud.nacos.client.NacosPropertySourceBuilder - Ignore the empty nacos configuration and get it based on dataId[xiaohashu-oss] & group[DEFAULT_GROUP]
2025-10-31 22:32:31.465 [main] WARN  c.a.cloud.nacos.client.NacosPropertySourceBuilder - Ignore the empty nacos configuration and get it based on dataId[xiaohashu-oss.yaml] & group[DEFAULT_GROUP]
2025-10-31 22:32:31.471 [main] INFO  com.alibaba.nacos.client.config.utils.JvmUtil - isMultiInstance:false
2025-10-31 22:32:31.475 [main] INFO  o.s.c.b.c.PropertySourceBootstrapConfiguration - Located property source: [BootstrapPropertySource {name='bootstrapProperties-xiaohashu-oss-dev.yaml,DEFAULT_GROUP'}, BootstrapPropertySource {name='bootstrapProperties-xiaohashu-oss.yaml,DEFAULT_GROUP'}, BootstrapPropertySource {name='bootstrapProperties-xiaohashu-oss,DEFAULT_GROUP'}]
2025-10-31 22:32:31.478 [main] WARN  com.alibaba.nacos.client.logging.NacosLogging - Load Logback Configuration of Nacos fail, message: Could not initialize Logback Nacos logging from classpath:nacos-logback.xml
2025-10-31 22:32:31.479 [main] INFO  c.q.xiaohashu.oss.biz.XiaohashuOssBizApplication - The following 1 profile is active: "dev"
2025-10-31 22:32:31.860 [main] INFO  o.springframework.cloud.context.scope.GenericScope - BeanFactory id=ec0c2eca-ed67-394b-9953-b1efb06979a9
2025-10-31 22:32:32.058 [main] INFO  o.s.boot.web.embedded.tomcat.TomcatWebServer - Tomcat initialized with port(s): 8081 (http)
2025-10-31 22:32:32.063 [main] INFO  org.apache.catalina.core.StandardService - Starting service [Tomcat]
2025-10-31 22:32:32.063 [main] INFO  org.apache.catalina.core.StandardEngine - Starting Servlet engine: [Apache Tomcat/10.1.5]
2025-10-31 22:32:32.118 [main] INFO  o.a.c.core.ContainerBase.[Tomcat].[localhost].[/] - Initializing Spring embedded WebApplicationContext
2025-10-31 22:32:32.119 [main] INFO  o.s.b.w.s.c.ServletWebServerApplicationContext - Root WebApplicationContext: initialization completed in 630 ms
2025-10-31 22:32:32.960 [main] WARN  o.s.c.l.c.LoadBalancerCacheAutoConfiguration$LoadBalancerCaffeineWarnLogger - Spring Cloud LoadBalancer is currently working with the default cache. While this cache implementation is useful for development and tests, it's recommended to use Caffeine cache in production.You can switch to using Caffeine cache, by adding it and org.springframework.cache.caffeine.CaffeineCacheManager to the classpath.
2025-10-31 22:32:33.005 [main] INFO  o.s.boot.web.embedded.tomcat.TomcatWebServer - Tomcat started on port(s): 8081 (http) with context path ''
2025-10-31 22:32:33.007 [main] INFO  com.alibaba.nacos.client.naming - initializer namespace from ans.namespace attribute : null
2025-10-31 22:32:33.008 [main] INFO  com.alibaba.nacos.client.naming - initializer namespace from ALIBABA_ALIWARE_NAMESPACE attribute :null
2025-10-31 22:32:33.008 [main] INFO  com.alibaba.nacos.client.naming - initializer namespace from namespace attribute :null
2025-10-31 22:32:33.012 [main] INFO  c.a.n.p.auth.spi.client.ClientAuthPluginManager - [ClientAuthPluginManager] Load ClientAuthService com.alibaba.nacos.client.auth.impl.NacosClientAuthServiceImpl success.
2025-10-31 22:32:33.012 [main] INFO  c.a.n.p.auth.spi.client.ClientAuthPluginManager - [ClientAuthPluginManager] Load ClientAuthService com.alibaba.nacos.client.auth.ram.RamClientAuthServiceImpl success.
2025-10-31 22:32:33.014 [main] INFO  com.alibaba.nacos.common.remote.client - [RpcClientFactory] create a new rpc client of 0c25411a-ab5c-4b73-9a07-e63700fd32e7
2025-10-31 22:32:33.014 [main] INFO  com.alibaba.nacos.common.remote.client - [0c25411a-ab5c-4b73-9a07-e63700fd32e7] RpcClient init, ServerListFactory = com.alibaba.nacos.client.naming.core.ServerListManager
2025-10-31 22:32:33.014 [main] INFO  com.alibaba.nacos.common.remote.client - [0c25411a-ab5c-4b73-9a07-e63700fd32e7] Registry connection listener to current client:com.alibaba.nacos.client.naming.remote.gprc.redo.NamingGrpcRedoService
2025-10-31 22:32:33.015 [main] INFO  com.alibaba.nacos.common.remote.client - [0c25411a-ab5c-4b73-9a07-e63700fd32e7] Register server push request handler:com.alibaba.nacos.client.naming.remote.gprc.NamingPushRequestHandler
2025-10-31 22:32:33.015 [main] INFO  com.alibaba.nacos.common.remote.client - [0c25411a-ab5c-4b73-9a07-e63700fd32e7] Try to connect to server on start up, server: {serverIp = '127.0.0.1', server main port = 8848}
2025-10-31 22:32:33.015 [main] INFO  c.a.nacos.common.remote.client.grpc.GrpcClient - grpc client connection server:127.0.0.1 ip,serverPort:9848,grpcTslConfig:{"sslProvider":"OPENSSL","enableTls":false,"mutualAuthEnable":false,"trustAll":false}
2025-10-31 22:32:33.125 [main] INFO  com.alibaba.nacos.common.remote.client - [0c25411a-ab5c-4b73-9a07-e63700fd32e7] Success to connect to server [127.0.0.1:8848] on start up, connectionId = 1761921153018_127.0.0.1_11731
2025-10-31 22:32:33.125 [main] INFO  com.alibaba.nacos.common.remote.client - [0c25411a-ab5c-4b73-9a07-e63700fd32e7] Register server push request handler:com.alibaba.nacos.common.remote.client.RpcClient$ConnectResetRequestHandler
2025-10-31 22:32:33.125 [main] INFO  com.alibaba.nacos.common.remote.client - [0c25411a-ab5c-4b73-9a07-e63700fd32e7] Register server push request handler:com.alibaba.nacos.common.remote.client.RpcClient$$Lambda$606/0x000001b11942f068
2025-10-31 22:32:33.125 [com.alibaba.nacos.client.remote.worker] INFO  com.alibaba.nacos.common.remote.client - [0c25411a-ab5c-4b73-9a07-e63700fd32e7] Notify connected event to listeners.
2025-10-31 22:32:33.126 [com.alibaba.nacos.client.remote.worker] INFO  com.alibaba.nacos.client.naming - Grpc connection connect
2025-10-31 22:32:33.127 [main] INFO  com.alibaba.nacos.client.naming - [REGISTER-SERVICE] xiaohashu registering service xiaohashu-oss with instance Instance{instanceId='null', ip='192.168.134.1', port=8081, weight=1.0, healthy=true, enabled=true, ephemeral=true, clusterName='DEFAULT', serviceName='null', metadata={IPv6=null, preserved.register.source=SPRING_CLOUD}}
2025-10-31 22:32:33.134 [main] INFO  c.a.cloud.nacos.registry.NacosServiceRegistry - nacos registry, DEFAULT_GROUP xiaohashu-oss 192.168.134.1:8081 register finished
2025-10-31 22:32:33.266 [main] INFO  c.q.xiaohashu.oss.biz.XiaohashuOssBizApplication - Started XiaohashuOssBizApplication in 3.464 seconds (process running for 4.048)
2025-10-31 22:32:33.268 [main] INFO  com.alibaba.nacos.client.config.impl.CacheData - nacos.cache.data.init.snapshot = true 
2025-10-31 22:32:33.268 [main] INFO  com.alibaba.nacos.client.config.impl.ClientWorker - [fixed-xiaohashu-127.0.0.1_8848] [subscribe] xiaohashu-oss+DEFAULT_GROUP+xiaohashu
2025-10-31 22:32:33.272 [main] INFO  com.alibaba.nacos.client.config.impl.CacheData - [fixed-xiaohashu-127.0.0.1_8848] [add-listener] ok, tenant=xiaohashu, dataId=xiaohashu-oss, group=DEFAULT_GROUP, cnt=1
2025-10-31 22:32:33.273 [main] INFO  c.a.cloud.nacos.refresh.NacosContextRefresher - [Nacos Config] Listening config: dataId=xiaohashu-oss, group=DEFAULT_GROUP
2025-10-31 22:32:33.273 [main] INFO  com.alibaba.nacos.client.config.impl.ClientWorker - [fixed-xiaohashu-127.0.0.1_8848] [subscribe] xiaohashu-oss-dev.yaml+DEFAULT_GROUP+xiaohashu
2025-10-31 22:32:33.274 [main] INFO  com.alibaba.nacos.client.config.impl.CacheData - [fixed-xiaohashu-127.0.0.1_8848] [add-listener] ok, tenant=xiaohashu, dataId=xiaohashu-oss-dev.yaml, group=DEFAULT_GROUP, cnt=1
2025-10-31 22:32:33.274 [main] INFO  c.a.cloud.nacos.refresh.NacosContextRefresher - [Nacos Config] Listening config: dataId=xiaohashu-oss-dev.yaml, group=DEFAULT_GROUP
2025-10-31 22:32:33.274 [main] INFO  com.alibaba.nacos.client.config.impl.ClientWorker - [fixed-xiaohashu-127.0.0.1_8848] [subscribe] xiaohashu-oss.yaml+DEFAULT_GROUP+xiaohashu
2025-10-31 22:32:33.274 [main] INFO  com.alibaba.nacos.client.config.impl.CacheData - [fixed-xiaohashu-127.0.0.1_8848] [add-listener] ok, tenant=xiaohashu, dataId=xiaohashu-oss.yaml, group=DEFAULT_GROUP, cnt=1
2025-10-31 22:32:33.274 [main] INFO  c.a.cloud.nacos.refresh.NacosContextRefresher - [Nacos Config] Listening config: dataId=xiaohashu-oss.yaml, group=DEFAULT_GROUP
2025-10-31 23:39:24.986 [main] WARN  com.alibaba.nacos.client.logging.NacosLogging - Load Logback Configuration of Nacos fail, message: Could not initialize Logback Nacos logging from classpath:nacos-logback.xml
2025-10-31 23:39:25.022 [main] WARN  com.alibaba.nacos.client.logging.NacosLogging - Load Logback Configuration of Nacos fail, message: Could not initialize Logback Nacos logging from classpath:nacos-logback.xml
2025-10-31 23:39:25.173 [main] WARN  com.alibaba.nacos.client.logging.NacosLogging - Load Logback Configuration of Nacos fail, message: Could not initialize Logback Nacos logging from classpath:nacos-logback.xml
2025-10-31 23:39:25.175 [main] INFO  com.alibaba.nacos.client.utils.ParamUtil - [settings] [req-serv] nacos-server port:8848
2025-10-31 23:39:25.175 [main] INFO  com.alibaba.nacos.client.utils.ParamUtil - [settings] [http-client] connect timeout:1000
2025-10-31 23:39:25.176 [main] INFO  com.alibaba.nacos.client.utils.ParamUtil - PER_TASK_CONFIG_SIZE: 3000.0
2025-10-31 23:39:25.189 [main] INFO  c.a.n.p.auth.spi.client.ClientAuthPluginManager - [ClientAuthPluginManager] Load ClientAuthService com.alibaba.nacos.client.auth.impl.NacosClientAuthServiceImpl success.
2025-10-31 23:39:25.189 [main] INFO  c.a.n.p.auth.spi.client.ClientAuthPluginManager - [ClientAuthPluginManager] Load ClientAuthService com.alibaba.nacos.client.auth.ram.RamClientAuthServiceImpl success.
2025-10-31 23:39:25.190 [main] INFO  c.a.n.client.auth.ram.identify.CredentialWatcher - null No credential found
2025-10-31 23:39:26.406 [main] WARN  com.alibaba.nacos.client.logging.NacosLogging - Load Logback Configuration of Nacos fail, message: Could not initialize Logback Nacos logging from classpath:nacos-logback.xml
2025-10-31 23:39:26.413 [main] INFO  c.a.n.client.config.impl.LocalConfigInfoProcessor - LOCAL_SNAPSHOT_PATH:C:\Users\hp\nacos\config
2025-10-31 23:39:26.415 [main] INFO  com.alibaba.nacos.common.remote.client - [RpcClientFactory] create a new rpc client of ddab3864-77b0-4101-a288-6ed68e6cf723_config-0
2025-10-31 23:39:26.423 [main] INFO  com.alibaba.nacos.common.remote.client - [ddab3864-77b0-4101-a288-6ed68e6cf723_config-0] Register server push request handler:com.alibaba.nacos.client.config.impl.ClientWorker$ConfigRpcTransportClient$$Lambda$585/0x00000167a833adc8
2025-10-31 23:39:26.423 [main] INFO  com.alibaba.nacos.common.remote.client - [ddab3864-77b0-4101-a288-6ed68e6cf723_config-0] Register server push request handler:com.alibaba.nacos.client.config.impl.ClientWorker$ConfigRpcTransportClient$$Lambda$586/0x00000167a833b1e8
2025-10-31 23:39:26.424 [main] INFO  com.alibaba.nacos.common.remote.client - [ddab3864-77b0-4101-a288-6ed68e6cf723_config-0] Registry connection listener to current client:com.alibaba.nacos.client.config.impl.ClientWorker$ConfigRpcTransportClient$1
2025-10-31 23:39:26.424 [main] INFO  com.alibaba.nacos.common.remote.client - [ddab3864-77b0-4101-a288-6ed68e6cf723_config-0] RpcClient init, ServerListFactory = com.alibaba.nacos.client.config.impl.ClientWorker$ConfigRpcTransportClient$2
2025-10-31 23:39:26.428 [main] INFO  com.alibaba.nacos.common.remote.client - [ddab3864-77b0-4101-a288-6ed68e6cf723_config-0] Try to connect to server on start up, server: {serverIp = '127.0.0.1', server main port = 8848}
2025-10-31 23:39:26.449 [main] INFO  c.a.nacos.common.remote.client.grpc.GrpcClient - grpc client connection server:127.0.0.1 ip,serverPort:9848,grpcTslConfig:{"sslProvider":"OPENSSL","enableTls":false,"mutualAuthEnable":false,"trustAll":false}
2025-10-31 23:39:27.038 [main] INFO  com.alibaba.nacos.common.remote.client - [ddab3864-77b0-4101-a288-6ed68e6cf723_config-0] Success to connect to server [127.0.0.1:8848] on start up, connectionId = 1761925166877_127.0.0.1_13890
2025-10-31 23:39:27.039 [com.alibaba.nacos.client.remote.worker] INFO  com.alibaba.nacos.common.remote.client - [ddab3864-77b0-4101-a288-6ed68e6cf723_config-0] Notify connected event to listeners.
2025-10-31 23:39:27.039 [com.alibaba.nacos.client.remote.worker] INFO  com.alibaba.nacos.client.config.impl.ClientWorker - [ddab3864-77b0-4101-a288-6ed68e6cf723_config-0] Connected,notify listen context...
2025-10-31 23:39:27.039 [main] INFO  com.alibaba.nacos.common.remote.client - [ddab3864-77b0-4101-a288-6ed68e6cf723_config-0] Register server push request handler:com.alibaba.nacos.common.remote.client.RpcClient$ConnectResetRequestHandler
2025-10-31 23:39:27.039 [main] INFO  com.alibaba.nacos.common.remote.client - [ddab3864-77b0-4101-a288-6ed68e6cf723_config-0] Register server push request handler:com.alibaba.nacos.common.remote.client.RpcClient$$Lambda$606/0x00000167a8448cb8
2025-10-31 23:39:27.054 [main] INFO  com.alibaba.nacos.client.config.impl.Limiter - limitTime:5.0
2025-10-31 23:39:27.063 [main] WARN  c.a.cloud.nacos.client.NacosPropertySourceBuilder - Ignore the empty nacos configuration and get it based on dataId[xiaohashu-oss] & group[DEFAULT_GROUP]
2025-10-31 23:39:27.069 [main] WARN  c.a.cloud.nacos.client.NacosPropertySourceBuilder - Ignore the empty nacos configuration and get it based on dataId[xiaohashu-oss.yaml] & group[DEFAULT_GROUP]
2025-10-31 23:39:27.074 [main] INFO  com.alibaba.nacos.client.config.utils.JvmUtil - isMultiInstance:false
2025-10-31 23:39:27.077 [main] INFO  o.s.c.b.c.PropertySourceBootstrapConfiguration - Located property source: [BootstrapPropertySource {name='bootstrapProperties-xiaohashu-oss-dev.yaml,DEFAULT_GROUP'}, BootstrapPropertySource {name='bootstrapProperties-xiaohashu-oss.yaml,DEFAULT_GROUP'}, BootstrapPropertySource {name='bootstrapProperties-xiaohashu-oss,DEFAULT_GROUP'}]
2025-10-31 23:39:27.081 [main] WARN  com.alibaba.nacos.client.logging.NacosLogging - Load Logback Configuration of Nacos fail, message: Could not initialize Logback Nacos logging from classpath:nacos-logback.xml
2025-10-31 23:39:27.081 [main] INFO  c.q.xiaohashu.oss.biz.XiaohashuOssBizApplication - The following 1 profile is active: "dev"
2025-10-31 23:39:27.463 [main] INFO  o.springframework.cloud.context.scope.GenericScope - BeanFactory id=4b4f43c0-aff7-3256-933b-710c15873de1
2025-10-31 23:39:27.668 [main] INFO  o.s.boot.web.embedded.tomcat.TomcatWebServer - Tomcat initialized with port(s): 8081 (http)
2025-10-31 23:39:27.674 [main] INFO  org.apache.catalina.core.StandardService - Starting service [Tomcat]
2025-10-31 23:39:27.674 [main] INFO  org.apache.catalina.core.StandardEngine - Starting Servlet engine: [Apache Tomcat/10.1.5]
2025-10-31 23:39:27.741 [main] INFO  o.a.c.core.ContainerBase.[Tomcat].[localhost].[/] - Initializing Spring embedded WebApplicationContext
2025-10-31 23:39:27.741 [main] INFO  o.s.b.w.s.c.ServletWebServerApplicationContext - Root WebApplicationContext: initialization completed in 650 ms
2025-10-31 23:39:27.983 [main] WARN  o.s.b.w.s.c.AnnotationConfigServletWebServerApplicationContext - Exception encountered during context initialization - cancelling refresh attempt: org.springframework.beans.factory.UnsatisfiedDependencyException: Error creating bean with name 'redisTemplate' defined in class path resource [com/quanxiaoha/xiaohashu/oss/biz/config/RedisTemplateConfig.class]: Unsatisfied dependency expressed through method 'redisTemplate' parameter 0: No qualifying bean of type 'org.springframework.data.redis.connection.RedisConnectionFactory' available: expected at least 1 bean which qualifies as autowire candidate. Dependency annotations: {}
2025-10-31 23:39:27.985 [main] INFO  org.apache.catalina.core.StandardService - Stopping service [Tomcat]
2025-10-31 23:39:27.993 [main] INFO  o.s.b.a.logging.ConditionEvaluationReportLogger - 

Error starting ApplicationContext. To display the condition evaluation report re-run your application with 'debug' enabled.
2025-10-31 23:39:28.003 [main] ERROR o.s.b.diagnostics.LoggingFailureAnalysisReporter - 

***************************
APPLICATION FAILED TO START
***************************

Description:

Parameter 0 of method redisTemplate in com.quanxiaoha.xiaohashu.oss.biz.config.RedisTemplateConfig required a bean of type 'org.springframework.data.redis.connection.RedisConnectionFactory' that could not be found.


Action:

Consider defining a bean of type 'org.springframework.data.redis.connection.RedisConnectionFactory' in your configuration.

2025-10-31 23:39:28.003 [Thread-2] WARN  c.alibaba.nacos.common.http.HttpClientBeanHolder - [HttpClientBeanHolder] Start destroying common HttpClient
2025-10-31 23:39:28.003 [Thread-9] WARN  com.alibaba.nacos.common.notify.NotifyCenter - [NotifyCenter] Start destroying Publisher
2025-10-31 23:39:28.004 [Thread-9] WARN  com.alibaba.nacos.common.notify.NotifyCenter - [NotifyCenter] Destruction of the end
2025-10-31 23:39:28.004 [Thread-2] WARN  c.alibaba.nacos.common.http.HttpClientBeanHolder - [HttpClientBeanHolder] Destruction of the end
2025-10-31 23:52:02.805 [main] WARN  com.alibaba.nacos.client.logging.NacosLogging - Load Logback Configuration of Nacos fail, message: Could not initialize Logback Nacos logging from classpath:nacos-logback.xml
2025-10-31 23:52:02.841 [main] WARN  com.alibaba.nacos.client.logging.NacosLogging - Load Logback Configuration of Nacos fail, message: Could not initialize Logback Nacos logging from classpath:nacos-logback.xml
2025-10-31 23:52:02.993 [main] WARN  com.alibaba.nacos.client.logging.NacosLogging - Load Logback Configuration of Nacos fail, message: Could not initialize Logback Nacos logging from classpath:nacos-logback.xml
2025-10-31 23:52:02.994 [main] INFO  com.alibaba.nacos.client.utils.ParamUtil - [settings] [req-serv] nacos-server port:8848
2025-10-31 23:52:02.994 [main] INFO  com.alibaba.nacos.client.utils.ParamUtil - [settings] [http-client] connect timeout:1000
2025-10-31 23:52:02.995 [main] INFO  com.alibaba.nacos.client.utils.ParamUtil - PER_TASK_CONFIG_SIZE: 3000.0
2025-10-31 23:52:03.006 [main] INFO  c.a.n.p.auth.spi.client.ClientAuthPluginManager - [ClientAuthPluginManager] Load ClientAuthService com.alibaba.nacos.client.auth.impl.NacosClientAuthServiceImpl success.
2025-10-31 23:52:03.006 [main] INFO  c.a.n.p.auth.spi.client.ClientAuthPluginManager - [ClientAuthPluginManager] Load ClientAuthService com.alibaba.nacos.client.auth.ram.RamClientAuthServiceImpl success.
2025-10-31 23:52:03.008 [main] INFO  c.a.n.client.auth.ram.identify.CredentialWatcher - null No credential found
2025-10-31 23:52:04.225 [main] WARN  com.alibaba.nacos.client.logging.NacosLogging - Load Logback Configuration of Nacos fail, message: Could not initialize Logback Nacos logging from classpath:nacos-logback.xml
2025-10-31 23:52:04.233 [main] INFO  c.a.n.client.config.impl.LocalConfigInfoProcessor - LOCAL_SNAPSHOT_PATH:C:\Users\hp\nacos\config
2025-10-31 23:52:04.235 [main] INFO  com.alibaba.nacos.common.remote.client - [RpcClientFactory] create a new rpc client of bcc1a633-65da-4f82-9ff5-e0628b3d6a95_config-0
2025-10-31 23:52:04.243 [main] INFO  com.alibaba.nacos.common.remote.client - [bcc1a633-65da-4f82-9ff5-e0628b3d6a95_config-0] Register server push request handler:com.alibaba.nacos.client.config.impl.ClientWorker$ConfigRpcTransportClient$$Lambda$585/0x000002008133a868
2025-10-31 23:52:04.244 [main] INFO  com.alibaba.nacos.common.remote.client - [bcc1a633-65da-4f82-9ff5-e0628b3d6a95_config-0] Register server push request handler:com.alibaba.nacos.client.config.impl.ClientWorker$ConfigRpcTransportClient$$Lambda$586/0x000002008133ac88
2025-10-31 23:52:04.244 [main] INFO  com.alibaba.nacos.common.remote.client - [bcc1a633-65da-4f82-9ff5-e0628b3d6a95_config-0] Registry connection listener to current client:com.alibaba.nacos.client.config.impl.ClientWorker$ConfigRpcTransportClient$1
2025-10-31 23:52:04.244 [main] INFO  com.alibaba.nacos.common.remote.client - [bcc1a633-65da-4f82-9ff5-e0628b3d6a95_config-0] RpcClient init, ServerListFactory = com.alibaba.nacos.client.config.impl.ClientWorker$ConfigRpcTransportClient$2
2025-10-31 23:52:04.248 [main] INFO  com.alibaba.nacos.common.remote.client - [bcc1a633-65da-4f82-9ff5-e0628b3d6a95_config-0] Try to connect to server on start up, server: {serverIp = '127.0.0.1', server main port = 8848}
2025-10-31 23:52:04.268 [main] INFO  c.a.nacos.common.remote.client.grpc.GrpcClient - grpc client connection server:127.0.0.1 ip,serverPort:9848,grpcTslConfig:{"sslProvider":"OPENSSL","enableTls":false,"mutualAuthEnable":false,"trustAll":false}
2025-10-31 23:52:04.830 [main] INFO  com.alibaba.nacos.common.remote.client - [bcc1a633-65da-4f82-9ff5-e0628b3d6a95_config-0] Success to connect to server [127.0.0.1:8848] on start up, connectionId = 1761925924682_127.0.0.1_1087
2025-10-31 23:52:04.831 [com.alibaba.nacos.client.remote.worker] INFO  com.alibaba.nacos.common.remote.client - [bcc1a633-65da-4f82-9ff5-e0628b3d6a95_config-0] Notify connected event to listeners.
2025-10-31 23:52:04.831 [com.alibaba.nacos.client.remote.worker] INFO  com.alibaba.nacos.client.config.impl.ClientWorker - [bcc1a633-65da-4f82-9ff5-e0628b3d6a95_config-0] Connected,notify listen context...
2025-10-31 23:52:04.831 [main] INFO  com.alibaba.nacos.common.remote.client - [bcc1a633-65da-4f82-9ff5-e0628b3d6a95_config-0] Register server push request handler:com.alibaba.nacos.common.remote.client.RpcClient$ConnectResetRequestHandler
2025-10-31 23:52:04.831 [main] INFO  com.alibaba.nacos.common.remote.client - [bcc1a633-65da-4f82-9ff5-e0628b3d6a95_config-0] Register server push request handler:com.alibaba.nacos.common.remote.client.RpcClient$$Lambda$606/0x0000020081448440
2025-10-31 23:52:04.847 [main] INFO  com.alibaba.nacos.client.config.impl.Limiter - limitTime:5.0
2025-10-31 23:52:04.856 [main] WARN  c.a.cloud.nacos.client.NacosPropertySourceBuilder - Ignore the empty nacos configuration and get it based on dataId[xiaohashu-oss] & group[DEFAULT_GROUP]
2025-10-31 23:52:04.860 [main] WARN  c.a.cloud.nacos.client.NacosPropertySourceBuilder - Ignore the empty nacos configuration and get it based on dataId[xiaohashu-oss.yaml] & group[DEFAULT_GROUP]
2025-10-31 23:52:04.865 [main] INFO  com.alibaba.nacos.client.config.utils.JvmUtil - isMultiInstance:false
2025-10-31 23:52:04.868 [main] INFO  o.s.c.b.c.PropertySourceBootstrapConfiguration - Located property source: [BootstrapPropertySource {name='bootstrapProperties-xiaohashu-oss-dev.yaml,DEFAULT_GROUP'}, BootstrapPropertySource {name='bootstrapProperties-xiaohashu-oss.yaml,DEFAULT_GROUP'}, BootstrapPropertySource {name='bootstrapProperties-xiaohashu-oss,DEFAULT_GROUP'}]
2025-10-31 23:52:04.871 [main] WARN  com.alibaba.nacos.client.logging.NacosLogging - Load Logback Configuration of Nacos fail, message: Could not initialize Logback Nacos logging from classpath:nacos-logback.xml
2025-10-31 23:52:04.872 [main] INFO  c.q.xiaohashu.oss.biz.XiaohashuOssBizApplication - The following 1 profile is active: "dev"
2025-10-31 23:52:05.189 [main] INFO  o.s.d.r.config.RepositoryConfigurationDelegate - Multiple Spring Data modules found, entering strict repository configuration mode
2025-10-31 23:52:05.191 [main] INFO  o.s.d.r.config.RepositoryConfigurationDelegate - Bootstrapping Spring Data Redis repositories in DEFAULT mode.
2025-10-31 23:52:05.205 [main] INFO  o.s.d.r.config.RepositoryConfigurationDelegate - Finished Spring Data repository scanning in 6 ms. Found 0 Redis repository interfaces.
2025-10-31 23:52:05.321 [main] INFO  o.springframework.cloud.context.scope.GenericScope - BeanFactory id=aeceb578-54f3-37fa-8370-2b82b787e9fc
2025-10-31 23:52:05.543 [main] INFO  o.s.boot.web.embedded.tomcat.TomcatWebServer - Tomcat initialized with port(s): 8081 (http)
2025-10-31 23:52:05.549 [main] INFO  org.apache.catalina.core.StandardService - Starting service [Tomcat]
2025-10-31 23:52:05.549 [main] INFO  org.apache.catalina.core.StandardEngine - Starting Servlet engine: [Apache Tomcat/10.1.5]
2025-10-31 23:52:05.611 [main] INFO  o.a.c.core.ContainerBase.[Tomcat].[localhost].[/] - Initializing Spring embedded WebApplicationContext
2025-10-31 23:52:05.611 [main] INFO  o.s.b.w.s.c.ServletWebServerApplicationContext - Root WebApplicationContext: initialization completed in 731 ms
2025-10-31 23:52:07.341 [main] INFO  org.springframework.cloud.commons.util.InetUtils - Cannot determine local hostname
2025-10-31 23:52:08.659 [main] INFO  org.springframework.cloud.commons.util.InetUtils - Cannot determine local hostname
2025-10-31 23:52:08.679 [main] WARN  o.s.c.l.c.LoadBalancerCacheAutoConfiguration$LoadBalancerCaffeineWarnLogger - Spring Cloud LoadBalancer is currently working with the default cache. While this cache implementation is useful for development and tests, it's recommended to use Caffeine cache in production.You can switch to using Caffeine cache, by adding it and org.springframework.cache.caffeine.CaffeineCacheManager to the classpath.
2025-10-31 23:52:08.720 [main] INFO  o.s.boot.web.embedded.tomcat.TomcatWebServer - Tomcat started on port(s): 8081 (http) with context path ''
2025-10-31 23:52:08.722 [main] INFO  com.alibaba.nacos.client.naming - initializer namespace from ans.namespace attribute : null
2025-10-31 23:52:08.722 [main] INFO  com.alibaba.nacos.client.naming - initializer namespace from ALIBABA_ALIWARE_NAMESPACE attribute :null
2025-10-31 23:52:08.723 [main] INFO  com.alibaba.nacos.client.naming - initializer namespace from namespace attribute :null
2025-10-31 23:52:08.726 [main] INFO  c.a.n.p.auth.spi.client.ClientAuthPluginManager - [ClientAuthPluginManager] Load ClientAuthService com.alibaba.nacos.client.auth.impl.NacosClientAuthServiceImpl success.
2025-10-31 23:52:08.726 [main] INFO  c.a.n.p.auth.spi.client.ClientAuthPluginManager - [ClientAuthPluginManager] Load ClientAuthService com.alibaba.nacos.client.auth.ram.RamClientAuthServiceImpl success.
2025-10-31 23:52:08.728 [main] INFO  com.alibaba.nacos.common.remote.client - [RpcClientFactory] create a new rpc client of a01f3612-faaf-41c7-b0eb-ea0c48d0d276
2025-10-31 23:52:08.728 [main] INFO  com.alibaba.nacos.common.remote.client - [a01f3612-faaf-41c7-b0eb-ea0c48d0d276] RpcClient init, ServerListFactory = com.alibaba.nacos.client.naming.core.ServerListManager
2025-10-31 23:52:08.730 [main] INFO  com.alibaba.nacos.common.remote.client - [a01f3612-faaf-41c7-b0eb-ea0c48d0d276] Registry connection listener to current client:com.alibaba.nacos.client.naming.remote.gprc.redo.NamingGrpcRedoService
2025-10-31 23:52:08.730 [main] INFO  com.alibaba.nacos.common.remote.client - [a01f3612-faaf-41c7-b0eb-ea0c48d0d276] Register server push request handler:com.alibaba.nacos.client.naming.remote.gprc.NamingPushRequestHandler
2025-10-31 23:52:08.730 [main] INFO  com.alibaba.nacos.common.remote.client - [a01f3612-faaf-41c7-b0eb-ea0c48d0d276] Try to connect to server on start up, server: {serverIp = '127.0.0.1', server main port = 8848}
2025-10-31 23:52:08.730 [main] INFO  c.a.nacos.common.remote.client.grpc.GrpcClient - grpc client connection server:127.0.0.1 ip,serverPort:9848,grpcTslConfig:{"sslProvider":"OPENSSL","enableTls":false,"mutualAuthEnable":false,"trustAll":false}
2025-10-31 23:52:08.843 [main] INFO  com.alibaba.nacos.common.remote.client - [a01f3612-faaf-41c7-b0eb-ea0c48d0d276] Success to connect to server [127.0.0.1:8848] on start up, connectionId = 1761925928732_127.0.0.1_1088
2025-10-31 23:52:08.843 [main] INFO  com.alibaba.nacos.common.remote.client - [a01f3612-faaf-41c7-b0eb-ea0c48d0d276] Register server push request handler:com.alibaba.nacos.common.remote.client.RpcClient$ConnectResetRequestHandler
2025-10-31 23:52:08.843 [main] INFO  com.alibaba.nacos.common.remote.client - [a01f3612-faaf-41c7-b0eb-ea0c48d0d276] Register server push request handler:com.alibaba.nacos.common.remote.client.RpcClient$$Lambda$606/0x0000020081448440
2025-10-31 23:52:08.843 [com.alibaba.nacos.client.remote.worker] INFO  com.alibaba.nacos.common.remote.client - [a01f3612-faaf-41c7-b0eb-ea0c48d0d276] Notify connected event to listeners.
2025-10-31 23:52:08.843 [com.alibaba.nacos.client.remote.worker] INFO  com.alibaba.nacos.client.naming - Grpc connection connect
2025-10-31 23:52:08.844 [main] INFO  com.alibaba.nacos.client.naming - [REGISTER-SERVICE] xiaohashu registering service xiaohashu-oss with instance Instance{instanceId='null', ip='192.168.134.1', port=8081, weight=1.0, healthy=true, enabled=true, ephemeral=true, clusterName='DEFAULT', serviceName='null', metadata={IPv6=null, preserved.register.source=SPRING_CLOUD}}
2025-10-31 23:52:08.849 [main] INFO  c.a.cloud.nacos.registry.NacosServiceRegistry - nacos registry, DEFAULT_GROUP xiaohashu-oss 192.168.134.1:8081 register finished
2025-10-31 23:52:09.979 [main] INFO  org.springframework.cloud.commons.util.InetUtils - Cannot determine local hostname
2025-10-31 23:52:09.987 [main] INFO  c.q.xiaohashu.oss.biz.XiaohashuOssBizApplication - Started XiaohashuOssBizApplication in 8.675 seconds (process running for 9.181)
2025-10-31 23:52:09.988 [main] INFO  com.alibaba.nacos.client.config.impl.CacheData - nacos.cache.data.init.snapshot = true 
2025-10-31 23:52:09.989 [main] INFO  com.alibaba.nacos.client.config.impl.ClientWorker - [fixed-xiaohashu-127.0.0.1_8848] [subscribe] xiaohashu-oss+DEFAULT_GROUP+xiaohashu
2025-10-31 23:52:09.992 [main] INFO  com.alibaba.nacos.client.config.impl.CacheData - [fixed-xiaohashu-127.0.0.1_8848] [add-listener] ok, tenant=xiaohashu, dataId=xiaohashu-oss, group=DEFAULT_GROUP, cnt=1
2025-10-31 23:52:09.992 [main] INFO  c.a.cloud.nacos.refresh.NacosContextRefresher - [Nacos Config] Listening config: dataId=xiaohashu-oss, group=DEFAULT_GROUP
2025-10-31 23:52:09.993 [main] INFO  com.alibaba.nacos.client.config.impl.ClientWorker - [fixed-xiaohashu-127.0.0.1_8848] [subscribe] xiaohashu-oss-dev.yaml+DEFAULT_GROUP+xiaohashu
2025-10-31 23:52:09.993 [main] INFO  com.alibaba.nacos.client.config.impl.CacheData - [fixed-xiaohashu-127.0.0.1_8848] [add-listener] ok, tenant=xiaohashu, dataId=xiaohashu-oss-dev.yaml, group=DEFAULT_GROUP, cnt=1
2025-10-31 23:52:09.993 [main] INFO  c.a.cloud.nacos.refresh.NacosContextRefresher - [Nacos Config] Listening config: dataId=xiaohashu-oss-dev.yaml, group=DEFAULT_GROUP
2025-10-31 23:52:09.994 [main] INFO  com.alibaba.nacos.client.config.impl.ClientWorker - [fixed-xiaohashu-127.0.0.1_8848] [subscribe] xiaohashu-oss.yaml+DEFAULT_GROUP+xiaohashu
2025-10-31 23:52:09.994 [main] INFO  com.alibaba.nacos.client.config.impl.CacheData - [fixed-xiaohashu-127.0.0.1_8848] [add-listener] ok, tenant=xiaohashu, dataId=xiaohashu-oss.yaml, group=DEFAULT_GROUP, cnt=1
2025-10-31 23:52:09.994 [main] INFO  c.a.cloud.nacos.refresh.NacosContextRefresher - [Nacos Config] Listening config: dataId=xiaohashu-oss.yaml, group=DEFAULT_GROUP
