2025-11-03 12:59:26.053 [main] WARN  com.alibaba.nacos.client.logging.NacosLogging - Load Logback Configuration of Nacos fail, message: Could not initialize Logback Nacos logging from classpath:nacos-logback.xml
2025-11-03 12:59:26.099 [main] WARN  com.alibaba.nacos.client.logging.NacosLogging - Load Logback Configuration of Nacos fail, message: Could not initialize Logback Nacos logging from classpath:nacos-logback.xml
2025-11-03 12:59:27.545 [main] WARN  com.alibaba.nacos.client.logging.NacosLogging - Load Logback Configuration of Nacos fail, message: Could not initialize Logback Nacos logging from classpath:nacos-logback.xml
2025-11-03 12:59:27.554 [main] WARN  com.alibaba.nacos.client.logging.NacosLogging - Load Logback Configuration of Nacos fail, message: Could not initialize Logback Nacos logging from classpath:nacos-logback.xml
2025-11-03 12:59:27.555 [main] INFO  c.q.xiaohashu.user.biz.XiaohashuUserBizApplication - The following 1 profile is active: "dev"
2025-11-03 12:59:28.039 [main] INFO  o.s.d.r.config.RepositoryConfigurationDelegate - Multiple Spring Data modules found, entering strict repository configuration mode
2025-11-03 12:59:28.040 [main] INFO  o.s.d.r.config.RepositoryConfigurationDelegate - Bootstrapping Spring Data Redis repositories in DEFAULT mode.
2025-11-03 12:59:28.058 [main] INFO  o.s.d.r.config.RepositoryConfigurationDelegate - Finished Spring Data repository scanning in 9 ms. Found 0 Redis repository interfaces.
2025-11-03 12:59:28.207 [main] INFO  o.springframework.cloud.context.scope.GenericScope - BeanFactory id=8e9756ee-41a9-319d-952b-5f0350784c92
2025-11-03 12:59:28.236 [main] INFO  o.s.c.s.PostProcessorRegistrationDelegate$BeanPostProcessorChecker - Bean 'com.quanxiaoha.xiaohashu.distributed.id.generator.api.DistributedIdGeneratorFeignApi' of type [org.springframework.cloud.openfeign.FeignClientFactoryBean] is not eligible for getting processed by all BeanPostProcessors (for example: not eligible for auto-proxying)
2025-11-03 12:59:28.237 [main] INFO  o.s.c.s.PostProcessorRegistrationDelegate$BeanPostProcessorChecker - Bean 'com.quanxiaoha.xiaohashu.oss.api.FileFeignApi' of type [org.springframework.cloud.openfeign.FeignClientFactoryBean] is not eligible for getting processed by all BeanPostProcessors (for example: not eligible for auto-proxying)
2025-11-03 12:59:28.238 [main] INFO  o.s.c.s.PostProcessorRegistrationDelegate$BeanPostProcessorChecker - Bean 'com.quanxiaoha.xiaohashu.user.api.UserFeignApi' of type [org.springframework.cloud.openfeign.FeignClientFactoryBean] is not eligible for getting processed by all BeanPostProcessors (for example: not eligible for auto-proxying)
2025-11-03 12:59:28.497 [main] INFO  o.s.boot.web.embedded.tomcat.TomcatWebServer - Tomcat initialized with port(s): 8082 (http)
2025-11-03 12:59:28.503 [main] INFO  org.apache.catalina.core.StandardService - Starting service [Tomcat]
2025-11-03 12:59:28.503 [main] INFO  org.apache.catalina.core.StandardEngine - Starting Servlet engine: [Apache Tomcat/10.1.5]
2025-11-03 12:59:28.590 [main] INFO  o.a.c.core.ContainerBase.[Tomcat].[localhost].[/] - Initializing Spring embedded WebApplicationContext
2025-11-03 12:59:28.590 [main] INFO  o.s.b.w.s.c.ServletWebServerApplicationContext - Root WebApplicationContext: initialization completed in 1015 ms
2025-11-03 12:59:28.822 [main] INFO  o.s.cloud.openfeign.FeignClientFactoryBean - For 'xiaohashu-oss' URL not provided. Will try picking an instance via load-balancing.
2025-11-03 12:59:28.857 [main] INFO  c.a.d.s.b.a.DruidDataSourceAutoConfigure - Init DruidDataSource
2025-11-03 12:59:29.079 [main] INFO  com.alibaba.druid.pool.DruidDataSource - {dataSource-1} inited
2025-11-03 12:59:29.311 [main] INFO  o.s.cloud.openfeign.FeignClientFactoryBean - For 'xiaohashu-distributed-id-generator' URL not provided. Will try picking an instance via load-balancing.
2025-11-03 12:59:30.699 [main] INFO  org.springframework.cloud.commons.util.InetUtils - Cannot determine local hostname
2025-11-03 12:59:32.192 [main] INFO  org.springframework.cloud.commons.util.InetUtils - Cannot determine local hostname
2025-11-03 12:59:32.207 [main] WARN  o.s.c.l.c.LoadBalancerCacheAutoConfiguration$LoadBalancerCaffeineWarnLogger - Spring Cloud LoadBalancer is currently working with the default cache. While this cache implementation is useful for development and tests, it's recommended to use Caffeine cache in production.You can switch to using Caffeine cache, by adding it and org.springframework.cache.caffeine.CaffeineCacheManager to the classpath.
2025-11-03 12:59:32.261 [main] WARN  o.s.b.w.s.c.AnnotationConfigServletWebServerApplicationContext - Exception encountered during context initialization - cancelling refresh attempt: org.springframework.context.ApplicationContextException: Failed to start bean 'webServerStartStop'
2025-11-03 12:59:32.262 [main] INFO  com.alibaba.druid.pool.DruidDataSource - {dataSource-1} closing ...
2025-11-03 12:59:32.267 [main] INFO  com.alibaba.druid.pool.DruidDataSource - {dataSource-1} closed
2025-11-03 12:59:32.277 [main] INFO  org.apache.catalina.core.StandardService - Stopping service [Tomcat]
2025-11-03 12:59:32.288 [main] INFO  o.s.b.a.logging.ConditionEvaluationReportLogger - 

Error starting ApplicationContext. To display the condition evaluation report re-run your application with 'debug' enabled.
2025-11-03 12:59:32.300 [main] ERROR o.s.b.diagnostics.LoggingFailureAnalysisReporter - 

***************************
APPLICATION FAILED TO START
***************************

Description:

Web server failed to start. Port 8082 was already in use.

Action:

Identify and stop the process that's listening on port 8082 or configure this application to listen on another port.

2025-11-03 12:59:49.533 [main] WARN  com.alibaba.nacos.client.logging.NacosLogging - Load Logback Configuration of Nacos fail, message: Could not initialize Logback Nacos logging from classpath:nacos-logback.xml
2025-11-03 12:59:49.586 [main] WARN  com.alibaba.nacos.client.logging.NacosLogging - Load Logback Configuration of Nacos fail, message: Could not initialize Logback Nacos logging from classpath:nacos-logback.xml
2025-11-03 12:59:51.059 [main] WARN  com.alibaba.nacos.client.logging.NacosLogging - Load Logback Configuration of Nacos fail, message: Could not initialize Logback Nacos logging from classpath:nacos-logback.xml
2025-11-03 12:59:51.068 [main] WARN  com.alibaba.nacos.client.logging.NacosLogging - Load Logback Configuration of Nacos fail, message: Could not initialize Logback Nacos logging from classpath:nacos-logback.xml
2025-11-03 12:59:51.068 [main] INFO  c.q.xiaohashu.user.biz.XiaohashuUserBizApplication - The following 1 profile is active: "dev"
2025-11-03 12:59:51.535 [main] INFO  o.s.d.r.config.RepositoryConfigurationDelegate - Multiple Spring Data modules found, entering strict repository configuration mode
2025-11-03 12:59:51.537 [main] INFO  o.s.d.r.config.RepositoryConfigurationDelegate - Bootstrapping Spring Data Redis repositories in DEFAULT mode.
2025-11-03 12:59:51.553 [main] INFO  o.s.d.r.config.RepositoryConfigurationDelegate - Finished Spring Data repository scanning in 7 ms. Found 0 Redis repository interfaces.
2025-11-03 12:59:51.710 [main] INFO  o.springframework.cloud.context.scope.GenericScope - BeanFactory id=8e9756ee-41a9-319d-952b-5f0350784c92
2025-11-03 12:59:51.737 [main] INFO  o.s.c.s.PostProcessorRegistrationDelegate$BeanPostProcessorChecker - Bean 'com.quanxiaoha.xiaohashu.distributed.id.generator.api.DistributedIdGeneratorFeignApi' of type [org.springframework.cloud.openfeign.FeignClientFactoryBean] is not eligible for getting processed by all BeanPostProcessors (for example: not eligible for auto-proxying)
2025-11-03 12:59:51.737 [main] INFO  o.s.c.s.PostProcessorRegistrationDelegate$BeanPostProcessorChecker - Bean 'com.quanxiaoha.xiaohashu.oss.api.FileFeignApi' of type [org.springframework.cloud.openfeign.FeignClientFactoryBean] is not eligible for getting processed by all BeanPostProcessors (for example: not eligible for auto-proxying)
2025-11-03 12:59:51.739 [main] INFO  o.s.c.s.PostProcessorRegistrationDelegate$BeanPostProcessorChecker - Bean 'com.quanxiaoha.xiaohashu.user.api.UserFeignApi' of type [org.springframework.cloud.openfeign.FeignClientFactoryBean] is not eligible for getting processed by all BeanPostProcessors (for example: not eligible for auto-proxying)
2025-11-03 12:59:52.012 [main] INFO  o.s.boot.web.embedded.tomcat.TomcatWebServer - Tomcat initialized with port(s): 8082 (http)
2025-11-03 12:59:52.019 [main] INFO  org.apache.catalina.core.StandardService - Starting service [Tomcat]
2025-11-03 12:59:52.020 [main] INFO  org.apache.catalina.core.StandardEngine - Starting Servlet engine: [Apache Tomcat/10.1.5]
2025-11-03 12:59:52.106 [main] INFO  o.a.c.core.ContainerBase.[Tomcat].[localhost].[/] - Initializing Spring embedded WebApplicationContext
2025-11-03 12:59:52.108 [main] INFO  o.s.b.w.s.c.ServletWebServerApplicationContext - Root WebApplicationContext: initialization completed in 1020 ms
2025-11-03 12:59:52.350 [main] INFO  o.s.cloud.openfeign.FeignClientFactoryBean - For 'xiaohashu-oss' URL not provided. Will try picking an instance via load-balancing.
2025-11-03 12:59:52.386 [main] INFO  c.a.d.s.b.a.DruidDataSourceAutoConfigure - Init DruidDataSource
2025-11-03 12:59:52.613 [main] INFO  com.alibaba.druid.pool.DruidDataSource - {dataSource-1} inited
2025-11-03 12:59:52.827 [main] INFO  o.s.cloud.openfeign.FeignClientFactoryBean - For 'xiaohashu-distributed-id-generator' URL not provided. Will try picking an instance via load-balancing.
2025-11-03 12:59:54.218 [main] INFO  org.springframework.cloud.commons.util.InetUtils - Cannot determine local hostname
2025-11-03 12:59:55.741 [main] INFO  org.springframework.cloud.commons.util.InetUtils - Cannot determine local hostname
2025-11-03 12:59:55.755 [main] WARN  o.s.c.l.c.LoadBalancerCacheAutoConfiguration$LoadBalancerCaffeineWarnLogger - Spring Cloud LoadBalancer is currently working with the default cache. While this cache implementation is useful for development and tests, it's recommended to use Caffeine cache in production.You can switch to using Caffeine cache, by adding it and org.springframework.cache.caffeine.CaffeineCacheManager to the classpath.
2025-11-03 12:59:55.799 [main] WARN  o.s.b.w.s.c.AnnotationConfigServletWebServerApplicationContext - Exception encountered during context initialization - cancelling refresh attempt: org.springframework.context.ApplicationContextException: Failed to start bean 'webServerStartStop'
2025-11-03 12:59:55.801 [main] INFO  com.alibaba.druid.pool.DruidDataSource - {dataSource-1} closing ...
2025-11-03 12:59:55.805 [main] INFO  com.alibaba.druid.pool.DruidDataSource - {dataSource-1} closed
2025-11-03 12:59:55.816 [main] INFO  org.apache.catalina.core.StandardService - Stopping service [Tomcat]
2025-11-03 12:59:55.828 [main] INFO  o.s.b.a.logging.ConditionEvaluationReportLogger - 

Error starting ApplicationContext. To display the condition evaluation report re-run your application with 'debug' enabled.
2025-11-03 12:59:55.841 [main] ERROR o.s.b.diagnostics.LoggingFailureAnalysisReporter - 

***************************
APPLICATION FAILED TO START
***************************

Description:

Web server failed to start. Port 8082 was already in use.

Action:

Identify and stop the process that's listening on port 8082 or configure this application to listen on another port.

2025-11-03 13:00:28.817 [main] WARN  com.alibaba.nacos.client.logging.NacosLogging - Load Logback Configuration of Nacos fail, message: Could not initialize Logback Nacos logging from classpath:nacos-logback.xml
2025-11-03 13:00:28.869 [main] WARN  com.alibaba.nacos.client.logging.NacosLogging - Load Logback Configuration of Nacos fail, message: Could not initialize Logback Nacos logging from classpath:nacos-logback.xml
2025-11-03 13:00:30.348 [main] WARN  com.alibaba.nacos.client.logging.NacosLogging - Load Logback Configuration of Nacos fail, message: Could not initialize Logback Nacos logging from classpath:nacos-logback.xml
2025-11-03 13:00:30.358 [main] WARN  com.alibaba.nacos.client.logging.NacosLogging - Load Logback Configuration of Nacos fail, message: Could not initialize Logback Nacos logging from classpath:nacos-logback.xml
2025-11-03 13:00:30.359 [main] INFO  c.q.xiaohashu.user.biz.XiaohashuUserBizApplication - The following 1 profile is active: "dev"
2025-11-03 13:00:30.834 [main] INFO  o.s.d.r.config.RepositoryConfigurationDelegate - Multiple Spring Data modules found, entering strict repository configuration mode
2025-11-03 13:00:30.836 [main] INFO  o.s.d.r.config.RepositoryConfigurationDelegate - Bootstrapping Spring Data Redis repositories in DEFAULT mode.
2025-11-03 13:00:30.853 [main] INFO  o.s.d.r.config.RepositoryConfigurationDelegate - Finished Spring Data repository scanning in 6 ms. Found 0 Redis repository interfaces.
2025-11-03 13:00:31.003 [main] INFO  o.springframework.cloud.context.scope.GenericScope - BeanFactory id=8e9756ee-41a9-319d-952b-5f0350784c92
2025-11-03 13:00:31.029 [main] INFO  o.s.c.s.PostProcessorRegistrationDelegate$BeanPostProcessorChecker - Bean 'com.quanxiaoha.xiaohashu.distributed.id.generator.api.DistributedIdGeneratorFeignApi' of type [org.springframework.cloud.openfeign.FeignClientFactoryBean] is not eligible for getting processed by all BeanPostProcessors (for example: not eligible for auto-proxying)
2025-11-03 13:00:31.029 [main] INFO  o.s.c.s.PostProcessorRegistrationDelegate$BeanPostProcessorChecker - Bean 'com.quanxiaoha.xiaohashu.oss.api.FileFeignApi' of type [org.springframework.cloud.openfeign.FeignClientFactoryBean] is not eligible for getting processed by all BeanPostProcessors (for example: not eligible for auto-proxying)
2025-11-03 13:00:31.031 [main] INFO  o.s.c.s.PostProcessorRegistrationDelegate$BeanPostProcessorChecker - Bean 'com.quanxiaoha.xiaohashu.user.api.UserFeignApi' of type [org.springframework.cloud.openfeign.FeignClientFactoryBean] is not eligible for getting processed by all BeanPostProcessors (for example: not eligible for auto-proxying)
2025-11-03 13:00:31.294 [main] INFO  o.s.boot.web.embedded.tomcat.TomcatWebServer - Tomcat initialized with port(s): 8082 (http)
2025-11-03 13:00:31.301 [main] INFO  org.apache.catalina.core.StandardService - Starting service [Tomcat]
2025-11-03 13:00:31.302 [main] INFO  org.apache.catalina.core.StandardEngine - Starting Servlet engine: [Apache Tomcat/10.1.5]
2025-11-03 13:00:31.390 [main] INFO  o.a.c.core.ContainerBase.[Tomcat].[localhost].[/] - Initializing Spring embedded WebApplicationContext
2025-11-03 13:00:31.391 [main] INFO  o.s.b.w.s.c.ServletWebServerApplicationContext - Root WebApplicationContext: initialization completed in 1012 ms
2025-11-03 13:00:31.654 [main] INFO  o.s.cloud.openfeign.FeignClientFactoryBean - For 'xiaohashu-oss' URL not provided. Will try picking an instance via load-balancing.
2025-11-03 13:00:31.686 [main] INFO  c.a.d.s.b.a.DruidDataSourceAutoConfigure - Init DruidDataSource
2025-11-03 13:00:31.909 [main] INFO  com.alibaba.druid.pool.DruidDataSource - {dataSource-1} inited
2025-11-03 13:00:32.121 [main] INFO  o.s.cloud.openfeign.FeignClientFactoryBean - For 'xiaohashu-distributed-id-generator' URL not provided. Will try picking an instance via load-balancing.
2025-11-03 13:00:33.526 [main] INFO  org.springframework.cloud.commons.util.InetUtils - Cannot determine local hostname
2025-11-03 13:00:35.025 [main] INFO  org.springframework.cloud.commons.util.InetUtils - Cannot determine local hostname
2025-11-03 13:00:35.038 [main] WARN  o.s.c.l.c.LoadBalancerCacheAutoConfiguration$LoadBalancerCaffeineWarnLogger - Spring Cloud LoadBalancer is currently working with the default cache. While this cache implementation is useful for development and tests, it's recommended to use Caffeine cache in production.You can switch to using Caffeine cache, by adding it and org.springframework.cache.caffeine.CaffeineCacheManager to the classpath.
2025-11-03 13:00:35.081 [main] WARN  o.s.b.w.s.c.AnnotationConfigServletWebServerApplicationContext - Exception encountered during context initialization - cancelling refresh attempt: org.springframework.context.ApplicationContextException: Failed to start bean 'webServerStartStop'
2025-11-03 13:00:35.083 [main] INFO  com.alibaba.druid.pool.DruidDataSource - {dataSource-1} closing ...
2025-11-03 13:00:35.086 [main] INFO  com.alibaba.druid.pool.DruidDataSource - {dataSource-1} closed
2025-11-03 13:00:35.104 [main] INFO  org.apache.catalina.core.StandardService - Stopping service [Tomcat]
2025-11-03 13:00:35.115 [main] INFO  o.s.b.a.logging.ConditionEvaluationReportLogger - 

Error starting ApplicationContext. To display the condition evaluation report re-run your application with 'debug' enabled.
2025-11-03 13:00:35.127 [main] ERROR o.s.b.diagnostics.LoggingFailureAnalysisReporter - 

***************************
APPLICATION FAILED TO START
***************************

Description:

Web server failed to start. Port 8082 was already in use.

Action:

Identify and stop the process that's listening on port 8082 or configure this application to listen on another port.

2025-11-03 13:01:55.862 [main] WARN  com.alibaba.nacos.client.logging.NacosLogging - Load Logback Configuration of Nacos fail, message: Could not initialize Logback Nacos logging from classpath:nacos-logback.xml
2025-11-03 13:01:55.910 [main] WARN  com.alibaba.nacos.client.logging.NacosLogging - Load Logback Configuration of Nacos fail, message: Could not initialize Logback Nacos logging from classpath:nacos-logback.xml
2025-11-03 13:01:57.387 [main] WARN  com.alibaba.nacos.client.logging.NacosLogging - Load Logback Configuration of Nacos fail, message: Could not initialize Logback Nacos logging from classpath:nacos-logback.xml
2025-11-03 13:01:57.395 [main] WARN  com.alibaba.nacos.client.logging.NacosLogging - Load Logback Configuration of Nacos fail, message: Could not initialize Logback Nacos logging from classpath:nacos-logback.xml
2025-11-03 13:01:57.396 [main] INFO  c.q.xiaohashu.user.biz.XiaohashuUserBizApplication - The following 1 profile is active: "dev"
2025-11-03 13:01:57.855 [main] INFO  o.s.d.r.config.RepositoryConfigurationDelegate - Multiple Spring Data modules found, entering strict repository configuration mode
2025-11-03 13:01:57.856 [main] INFO  o.s.d.r.config.RepositoryConfigurationDelegate - Bootstrapping Spring Data Redis repositories in DEFAULT mode.
2025-11-03 13:01:57.871 [main] INFO  o.s.d.r.config.RepositoryConfigurationDelegate - Finished Spring Data repository scanning in 5 ms. Found 0 Redis repository interfaces.
2025-11-03 13:01:58.038 [main] INFO  o.springframework.cloud.context.scope.GenericScope - BeanFactory id=8e9756ee-41a9-319d-952b-5f0350784c92
2025-11-03 13:01:58.076 [main] INFO  o.s.c.s.PostProcessorRegistrationDelegate$BeanPostProcessorChecker - Bean 'com.quanxiaoha.xiaohashu.distributed.id.generator.api.DistributedIdGeneratorFeignApi' of type [org.springframework.cloud.openfeign.FeignClientFactoryBean] is not eligible for getting processed by all BeanPostProcessors (for example: not eligible for auto-proxying)
2025-11-03 13:01:58.077 [main] INFO  o.s.c.s.PostProcessorRegistrationDelegate$BeanPostProcessorChecker - Bean 'com.quanxiaoha.xiaohashu.oss.api.FileFeignApi' of type [org.springframework.cloud.openfeign.FeignClientFactoryBean] is not eligible for getting processed by all BeanPostProcessors (for example: not eligible for auto-proxying)
2025-11-03 13:01:58.079 [main] INFO  o.s.c.s.PostProcessorRegistrationDelegate$BeanPostProcessorChecker - Bean 'com.quanxiaoha.xiaohashu.user.api.UserFeignApi' of type [org.springframework.cloud.openfeign.FeignClientFactoryBean] is not eligible for getting processed by all BeanPostProcessors (for example: not eligible for auto-proxying)
2025-11-03 13:01:58.360 [main] INFO  o.s.boot.web.embedded.tomcat.TomcatWebServer - Tomcat initialized with port(s): 0 (http)
2025-11-03 13:01:58.367 [main] INFO  org.apache.catalina.core.StandardService - Starting service [Tomcat]
2025-11-03 13:01:58.368 [main] INFO  org.apache.catalina.core.StandardEngine - Starting Servlet engine: [Apache Tomcat/10.1.5]
2025-11-03 13:01:58.464 [main] INFO  o.a.c.core.ContainerBase.[Tomcat].[localhost].[/] - Initializing Spring embedded WebApplicationContext
2025-11-03 13:01:58.465 [main] INFO  o.s.b.w.s.c.ServletWebServerApplicationContext - Root WebApplicationContext: initialization completed in 1049 ms
2025-11-03 13:01:58.717 [main] INFO  o.s.cloud.openfeign.FeignClientFactoryBean - For 'xiaohashu-oss' URL not provided. Will try picking an instance via load-balancing.
2025-11-03 13:01:58.750 [main] INFO  c.a.d.s.b.a.DruidDataSourceAutoConfigure - Init DruidDataSource
2025-11-03 13:01:58.969 [main] INFO  com.alibaba.druid.pool.DruidDataSource - {dataSource-1} inited
2025-11-03 13:01:59.180 [main] INFO  o.s.cloud.openfeign.FeignClientFactoryBean - For 'xiaohashu-distributed-id-generator' URL not provided. Will try picking an instance via load-balancing.
2025-11-03 13:02:00.587 [main] INFO  org.springframework.cloud.commons.util.InetUtils - Cannot determine local hostname
2025-11-03 13:02:02.089 [main] INFO  org.springframework.cloud.commons.util.InetUtils - Cannot determine local hostname
2025-11-03 13:02:02.103 [main] WARN  o.s.c.l.c.LoadBalancerCacheAutoConfiguration$LoadBalancerCaffeineWarnLogger - Spring Cloud LoadBalancer is currently working with the default cache. While this cache implementation is useful for development and tests, it's recommended to use Caffeine cache in production.You can switch to using Caffeine cache, by adding it and org.springframework.cache.caffeine.CaffeineCacheManager to the classpath.
2025-11-03 13:02:02.166 [main] INFO  o.s.boot.web.embedded.tomcat.TomcatWebServer - Tomcat started on port(s): 14701 (http) with context path ''
2025-11-03 13:02:02.172 [main] WARN  com.alibaba.nacos.client.logging.NacosLogging - Load Logback Configuration of Nacos fail, message: Could not initialize Logback Nacos logging from classpath:nacos-logback.xml
2025-11-03 13:02:02.172 [main] INFO  com.alibaba.nacos.client.naming - initializer namespace from ans.namespace attribute : null
2025-11-03 13:02:02.172 [main] INFO  com.alibaba.nacos.client.naming - initializer namespace from ALIBABA_ALIWARE_NAMESPACE attribute :null
2025-11-03 13:02:02.173 [main] INFO  com.alibaba.nacos.client.naming - initializer namespace from namespace attribute :null
2025-11-03 13:02:02.191 [main] INFO  com.alibaba.nacos.client.utils.ParamUtil - [settings] [req-serv] nacos-server port:8848
2025-11-03 13:02:02.191 [main] INFO  com.alibaba.nacos.client.utils.ParamUtil - [settings] [http-client] connect timeout:1000
2025-11-03 13:02:02.192 [main] INFO  com.alibaba.nacos.client.utils.ParamUtil - PER_TASK_CONFIG_SIZE: 3000.0
2025-11-03 13:02:02.195 [main] INFO  c.a.n.p.auth.spi.client.ClientAuthPluginManager - [ClientAuthPluginManager] Load ClientAuthService com.alibaba.nacos.client.auth.impl.NacosClientAuthServiceImpl success.
2025-11-03 13:02:02.195 [main] INFO  c.a.n.p.auth.spi.client.ClientAuthPluginManager - [ClientAuthPluginManager] Load ClientAuthService com.alibaba.nacos.client.auth.ram.RamClientAuthServiceImpl success.
2025-11-03 13:02:02.198 [main] INFO  c.a.n.client.auth.ram.identify.CredentialWatcher - null No credential found
2025-11-03 13:02:02.202 [main] INFO  com.alibaba.nacos.common.remote.client - [RpcClientFactory] create a new rpc client of 3f6b8ced-a54d-4527-8069-81a4b85d56bf
2025-11-03 13:02:02.215 [main] INFO  com.alibaba.nacos.common.remote.client - [3f6b8ced-a54d-4527-8069-81a4b85d56bf] RpcClient init, ServerListFactory = com.alibaba.nacos.client.naming.core.ServerListManager
2025-11-03 13:02:02.215 [main] INFO  com.alibaba.nacos.common.remote.client - [3f6b8ced-a54d-4527-8069-81a4b85d56bf] Registry connection listener to current client:com.alibaba.nacos.client.naming.remote.gprc.redo.NamingGrpcRedoService
2025-11-03 13:02:02.215 [main] INFO  com.alibaba.nacos.common.remote.client - [3f6b8ced-a54d-4527-8069-81a4b85d56bf] Register server push request handler:com.alibaba.nacos.client.naming.remote.gprc.NamingPushRequestHandler
2025-11-03 13:02:02.218 [main] INFO  com.alibaba.nacos.common.remote.client - [3f6b8ced-a54d-4527-8069-81a4b85d56bf] Try to connect to server on start up, server: {serverIp = '127.0.0.1', server main port = 8848}
2025-11-03 13:02:02.238 [main] INFO  c.a.nacos.common.remote.client.grpc.GrpcClient - grpc client connection server:127.0.0.1 ip,serverPort:9848,grpcTslConfig:{"sslProvider":"OPENSSL","enableTls":false,"mutualAuthEnable":false,"trustAll":false}
2025-11-03 13:02:03.087 [main] INFO  com.alibaba.nacos.common.remote.client - [3f6b8ced-a54d-4527-8069-81a4b85d56bf] Success to connect to server [127.0.0.1:8848] on start up, connectionId = 1762146122923_127.0.0.1_14702
2025-11-03 13:02:03.087 [com.alibaba.nacos.client.remote.worker] INFO  com.alibaba.nacos.common.remote.client - [3f6b8ced-a54d-4527-8069-81a4b85d56bf] Notify connected event to listeners.
2025-11-03 13:02:03.088 [com.alibaba.nacos.client.remote.worker] INFO  com.alibaba.nacos.client.naming - Grpc connection connect
2025-11-03 13:02:03.088 [main] INFO  com.alibaba.nacos.common.remote.client - [3f6b8ced-a54d-4527-8069-81a4b85d56bf] Register server push request handler:com.alibaba.nacos.common.remote.client.RpcClient$ConnectResetRequestHandler
2025-11-03 13:02:03.089 [main] INFO  com.alibaba.nacos.common.remote.client - [3f6b8ced-a54d-4527-8069-81a4b85d56bf] Register server push request handler:com.alibaba.nacos.common.remote.client.RpcClient$$Lambda$1266/0x00000267997b0cc0
2025-11-03 13:02:03.089 [main] INFO  com.alibaba.nacos.client.naming - [REGISTER-SERVICE] xiaohashu registering service xiaohashu-user with instance Instance{instanceId='null', ip='192.168.134.1', port=14701, weight=1.0, healthy=true, enabled=true, ephemeral=true, clusterName='DEFAULT', serviceName='null', metadata={IPv6=null, preserved.register.source=SPRING_CLOUD}}
2025-11-03 13:02:03.101 [main] INFO  c.a.cloud.nacos.registry.NacosServiceRegistry - nacos registry, DEFAULT_GROUP xiaohashu-user 192.168.134.1:14701 register finished
2025-11-03 13:02:04.319 [main] INFO  org.springframework.cloud.commons.util.InetUtils - Cannot determine local hostname
2025-11-03 13:02:04.329 [main] INFO  c.q.xiaohashu.user.biz.XiaohashuUserBizApplication - Started XiaohashuUserBizApplication in 10.312 seconds (process running for 10.894)
2025-11-03 13:02:04.330 [main] INFO  c.q.x.u.biz.runner.PushRolePermissions2RedisRunner - ==> 服务启动，开始同步角色权限数据到 Redis 中...
2025-11-03 13:02:04.734 [main] WARN  c.q.x.u.biz.runner.PushRolePermissions2RedisRunner - ==> 角色权限数据已经同步至 Redis 中，不再同步...
2025-11-03 21:53:11.307 [main] WARN  com.alibaba.nacos.client.logging.NacosLogging - Load Logback Configuration of Nacos fail, message: Could not initialize Logback Nacos logging from classpath:nacos-logback.xml
2025-11-03 21:53:11.361 [main] WARN  com.alibaba.nacos.client.logging.NacosLogging - Load Logback Configuration of Nacos fail, message: Could not initialize Logback Nacos logging from classpath:nacos-logback.xml
2025-11-03 21:53:12.794 [main] WARN  com.alibaba.nacos.client.logging.NacosLogging - Load Logback Configuration of Nacos fail, message: Could not initialize Logback Nacos logging from classpath:nacos-logback.xml
2025-11-03 21:53:12.804 [main] WARN  com.alibaba.nacos.client.logging.NacosLogging - Load Logback Configuration of Nacos fail, message: Could not initialize Logback Nacos logging from classpath:nacos-logback.xml
2025-11-03 21:53:12.804 [main] INFO  c.q.xiaohashu.user.biz.XiaohashuUserBizApplication - The following 1 profile is active: "dev"
2025-11-03 21:53:13.212 [main] INFO  o.s.d.r.config.RepositoryConfigurationDelegate - Multiple Spring Data modules found, entering strict repository configuration mode
2025-11-03 21:53:13.214 [main] INFO  o.s.d.r.config.RepositoryConfigurationDelegate - Bootstrapping Spring Data Redis repositories in DEFAULT mode.
2025-11-03 21:53:13.232 [main] INFO  o.s.d.r.config.RepositoryConfigurationDelegate - Finished Spring Data repository scanning in 6 ms. Found 0 Redis repository interfaces.
2025-11-03 21:53:13.369 [main] INFO  o.springframework.cloud.context.scope.GenericScope - BeanFactory id=8e9756ee-41a9-319d-952b-5f0350784c92
2025-11-03 21:53:13.389 [main] INFO  o.s.c.s.PostProcessorRegistrationDelegate$BeanPostProcessorChecker - Bean 'com.quanxiaoha.xiaohashu.distributed.id.generator.api.DistributedIdGeneratorFeignApi' of type [org.springframework.cloud.openfeign.FeignClientFactoryBean] is not eligible for getting processed by all BeanPostProcessors (for example: not eligible for auto-proxying)
2025-11-03 21:53:13.390 [main] INFO  o.s.c.s.PostProcessorRegistrationDelegate$BeanPostProcessorChecker - Bean 'com.quanxiaoha.xiaohashu.oss.api.FileFeignApi' of type [org.springframework.cloud.openfeign.FeignClientFactoryBean] is not eligible for getting processed by all BeanPostProcessors (for example: not eligible for auto-proxying)
2025-11-03 21:53:13.391 [main] INFO  o.s.c.s.PostProcessorRegistrationDelegate$BeanPostProcessorChecker - Bean 'com.quanxiaoha.xiaohashu.user.api.UserFeignApi' of type [org.springframework.cloud.openfeign.FeignClientFactoryBean] is not eligible for getting processed by all BeanPostProcessors (for example: not eligible for auto-proxying)
2025-11-03 21:53:13.659 [main] INFO  o.s.boot.web.embedded.tomcat.TomcatWebServer - Tomcat initialized with port(s): 0 (http)
2025-11-03 21:53:13.666 [main] INFO  org.apache.catalina.core.StandardService - Starting service [Tomcat]
2025-11-03 21:53:13.666 [main] INFO  org.apache.catalina.core.StandardEngine - Starting Servlet engine: [Apache Tomcat/10.1.5]
2025-11-03 21:53:13.746 [main] INFO  o.a.c.core.ContainerBase.[Tomcat].[localhost].[/] - Initializing Spring embedded WebApplicationContext
2025-11-03 21:53:13.747 [main] INFO  o.s.b.w.s.c.ServletWebServerApplicationContext - Root WebApplicationContext: initialization completed in 923 ms
2025-11-03 21:53:13.979 [main] INFO  o.s.cloud.openfeign.FeignClientFactoryBean - For 'xiaohashu-oss' URL not provided. Will try picking an instance via load-balancing.
2025-11-03 21:53:14.011 [main] INFO  c.a.d.s.b.a.DruidDataSourceAutoConfigure - Init DruidDataSource
2025-11-03 21:53:14.253 [main] INFO  com.alibaba.druid.pool.DruidDataSource - {dataSource-1} inited
2025-11-03 21:53:14.477 [main] INFO  o.s.cloud.openfeign.FeignClientFactoryBean - For 'xiaohashu-distributed-id-generator' URL not provided. Will try picking an instance via load-balancing.
2025-11-03 21:53:15.848 [main] INFO  org.springframework.cloud.commons.util.InetUtils - Cannot determine local hostname
2025-11-03 21:53:17.329 [main] INFO  org.springframework.cloud.commons.util.InetUtils - Cannot determine local hostname
2025-11-03 21:53:17.350 [main] WARN  o.s.c.l.c.LoadBalancerCacheAutoConfiguration$LoadBalancerCaffeineWarnLogger - Spring Cloud LoadBalancer is currently working with the default cache. While this cache implementation is useful for development and tests, it's recommended to use Caffeine cache in production.You can switch to using Caffeine cache, by adding it and org.springframework.cache.caffeine.CaffeineCacheManager to the classpath.
2025-11-03 21:53:17.409 [main] INFO  o.s.boot.web.embedded.tomcat.TomcatWebServer - Tomcat started on port(s): 3666 (http) with context path ''
2025-11-03 21:53:17.413 [main] WARN  com.alibaba.nacos.client.logging.NacosLogging - Load Logback Configuration of Nacos fail, message: Could not initialize Logback Nacos logging from classpath:nacos-logback.xml
2025-11-03 21:53:17.414 [main] INFO  com.alibaba.nacos.client.naming - initializer namespace from ans.namespace attribute : null
2025-11-03 21:53:17.414 [main] INFO  com.alibaba.nacos.client.naming - initializer namespace from ALIBABA_ALIWARE_NAMESPACE attribute :null
2025-11-03 21:53:17.414 [main] INFO  com.alibaba.nacos.client.naming - initializer namespace from namespace attribute :null
2025-11-03 21:53:17.433 [main] INFO  com.alibaba.nacos.client.utils.ParamUtil - [settings] [req-serv] nacos-server port:8848
2025-11-03 21:53:17.433 [main] INFO  com.alibaba.nacos.client.utils.ParamUtil - [settings] [http-client] connect timeout:1000
2025-11-03 21:53:17.434 [main] INFO  com.alibaba.nacos.client.utils.ParamUtil - PER_TASK_CONFIG_SIZE: 3000.0
2025-11-03 21:53:17.436 [main] INFO  c.a.n.p.auth.spi.client.ClientAuthPluginManager - [ClientAuthPluginManager] Load ClientAuthService com.alibaba.nacos.client.auth.impl.NacosClientAuthServiceImpl success.
2025-11-03 21:53:17.436 [main] INFO  c.a.n.p.auth.spi.client.ClientAuthPluginManager - [ClientAuthPluginManager] Load ClientAuthService com.alibaba.nacos.client.auth.ram.RamClientAuthServiceImpl success.
2025-11-03 21:53:17.437 [main] INFO  c.a.n.client.auth.ram.identify.CredentialWatcher - null No credential found
2025-11-03 21:53:17.442 [main] INFO  com.alibaba.nacos.common.remote.client - [RpcClientFactory] create a new rpc client of 287d5b5e-fe67-4a39-bb33-e52ec335f853
2025-11-03 21:53:17.456 [main] INFO  com.alibaba.nacos.common.remote.client - [287d5b5e-fe67-4a39-bb33-e52ec335f853] RpcClient init, ServerListFactory = com.alibaba.nacos.client.naming.core.ServerListManager
2025-11-03 21:53:17.456 [main] INFO  com.alibaba.nacos.common.remote.client - [287d5b5e-fe67-4a39-bb33-e52ec335f853] Registry connection listener to current client:com.alibaba.nacos.client.naming.remote.gprc.redo.NamingGrpcRedoService
2025-11-03 21:53:17.456 [main] INFO  com.alibaba.nacos.common.remote.client - [287d5b5e-fe67-4a39-bb33-e52ec335f853] Register server push request handler:com.alibaba.nacos.client.naming.remote.gprc.NamingPushRequestHandler
2025-11-03 21:53:17.458 [main] INFO  com.alibaba.nacos.common.remote.client - [287d5b5e-fe67-4a39-bb33-e52ec335f853] Try to connect to server on start up, server: {serverIp = '127.0.0.1', server main port = 8848}
2025-11-03 21:53:17.476 [main] INFO  c.a.nacos.common.remote.client.grpc.GrpcClient - grpc client connection server:127.0.0.1 ip,serverPort:9848,grpcTslConfig:{"sslProvider":"OPENSSL","enableTls":false,"mutualAuthEnable":false,"trustAll":false}
2025-11-03 21:53:18.262 [main] INFO  com.alibaba.nacos.common.remote.client - [287d5b5e-fe67-4a39-bb33-e52ec335f853] Success to connect to server [127.0.0.1:8848] on start up, connectionId = 1762177998089_127.0.0.1_3667
2025-11-03 21:53:18.263 [com.alibaba.nacos.client.remote.worker] INFO  com.alibaba.nacos.common.remote.client - [287d5b5e-fe67-4a39-bb33-e52ec335f853] Notify connected event to listeners.
2025-11-03 21:53:18.263 [com.alibaba.nacos.client.remote.worker] INFO  com.alibaba.nacos.client.naming - Grpc connection connect
2025-11-03 21:53:18.263 [main] INFO  com.alibaba.nacos.common.remote.client - [287d5b5e-fe67-4a39-bb33-e52ec335f853] Register server push request handler:com.alibaba.nacos.common.remote.client.RpcClient$ConnectResetRequestHandler
2025-11-03 21:53:18.263 [main] INFO  com.alibaba.nacos.common.remote.client - [287d5b5e-fe67-4a39-bb33-e52ec335f853] Register server push request handler:com.alibaba.nacos.common.remote.client.RpcClient$$Lambda$1266/0x00000277557ac060
2025-11-03 21:53:18.264 [main] INFO  com.alibaba.nacos.client.naming - [REGISTER-SERVICE] xiaohashu registering service xiaohashu-user with instance Instance{instanceId='null', ip='192.168.134.1', port=3666, weight=1.0, healthy=true, enabled=true, ephemeral=true, clusterName='DEFAULT', serviceName='null', metadata={IPv6=null, preserved.register.source=SPRING_CLOUD}}
2025-11-03 21:53:18.273 [main] INFO  c.a.cloud.nacos.registry.NacosServiceRegistry - nacos registry, DEFAULT_GROUP xiaohashu-user 192.168.134.1:3666 register finished
2025-11-03 21:53:19.479 [main] INFO  org.springframework.cloud.commons.util.InetUtils - Cannot determine local hostname
2025-11-03 21:53:19.484 [main] INFO  c.q.xiaohashu.user.biz.XiaohashuUserBizApplication - Started XiaohashuUserBizApplication in 9.956 seconds (process running for 10.616)
2025-11-03 21:53:19.485 [main] INFO  c.q.x.u.biz.runner.PushRolePermissions2RedisRunner - ==> 服务启动，开始同步角色权限数据到 Redis 中...
2025-11-03 21:53:19.866 [main] DEBUG c.q.x.u.b.d.mapper.RoleDOMapper.selectEnabledList - ==>  Preparing: select id, role_key, role_name from t_role where status = 0 and is_deleted = 0
2025-11-03 21:53:19.937 [main] DEBUG c.q.x.u.b.d.mapper.RoleDOMapper.selectEnabledList - ==> Parameters: 
2025-11-03 21:53:19.950 [main] DEBUG c.q.x.u.b.d.mapper.RoleDOMapper.selectEnabledList - <==      Total: 1
2025-11-03 21:53:19.960 [main] DEBUG c.q.x.u.b.d.m.R.selectByRoleIds - ==>  Preparing: select role_id, permission_id from t_role_permission_rel where role_id in ( ? )
2025-11-03 21:53:19.963 [main] DEBUG c.q.x.u.b.d.m.R.selectByRoleIds - ==> Parameters: 1(Long)
2025-11-03 21:53:19.965 [main] DEBUG c.q.x.u.b.d.m.R.selectByRoleIds - <==      Total: 2
2025-11-03 21:53:19.966 [main] DEBUG c.q.x.u.b.d.m.P.selectAppEnabledList - ==>  Preparing: select id, name, permission_key from t_permission where status = 0 and type = 3 and is_deleted = 0
2025-11-03 21:53:19.967 [main] DEBUG c.q.x.u.b.d.m.P.selectAppEnabledList - ==> Parameters: 
2025-11-03 21:53:19.969 [main] DEBUG c.q.x.u.b.d.m.P.selectAppEnabledList - <==      Total: 2
2025-11-03 21:53:19.976 [main] INFO  c.q.x.u.biz.runner.PushRolePermissions2RedisRunner - ==> 服务启动，成功同步角色权限数据到 Redis 中...
2025-11-03 21:57:23.641 [http-nio-auto-1-exec-6] INFO  o.a.c.core.ContainerBase.[Tomcat].[localhost].[/] - Initializing Spring DispatcherServlet 'dispatcherServlet'
2025-11-03 21:57:23.641 [http-nio-auto-1-exec-6] INFO  org.springframework.web.servlet.DispatcherServlet - Initializing Servlet 'dispatcherServlet'
2025-11-03 21:57:23.642 [http-nio-auto-1-exec-6] INFO  org.springframework.web.servlet.DispatcherServlet - Completed initialization in 1 ms
2025-11-03 21:57:23.646 [http-nio-auto-1-exec-6] INFO  c.q.x.user.biz.filter.HeaderUserId2ContextFilter - ## HeaderUserId2ContextFilter, 用户 ID: null
2025-11-03 22:05:02.407 [http-nio-auto-1-exec-5] INFO  c.q.x.user.biz.filter.HeaderUserId2ContextFilter - ## HeaderUserId2ContextFilter, 用户 ID: null
2025-11-03 22:07:14.625 [http-nio-auto-1-exec-8] INFO  c.q.x.user.biz.filter.HeaderUserId2ContextFilter - ## HeaderUserId2ContextFilter, 用户 ID: null
2025-11-03 22:07:16.397 [http-nio-auto-1-exec-9] INFO  c.q.x.user.biz.filter.HeaderUserId2ContextFilter - ## HeaderUserId2ContextFilter, 用户 ID: null
2025-11-03 22:09:20.773 [main] WARN  com.alibaba.nacos.client.logging.NacosLogging - Load Logback Configuration of Nacos fail, message: Could not initialize Logback Nacos logging from classpath:nacos-logback.xml
2025-11-03 22:09:20.816 [main] WARN  com.alibaba.nacos.client.logging.NacosLogging - Load Logback Configuration of Nacos fail, message: Could not initialize Logback Nacos logging from classpath:nacos-logback.xml
2025-11-03 22:09:22.231 [main] WARN  com.alibaba.nacos.client.logging.NacosLogging - Load Logback Configuration of Nacos fail, message: Could not initialize Logback Nacos logging from classpath:nacos-logback.xml
2025-11-03 22:09:22.240 [main] WARN  com.alibaba.nacos.client.logging.NacosLogging - Load Logback Configuration of Nacos fail, message: Could not initialize Logback Nacos logging from classpath:nacos-logback.xml
2025-11-03 22:09:22.240 [main] INFO  c.q.xiaohashu.user.biz.XiaohashuUserBizApplication - The following 1 profile is active: "dev"
2025-11-03 22:09:22.653 [main] INFO  o.s.d.r.config.RepositoryConfigurationDelegate - Multiple Spring Data modules found, entering strict repository configuration mode
2025-11-03 22:09:22.655 [main] INFO  o.s.d.r.config.RepositoryConfigurationDelegate - Bootstrapping Spring Data Redis repositories in DEFAULT mode.
2025-11-03 22:09:22.670 [main] INFO  o.s.d.r.config.RepositoryConfigurationDelegate - Finished Spring Data repository scanning in 6 ms. Found 0 Redis repository interfaces.
2025-11-03 22:09:22.815 [main] INFO  o.springframework.cloud.context.scope.GenericScope - BeanFactory id=8e9756ee-41a9-319d-952b-5f0350784c92
2025-11-03 22:09:22.839 [main] INFO  o.s.c.s.PostProcessorRegistrationDelegate$BeanPostProcessorChecker - Bean 'com.quanxiaoha.xiaohashu.distributed.id.generator.api.DistributedIdGeneratorFeignApi' of type [org.springframework.cloud.openfeign.FeignClientFactoryBean] is not eligible for getting processed by all BeanPostProcessors (for example: not eligible for auto-proxying)
2025-11-03 22:09:22.840 [main] INFO  o.s.c.s.PostProcessorRegistrationDelegate$BeanPostProcessorChecker - Bean 'com.quanxiaoha.xiaohashu.oss.api.FileFeignApi' of type [org.springframework.cloud.openfeign.FeignClientFactoryBean] is not eligible for getting processed by all BeanPostProcessors (for example: not eligible for auto-proxying)
2025-11-03 22:09:22.841 [main] INFO  o.s.c.s.PostProcessorRegistrationDelegate$BeanPostProcessorChecker - Bean 'com.quanxiaoha.xiaohashu.user.api.UserFeignApi' of type [org.springframework.cloud.openfeign.FeignClientFactoryBean] is not eligible for getting processed by all BeanPostProcessors (for example: not eligible for auto-proxying)
2025-11-03 22:09:23.099 [main] INFO  o.s.boot.web.embedded.tomcat.TomcatWebServer - Tomcat initialized with port(s): 0 (http)
2025-11-03 22:09:23.105 [main] INFO  org.apache.catalina.core.StandardService - Starting service [Tomcat]
2025-11-03 22:09:23.106 [main] INFO  org.apache.catalina.core.StandardEngine - Starting Servlet engine: [Apache Tomcat/10.1.5]
2025-11-03 22:09:23.190 [main] INFO  o.a.c.core.ContainerBase.[Tomcat].[localhost].[/] - Initializing Spring embedded WebApplicationContext
2025-11-03 22:09:23.190 [main] INFO  o.s.b.w.s.c.ServletWebServerApplicationContext - Root WebApplicationContext: initialization completed in 934 ms
2025-11-03 22:09:23.419 [main] INFO  o.s.cloud.openfeign.FeignClientFactoryBean - For 'xiaohashu-oss' URL not provided. Will try picking an instance via load-balancing.
2025-11-03 22:09:23.450 [main] INFO  c.a.d.s.b.a.DruidDataSourceAutoConfigure - Init DruidDataSource
2025-11-03 22:09:23.670 [main] INFO  com.alibaba.druid.pool.DruidDataSource - {dataSource-1} inited
2025-11-03 22:09:23.879 [main] INFO  o.s.cloud.openfeign.FeignClientFactoryBean - For 'xiaohashu-distributed-id-generator' URL not provided. Will try picking an instance via load-balancing.
2025-11-03 22:09:25.265 [main] INFO  org.springframework.cloud.commons.util.InetUtils - Cannot determine local hostname
2025-11-03 22:09:26.741 [main] INFO  org.springframework.cloud.commons.util.InetUtils - Cannot determine local hostname
2025-11-03 22:09:26.757 [main] WARN  o.s.c.l.c.LoadBalancerCacheAutoConfiguration$LoadBalancerCaffeineWarnLogger - Spring Cloud LoadBalancer is currently working with the default cache. While this cache implementation is useful for development and tests, it's recommended to use Caffeine cache in production.You can switch to using Caffeine cache, by adding it and org.springframework.cache.caffeine.CaffeineCacheManager to the classpath.
2025-11-03 22:09:26.815 [main] INFO  o.s.boot.web.embedded.tomcat.TomcatWebServer - Tomcat started on port(s): 4651 (http) with context path ''
2025-11-03 22:09:26.819 [main] WARN  com.alibaba.nacos.client.logging.NacosLogging - Load Logback Configuration of Nacos fail, message: Could not initialize Logback Nacos logging from classpath:nacos-logback.xml
2025-11-03 22:09:26.819 [main] INFO  com.alibaba.nacos.client.naming - initializer namespace from ans.namespace attribute : null
2025-11-03 22:09:26.820 [main] INFO  com.alibaba.nacos.client.naming - initializer namespace from ALIBABA_ALIWARE_NAMESPACE attribute :null
2025-11-03 22:09:26.820 [main] INFO  com.alibaba.nacos.client.naming - initializer namespace from namespace attribute :null
2025-11-03 22:09:26.838 [main] INFO  com.alibaba.nacos.client.utils.ParamUtil - [settings] [req-serv] nacos-server port:8848
2025-11-03 22:09:26.838 [main] INFO  com.alibaba.nacos.client.utils.ParamUtil - [settings] [http-client] connect timeout:1000
2025-11-03 22:09:26.838 [main] INFO  com.alibaba.nacos.client.utils.ParamUtil - PER_TASK_CONFIG_SIZE: 3000.0
2025-11-03 22:09:26.841 [main] INFO  c.a.n.p.auth.spi.client.ClientAuthPluginManager - [ClientAuthPluginManager] Load ClientAuthService com.alibaba.nacos.client.auth.impl.NacosClientAuthServiceImpl success.
2025-11-03 22:09:26.841 [main] INFO  c.a.n.p.auth.spi.client.ClientAuthPluginManager - [ClientAuthPluginManager] Load ClientAuthService com.alibaba.nacos.client.auth.ram.RamClientAuthServiceImpl success.
2025-11-03 22:09:26.843 [main] INFO  c.a.n.client.auth.ram.identify.CredentialWatcher - null No credential found
2025-11-03 22:09:26.847 [main] INFO  com.alibaba.nacos.common.remote.client - [RpcClientFactory] create a new rpc client of 71f547e8-b295-46f7-a19b-751e22a33a6a
2025-11-03 22:09:26.860 [main] INFO  com.alibaba.nacos.common.remote.client - [71f547e8-b295-46f7-a19b-751e22a33a6a] RpcClient init, ServerListFactory = com.alibaba.nacos.client.naming.core.ServerListManager
2025-11-03 22:09:26.861 [main] INFO  com.alibaba.nacos.common.remote.client - [71f547e8-b295-46f7-a19b-751e22a33a6a] Registry connection listener to current client:com.alibaba.nacos.client.naming.remote.gprc.redo.NamingGrpcRedoService
2025-11-03 22:09:26.861 [main] INFO  com.alibaba.nacos.common.remote.client - [71f547e8-b295-46f7-a19b-751e22a33a6a] Register server push request handler:com.alibaba.nacos.client.naming.remote.gprc.NamingPushRequestHandler
2025-11-03 22:09:26.863 [main] INFO  com.alibaba.nacos.common.remote.client - [71f547e8-b295-46f7-a19b-751e22a33a6a] Try to connect to server on start up, server: {serverIp = '127.0.0.1', server main port = 8848}
2025-11-03 22:09:26.885 [main] INFO  c.a.nacos.common.remote.client.grpc.GrpcClient - grpc client connection server:127.0.0.1 ip,serverPort:9848,grpcTslConfig:{"sslProvider":"OPENSSL","enableTls":false,"mutualAuthEnable":false,"trustAll":false}
2025-11-03 22:09:27.687 [main] INFO  com.alibaba.nacos.common.remote.client - [71f547e8-b295-46f7-a19b-751e22a33a6a] Success to connect to server [127.0.0.1:8848] on start up, connectionId = 1762178967512_127.0.0.1_4652
2025-11-03 22:09:27.688 [com.alibaba.nacos.client.remote.worker] INFO  com.alibaba.nacos.common.remote.client - [71f547e8-b295-46f7-a19b-751e22a33a6a] Notify connected event to listeners.
2025-11-03 22:09:27.688 [com.alibaba.nacos.client.remote.worker] INFO  com.alibaba.nacos.client.naming - Grpc connection connect
2025-11-03 22:09:27.688 [main] INFO  com.alibaba.nacos.common.remote.client - [71f547e8-b295-46f7-a19b-751e22a33a6a] Register server push request handler:com.alibaba.nacos.common.remote.client.RpcClient$ConnectResetRequestHandler
2025-11-03 22:09:27.688 [main] INFO  com.alibaba.nacos.common.remote.client - [71f547e8-b295-46f7-a19b-751e22a33a6a] Register server push request handler:com.alibaba.nacos.common.remote.client.RpcClient$$Lambda$1266/0x00000191817ab4f8
2025-11-03 22:09:27.689 [main] INFO  com.alibaba.nacos.client.naming - [REGISTER-SERVICE] xiaohashu registering service xiaohashu-user with instance Instance{instanceId='null', ip='192.168.134.1', port=4651, weight=1.0, healthy=true, enabled=true, ephemeral=true, clusterName='DEFAULT', serviceName='null', metadata={IPv6=null, preserved.register.source=SPRING_CLOUD}}
2025-11-03 22:09:27.699 [main] INFO  c.a.cloud.nacos.registry.NacosServiceRegistry - nacos registry, DEFAULT_GROUP xiaohashu-user 192.168.134.1:4651 register finished
2025-11-03 22:09:28.902 [main] INFO  org.springframework.cloud.commons.util.InetUtils - Cannot determine local hostname
2025-11-03 22:09:28.909 [main] INFO  c.q.xiaohashu.user.biz.XiaohashuUserBizApplication - Started XiaohashuUserBizApplication in 9.775 seconds (process running for 10.34)
2025-11-03 22:09:28.910 [main] INFO  c.q.x.u.biz.runner.PushRolePermissions2RedisRunner - ==> 服务启动，开始同步角色权限数据到 Redis 中...
2025-11-03 22:09:29.222 [main] WARN  c.q.x.u.biz.runner.PushRolePermissions2RedisRunner - ==> 角色权限数据已经同步至 Redis 中，不再同步...
2025-11-03 22:11:05.584 [http-nio-auto-1-exec-3] INFO  o.a.c.core.ContainerBase.[Tomcat].[localhost].[/] - Initializing Spring DispatcherServlet 'dispatcherServlet'
2025-11-03 22:11:05.585 [http-nio-auto-1-exec-3] INFO  org.springframework.web.servlet.DispatcherServlet - Initializing Servlet 'dispatcherServlet'
2025-11-03 22:11:05.585 [http-nio-auto-1-exec-3] INFO  org.springframework.web.servlet.DispatcherServlet - Completed initialization in 0 ms
2025-11-03 22:11:05.591 [http-nio-auto-1-exec-3] INFO  c.q.x.user.biz.filter.HeaderUserId2ContextFilter - ## HeaderUserId2ContextFilter, 用户 ID: null
2025-11-03 22:11:39.537 [http-nio-auto-1-exec-9] INFO  c.q.x.user.biz.filter.HeaderUserId2ContextFilter - ## HeaderUserId2ContextFilter, 用户 ID: 5
2025-11-03 22:11:39.537 [http-nio-auto-1-exec-9] INFO  c.q.x.user.biz.filter.HeaderUserId2ContextFilter - ===== 设置 userId 到 ThreadLocal 中， 用户 ID: 5
2025-11-03 22:11:39.544 [http-nio-auto-1-exec-9] INFO  c.q.x.user.biz.filter.HeaderUserId2ContextFilter - ===== 删除 ThreadLocal， userId: 5
2025-11-03 22:11:49.269 [http-nio-auto-1-exec-4] INFO  c.q.x.user.biz.filter.HeaderUserId2ContextFilter - ## HeaderUserId2ContextFilter, 用户 ID: 5
2025-11-03 22:11:49.269 [http-nio-auto-1-exec-4] INFO  c.q.x.user.biz.filter.HeaderUserId2ContextFilter - ===== 设置 userId 到 ThreadLocal 中， 用户 ID: 5
2025-11-03 22:11:49.271 [http-nio-auto-1-exec-4] INFO  c.q.x.user.biz.filter.HeaderUserId2ContextFilter - ===== 删除 ThreadLocal， userId: 5
2025-11-03 22:28:17.484 [main] WARN  com.alibaba.nacos.client.logging.NacosLogging - Load Logback Configuration of Nacos fail, message: Could not initialize Logback Nacos logging from classpath:nacos-logback.xml
2025-11-03 22:28:17.530 [main] WARN  com.alibaba.nacos.client.logging.NacosLogging - Load Logback Configuration of Nacos fail, message: Could not initialize Logback Nacos logging from classpath:nacos-logback.xml
2025-11-03 22:28:18.961 [main] WARN  com.alibaba.nacos.client.logging.NacosLogging - Load Logback Configuration of Nacos fail, message: Could not initialize Logback Nacos logging from classpath:nacos-logback.xml
2025-11-03 22:28:18.970 [main] WARN  com.alibaba.nacos.client.logging.NacosLogging - Load Logback Configuration of Nacos fail, message: Could not initialize Logback Nacos logging from classpath:nacos-logback.xml
2025-11-03 22:28:18.970 [main] INFO  c.q.xiaohashu.user.biz.XiaohashuUserBizApplication - The following 1 profile is active: "dev"
2025-11-03 22:28:19.355 [main] INFO  o.s.d.r.config.RepositoryConfigurationDelegate - Multiple Spring Data modules found, entering strict repository configuration mode
2025-11-03 22:28:19.356 [main] INFO  o.s.d.r.config.RepositoryConfigurationDelegate - Bootstrapping Spring Data Redis repositories in DEFAULT mode.
2025-11-03 22:28:19.370 [main] INFO  o.s.d.r.config.RepositoryConfigurationDelegate - Finished Spring Data repository scanning in 6 ms. Found 0 Redis repository interfaces.
2025-11-03 22:28:19.509 [main] INFO  o.springframework.cloud.context.scope.GenericScope - BeanFactory id=b72adeb3-8f91-30a7-961e-ca57e39fdb48
2025-11-03 22:28:19.530 [main] INFO  o.s.c.s.PostProcessorRegistrationDelegate$BeanPostProcessorChecker - Bean 'com.quanxiaoha.xiaohashu.distributed.id.generator.api.DistributedIdGeneratorFeignApi' of type [org.springframework.cloud.openfeign.FeignClientFactoryBean] is not eligible for getting processed by all BeanPostProcessors (for example: not eligible for auto-proxying)
2025-11-03 22:28:19.532 [main] INFO  o.s.c.s.PostProcessorRegistrationDelegate$BeanPostProcessorChecker - Bean 'com.quanxiaoha.xiaohashu.oss.api.FileFeignApi' of type [org.springframework.cloud.openfeign.FeignClientFactoryBean] is not eligible for getting processed by all BeanPostProcessors (for example: not eligible for auto-proxying)
2025-11-03 22:28:19.532 [main] INFO  o.s.c.s.PostProcessorRegistrationDelegate$BeanPostProcessorChecker - Bean 'com.quanxiaoha.xiaohashu.user.api.UserFeignApi' of type [org.springframework.cloud.openfeign.FeignClientFactoryBean] is not eligible for getting processed by all BeanPostProcessors (for example: not eligible for auto-proxying)
2025-11-03 22:28:19.777 [main] INFO  o.s.boot.web.embedded.tomcat.TomcatWebServer - Tomcat initialized with port(s): 0 (http)
2025-11-03 22:28:19.785 [main] INFO  org.apache.catalina.core.StandardService - Starting service [Tomcat]
2025-11-03 22:28:19.785 [main] INFO  org.apache.catalina.core.StandardEngine - Starting Servlet engine: [Apache Tomcat/10.1.5]
2025-11-03 22:28:19.865 [main] INFO  o.a.c.core.ContainerBase.[Tomcat].[localhost].[/] - Initializing Spring embedded WebApplicationContext
2025-11-03 22:28:19.866 [main] INFO  o.s.b.w.s.c.ServletWebServerApplicationContext - Root WebApplicationContext: initialization completed in 881 ms
2025-11-03 22:28:20.089 [main] INFO  o.s.cloud.openfeign.FeignClientFactoryBean - For 'xiaohashu-oss' URL not provided. Will try picking an instance via load-balancing.
2025-11-03 22:28:20.119 [main] INFO  c.a.d.s.b.a.DruidDataSourceAutoConfigure - Init DruidDataSource
2025-11-03 22:28:20.323 [main] INFO  com.alibaba.druid.pool.DruidDataSource - {dataSource-1} inited
2025-11-03 22:28:20.529 [main] INFO  o.s.cloud.openfeign.FeignClientFactoryBean - For 'xiaohashu-distributed-id-generator' URL not provided. Will try picking an instance via load-balancing.
2025-11-03 22:28:21.895 [main] INFO  org.springframework.cloud.commons.util.InetUtils - Cannot determine local hostname
2025-11-03 22:28:23.373 [main] INFO  org.springframework.cloud.commons.util.InetUtils - Cannot determine local hostname
2025-11-03 22:28:23.388 [main] WARN  o.s.c.l.c.LoadBalancerCacheAutoConfiguration$LoadBalancerCaffeineWarnLogger - Spring Cloud LoadBalancer is currently working with the default cache. While this cache implementation is useful for development and tests, it's recommended to use Caffeine cache in production.You can switch to using Caffeine cache, by adding it and org.springframework.cache.caffeine.CaffeineCacheManager to the classpath.
2025-11-03 22:28:23.442 [main] INFO  o.s.boot.web.embedded.tomcat.TomcatWebServer - Tomcat started on port(s): 5565 (http) with context path ''
2025-11-03 22:28:23.446 [main] WARN  com.alibaba.nacos.client.logging.NacosLogging - Load Logback Configuration of Nacos fail, message: Could not initialize Logback Nacos logging from classpath:nacos-logback.xml
2025-11-03 22:28:23.446 [main] INFO  com.alibaba.nacos.client.naming - initializer namespace from ans.namespace attribute : null
2025-11-03 22:28:23.446 [main] INFO  com.alibaba.nacos.client.naming - initializer namespace from ALIBABA_ALIWARE_NAMESPACE attribute :null
2025-11-03 22:28:23.447 [main] INFO  com.alibaba.nacos.client.naming - initializer namespace from namespace attribute :null
2025-11-03 22:28:23.463 [main] INFO  com.alibaba.nacos.client.utils.ParamUtil - [settings] [req-serv] nacos-server port:8848
2025-11-03 22:28:23.463 [main] INFO  com.alibaba.nacos.client.utils.ParamUtil - [settings] [http-client] connect timeout:1000
2025-11-03 22:28:23.464 [main] INFO  com.alibaba.nacos.client.utils.ParamUtil - PER_TASK_CONFIG_SIZE: 3000.0
2025-11-03 22:28:23.467 [main] INFO  c.a.n.p.auth.spi.client.ClientAuthPluginManager - [ClientAuthPluginManager] Load ClientAuthService com.alibaba.nacos.client.auth.impl.NacosClientAuthServiceImpl success.
2025-11-03 22:28:23.467 [main] INFO  c.a.n.p.auth.spi.client.ClientAuthPluginManager - [ClientAuthPluginManager] Load ClientAuthService com.alibaba.nacos.client.auth.ram.RamClientAuthServiceImpl success.
2025-11-03 22:28:23.469 [main] INFO  c.a.n.client.auth.ram.identify.CredentialWatcher - null No credential found
2025-11-03 22:28:23.473 [main] INFO  com.alibaba.nacos.common.remote.client - [RpcClientFactory] create a new rpc client of 239fa633-60ba-4a60-8ce7-e783eed7f883
2025-11-03 22:28:23.485 [main] INFO  com.alibaba.nacos.common.remote.client - [239fa633-60ba-4a60-8ce7-e783eed7f883] RpcClient init, ServerListFactory = com.alibaba.nacos.client.naming.core.ServerListManager
2025-11-03 22:28:23.485 [main] INFO  com.alibaba.nacos.common.remote.client - [239fa633-60ba-4a60-8ce7-e783eed7f883] Registry connection listener to current client:com.alibaba.nacos.client.naming.remote.gprc.redo.NamingGrpcRedoService
2025-11-03 22:28:23.485 [main] INFO  com.alibaba.nacos.common.remote.client - [239fa633-60ba-4a60-8ce7-e783eed7f883] Register server push request handler:com.alibaba.nacos.client.naming.remote.gprc.NamingPushRequestHandler
2025-11-03 22:28:23.488 [main] INFO  com.alibaba.nacos.common.remote.client - [239fa633-60ba-4a60-8ce7-e783eed7f883] Try to connect to server on start up, server: {serverIp = '127.0.0.1', server main port = 8848}
2025-11-03 22:28:23.506 [main] INFO  c.a.nacos.common.remote.client.grpc.GrpcClient - grpc client connection server:127.0.0.1 ip,serverPort:9848,grpcTslConfig:{"sslProvider":"OPENSSL","enableTls":false,"mutualAuthEnable":false,"trustAll":false}
2025-11-03 22:28:24.306 [main] INFO  com.alibaba.nacos.common.remote.client - [239fa633-60ba-4a60-8ce7-e783eed7f883] Success to connect to server [127.0.0.1:8848] on start up, connectionId = 1762180104152_127.0.0.1_5566
2025-11-03 22:28:24.307 [com.alibaba.nacos.client.remote.worker] INFO  com.alibaba.nacos.common.remote.client - [239fa633-60ba-4a60-8ce7-e783eed7f883] Notify connected event to listeners.
2025-11-03 22:28:24.307 [com.alibaba.nacos.client.remote.worker] INFO  com.alibaba.nacos.client.naming - Grpc connection connect
2025-11-03 22:28:24.307 [main] INFO  com.alibaba.nacos.common.remote.client - [239fa633-60ba-4a60-8ce7-e783eed7f883] Register server push request handler:com.alibaba.nacos.common.remote.client.RpcClient$ConnectResetRequestHandler
2025-11-03 22:28:24.307 [main] INFO  com.alibaba.nacos.common.remote.client - [239fa633-60ba-4a60-8ce7-e783eed7f883] Register server push request handler:com.alibaba.nacos.common.remote.client.RpcClient$$Lambda$1255/0x00000227d47ad240
2025-11-03 22:28:24.308 [main] INFO  com.alibaba.nacos.client.naming - [REGISTER-SERVICE] xiaohashu registering service xiaohashu-user with instance Instance{instanceId='null', ip='192.168.134.1', port=5565, weight=1.0, healthy=true, enabled=true, ephemeral=true, clusterName='DEFAULT', serviceName='null', metadata={IPv6=null, preserved.register.source=SPRING_CLOUD}}
2025-11-03 22:28:24.318 [main] INFO  c.a.cloud.nacos.registry.NacosServiceRegistry - nacos registry, DEFAULT_GROUP xiaohashu-user 192.168.134.1:5565 register finished
2025-11-03 22:28:25.520 [main] INFO  org.springframework.cloud.commons.util.InetUtils - Cannot determine local hostname
2025-11-03 22:28:25.528 [main] INFO  c.q.xiaohashu.user.biz.XiaohashuUserBizApplication - Started XiaohashuUserBizApplication in 9.697 seconds (process running for 10.338)
2025-11-03 22:28:25.530 [main] INFO  c.q.x.u.biz.runner.PushRolePermissions2RedisRunner - ==> 服务启动，开始同步角色权限数据到 Redis 中...
2025-11-03 22:28:25.863 [main] WARN  c.q.x.u.biz.runner.PushRolePermissions2RedisRunner - ==> 角色权限数据已经同步至 Redis 中，不再同步...
2025-11-03 22:29:02.138 [http-nio-auto-1-exec-1] INFO  o.a.c.core.ContainerBase.[Tomcat].[localhost].[/] - Initializing Spring DispatcherServlet 'dispatcherServlet'
2025-11-03 22:29:02.138 [http-nio-auto-1-exec-1] INFO  org.springframework.web.servlet.DispatcherServlet - Initializing Servlet 'dispatcherServlet'
2025-11-03 22:29:02.139 [http-nio-auto-1-exec-1] INFO  org.springframework.web.servlet.DispatcherServlet - Completed initialization in 1 ms
2025-11-03 22:29:02.144 [http-nio-auto-1-exec-1] INFO  c.q.x.user.biz.filter.HeaderUserId2ContextFilter - ## HeaderUserId2ContextFilter, 用户 ID: null
2025-11-03 22:29:02.201 [http-nio-auto-1-exec-1] INFO  c.q.f.b.operationlog.aspect.ApiOperationLogAspect - ====== 请求开始: [查询用户信息], 入参: {"id":12}, 请求类: UserController, 请求方法: findById =================================== 
2025-11-03 22:29:02.221 [http-nio-auto-1-exec-1] DEBUG c.q.x.u.b.d.mapper.UserDOMapper.selectByPrimaryKey - ==>  Preparing: select id, xiaohashu_id, `password`, nickname, avatar, birthday, background_img, phone, sex, `status`, introduction, create_time, update_time, is_deleted from t_user where id = ?
2025-11-03 22:29:02.297 [http-nio-auto-1-exec-1] DEBUG c.q.x.u.b.d.mapper.UserDOMapper.selectByPrimaryKey - ==> Parameters: 12(Long)
2025-11-03 22:29:02.311 [http-nio-auto-1-exec-1] DEBUG c.q.x.u.b.d.mapper.UserDOMapper.selectByPrimaryKey - <==      Total: 1
2025-11-03 22:29:02.315 [http-nio-auto-1-exec-1] INFO  c.q.f.b.operationlog.aspect.ApiOperationLogAspect - ====== 请求结束: [查询用户信息], 耗时: 112ms, 出参: {"success":true,"message":null,"errorCode":null,"data":{"id":12,"nickName":"小红薯10100","avatar":null}} =================================== 
2025-11-03 22:30:48.349 [http-nio-auto-1-exec-5] INFO  c.q.x.user.biz.filter.HeaderUserId2ContextFilter - ## HeaderUserId2ContextFilter, 用户 ID: null
2025-11-03 22:30:48.350 [http-nio-auto-1-exec-5] INFO  c.q.f.b.operationlog.aspect.ApiOperationLogAspect - ====== 请求开始: [查询用户信息], 入参: {"id":-1}, 请求类: UserController, 请求方法: findById =================================== 
2025-11-03 22:30:48.352 [http-nio-auto-1-exec-5] DEBUG c.q.x.u.b.d.mapper.UserDOMapper.selectByPrimaryKey - ==>  Preparing: select id, xiaohashu_id, `password`, nickname, avatar, birthday, background_img, phone, sex, `status`, introduction, create_time, update_time, is_deleted from t_user where id = ?
2025-11-03 22:30:48.353 [http-nio-auto-1-exec-5] DEBUG c.q.x.u.b.d.mapper.UserDOMapper.selectByPrimaryKey - ==> Parameters: -1(Long)
2025-11-03 22:30:48.358 [http-nio-auto-1-exec-5] DEBUG c.q.x.u.b.d.mapper.UserDOMapper.selectByPrimaryKey - <==      Total: 0
2025-11-03 22:30:48.361 [http-nio-auto-1-exec-5] WARN  c.q.x.user.biz.exception.GlobalExceptionHandler - /user/findById request fail, errorCode: USER-20007, errorMessage: 该用户不存在
2025-11-03 22:41:56.826 [main] WARN  com.alibaba.nacos.client.logging.NacosLogging - Load Logback Configuration of Nacos fail, message: Could not initialize Logback Nacos logging from classpath:nacos-logback.xml
2025-11-03 22:41:56.867 [main] WARN  com.alibaba.nacos.client.logging.NacosLogging - Load Logback Configuration of Nacos fail, message: Could not initialize Logback Nacos logging from classpath:nacos-logback.xml
2025-11-03 22:41:58.294 [main] WARN  com.alibaba.nacos.client.logging.NacosLogging - Load Logback Configuration of Nacos fail, message: Could not initialize Logback Nacos logging from classpath:nacos-logback.xml
2025-11-03 22:41:58.302 [main] WARN  com.alibaba.nacos.client.logging.NacosLogging - Load Logback Configuration of Nacos fail, message: Could not initialize Logback Nacos logging from classpath:nacos-logback.xml
2025-11-03 22:41:58.303 [main] INFO  c.q.xiaohashu.user.biz.XiaohashuUserBizApplication - The following 1 profile is active: "dev"
2025-11-03 22:41:58.676 [main] INFO  o.s.d.r.config.RepositoryConfigurationDelegate - Multiple Spring Data modules found, entering strict repository configuration mode
2025-11-03 22:41:58.678 [main] INFO  o.s.d.r.config.RepositoryConfigurationDelegate - Bootstrapping Spring Data Redis repositories in DEFAULT mode.
2025-11-03 22:41:58.699 [main] INFO  o.s.d.r.config.RepositoryConfigurationDelegate - Finished Spring Data repository scanning in 5 ms. Found 0 Redis repository interfaces.
2025-11-03 22:41:58.820 [main] INFO  o.springframework.cloud.context.scope.GenericScope - BeanFactory id=b4fb9701-1d42-32c1-895a-118a8af6bf8c
2025-11-03 22:41:58.840 [main] INFO  o.s.c.s.PostProcessorRegistrationDelegate$BeanPostProcessorChecker - Bean 'com.quanxiaoha.xiaohashu.distributed.id.generator.api.DistributedIdGeneratorFeignApi' of type [org.springframework.cloud.openfeign.FeignClientFactoryBean] is not eligible for getting processed by all BeanPostProcessors (for example: not eligible for auto-proxying)
2025-11-03 22:41:58.840 [main] INFO  o.s.c.s.PostProcessorRegistrationDelegate$BeanPostProcessorChecker - Bean 'com.quanxiaoha.xiaohashu.oss.api.FileFeignApi' of type [org.springframework.cloud.openfeign.FeignClientFactoryBean] is not eligible for getting processed by all BeanPostProcessors (for example: not eligible for auto-proxying)
2025-11-03 22:41:58.842 [main] INFO  o.s.c.s.PostProcessorRegistrationDelegate$BeanPostProcessorChecker - Bean 'com.quanxiaoha.xiaohashu.user.api.UserFeignApi' of type [org.springframework.cloud.openfeign.FeignClientFactoryBean] is not eligible for getting processed by all BeanPostProcessors (for example: not eligible for auto-proxying)
2025-11-03 22:41:59.077 [main] INFO  o.s.boot.web.embedded.tomcat.TomcatWebServer - Tomcat initialized with port(s): 0 (http)
2025-11-03 22:41:59.082 [main] INFO  org.apache.catalina.core.StandardService - Starting service [Tomcat]
2025-11-03 22:41:59.082 [main] INFO  org.apache.catalina.core.StandardEngine - Starting Servlet engine: [Apache Tomcat/10.1.5]
2025-11-03 22:41:59.157 [main] INFO  o.a.c.core.ContainerBase.[Tomcat].[localhost].[/] - Initializing Spring embedded WebApplicationContext
2025-11-03 22:41:59.157 [main] INFO  o.s.b.w.s.c.ServletWebServerApplicationContext - Root WebApplicationContext: initialization completed in 838 ms
2025-11-03 22:41:59.367 [main] INFO  o.s.cloud.openfeign.FeignClientFactoryBean - For 'xiaohashu-oss' URL not provided. Will try picking an instance via load-balancing.
2025-11-03 22:41:59.400 [main] INFO  c.a.d.s.b.a.DruidDataSourceAutoConfigure - Init DruidDataSource
2025-11-03 22:41:59.589 [main] INFO  com.alibaba.druid.pool.DruidDataSource - {dataSource-1} inited
2025-11-03 22:41:59.773 [main] INFO  o.s.cloud.openfeign.FeignClientFactoryBean - For 'xiaohashu-distributed-id-generator' URL not provided. Will try picking an instance via load-balancing.
2025-11-03 22:42:01.133 [main] INFO  org.springframework.cloud.commons.util.InetUtils - Cannot determine local hostname
2025-11-03 22:42:02.594 [main] INFO  org.springframework.cloud.commons.util.InetUtils - Cannot determine local hostname
2025-11-03 22:42:02.673 [main] INFO  o.s.boot.web.embedded.tomcat.TomcatWebServer - Tomcat started on port(s): 5894 (http) with context path ''
2025-11-03 22:42:02.677 [main] WARN  com.alibaba.nacos.client.logging.NacosLogging - Load Logback Configuration of Nacos fail, message: Could not initialize Logback Nacos logging from classpath:nacos-logback.xml
2025-11-03 22:42:02.677 [main] INFO  com.alibaba.nacos.client.naming - initializer namespace from ans.namespace attribute : null
2025-11-03 22:42:02.678 [main] INFO  com.alibaba.nacos.client.naming - initializer namespace from ALIBABA_ALIWARE_NAMESPACE attribute :null
2025-11-03 22:42:02.678 [main] INFO  com.alibaba.nacos.client.naming - initializer namespace from namespace attribute :null
2025-11-03 22:42:02.691 [main] INFO  com.alibaba.nacos.client.utils.ParamUtil - [settings] [req-serv] nacos-server port:8848
2025-11-03 22:42:02.691 [main] INFO  com.alibaba.nacos.client.utils.ParamUtil - [settings] [http-client] connect timeout:1000
2025-11-03 22:42:02.691 [main] INFO  com.alibaba.nacos.client.utils.ParamUtil - PER_TASK_CONFIG_SIZE: 3000.0
2025-11-03 22:42:02.693 [main] INFO  c.a.n.p.auth.spi.client.ClientAuthPluginManager - [ClientAuthPluginManager] Load ClientAuthService com.alibaba.nacos.client.auth.impl.NacosClientAuthServiceImpl success.
2025-11-03 22:42:02.693 [main] INFO  c.a.n.p.auth.spi.client.ClientAuthPluginManager - [ClientAuthPluginManager] Load ClientAuthService com.alibaba.nacos.client.auth.ram.RamClientAuthServiceImpl success.
2025-11-03 22:42:02.695 [main] INFO  c.a.n.client.auth.ram.identify.CredentialWatcher - null No credential found
2025-11-03 22:42:02.699 [main] INFO  com.alibaba.nacos.common.remote.client - [RpcClientFactory] create a new rpc client of e91c0758-553a-48aa-8e57-70cc38c4320d
2025-11-03 22:42:02.710 [main] INFO  com.alibaba.nacos.common.remote.client - [e91c0758-553a-48aa-8e57-70cc38c4320d] RpcClient init, ServerListFactory = com.alibaba.nacos.client.naming.core.ServerListManager
2025-11-03 22:42:02.710 [main] INFO  com.alibaba.nacos.common.remote.client - [e91c0758-553a-48aa-8e57-70cc38c4320d] Registry connection listener to current client:com.alibaba.nacos.client.naming.remote.gprc.redo.NamingGrpcRedoService
2025-11-03 22:42:02.710 [main] INFO  com.alibaba.nacos.common.remote.client - [e91c0758-553a-48aa-8e57-70cc38c4320d] Register server push request handler:com.alibaba.nacos.client.naming.remote.gprc.NamingPushRequestHandler
2025-11-03 22:42:02.711 [main] INFO  com.alibaba.nacos.common.remote.client - [e91c0758-553a-48aa-8e57-70cc38c4320d] Try to connect to server on start up, server: {serverIp = '127.0.0.1', server main port = 8848}
2025-11-03 22:42:02.730 [main] INFO  c.a.nacos.common.remote.client.grpc.GrpcClient - grpc client connection server:127.0.0.1 ip,serverPort:9848,grpcTslConfig:{"sslProvider":"OPENSSL","enableTls":false,"mutualAuthEnable":false,"trustAll":false}
2025-11-03 22:42:03.407 [main] INFO  com.alibaba.nacos.common.remote.client - [e91c0758-553a-48aa-8e57-70cc38c4320d] Success to connect to server [127.0.0.1:8848] on start up, connectionId = 1762180923250_127.0.0.1_5895
2025-11-03 22:42:03.408 [com.alibaba.nacos.client.remote.worker] INFO  com.alibaba.nacos.common.remote.client - [e91c0758-553a-48aa-8e57-70cc38c4320d] Notify connected event to listeners.
2025-11-03 22:42:03.408 [com.alibaba.nacos.client.remote.worker] INFO  com.alibaba.nacos.client.naming - Grpc connection connect
2025-11-03 22:42:03.408 [main] INFO  com.alibaba.nacos.common.remote.client - [e91c0758-553a-48aa-8e57-70cc38c4320d] Register server push request handler:com.alibaba.nacos.common.remote.client.RpcClient$ConnectResetRequestHandler
2025-11-03 22:42:03.408 [main] INFO  com.alibaba.nacos.common.remote.client - [e91c0758-553a-48aa-8e57-70cc38c4320d] Register server push request handler:com.alibaba.nacos.common.remote.client.RpcClient$$Lambda$1258/0x000001c5057b93e8
2025-11-03 22:42:03.409 [main] INFO  com.alibaba.nacos.client.naming - [REGISTER-SERVICE] xiaohashu registering service xiaohashu-user with instance Instance{instanceId='null', ip='192.168.134.1', port=5894, weight=1.0, healthy=true, enabled=true, ephemeral=true, clusterName='DEFAULT', serviceName='null', metadata={IPv6=null, preserved.register.source=SPRING_CLOUD}}
2025-11-03 22:42:03.420 [main] INFO  c.a.cloud.nacos.registry.NacosServiceRegistry - nacos registry, DEFAULT_GROUP xiaohashu-user 192.168.134.1:5894 register finished
2025-11-03 22:42:04.606 [main] INFO  org.springframework.cloud.commons.util.InetUtils - Cannot determine local hostname
2025-11-03 22:42:04.612 [main] INFO  c.q.xiaohashu.user.biz.XiaohashuUserBizApplication - Started XiaohashuUserBizApplication in 9.406 seconds (process running for 10.071)
2025-11-03 22:42:04.613 [main] INFO  c.q.x.u.biz.runner.PushRolePermissions2RedisRunner - ==> 服务启动，开始同步角色权限数据到 Redis 中...
2025-11-03 22:42:04.910 [main] WARN  c.q.x.u.biz.runner.PushRolePermissions2RedisRunner - ==> 角色权限数据已经同步至 Redis 中，不再同步...
2025-11-03 22:42:35.668 [http-nio-auto-1-exec-2] INFO  o.a.c.core.ContainerBase.[Tomcat].[localhost].[/] - Initializing Spring DispatcherServlet 'dispatcherServlet'
2025-11-03 22:42:35.668 [http-nio-auto-1-exec-2] INFO  org.springframework.web.servlet.DispatcherServlet - Initializing Servlet 'dispatcherServlet'
2025-11-03 22:42:35.669 [http-nio-auto-1-exec-2] INFO  org.springframework.web.servlet.DispatcherServlet - Completed initialization in 1 ms
2025-11-03 22:42:35.673 [http-nio-auto-1-exec-2] INFO  c.q.x.user.biz.filter.HeaderUserId2ContextFilter - ## HeaderUserId2ContextFilter, 用户 ID: null
2025-11-03 22:42:35.729 [http-nio-auto-1-exec-2] INFO  c.q.f.b.operationlog.aspect.ApiOperationLogAspect - ====== 请求开始: [查询用户信息], 入参: {"id":12}, 请求类: UserController, 请求方法: findById =================================== 
2025-11-03 22:42:35.742 [http-nio-auto-1-exec-2] INFO  c.q.f.b.operationlog.aspect.ApiOperationLogAspect - ====== 请求结束: [查询用户信息], 耗时: 13ms, 出参: {"success":true,"message":null,"errorCode":null,"data":{"id":12,"nickName":"小红薯10100","avatar":null}} =================================== 
2025-11-03 22:43:39.096 [main] WARN  com.alibaba.nacos.client.logging.NacosLogging - Load Logback Configuration of Nacos fail, message: Could not initialize Logback Nacos logging from classpath:nacos-logback.xml
2025-11-03 22:43:39.137 [main] WARN  com.alibaba.nacos.client.logging.NacosLogging - Load Logback Configuration of Nacos fail, message: Could not initialize Logback Nacos logging from classpath:nacos-logback.xml
2025-11-03 22:43:40.557 [main] WARN  com.alibaba.nacos.client.logging.NacosLogging - Load Logback Configuration of Nacos fail, message: Could not initialize Logback Nacos logging from classpath:nacos-logback.xml
2025-11-03 22:43:40.567 [main] WARN  com.alibaba.nacos.client.logging.NacosLogging - Load Logback Configuration of Nacos fail, message: Could not initialize Logback Nacos logging from classpath:nacos-logback.xml
2025-11-03 22:43:40.567 [main] INFO  c.q.xiaohashu.user.biz.XiaohashuUserBizApplication - The following 1 profile is active: "dev"
2025-11-03 22:43:40.957 [main] INFO  o.s.d.r.config.RepositoryConfigurationDelegate - Multiple Spring Data modules found, entering strict repository configuration mode
2025-11-03 22:43:40.958 [main] INFO  o.s.d.r.config.RepositoryConfigurationDelegate - Bootstrapping Spring Data Redis repositories in DEFAULT mode.
2025-11-03 22:43:40.974 [main] INFO  o.s.d.r.config.RepositoryConfigurationDelegate - Finished Spring Data repository scanning in 8 ms. Found 0 Redis repository interfaces.
2025-11-03 22:43:41.103 [main] INFO  o.springframework.cloud.context.scope.GenericScope - BeanFactory id=b4fb9701-1d42-32c1-895a-118a8af6bf8c
2025-11-03 22:43:41.124 [main] INFO  o.s.c.s.PostProcessorRegistrationDelegate$BeanPostProcessorChecker - Bean 'com.quanxiaoha.xiaohashu.distributed.id.generator.api.DistributedIdGeneratorFeignApi' of type [org.springframework.cloud.openfeign.FeignClientFactoryBean] is not eligible for getting processed by all BeanPostProcessors (for example: not eligible for auto-proxying)
2025-11-03 22:43:41.125 [main] INFO  o.s.c.s.PostProcessorRegistrationDelegate$BeanPostProcessorChecker - Bean 'com.quanxiaoha.xiaohashu.oss.api.FileFeignApi' of type [org.springframework.cloud.openfeign.FeignClientFactoryBean] is not eligible for getting processed by all BeanPostProcessors (for example: not eligible for auto-proxying)
2025-11-03 22:43:41.126 [main] INFO  o.s.c.s.PostProcessorRegistrationDelegate$BeanPostProcessorChecker - Bean 'com.quanxiaoha.xiaohashu.user.api.UserFeignApi' of type [org.springframework.cloud.openfeign.FeignClientFactoryBean] is not eligible for getting processed by all BeanPostProcessors (for example: not eligible for auto-proxying)
2025-11-03 22:43:41.363 [main] INFO  o.s.boot.web.embedded.tomcat.TomcatWebServer - Tomcat initialized with port(s): 0 (http)
2025-11-03 22:43:41.370 [main] INFO  org.apache.catalina.core.StandardService - Starting service [Tomcat]
2025-11-03 22:43:41.370 [main] INFO  org.apache.catalina.core.StandardEngine - Starting Servlet engine: [Apache Tomcat/10.1.5]
2025-11-03 22:43:41.446 [main] INFO  o.a.c.core.ContainerBase.[Tomcat].[localhost].[/] - Initializing Spring embedded WebApplicationContext
2025-11-03 22:43:41.446 [main] INFO  o.s.b.w.s.c.ServletWebServerApplicationContext - Root WebApplicationContext: initialization completed in 863 ms
2025-11-03 22:43:41.681 [main] INFO  o.s.cloud.openfeign.FeignClientFactoryBean - For 'xiaohashu-oss' URL not provided. Will try picking an instance via load-balancing.
2025-11-03 22:43:41.712 [main] INFO  c.a.d.s.b.a.DruidDataSourceAutoConfigure - Init DruidDataSource
2025-11-03 22:43:41.919 [main] INFO  com.alibaba.druid.pool.DruidDataSource - {dataSource-1} inited
2025-11-03 22:43:42.152 [main] INFO  o.s.cloud.openfeign.FeignClientFactoryBean - For 'xiaohashu-distributed-id-generator' URL not provided. Will try picking an instance via load-balancing.
2025-11-03 22:43:43.525 [main] INFO  org.springframework.cloud.commons.util.InetUtils - Cannot determine local hostname
2025-11-03 22:43:45.006 [main] INFO  org.springframework.cloud.commons.util.InetUtils - Cannot determine local hostname
2025-11-03 22:43:45.079 [main] INFO  o.s.boot.web.embedded.tomcat.TomcatWebServer - Tomcat started on port(s): 5974 (http) with context path ''
2025-11-03 22:43:45.083 [main] WARN  com.alibaba.nacos.client.logging.NacosLogging - Load Logback Configuration of Nacos fail, message: Could not initialize Logback Nacos logging from classpath:nacos-logback.xml
2025-11-03 22:43:45.083 [main] INFO  com.alibaba.nacos.client.naming - initializer namespace from ans.namespace attribute : null
2025-11-03 22:43:45.083 [main] INFO  com.alibaba.nacos.client.naming - initializer namespace from ALIBABA_ALIWARE_NAMESPACE attribute :null
2025-11-03 22:43:45.084 [main] INFO  com.alibaba.nacos.client.naming - initializer namespace from namespace attribute :null
2025-11-03 22:43:45.101 [main] INFO  com.alibaba.nacos.client.utils.ParamUtil - [settings] [req-serv] nacos-server port:8848
2025-11-03 22:43:45.101 [main] INFO  com.alibaba.nacos.client.utils.ParamUtil - [settings] [http-client] connect timeout:1000
2025-11-03 22:43:45.103 [main] INFO  com.alibaba.nacos.client.utils.ParamUtil - PER_TASK_CONFIG_SIZE: 3000.0
2025-11-03 22:43:45.105 [main] INFO  c.a.n.p.auth.spi.client.ClientAuthPluginManager - [ClientAuthPluginManager] Load ClientAuthService com.alibaba.nacos.client.auth.impl.NacosClientAuthServiceImpl success.
2025-11-03 22:43:45.105 [main] INFO  c.a.n.p.auth.spi.client.ClientAuthPluginManager - [ClientAuthPluginManager] Load ClientAuthService com.alibaba.nacos.client.auth.ram.RamClientAuthServiceImpl success.
2025-11-03 22:43:45.107 [main] INFO  c.a.n.client.auth.ram.identify.CredentialWatcher - null No credential found
2025-11-03 22:43:45.111 [main] INFO  com.alibaba.nacos.common.remote.client - [RpcClientFactory] create a new rpc client of 0ecdc351-2655-4504-a295-ffc42dfc6b51
2025-11-03 22:43:45.123 [main] INFO  com.alibaba.nacos.common.remote.client - [0ecdc351-2655-4504-a295-ffc42dfc6b51] RpcClient init, ServerListFactory = com.alibaba.nacos.client.naming.core.ServerListManager
2025-11-03 22:43:45.123 [main] INFO  com.alibaba.nacos.common.remote.client - [0ecdc351-2655-4504-a295-ffc42dfc6b51] Registry connection listener to current client:com.alibaba.nacos.client.naming.remote.gprc.redo.NamingGrpcRedoService
2025-11-03 22:43:45.124 [main] INFO  com.alibaba.nacos.common.remote.client - [0ecdc351-2655-4504-a295-ffc42dfc6b51] Register server push request handler:com.alibaba.nacos.client.naming.remote.gprc.NamingPushRequestHandler
2025-11-03 22:43:45.125 [main] INFO  com.alibaba.nacos.common.remote.client - [0ecdc351-2655-4504-a295-ffc42dfc6b51] Try to connect to server on start up, server: {serverIp = '127.0.0.1', server main port = 8848}
2025-11-03 22:43:45.143 [main] INFO  c.a.nacos.common.remote.client.grpc.GrpcClient - grpc client connection server:127.0.0.1 ip,serverPort:9848,grpcTslConfig:{"sslProvider":"OPENSSL","enableTls":false,"mutualAuthEnable":false,"trustAll":false}
2025-11-03 22:43:45.862 [main] INFO  com.alibaba.nacos.common.remote.client - [0ecdc351-2655-4504-a295-ffc42dfc6b51] Success to connect to server [127.0.0.1:8848] on start up, connectionId = 1762181025693_127.0.0.1_5975
2025-11-03 22:43:45.863 [com.alibaba.nacos.client.remote.worker] INFO  com.alibaba.nacos.common.remote.client - [0ecdc351-2655-4504-a295-ffc42dfc6b51] Notify connected event to listeners.
2025-11-03 22:43:45.863 [com.alibaba.nacos.client.remote.worker] INFO  com.alibaba.nacos.client.naming - Grpc connection connect
2025-11-03 22:43:45.863 [main] INFO  com.alibaba.nacos.common.remote.client - [0ecdc351-2655-4504-a295-ffc42dfc6b51] Register server push request handler:com.alibaba.nacos.common.remote.client.RpcClient$ConnectResetRequestHandler
2025-11-03 22:43:45.863 [main] INFO  com.alibaba.nacos.common.remote.client - [0ecdc351-2655-4504-a295-ffc42dfc6b51] Register server push request handler:com.alibaba.nacos.common.remote.client.RpcClient$$Lambda$1262/0x0000024d247ba1f0
2025-11-03 22:43:45.864 [main] INFO  com.alibaba.nacos.client.naming - [REGISTER-SERVICE] xiaohashu registering service xiaohashu-user with instance Instance{instanceId='null', ip='192.168.134.1', port=5974, weight=1.0, healthy=true, enabled=true, ephemeral=true, clusterName='DEFAULT', serviceName='null', metadata={IPv6=null, preserved.register.source=SPRING_CLOUD}}
2025-11-03 22:43:45.880 [main] INFO  c.a.cloud.nacos.registry.NacosServiceRegistry - nacos registry, DEFAULT_GROUP xiaohashu-user 192.168.134.1:5974 register finished
2025-11-03 22:43:47.076 [main] INFO  org.springframework.cloud.commons.util.InetUtils - Cannot determine local hostname
2025-11-03 22:43:47.082 [main] INFO  c.q.xiaohashu.user.biz.XiaohashuUserBizApplication - Started XiaohashuUserBizApplication in 9.636 seconds (process running for 10.249)
2025-11-03 22:43:47.083 [main] INFO  c.q.x.u.biz.runner.PushRolePermissions2RedisRunner - ==> 服务启动，开始同步角色权限数据到 Redis 中...
2025-11-03 22:43:47.386 [main] WARN  c.q.x.u.biz.runner.PushRolePermissions2RedisRunner - ==> 角色权限数据已经同步至 Redis 中，不再同步...
2025-11-03 22:44:05.818 [http-nio-auto-1-exec-2] INFO  o.a.c.core.ContainerBase.[Tomcat].[localhost].[/] - Initializing Spring DispatcherServlet 'dispatcherServlet'
2025-11-03 22:44:05.818 [http-nio-auto-1-exec-2] INFO  org.springframework.web.servlet.DispatcherServlet - Initializing Servlet 'dispatcherServlet'
2025-11-03 22:44:05.819 [http-nio-auto-1-exec-2] INFO  org.springframework.web.servlet.DispatcherServlet - Completed initialization in 1 ms
2025-11-03 22:44:05.824 [http-nio-auto-1-exec-2] INFO  c.q.x.user.biz.filter.HeaderUserId2ContextFilter - ## HeaderUserId2ContextFilter, 用户 ID: null
2025-11-03 22:44:05.874 [http-nio-auto-1-exec-2] INFO  c.q.f.b.operationlog.aspect.ApiOperationLogAspect - ====== 请求开始: [查询用户信息], 入参: {"id":12}, 请求类: UserController, 请求方法: findById =================================== 
2025-11-03 22:44:05.887 [http-nio-auto-1-exec-2] INFO  c.q.f.b.operationlog.aspect.ApiOperationLogAspect - ====== 请求结束: [查询用户信息], 耗时: 12ms, 出参: {"success":true,"message":null,"errorCode":null,"data":{"id":12,"nickName":"小红薯10100","avatar":null}} =================================== 
2025-11-03 22:45:51.209 [http-nio-auto-1-exec-6] INFO  c.q.x.user.biz.filter.HeaderUserId2ContextFilter - ## HeaderUserId2ContextFilter, 用户 ID: null
2025-11-03 22:45:51.210 [http-nio-auto-1-exec-6] INFO  c.q.f.b.operationlog.aspect.ApiOperationLogAspect - ====== 请求开始: [查询用户信息], 入参: {"id":12}, 请求类: UserController, 请求方法: findById =================================== 
2025-11-03 22:45:51.211 [http-nio-auto-1-exec-6] INFO  c.q.x.user.biz.service.impl.UserServiceImpl - ==> 命中了本地缓存；FindUserByIdRspDTO(id=12, nickName=小红薯10100, avatar=null)
2025-11-03 22:45:51.212 [http-nio-auto-1-exec-6] INFO  c.q.f.b.operationlog.aspect.ApiOperationLogAspect - ====== 请求结束: [查询用户信息], 耗时: 1ms, 出参: {"success":true,"message":null,"errorCode":null,"data":{"id":12,"nickName":"小红薯10100","avatar":null}} =================================== 
2025-11-03 23:01:47.395 [main] WARN  com.alibaba.nacos.client.logging.NacosLogging - Load Logback Configuration of Nacos fail, message: Could not initialize Logback Nacos logging from classpath:nacos-logback.xml
2025-11-03 23:01:47.434 [main] WARN  com.alibaba.nacos.client.logging.NacosLogging - Load Logback Configuration of Nacos fail, message: Could not initialize Logback Nacos logging from classpath:nacos-logback.xml
2025-11-03 23:01:48.889 [main] WARN  com.alibaba.nacos.client.logging.NacosLogging - Load Logback Configuration of Nacos fail, message: Could not initialize Logback Nacos logging from classpath:nacos-logback.xml
2025-11-03 23:01:48.898 [main] WARN  com.alibaba.nacos.client.logging.NacosLogging - Load Logback Configuration of Nacos fail, message: Could not initialize Logback Nacos logging from classpath:nacos-logback.xml
2025-11-03 23:01:48.898 [main] INFO  c.q.xiaohashu.user.biz.XiaohashuUserBizApplication - The following 1 profile is active: "dev"
2025-11-03 23:01:49.307 [main] INFO  o.s.d.r.config.RepositoryConfigurationDelegate - Multiple Spring Data modules found, entering strict repository configuration mode
2025-11-03 23:01:49.309 [main] INFO  o.s.d.r.config.RepositoryConfigurationDelegate - Bootstrapping Spring Data Redis repositories in DEFAULT mode.
2025-11-03 23:01:49.323 [main] INFO  o.s.d.r.config.RepositoryConfigurationDelegate - Finished Spring Data repository scanning in 6 ms. Found 0 Redis repository interfaces.
2025-11-03 23:01:49.461 [main] INFO  o.springframework.cloud.context.scope.GenericScope - BeanFactory id=b4fb9701-1d42-32c1-895a-118a8af6bf8c
2025-11-03 23:01:49.485 [main] INFO  o.s.c.s.PostProcessorRegistrationDelegate$BeanPostProcessorChecker - Bean 'com.quanxiaoha.xiaohashu.distributed.id.generator.api.DistributedIdGeneratorFeignApi' of type [org.springframework.cloud.openfeign.FeignClientFactoryBean] is not eligible for getting processed by all BeanPostProcessors (for example: not eligible for auto-proxying)
2025-11-03 23:01:49.486 [main] INFO  o.s.c.s.PostProcessorRegistrationDelegate$BeanPostProcessorChecker - Bean 'com.quanxiaoha.xiaohashu.oss.api.FileFeignApi' of type [org.springframework.cloud.openfeign.FeignClientFactoryBean] is not eligible for getting processed by all BeanPostProcessors (for example: not eligible for auto-proxying)
2025-11-03 23:01:49.487 [main] INFO  o.s.c.s.PostProcessorRegistrationDelegate$BeanPostProcessorChecker - Bean 'com.quanxiaoha.xiaohashu.user.api.UserFeignApi' of type [org.springframework.cloud.openfeign.FeignClientFactoryBean] is not eligible for getting processed by all BeanPostProcessors (for example: not eligible for auto-proxying)
2025-11-03 23:01:49.738 [main] INFO  o.s.boot.web.embedded.tomcat.TomcatWebServer - Tomcat initialized with port(s): 0 (http)
2025-11-03 23:01:49.744 [main] INFO  org.apache.catalina.core.StandardService - Starting service [Tomcat]
2025-11-03 23:01:49.745 [main] INFO  org.apache.catalina.core.StandardEngine - Starting Servlet engine: [Apache Tomcat/10.1.5]
2025-11-03 23:01:49.826 [main] INFO  o.a.c.core.ContainerBase.[Tomcat].[localhost].[/] - Initializing Spring embedded WebApplicationContext
2025-11-03 23:01:49.827 [main] INFO  o.s.b.w.s.c.ServletWebServerApplicationContext - Root WebApplicationContext: initialization completed in 911 ms
2025-11-03 23:01:50.061 [main] INFO  o.s.cloud.openfeign.FeignClientFactoryBean - For 'xiaohashu-oss' URL not provided. Will try picking an instance via load-balancing.
2025-11-03 23:01:50.090 [main] INFO  c.a.d.s.b.a.DruidDataSourceAutoConfigure - Init DruidDataSource
2025-11-03 23:01:50.302 [main] INFO  com.alibaba.druid.pool.DruidDataSource - {dataSource-1} inited
2025-11-03 23:01:50.510 [main] INFO  o.s.cloud.openfeign.FeignClientFactoryBean - For 'xiaohashu-distributed-id-generator' URL not provided. Will try picking an instance via load-balancing.
2025-11-03 23:01:51.884 [main] INFO  org.springframework.cloud.commons.util.InetUtils - Cannot determine local hostname
2025-11-03 23:01:53.393 [main] INFO  org.springframework.cloud.commons.util.InetUtils - Cannot determine local hostname
2025-11-03 23:01:53.471 [main] INFO  o.s.boot.web.embedded.tomcat.TomcatWebServer - Tomcat started on port(s): 6247 (http) with context path ''
2025-11-03 23:01:53.475 [main] WARN  com.alibaba.nacos.client.logging.NacosLogging - Load Logback Configuration of Nacos fail, message: Could not initialize Logback Nacos logging from classpath:nacos-logback.xml
2025-11-03 23:01:53.475 [main] INFO  com.alibaba.nacos.client.naming - initializer namespace from ans.namespace attribute : null
2025-11-03 23:01:53.475 [main] INFO  com.alibaba.nacos.client.naming - initializer namespace from ALIBABA_ALIWARE_NAMESPACE attribute :null
2025-11-03 23:01:53.476 [main] INFO  com.alibaba.nacos.client.naming - initializer namespace from namespace attribute :null
2025-11-03 23:01:53.497 [main] INFO  com.alibaba.nacos.client.utils.ParamUtil - [settings] [req-serv] nacos-server port:8848
2025-11-03 23:01:53.497 [main] INFO  com.alibaba.nacos.client.utils.ParamUtil - [settings] [http-client] connect timeout:1000
2025-11-03 23:01:53.497 [main] INFO  com.alibaba.nacos.client.utils.ParamUtil - PER_TASK_CONFIG_SIZE: 3000.0
2025-11-03 23:01:53.502 [main] INFO  c.a.n.p.auth.spi.client.ClientAuthPluginManager - [ClientAuthPluginManager] Load ClientAuthService com.alibaba.nacos.client.auth.impl.NacosClientAuthServiceImpl success.
2025-11-03 23:01:53.502 [main] INFO  c.a.n.p.auth.spi.client.ClientAuthPluginManager - [ClientAuthPluginManager] Load ClientAuthService com.alibaba.nacos.client.auth.ram.RamClientAuthServiceImpl success.
2025-11-03 23:01:53.504 [main] INFO  c.a.n.client.auth.ram.identify.CredentialWatcher - null No credential found
2025-11-03 23:01:53.508 [main] INFO  com.alibaba.nacos.common.remote.client - [RpcClientFactory] create a new rpc client of 8dd90fbe-a0c7-46a8-b679-2d458f36b12b
2025-11-03 23:01:53.522 [main] INFO  com.alibaba.nacos.common.remote.client - [8dd90fbe-a0c7-46a8-b679-2d458f36b12b] RpcClient init, ServerListFactory = com.alibaba.nacos.client.naming.core.ServerListManager
2025-11-03 23:01:53.522 [main] INFO  com.alibaba.nacos.common.remote.client - [8dd90fbe-a0c7-46a8-b679-2d458f36b12b] Registry connection listener to current client:com.alibaba.nacos.client.naming.remote.gprc.redo.NamingGrpcRedoService
2025-11-03 23:01:53.523 [main] INFO  com.alibaba.nacos.common.remote.client - [8dd90fbe-a0c7-46a8-b679-2d458f36b12b] Register server push request handler:com.alibaba.nacos.client.naming.remote.gprc.NamingPushRequestHandler
2025-11-03 23:01:53.525 [main] INFO  com.alibaba.nacos.common.remote.client - [8dd90fbe-a0c7-46a8-b679-2d458f36b12b] Try to connect to server on start up, server: {serverIp = '127.0.0.1', server main port = 8848}
2025-11-03 23:01:53.545 [main] INFO  c.a.nacos.common.remote.client.grpc.GrpcClient - grpc client connection server:127.0.0.1 ip,serverPort:9848,grpcTslConfig:{"sslProvider":"OPENSSL","enableTls":false,"mutualAuthEnable":false,"trustAll":false}
2025-11-03 23:01:54.340 [main] INFO  com.alibaba.nacos.common.remote.client - [8dd90fbe-a0c7-46a8-b679-2d458f36b12b] Success to connect to server [127.0.0.1:8848] on start up, connectionId = 1762182114172_127.0.0.1_6250
2025-11-03 23:01:54.341 [com.alibaba.nacos.client.remote.worker] INFO  com.alibaba.nacos.common.remote.client - [8dd90fbe-a0c7-46a8-b679-2d458f36b12b] Notify connected event to listeners.
2025-11-03 23:01:54.341 [com.alibaba.nacos.client.remote.worker] INFO  com.alibaba.nacos.client.naming - Grpc connection connect
2025-11-03 23:01:54.341 [main] INFO  com.alibaba.nacos.common.remote.client - [8dd90fbe-a0c7-46a8-b679-2d458f36b12b] Register server push request handler:com.alibaba.nacos.common.remote.client.RpcClient$ConnectResetRequestHandler
2025-11-03 23:01:54.341 [main] INFO  com.alibaba.nacos.common.remote.client - [8dd90fbe-a0c7-46a8-b679-2d458f36b12b] Register server push request handler:com.alibaba.nacos.common.remote.client.RpcClient$$Lambda$1262/0x00000158467bc920
2025-11-03 23:01:54.341 [main] INFO  com.alibaba.nacos.client.naming - [REGISTER-SERVICE] xiaohashu registering service xiaohashu-user with instance Instance{instanceId='null', ip='192.168.134.1', port=6247, weight=1.0, healthy=true, enabled=true, ephemeral=true, clusterName='DEFAULT', serviceName='null', metadata={IPv6=null, preserved.register.source=SPRING_CLOUD}}
2025-11-03 23:01:54.353 [main] INFO  c.a.cloud.nacos.registry.NacosServiceRegistry - nacos registry, DEFAULT_GROUP xiaohashu-user 192.168.134.1:6247 register finished
2025-11-03 23:01:55.557 [main] INFO  org.springframework.cloud.commons.util.InetUtils - Cannot determine local hostname
2025-11-03 23:01:55.563 [main] INFO  c.q.xiaohashu.user.biz.XiaohashuUserBizApplication - Started XiaohashuUserBizApplication in 9.862 seconds (process running for 10.548)
2025-11-03 23:01:55.564 [main] INFO  c.q.x.u.biz.runner.PushRolePermissions2RedisRunner - ==> 服务启动，开始同步角色权限数据到 Redis 中...
2025-11-03 23:01:55.866 [main] WARN  c.q.x.u.biz.runner.PushRolePermissions2RedisRunner - ==> 角色权限数据已经同步至 Redis 中，不再同步...
2025-11-03 23:05:09.324 [http-nio-auto-1-exec-1] INFO  o.a.c.core.ContainerBase.[Tomcat].[localhost].[/] - Initializing Spring DispatcherServlet 'dispatcherServlet'
2025-11-03 23:05:09.325 [http-nio-auto-1-exec-1] INFO  org.springframework.web.servlet.DispatcherServlet - Initializing Servlet 'dispatcherServlet'
2025-11-03 23:05:09.326 [http-nio-auto-1-exec-1] INFO  org.springframework.web.servlet.DispatcherServlet - Completed initialization in 1 ms
2025-11-03 23:05:09.334 [http-nio-auto-1-exec-1] INFO  c.q.x.user.biz.filter.HeaderUserId2ContextFilter - ## HeaderUserId2ContextFilter, 用户 ID: null
2025-11-03 23:05:09.425 [http-nio-auto-1-exec-1] INFO  c.q.f.b.operationlog.aspect.ApiOperationLogAspect - ====== 请求开始: [查询用户信息], 入参: {"id":10}, 请求类: UserController, 请求方法: findById =================================== 
2025-11-03 23:05:09.450 [http-nio-auto-1-exec-1] DEBUG c.q.x.u.b.d.mapper.UserDOMapper.selectByPrimaryKey - ==>  Preparing: select id, xiaohashu_id, `password`, nickname, avatar, birthday, background_img, phone, sex, `status`, introduction, create_time, update_time, is_deleted from t_user where id = ?
2025-11-03 23:05:09.566 [http-nio-auto-1-exec-1] DEBUG c.q.x.u.b.d.mapper.UserDOMapper.selectByPrimaryKey - ==> Parameters: 10(Long)
2025-11-03 23:05:09.583 [http-nio-auto-1-exec-1] DEBUG c.q.x.u.b.d.mapper.UserDOMapper.selectByPrimaryKey - <==      Total: 0
2025-11-03 23:05:09.587 [http-nio-auto-1-exec-1] WARN  c.q.x.user.biz.exception.GlobalExceptionHandler - /user/findById request fail, errorCode: USER-20007, errorMessage: 该用户不存在
2025-11-03 23:15:01.626 [main] WARN  com.alibaba.nacos.client.logging.NacosLogging - Load Logback Configuration of Nacos fail, message: Could not initialize Logback Nacos logging from classpath:nacos-logback.xml
2025-11-03 23:15:01.667 [main] WARN  com.alibaba.nacos.client.logging.NacosLogging - Load Logback Configuration of Nacos fail, message: Could not initialize Logback Nacos logging from classpath:nacos-logback.xml
2025-11-03 23:15:03.103 [main] WARN  com.alibaba.nacos.client.logging.NacosLogging - Load Logback Configuration of Nacos fail, message: Could not initialize Logback Nacos logging from classpath:nacos-logback.xml
2025-11-03 23:15:03.111 [main] WARN  com.alibaba.nacos.client.logging.NacosLogging - Load Logback Configuration of Nacos fail, message: Could not initialize Logback Nacos logging from classpath:nacos-logback.xml
2025-11-03 23:15:03.112 [main] INFO  c.q.xiaohashu.user.biz.XiaohashuUserBizApplication - The following 1 profile is active: "dev"
2025-11-03 23:15:03.574 [main] INFO  o.s.d.r.config.RepositoryConfigurationDelegate - Multiple Spring Data modules found, entering strict repository configuration mode
2025-11-03 23:15:03.576 [main] INFO  o.s.d.r.config.RepositoryConfigurationDelegate - Bootstrapping Spring Data Redis repositories in DEFAULT mode.
2025-11-03 23:15:03.595 [main] INFO  o.s.d.r.config.RepositoryConfigurationDelegate - Finished Spring Data repository scanning in 8 ms. Found 0 Redis repository interfaces.
2025-11-03 23:15:03.735 [main] INFO  o.springframework.cloud.context.scope.GenericScope - BeanFactory id=908e866b-89de-3247-a7c9-1c9ea1cfbb6a
2025-11-03 23:15:03.759 [main] INFO  o.s.c.s.PostProcessorRegistrationDelegate$BeanPostProcessorChecker - Bean 'com.quanxiaoha.xiaohashu.distributed.id.generator.api.DistributedIdGeneratorFeignApi' of type [org.springframework.cloud.openfeign.FeignClientFactoryBean] is not eligible for getting processed by all BeanPostProcessors (for example: not eligible for auto-proxying)
2025-11-03 23:15:03.760 [main] INFO  o.s.c.s.PostProcessorRegistrationDelegate$BeanPostProcessorChecker - Bean 'com.quanxiaoha.xiaohashu.oss.api.FileFeignApi' of type [org.springframework.cloud.openfeign.FeignClientFactoryBean] is not eligible for getting processed by all BeanPostProcessors (for example: not eligible for auto-proxying)
2025-11-03 23:15:03.761 [main] INFO  o.s.c.s.PostProcessorRegistrationDelegate$BeanPostProcessorChecker - Bean 'com.quanxiaoha.xiaohashu.user.api.UserFeignApi' of type [org.springframework.cloud.openfeign.FeignClientFactoryBean] is not eligible for getting processed by all BeanPostProcessors (for example: not eligible for auto-proxying)
2025-11-03 23:15:04.003 [main] INFO  o.s.boot.web.embedded.tomcat.TomcatWebServer - Tomcat initialized with port(s): 0 (http)
2025-11-03 23:15:04.009 [main] INFO  org.apache.catalina.core.StandardService - Starting service [Tomcat]
2025-11-03 23:15:04.009 [main] INFO  org.apache.catalina.core.StandardEngine - Starting Servlet engine: [Apache Tomcat/10.1.5]
2025-11-03 23:15:04.089 [main] INFO  o.a.c.core.ContainerBase.[Tomcat].[localhost].[/] - Initializing Spring embedded WebApplicationContext
2025-11-03 23:15:04.089 [main] INFO  o.s.b.w.s.c.ServletWebServerApplicationContext - Root WebApplicationContext: initialization completed in 960 ms
2025-11-03 23:15:04.337 [main] INFO  o.s.cloud.openfeign.FeignClientFactoryBean - For 'xiaohashu-oss' URL not provided. Will try picking an instance via load-balancing.
2025-11-03 23:15:04.365 [main] INFO  c.a.d.s.b.a.DruidDataSourceAutoConfigure - Init DruidDataSource
2025-11-03 23:15:04.569 [main] INFO  com.alibaba.druid.pool.DruidDataSource - {dataSource-1} inited
2025-11-03 23:15:04.760 [main] INFO  o.s.cloud.openfeign.FeignClientFactoryBean - For 'xiaohashu-distributed-id-generator' URL not provided. Will try picking an instance via load-balancing.
2025-11-03 23:15:06.229 [main] INFO  org.springframework.cloud.commons.util.InetUtils - Cannot determine local hostname
2025-11-03 23:15:07.717 [main] INFO  org.springframework.cloud.commons.util.InetUtils - Cannot determine local hostname
2025-11-03 23:15:07.789 [main] INFO  o.s.boot.web.embedded.tomcat.TomcatWebServer - Tomcat started on port(s): 6671 (http) with context path ''
2025-11-03 23:15:07.794 [main] WARN  com.alibaba.nacos.client.logging.NacosLogging - Load Logback Configuration of Nacos fail, message: Could not initialize Logback Nacos logging from classpath:nacos-logback.xml
2025-11-03 23:15:07.794 [main] INFO  com.alibaba.nacos.client.naming - initializer namespace from ans.namespace attribute : null
2025-11-03 23:15:07.795 [main] INFO  com.alibaba.nacos.client.naming - initializer namespace from ALIBABA_ALIWARE_NAMESPACE attribute :null
2025-11-03 23:15:07.795 [main] INFO  com.alibaba.nacos.client.naming - initializer namespace from namespace attribute :null
2025-11-03 23:15:07.809 [main] INFO  com.alibaba.nacos.client.utils.ParamUtil - [settings] [req-serv] nacos-server port:8848
2025-11-03 23:15:07.809 [main] INFO  com.alibaba.nacos.client.utils.ParamUtil - [settings] [http-client] connect timeout:1000
2025-11-03 23:15:07.810 [main] INFO  com.alibaba.nacos.client.utils.ParamUtil - PER_TASK_CONFIG_SIZE: 3000.0
2025-11-03 23:15:07.813 [main] INFO  c.a.n.p.auth.spi.client.ClientAuthPluginManager - [ClientAuthPluginManager] Load ClientAuthService com.alibaba.nacos.client.auth.impl.NacosClientAuthServiceImpl success.
2025-11-03 23:15:07.813 [main] INFO  c.a.n.p.auth.spi.client.ClientAuthPluginManager - [ClientAuthPluginManager] Load ClientAuthService com.alibaba.nacos.client.auth.ram.RamClientAuthServiceImpl success.
2025-11-03 23:15:07.815 [main] INFO  c.a.n.client.auth.ram.identify.CredentialWatcher - null No credential found
2025-11-03 23:15:07.818 [main] INFO  com.alibaba.nacos.common.remote.client - [RpcClientFactory] create a new rpc client of 730e3fcb-e404-40da-9c84-0eb8faafa8df
2025-11-03 23:15:07.831 [main] INFO  com.alibaba.nacos.common.remote.client - [730e3fcb-e404-40da-9c84-0eb8faafa8df] RpcClient init, ServerListFactory = com.alibaba.nacos.client.naming.core.ServerListManager
2025-11-03 23:15:07.831 [main] INFO  com.alibaba.nacos.common.remote.client - [730e3fcb-e404-40da-9c84-0eb8faafa8df] Registry connection listener to current client:com.alibaba.nacos.client.naming.remote.gprc.redo.NamingGrpcRedoService
2025-11-03 23:15:07.832 [main] INFO  com.alibaba.nacos.common.remote.client - [730e3fcb-e404-40da-9c84-0eb8faafa8df] Register server push request handler:com.alibaba.nacos.client.naming.remote.gprc.NamingPushRequestHandler
2025-11-03 23:15:07.834 [main] INFO  com.alibaba.nacos.common.remote.client - [730e3fcb-e404-40da-9c84-0eb8faafa8df] Try to connect to server on start up, server: {serverIp = '127.0.0.1', server main port = 8848}
2025-11-03 23:15:07.855 [main] INFO  c.a.nacos.common.remote.client.grpc.GrpcClient - grpc client connection server:127.0.0.1 ip,serverPort:9848,grpcTslConfig:{"sslProvider":"OPENSSL","enableTls":false,"mutualAuthEnable":false,"trustAll":false}
2025-11-03 23:15:08.633 [main] INFO  com.alibaba.nacos.common.remote.client - [730e3fcb-e404-40da-9c84-0eb8faafa8df] Success to connect to server [127.0.0.1:8848] on start up, connectionId = 1762182908459_127.0.0.1_6672
2025-11-03 23:15:08.633 [com.alibaba.nacos.client.remote.worker] INFO  com.alibaba.nacos.common.remote.client - [730e3fcb-e404-40da-9c84-0eb8faafa8df] Notify connected event to listeners.
2025-11-03 23:15:08.633 [com.alibaba.nacos.client.remote.worker] INFO  com.alibaba.nacos.client.naming - Grpc connection connect
2025-11-03 23:15:08.633 [main] INFO  com.alibaba.nacos.common.remote.client - [730e3fcb-e404-40da-9c84-0eb8faafa8df] Register server push request handler:com.alibaba.nacos.common.remote.client.RpcClient$ConnectResetRequestHandler
2025-11-03 23:15:08.633 [main] INFO  com.alibaba.nacos.common.remote.client - [730e3fcb-e404-40da-9c84-0eb8faafa8df] Register server push request handler:com.alibaba.nacos.common.remote.client.RpcClient$$Lambda$1262/0x000002154a7bc060
2025-11-03 23:15:08.634 [main] INFO  com.alibaba.nacos.client.naming - [REGISTER-SERVICE] xiaohashu registering service xiaohashu-user with instance Instance{instanceId='null', ip='192.168.134.1', port=6671, weight=1.0, healthy=true, enabled=true, ephemeral=true, clusterName='DEFAULT', serviceName='null', metadata={IPv6=null, preserved.register.source=SPRING_CLOUD}}
2025-11-03 23:15:08.647 [main] INFO  c.a.cloud.nacos.registry.NacosServiceRegistry - nacos registry, DEFAULT_GROUP xiaohashu-user 192.168.134.1:6671 register finished
2025-11-03 23:15:09.846 [main] INFO  org.springframework.cloud.commons.util.InetUtils - Cannot determine local hostname
2025-11-03 23:15:09.852 [main] INFO  c.q.xiaohashu.user.biz.XiaohashuUserBizApplication - Started XiaohashuUserBizApplication in 9.978 seconds (process running for 10.713)
2025-11-03 23:15:09.852 [main] INFO  c.q.x.u.biz.runner.PushRolePermissions2RedisRunner - ==> 服务启动，开始同步角色权限数据到 Redis 中...
2025-11-03 23:15:10.172 [main] WARN  c.q.x.u.biz.runner.PushRolePermissions2RedisRunner - ==> 角色权限数据已经同步至 Redis 中，不再同步...
2025-11-03 23:15:21.706 [http-nio-auto-1-exec-1] INFO  o.a.c.core.ContainerBase.[Tomcat].[localhost].[/] - Initializing Spring DispatcherServlet 'dispatcherServlet'
2025-11-03 23:15:21.706 [http-nio-auto-1-exec-1] INFO  org.springframework.web.servlet.DispatcherServlet - Initializing Servlet 'dispatcherServlet'
2025-11-03 23:15:21.707 [http-nio-auto-1-exec-1] INFO  org.springframework.web.servlet.DispatcherServlet - Completed initialization in 1 ms
2025-11-03 23:15:21.712 [http-nio-auto-1-exec-1] INFO  c.q.x.user.biz.filter.HeaderUserId2ContextFilter - ## HeaderUserId2ContextFilter, 用户 ID: 5
2025-11-03 23:15:21.714 [http-nio-auto-1-exec-1] INFO  c.q.x.user.biz.filter.HeaderUserId2ContextFilter - ===== 设置 userId 到 ThreadLocal 中， 用户 ID: 5
2025-11-03 23:15:21.769 [http-nio-auto-1-exec-1] INFO  c.q.f.b.operationlog.aspect.ApiOperationLogAspect - ====== 请求开始: [查询用户信息], 入参: {"id":10}, 请求类: UserController, 请求方法: findById =================================== 
2025-11-03 23:15:21.787 [http-nio-auto-1-exec-1] DEBUG c.q.x.u.b.d.mapper.UserDOMapper.selectByPrimaryKey - ==>  Preparing: select id, xiaohashu_id, `password`, nickname, avatar, birthday, background_img, phone, sex, `status`, introduction, create_time, update_time, is_deleted from t_user where id = ?
2025-11-03 23:15:21.854 [http-nio-auto-1-exec-1] DEBUG c.q.x.u.b.d.mapper.UserDOMapper.selectByPrimaryKey - ==> Parameters: 10(Long)
2025-11-03 23:15:21.864 [http-nio-auto-1-exec-1] DEBUG c.q.x.u.b.d.mapper.UserDOMapper.selectByPrimaryKey - <==      Total: 0
2025-11-03 23:15:21.867 [http-nio-auto-1-exec-1] WARN  c.q.x.user.biz.exception.GlobalExceptionHandler - /user/findById request fail, errorCode: USER-20007, errorMessage: 该用户不存在
2025-11-03 23:15:21.875 [http-nio-auto-1-exec-1] INFO  c.q.x.user.biz.filter.HeaderUserId2ContextFilter - ===== 删除 ThreadLocal， userId: 5
2025-11-03 23:32:25.617 [http-nio-auto-1-exec-8] INFO  c.q.x.user.biz.filter.HeaderUserId2ContextFilter - ## HeaderUserId2ContextFilter, 用户 ID: 5
2025-11-03 23:32:25.617 [http-nio-auto-1-exec-8] INFO  c.q.x.user.biz.filter.HeaderUserId2ContextFilter - ===== 设置 userId 到 ThreadLocal 中， 用户 ID: 5
2025-11-03 23:32:25.618 [http-nio-auto-1-exec-8] INFO  c.q.f.b.operationlog.aspect.ApiOperationLogAspect - ====== 请求开始: [查询用户信息], 入参: {"id":11}, 请求类: UserController, 请求方法: findById =================================== 
2025-11-03 23:32:25.627 [http-nio-auto-1-exec-8] DEBUG c.q.x.u.b.d.mapper.UserDOMapper.selectByPrimaryKey - ==>  Preparing: select id, xiaohashu_id, `password`, nickname, avatar, birthday, background_img, phone, sex, `status`, introduction, create_time, update_time, is_deleted from t_user where id = ?
2025-11-03 23:32:25.628 [http-nio-auto-1-exec-8] DEBUG c.q.x.u.b.d.mapper.UserDOMapper.selectByPrimaryKey - ==> Parameters: 11(Long)
2025-11-03 23:32:25.636 [http-nio-auto-1-exec-8] DEBUG c.q.x.u.b.d.mapper.UserDOMapper.selectByPrimaryKey - <==      Total: 1
2025-11-03 23:32:25.640 [http-nio-auto-1-exec-8] INFO  c.q.f.b.operationlog.aspect.ApiOperationLogAspect - ====== 请求结束: [查询用户信息], 耗时: 21ms, 出参: {"success":true,"message":null,"errorCode":null,"data":{"id":11,"nickName":"小红薯4","avatar":null}} =================================== 
2025-11-03 23:32:25.643 [http-nio-auto-1-exec-8] INFO  c.q.x.user.biz.filter.HeaderUserId2ContextFilter - ===== 删除 ThreadLocal， userId: 5
