2025-11-01 00:01:08.636 [main] WARN  com.alibaba.nacos.client.logging.NacosLogging - Load Logback Configuration of Nacos fail, message: Could not initialize Logback Nacos logging from classpath:nacos-logback.xml
2025-11-01 00:01:08.669 [main] WARN  com.alibaba.nacos.client.logging.NacosLogging - Load Logback Configuration of Nacos fail, message: Could not initialize Logback Nacos logging from classpath:nacos-logback.xml
2025-11-01 00:01:09.990 [main] WARN  com.alibaba.nacos.client.logging.NacosLogging - Load Logback Configuration of Nacos fail, message: Could not initialize Logback Nacos logging from classpath:nacos-logback.xml
2025-11-01 00:01:09.997 [main] WARN  com.alibaba.nacos.client.logging.NacosLogging - Load Logback Configuration of Nacos fail, message: Could not initialize Logback Nacos logging from classpath:nacos-logback.xml
2025-11-01 00:01:09.998 [main] INFO  c.q.xiaohashu.user.biz.XiaohashuUserBizApplication - The following 1 profile is active: "dev"
2025-11-01 00:01:10.379 [main] INFO  o.springframework.cloud.context.scope.GenericScope - BeanFactory id=27df19ad-2149-3ee7-a57c-19d260dbd5e4
2025-11-01 00:01:10.397 [main] INFO  o.s.c.s.PostProcessorRegistrationDelegate$BeanPostProcessorChecker - Bean 'com.quanxiaoha.xiaohashu.oss.api.FileFeignApi' of type [org.springframework.cloud.openfeign.FeignClientFactoryBean] is not eligible for getting processed by all BeanPostProcessors (for example: not eligible for auto-proxying)
2025-11-01 00:01:10.590 [main] INFO  o.s.boot.web.embedded.tomcat.TomcatWebServer - Tomcat initialized with port(s): 8082 (http)
2025-11-01 00:01:10.595 [main] INFO  org.apache.catalina.core.StandardService - Starting service [Tomcat]
2025-11-01 00:01:10.596 [main] INFO  org.apache.catalina.core.StandardEngine - Starting Servlet engine: [Apache Tomcat/10.1.5]
2025-11-01 00:01:10.660 [main] INFO  o.a.c.core.ContainerBase.[Tomcat].[localhost].[/] - Initializing Spring embedded WebApplicationContext
2025-11-01 00:01:10.660 [main] INFO  o.s.b.w.s.c.ServletWebServerApplicationContext - Root WebApplicationContext: initialization completed in 646 ms
2025-11-01 00:01:10.729 [main] WARN  o.s.c.a.AnnotationConfigApplicationContext - Exception encountered during context initialization - cancelling refresh attempt: org.springframework.beans.factory.BeanCreationException: Error creating bean with name 'feignFormEncoder' defined in com.quanxiaoha.xiaohashu.oss.config.FeignFormConfig: Failed to instantiate [feign.codec.Encoder]: Factory method 'feignFormEncoder' threw exception with message: feign/form/spring/SpringFormEncoder
2025-11-01 00:01:10.729 [main] WARN  o.s.b.w.s.c.AnnotationConfigServletWebServerApplicationContext - Exception encountered during context initialization - cancelling refresh attempt: org.springframework.beans.factory.BeanCreationException: Error creating bean with name 'userController': Injection of resource dependencies failed
2025-11-01 00:01:10.730 [main] INFO  org.apache.catalina.core.StandardService - Stopping service [Tomcat]
2025-11-01 00:01:10.742 [main] INFO  o.s.b.a.logging.ConditionEvaluationReportLogger - 

Error starting ApplicationContext. To display the condition evaluation report re-run your application with 'debug' enabled.
2025-11-01 00:01:10.752 [main] ERROR org.springframework.boot.SpringApplication - Application run failed
org.springframework.beans.factory.BeanCreationException: Error creating bean with name 'userController': Injection of resource dependencies failed
	at org.springframework.context.annotation.CommonAnnotationBeanPostProcessor.postProcessProperties(CommonAnnotationBeanPostProcessor.java:303)
	at org.springframework.beans.factory.support.AbstractAutowireCapableBeanFactory.populateBean(AbstractAutowireCapableBeanFactory.java:1397)
	at org.springframework.beans.factory.support.AbstractAutowireCapableBeanFactory.doCreateBean(AbstractAutowireCapableBeanFactory.java:598)
	at org.springframework.beans.factory.support.AbstractAutowireCapableBeanFactory.createBean(AbstractAutowireCapableBeanFactory.java:521)
	at org.springframework.beans.factory.support.AbstractBeanFactory.lambda$doGetBean$0(AbstractBeanFactory.java:326)
	at org.springframework.beans.factory.support.DefaultSingletonBeanRegistry.getSingleton(DefaultSingletonBeanRegistry.java:234)
	at org.springframework.beans.factory.support.AbstractBeanFactory.doGetBean(AbstractBeanFactory.java:324)
	at org.springframework.beans.factory.support.AbstractBeanFactory.getBean(AbstractBeanFactory.java:200)
	at org.springframework.beans.factory.support.DefaultListableBeanFactory.preInstantiateSingletons(DefaultListableBeanFactory.java:961)
	at org.springframework.context.support.AbstractApplicationContext.finishBeanFactoryInitialization(AbstractApplicationContext.java:915)
	at org.springframework.context.support.AbstractApplicationContext.refresh(AbstractApplicationContext.java:584)
	at org.springframework.boot.web.servlet.context.ServletWebServerApplicationContext.refresh(ServletWebServerApplicationContext.java:146)
	at org.springframework.boot.SpringApplication.refresh(SpringApplication.java:730)
	at org.springframework.boot.SpringApplication.refreshContext(SpringApplication.java:432)
	at org.springframework.boot.SpringApplication.run(SpringApplication.java:308)
	at org.springframework.boot.SpringApplication.run(SpringApplication.java:1302)
	at org.springframework.boot.SpringApplication.run(SpringApplication.java:1291)
	at com.quanxiaoha.xiaohashu.user.biz.XiaohashuUserBizApplication.main(XiaohashuUserBizApplication.java:14)
Caused by: org.springframework.beans.factory.BeanCreationException: Error creating bean with name 'userServiceImpl': Injection of resource dependencies failed
	at org.springframework.context.annotation.CommonAnnotationBeanPostProcessor.postProcessProperties(CommonAnnotationBeanPostProcessor.java:303)
	at org.springframework.beans.factory.support.AbstractAutowireCapableBeanFactory.populateBean(AbstractAutowireCapableBeanFactory.java:1397)
	at org.springframework.beans.factory.support.AbstractAutowireCapableBeanFactory.doCreateBean(AbstractAutowireCapableBeanFactory.java:598)
	at org.springframework.beans.factory.support.AbstractAutowireCapableBeanFactory.createBean(AbstractAutowireCapableBeanFactory.java:521)
	at org.springframework.beans.factory.support.AbstractBeanFactory.lambda$doGetBean$0(AbstractBeanFactory.java:326)
	at org.springframework.beans.factory.support.DefaultSingletonBeanRegistry.getSingleton(DefaultSingletonBeanRegistry.java:234)
	at org.springframework.beans.factory.support.AbstractBeanFactory.doGetBean(AbstractBeanFactory.java:324)
	at org.springframework.beans.factory.support.AbstractBeanFactory.getBean(AbstractBeanFactory.java:200)
	at org.springframework.beans.factory.config.DependencyDescriptor.resolveCandidate(DependencyDescriptor.java:254)
	at org.springframework.beans.factory.support.DefaultListableBeanFactory.doResolveDependency(DefaultListableBeanFactory.java:1405)
	at org.springframework.beans.factory.support.DefaultListableBeanFactory.resolveDependency(DefaultListableBeanFactory.java:1325)
	at org.springframework.context.annotation.CommonAnnotationBeanPostProcessor.autowireResource(CommonAnnotationBeanPostProcessor.java:490)
	at org.springframework.context.annotation.CommonAnnotationBeanPostProcessor.getResource(CommonAnnotationBeanPostProcessor.java:467)
	at org.springframework.context.annotation.CommonAnnotationBeanPostProcessor$ResourceElement.getResourceToInject(CommonAnnotationBeanPostProcessor.java:618)
	at org.springframework.beans.factory.annotation.InjectionMetadata$InjectedElement.inject(InjectionMetadata.java:242)
	at org.springframework.beans.factory.annotation.InjectionMetadata.inject(InjectionMetadata.java:133)
	at org.springframework.context.annotation.CommonAnnotationBeanPostProcessor.postProcessProperties(CommonAnnotationBeanPostProcessor.java:300)
	... 17 common frames omitted
Caused by: org.springframework.beans.factory.BeanCreationException: Error creating bean with name 'ossRpcService': Injection of resource dependencies failed
	at org.springframework.context.annotation.CommonAnnotationBeanPostProcessor.postProcessProperties(CommonAnnotationBeanPostProcessor.java:303)
	at org.springframework.beans.factory.support.AbstractAutowireCapableBeanFactory.populateBean(AbstractAutowireCapableBeanFactory.java:1397)
	at org.springframework.beans.factory.support.AbstractAutowireCapableBeanFactory.doCreateBean(AbstractAutowireCapableBeanFactory.java:598)
	at org.springframework.beans.factory.support.AbstractAutowireCapableBeanFactory.createBean(AbstractAutowireCapableBeanFactory.java:521)
	at org.springframework.beans.factory.support.AbstractBeanFactory.lambda$doGetBean$0(AbstractBeanFactory.java:326)
	at org.springframework.beans.factory.support.DefaultSingletonBeanRegistry.getSingleton(DefaultSingletonBeanRegistry.java:234)
	at org.springframework.beans.factory.support.AbstractBeanFactory.doGetBean(AbstractBeanFactory.java:324)
	at org.springframework.beans.factory.support.AbstractBeanFactory.getBean(AbstractBeanFactory.java:205)
	at org.springframework.beans.factory.support.AbstractAutowireCapableBeanFactory.resolveBeanByName(AbstractAutowireCapableBeanFactory.java:458)
	at org.springframework.context.annotation.CommonAnnotationBeanPostProcessor.autowireResource(CommonAnnotationBeanPostProcessor.java:496)
	at org.springframework.context.annotation.CommonAnnotationBeanPostProcessor.getResource(CommonAnnotationBeanPostProcessor.java:467)
	at org.springframework.context.annotation.CommonAnnotationBeanPostProcessor$ResourceElement.getResourceToInject(CommonAnnotationBeanPostProcessor.java:618)
	at org.springframework.beans.factory.annotation.InjectionMetadata$InjectedElement.inject(InjectionMetadata.java:242)
	at org.springframework.beans.factory.annotation.InjectionMetadata.inject(InjectionMetadata.java:133)
	at org.springframework.context.annotation.CommonAnnotationBeanPostProcessor.postProcessProperties(CommonAnnotationBeanPostProcessor.java:300)
	... 33 common frames omitted
Caused by: org.springframework.beans.factory.BeanCreationException: Error creating bean with name 'com.quanxiaoha.xiaohashu.oss.api.FileFeignApi': FactoryBean threw exception on object creation
	at org.springframework.beans.factory.support.FactoryBeanRegistrySupport.doGetObjectFromFactoryBean(FactoryBeanRegistrySupport.java:154)
	at org.springframework.beans.factory.support.FactoryBeanRegistrySupport.getObjectFromFactoryBean(FactoryBeanRegistrySupport.java:90)
	at org.springframework.beans.factory.support.AbstractBeanFactory.getObjectForBeanInstance(AbstractBeanFactory.java:1823)
	at org.springframework.beans.factory.support.AbstractAutowireCapableBeanFactory.getObjectForBeanInstance(AbstractAutowireCapableBeanFactory.java:1265)
	at org.springframework.beans.factory.support.AbstractBeanFactory.doGetBean(AbstractBeanFactory.java:259)
	at org.springframework.beans.factory.support.AbstractBeanFactory.getBean(AbstractBeanFactory.java:200)
	at org.springframework.beans.factory.config.DependencyDescriptor.resolveCandidate(DependencyDescriptor.java:254)
	at org.springframework.beans.factory.support.DefaultListableBeanFactory.addCandidateEntry(DefaultListableBeanFactory.java:1628)
	at org.springframework.beans.factory.support.DefaultListableBeanFactory.findAutowireCandidates(DefaultListableBeanFactory.java:1585)
	at org.springframework.beans.factory.support.DefaultListableBeanFactory.doResolveDependency(DefaultListableBeanFactory.java:1368)
	at org.springframework.beans.factory.support.DefaultListableBeanFactory.resolveDependency(DefaultListableBeanFactory.java:1325)
	at org.springframework.context.annotation.CommonAnnotationBeanPostProcessor.autowireResource(CommonAnnotationBeanPostProcessor.java:490)
	at org.springframework.context.annotation.CommonAnnotationBeanPostProcessor.getResource(CommonAnnotationBeanPostProcessor.java:467)
	at org.springframework.context.annotation.CommonAnnotationBeanPostProcessor$ResourceElement.getResourceToInject(CommonAnnotationBeanPostProcessor.java:618)
	at org.springframework.beans.factory.annotation.InjectionMetadata$InjectedElement.inject(InjectionMetadata.java:242)
	at org.springframework.beans.factory.annotation.InjectionMetadata.inject(InjectionMetadata.java:133)
	at org.springframework.context.annotation.CommonAnnotationBeanPostProcessor.postProcessProperties(CommonAnnotationBeanPostProcessor.java:300)
	... 47 common frames omitted
Caused by: org.springframework.beans.factory.BeanCreationException: Error creating bean with name 'feignFormEncoder' defined in com.quanxiaoha.xiaohashu.oss.config.FeignFormConfig: Failed to instantiate [feign.codec.Encoder]: Factory method 'feignFormEncoder' threw exception with message: feign/form/spring/SpringFormEncoder
	at org.springframework.beans.factory.support.ConstructorResolver.instantiate(ConstructorResolver.java:657)
	at org.springframework.beans.factory.support.ConstructorResolver.instantiateUsingFactoryMethod(ConstructorResolver.java:491)
	at org.springframework.beans.factory.support.AbstractAutowireCapableBeanFactory.instantiateUsingFactoryMethod(AbstractAutowireCapableBeanFactory.java:1324)
	at org.springframework.beans.factory.support.AbstractAutowireCapableBeanFactory.createBeanInstance(AbstractAutowireCapableBeanFactory.java:1161)
	at org.springframework.beans.factory.support.AbstractAutowireCapableBeanFactory.doCreateBean(AbstractAutowireCapableBeanFactory.java:561)
	at org.springframework.beans.factory.support.AbstractAutowireCapableBeanFactory.createBean(AbstractAutowireCapableBeanFactory.java:521)
	at org.springframework.beans.factory.support.AbstractBeanFactory.lambda$doGetBean$0(AbstractBeanFactory.java:326)
	at org.springframework.beans.factory.support.DefaultSingletonBeanRegistry.getSingleton(DefaultSingletonBeanRegistry.java:234)
	at org.springframework.beans.factory.support.AbstractBeanFactory.doGetBean(AbstractBeanFactory.java:324)
	at org.springframework.beans.factory.support.AbstractBeanFactory.getBean(AbstractBeanFactory.java:200)
	at org.springframework.beans.factory.support.DefaultListableBeanFactory.preInstantiateSingletons(DefaultListableBeanFactory.java:961)
	at org.springframework.context.support.AbstractApplicationContext.finishBeanFactoryInitialization(AbstractApplicationContext.java:915)
	at org.springframework.context.support.AbstractApplicationContext.refresh(AbstractApplicationContext.java:584)
	at org.springframework.cloud.context.named.NamedContextFactory.createContext(NamedContextFactory.java:138)
	at org.springframework.cloud.context.named.NamedContextFactory.getContext(NamedContextFactory.java:122)
	at org.springframework.cloud.context.named.NamedContextFactory.getInstance(NamedContextFactory.java:197)
	at org.springframework.cloud.openfeign.FeignClientFactoryBean.get(FeignClientFactoryBean.java:363)
	at org.springframework.cloud.openfeign.FeignClientFactoryBean.feign(FeignClientFactoryBean.java:134)
	at org.springframework.cloud.openfeign.FeignClientFactoryBean.getTarget(FeignClientFactoryBean.java:433)
	at org.springframework.cloud.openfeign.FeignClientFactoryBean.getObject(FeignClientFactoryBean.java:421)
	at org.springframework.beans.factory.support.FactoryBeanRegistrySupport.doGetObjectFromFactoryBean(FactoryBeanRegistrySupport.java:148)
	... 63 common frames omitted
Caused by: org.springframework.beans.BeanInstantiationException: Failed to instantiate [feign.codec.Encoder]: Factory method 'feignFormEncoder' threw exception with message: feign/form/spring/SpringFormEncoder
	at org.springframework.beans.factory.support.SimpleInstantiationStrategy.instantiate(SimpleInstantiationStrategy.java:171)
	at org.springframework.beans.factory.support.ConstructorResolver.instantiate(ConstructorResolver.java:653)
	... 83 common frames omitted
Caused by: java.lang.NoClassDefFoundError: feign/form/spring/SpringFormEncoder
	at com.quanxiaoha.xiaohashu.oss.config.FeignFormConfig.feignFormEncoder(FeignFormConfig.java:19)
	at com.quanxiaoha.xiaohashu.oss.config.FeignFormConfig$$SpringCGLIB$$0.CGLIB$feignFormEncoder$0(<generated>)
	at com.quanxiaoha.xiaohashu.oss.config.FeignFormConfig$$SpringCGLIB$$2.invoke(<generated>)
	at org.springframework.cglib.proxy.MethodProxy.invokeSuper(MethodProxy.java:258)
	at org.springframework.context.annotation.ConfigurationClassEnhancer$BeanMethodInterceptor.intercept(ConfigurationClassEnhancer.java:331)
	at com.quanxiaoha.xiaohashu.oss.config.FeignFormConfig$$SpringCGLIB$$0.feignFormEncoder(<generated>)
	at java.base/jdk.internal.reflect.NativeMethodAccessorImpl.invoke0(Native Method)
	at java.base/jdk.internal.reflect.NativeMethodAccessorImpl.invoke(NativeMethodAccessorImpl.java:77)
	at java.base/jdk.internal.reflect.DelegatingMethodAccessorImpl.invoke(DelegatingMethodAccessorImpl.java:43)
	at java.base/java.lang.reflect.Method.invoke(Method.java:568)
	at org.springframework.beans.factory.support.SimpleInstantiationStrategy.instantiate(SimpleInstantiationStrategy.java:139)
	... 84 common frames omitted
Caused by: java.lang.ClassNotFoundException: feign.form.spring.SpringFormEncoder
	at java.base/jdk.internal.loader.BuiltinClassLoader.loadClass(BuiltinClassLoader.java:641)
	at java.base/jdk.internal.loader.ClassLoaders$AppClassLoader.loadClass(ClassLoaders.java:188)
	at java.base/java.lang.ClassLoader.loadClass(ClassLoader.java:525)
	... 95 common frames omitted
2025-11-01 00:05:54.734 [main] WARN  com.alibaba.nacos.client.logging.NacosLogging - Load Logback Configuration of Nacos fail, message: Could not initialize Logback Nacos logging from classpath:nacos-logback.xml
2025-11-01 00:05:54.771 [main] WARN  com.alibaba.nacos.client.logging.NacosLogging - Load Logback Configuration of Nacos fail, message: Could not initialize Logback Nacos logging from classpath:nacos-logback.xml
2025-11-01 00:05:56.143 [main] WARN  com.alibaba.nacos.client.logging.NacosLogging - Load Logback Configuration of Nacos fail, message: Could not initialize Logback Nacos logging from classpath:nacos-logback.xml
2025-11-01 00:05:56.150 [main] WARN  com.alibaba.nacos.client.logging.NacosLogging - Load Logback Configuration of Nacos fail, message: Could not initialize Logback Nacos logging from classpath:nacos-logback.xml
2025-11-01 00:05:56.151 [main] INFO  c.q.xiaohashu.user.biz.XiaohashuUserBizApplication - The following 1 profile is active: "dev"
2025-11-01 00:05:56.570 [main] INFO  o.springframework.cloud.context.scope.GenericScope - BeanFactory id=b4feea0d-e834-312f-ac4f-eedbe0c5dd6a
2025-11-01 00:05:56.594 [main] INFO  o.s.c.s.PostProcessorRegistrationDelegate$BeanPostProcessorChecker - Bean 'com.quanxiaoha.xiaohashu.oss.api.FileFeignApi' of type [org.springframework.cloud.openfeign.FeignClientFactoryBean] is not eligible for getting processed by all BeanPostProcessors (for example: not eligible for auto-proxying)
2025-11-01 00:05:56.809 [main] INFO  o.s.boot.web.embedded.tomcat.TomcatWebServer - Tomcat initialized with port(s): 8082 (http)
2025-11-01 00:05:56.815 [main] INFO  org.apache.catalina.core.StandardService - Starting service [Tomcat]
2025-11-01 00:05:56.815 [main] INFO  org.apache.catalina.core.StandardEngine - Starting Servlet engine: [Apache Tomcat/10.1.5]
2025-11-01 00:05:56.887 [main] INFO  o.a.c.core.ContainerBase.[Tomcat].[localhost].[/] - Initializing Spring embedded WebApplicationContext
2025-11-01 00:05:56.887 [main] INFO  o.s.b.w.s.c.ServletWebServerApplicationContext - Root WebApplicationContext: initialization completed in 722 ms
2025-11-01 00:05:57.000 [main] INFO  o.s.cloud.openfeign.FeignClientFactoryBean - For 'xiaohashu-oss' URL not provided. Will try picking an instance via load-balancing.
2025-11-01 00:05:57.029 [main] INFO  c.a.d.s.b.a.DruidDataSourceAutoConfigure - Init DruidDataSource
2025-11-01 00:05:57.223 [main] INFO  com.alibaba.druid.pool.DruidDataSource - {dataSource-1} inited
2025-11-01 00:05:57.353 [main] WARN  o.s.b.w.s.c.AnnotationConfigServletWebServerApplicationContext - Exception encountered during context initialization - cancelling refresh attempt: org.springframework.beans.factory.BeanCreationException: Error creating bean with name 'pushRolePermissions2RedisRunner': Injection of resource dependencies failed
2025-11-01 00:05:57.353 [main] INFO  com.alibaba.druid.pool.DruidDataSource - {dataSource-1} closing ...
2025-11-01 00:05:57.357 [main] INFO  com.alibaba.druid.pool.DruidDataSource - {dataSource-1} closed
2025-11-01 00:05:57.359 [main] INFO  org.apache.catalina.core.StandardService - Stopping service [Tomcat]
2025-11-01 00:05:57.369 [main] INFO  o.s.b.a.logging.ConditionEvaluationReportLogger - 

Error starting ApplicationContext. To display the condition evaluation report re-run your application with 'debug' enabled.
2025-11-01 00:05:57.382 [main] ERROR o.s.b.diagnostics.LoggingFailureAnalysisReporter - 

***************************
APPLICATION FAILED TO START
***************************

Description:

Parameter 0 of method redisTemplate in com.quanxiaoha.xiaohashu.user.biz.config.RedisTemplateConfig required a bean of type 'org.springframework.data.redis.connection.RedisConnectionFactory' that could not be found.


Action:

Consider defining a bean of type 'org.springframework.data.redis.connection.RedisConnectionFactory' in your configuration.

2025-11-01 00:07:31.817 [main] WARN  com.alibaba.nacos.client.logging.NacosLogging - Load Logback Configuration of Nacos fail, message: Could not initialize Logback Nacos logging from classpath:nacos-logback.xml
2025-11-01 00:07:31.848 [main] WARN  com.alibaba.nacos.client.logging.NacosLogging - Load Logback Configuration of Nacos fail, message: Could not initialize Logback Nacos logging from classpath:nacos-logback.xml
2025-11-01 00:07:33.175 [main] WARN  com.alibaba.nacos.client.logging.NacosLogging - Load Logback Configuration of Nacos fail, message: Could not initialize Logback Nacos logging from classpath:nacos-logback.xml
2025-11-01 00:07:33.183 [main] WARN  com.alibaba.nacos.client.logging.NacosLogging - Load Logback Configuration of Nacos fail, message: Could not initialize Logback Nacos logging from classpath:nacos-logback.xml
2025-11-01 00:07:33.183 [main] INFO  c.q.xiaohashu.user.biz.XiaohashuUserBizApplication - The following 1 profile is active: "dev"
2025-11-01 00:07:33.588 [main] INFO  o.springframework.cloud.context.scope.GenericScope - BeanFactory id=a72749f5-d416-3b4e-80a9-120bb753ad54
2025-11-01 00:07:33.608 [main] INFO  o.s.c.s.PostProcessorRegistrationDelegate$BeanPostProcessorChecker - Bean 'com.quanxiaoha.xiaohashu.oss.api.FileFeignApi' of type [org.springframework.cloud.openfeign.FeignClientFactoryBean] is not eligible for getting processed by all BeanPostProcessors (for example: not eligible for auto-proxying)
2025-11-01 00:07:33.807 [main] INFO  o.s.boot.web.embedded.tomcat.TomcatWebServer - Tomcat initialized with port(s): 8082 (http)
2025-11-01 00:07:33.812 [main] INFO  org.apache.catalina.core.StandardService - Starting service [Tomcat]
2025-11-01 00:07:33.812 [main] INFO  org.apache.catalina.core.StandardEngine - Starting Servlet engine: [Apache Tomcat/10.1.5]
2025-11-01 00:07:33.880 [main] INFO  o.a.c.core.ContainerBase.[Tomcat].[localhost].[/] - Initializing Spring embedded WebApplicationContext
2025-11-01 00:07:33.880 [main] INFO  o.s.b.w.s.c.ServletWebServerApplicationContext - Root WebApplicationContext: initialization completed in 681 ms
2025-11-01 00:07:33.993 [main] INFO  o.s.cloud.openfeign.FeignClientFactoryBean - For 'xiaohashu-oss' URL not provided. Will try picking an instance via load-balancing.
2025-11-01 00:07:34.019 [main] INFO  c.a.d.s.b.a.DruidDataSourceAutoConfigure - Init DruidDataSource
2025-11-01 00:07:34.196 [main] INFO  com.alibaba.druid.pool.DruidDataSource - {dataSource-1} inited
2025-11-01 00:07:34.321 [main] WARN  o.s.b.w.s.c.AnnotationConfigServletWebServerApplicationContext - Exception encountered during context initialization - cancelling refresh attempt: org.springframework.beans.factory.BeanCreationException: Error creating bean with name 'pushRolePermissions2RedisRunner': Injection of resource dependencies failed
2025-11-01 00:07:34.321 [main] INFO  com.alibaba.druid.pool.DruidDataSource - {dataSource-1} closing ...
2025-11-01 00:07:34.324 [main] INFO  com.alibaba.druid.pool.DruidDataSource - {dataSource-1} closed
2025-11-01 00:07:34.326 [main] INFO  org.apache.catalina.core.StandardService - Stopping service [Tomcat]
2025-11-01 00:07:34.336 [main] INFO  o.s.b.a.logging.ConditionEvaluationReportLogger - 

Error starting ApplicationContext. To display the condition evaluation report re-run your application with 'debug' enabled.
2025-11-01 00:07:34.348 [main] ERROR o.s.b.diagnostics.LoggingFailureAnalysisReporter - 

***************************
APPLICATION FAILED TO START
***************************

Description:

A component required a bean of type 'org.springframework.data.redis.core.RedisTemplate' that could not be found.


Action:

Consider defining a bean of type 'org.springframework.data.redis.core.RedisTemplate' in your configuration.

2025-11-01 00:09:12.512 [main] WARN  com.alibaba.nacos.client.logging.NacosLogging - Load Logback Configuration of Nacos fail, message: Could not initialize Logback Nacos logging from classpath:nacos-logback.xml
2025-11-01 00:09:12.544 [main] WARN  com.alibaba.nacos.client.logging.NacosLogging - Load Logback Configuration of Nacos fail, message: Could not initialize Logback Nacos logging from classpath:nacos-logback.xml
2025-11-01 00:09:13.876 [main] WARN  com.alibaba.nacos.client.logging.NacosLogging - Load Logback Configuration of Nacos fail, message: Could not initialize Logback Nacos logging from classpath:nacos-logback.xml
2025-11-01 00:09:13.883 [main] WARN  com.alibaba.nacos.client.logging.NacosLogging - Load Logback Configuration of Nacos fail, message: Could not initialize Logback Nacos logging from classpath:nacos-logback.xml
2025-11-01 00:09:13.884 [main] INFO  c.q.xiaohashu.user.biz.XiaohashuUserBizApplication - The following 1 profile is active: "dev"
2025-11-01 00:09:14.283 [main] INFO  o.springframework.cloud.context.scope.GenericScope - BeanFactory id=a72749f5-d416-3b4e-80a9-120bb753ad54
2025-11-01 00:09:14.303 [main] INFO  o.s.c.s.PostProcessorRegistrationDelegate$BeanPostProcessorChecker - Bean 'com.quanxiaoha.xiaohashu.oss.api.FileFeignApi' of type [org.springframework.cloud.openfeign.FeignClientFactoryBean] is not eligible for getting processed by all BeanPostProcessors (for example: not eligible for auto-proxying)
2025-11-01 00:09:14.513 [main] INFO  o.s.boot.web.embedded.tomcat.TomcatWebServer - Tomcat initialized with port(s): 8082 (http)
2025-11-01 00:09:14.518 [main] INFO  org.apache.catalina.core.StandardService - Starting service [Tomcat]
2025-11-01 00:09:14.518 [main] INFO  org.apache.catalina.core.StandardEngine - Starting Servlet engine: [Apache Tomcat/10.1.5]
2025-11-01 00:09:14.586 [main] INFO  o.a.c.core.ContainerBase.[Tomcat].[localhost].[/] - Initializing Spring embedded WebApplicationContext
2025-11-01 00:09:14.587 [main] INFO  o.s.b.w.s.c.ServletWebServerApplicationContext - Root WebApplicationContext: initialization completed in 688 ms
2025-11-01 00:09:14.695 [main] INFO  o.s.cloud.openfeign.FeignClientFactoryBean - For 'xiaohashu-oss' URL not provided. Will try picking an instance via load-balancing.
2025-11-01 00:09:14.721 [main] INFO  c.a.d.s.b.a.DruidDataSourceAutoConfigure - Init DruidDataSource
2025-11-01 00:09:14.937 [main] INFO  com.alibaba.druid.pool.DruidDataSource - {dataSource-1} inited
2025-11-01 00:09:15.066 [main] WARN  o.s.b.w.s.c.AnnotationConfigServletWebServerApplicationContext - Exception encountered during context initialization - cancelling refresh attempt: org.springframework.beans.factory.BeanCreationException: Error creating bean with name 'pushRolePermissions2RedisRunner': Injection of resource dependencies failed
2025-11-01 00:09:15.066 [main] INFO  com.alibaba.druid.pool.DruidDataSource - {dataSource-1} closing ...
2025-11-01 00:09:15.070 [main] INFO  com.alibaba.druid.pool.DruidDataSource - {dataSource-1} closed
2025-11-01 00:09:15.072 [main] INFO  org.apache.catalina.core.StandardService - Stopping service [Tomcat]
2025-11-01 00:09:15.080 [main] INFO  o.s.b.a.logging.ConditionEvaluationReportLogger - 

Error starting ApplicationContext. To display the condition evaluation report re-run your application with 'debug' enabled.
2025-11-01 00:09:15.090 [main] ERROR o.s.b.diagnostics.LoggingFailureAnalysisReporter - 

***************************
APPLICATION FAILED TO START
***************************

Description:

A component required a bean of type 'org.springframework.data.redis.core.RedisTemplate' that could not be found.


Action:

Consider defining a bean of type 'org.springframework.data.redis.core.RedisTemplate' in your configuration.

2025-11-01 00:11:43.601 [main] WARN  com.alibaba.nacos.client.logging.NacosLogging - Load Logback Configuration of Nacos fail, message: Could not initialize Logback Nacos logging from classpath:nacos-logback.xml
2025-11-01 00:11:43.635 [main] WARN  com.alibaba.nacos.client.logging.NacosLogging - Load Logback Configuration of Nacos fail, message: Could not initialize Logback Nacos logging from classpath:nacos-logback.xml
2025-11-01 00:11:44.959 [main] WARN  com.alibaba.nacos.client.logging.NacosLogging - Load Logback Configuration of Nacos fail, message: Could not initialize Logback Nacos logging from classpath:nacos-logback.xml
2025-11-01 00:11:44.966 [main] WARN  com.alibaba.nacos.client.logging.NacosLogging - Load Logback Configuration of Nacos fail, message: Could not initialize Logback Nacos logging from classpath:nacos-logback.xml
2025-11-01 00:11:44.966 [main] INFO  c.q.xiaohashu.user.biz.XiaohashuUserBizApplication - The following 1 profile is active: "dev"
2025-11-01 00:11:45.335 [main] INFO  o.springframework.cloud.context.scope.GenericScope - BeanFactory id=ed5b39bf-e692-38e7-b05f-aa93be42c62d
2025-11-01 00:11:45.352 [main] INFO  o.s.c.s.PostProcessorRegistrationDelegate$BeanPostProcessorChecker - Bean 'com.quanxiaoha.xiaohashu.oss.api.FileFeignApi' of type [org.springframework.cloud.openfeign.FeignClientFactoryBean] is not eligible for getting processed by all BeanPostProcessors (for example: not eligible for auto-proxying)
2025-11-01 00:11:45.546 [main] INFO  o.s.boot.web.embedded.tomcat.TomcatWebServer - Tomcat initialized with port(s): 8082 (http)
2025-11-01 00:11:45.551 [main] INFO  org.apache.catalina.core.StandardService - Starting service [Tomcat]
2025-11-01 00:11:45.552 [main] INFO  org.apache.catalina.core.StandardEngine - Starting Servlet engine: [Apache Tomcat/10.1.5]
2025-11-01 00:11:45.621 [main] INFO  o.a.c.core.ContainerBase.[Tomcat].[localhost].[/] - Initializing Spring embedded WebApplicationContext
2025-11-01 00:11:45.621 [main] INFO  o.s.b.w.s.c.ServletWebServerApplicationContext - Root WebApplicationContext: initialization completed in 642 ms
2025-11-01 00:11:45.685 [main] WARN  o.s.c.a.AnnotationConfigApplicationContext - Exception encountered during context initialization - cancelling refresh attempt: org.springframework.beans.factory.BeanCreationException: Error creating bean with name 'feignFormEncoder' defined in com.quanxiaoha.xiaohashu.oss.config.FeignFormConfig: Failed to instantiate [feign.codec.Encoder]: Factory method 'feignFormEncoder' threw exception with message: feign/form/spring/SpringFormEncoder
2025-11-01 00:11:45.686 [main] WARN  o.s.b.w.s.c.AnnotationConfigServletWebServerApplicationContext - Exception encountered during context initialization - cancelling refresh attempt: org.springframework.beans.factory.BeanCreationException: Error creating bean with name 'userController': Injection of resource dependencies failed
2025-11-01 00:11:45.686 [main] INFO  org.apache.catalina.core.StandardService - Stopping service [Tomcat]
2025-11-01 00:11:45.697 [main] INFO  o.s.b.a.logging.ConditionEvaluationReportLogger - 

Error starting ApplicationContext. To display the condition evaluation report re-run your application with 'debug' enabled.
2025-11-01 00:11:45.707 [main] ERROR org.springframework.boot.SpringApplication - Application run failed
org.springframework.beans.factory.BeanCreationException: Error creating bean with name 'userController': Injection of resource dependencies failed
	at org.springframework.context.annotation.CommonAnnotationBeanPostProcessor.postProcessProperties(CommonAnnotationBeanPostProcessor.java:303)
	at org.springframework.beans.factory.support.AbstractAutowireCapableBeanFactory.populateBean(AbstractAutowireCapableBeanFactory.java:1397)
	at org.springframework.beans.factory.support.AbstractAutowireCapableBeanFactory.doCreateBean(AbstractAutowireCapableBeanFactory.java:598)
	at org.springframework.beans.factory.support.AbstractAutowireCapableBeanFactory.createBean(AbstractAutowireCapableBeanFactory.java:521)
	at org.springframework.beans.factory.support.AbstractBeanFactory.lambda$doGetBean$0(AbstractBeanFactory.java:326)
	at org.springframework.beans.factory.support.DefaultSingletonBeanRegistry.getSingleton(DefaultSingletonBeanRegistry.java:234)
	at org.springframework.beans.factory.support.AbstractBeanFactory.doGetBean(AbstractBeanFactory.java:324)
	at org.springframework.beans.factory.support.AbstractBeanFactory.getBean(AbstractBeanFactory.java:200)
	at org.springframework.beans.factory.support.DefaultListableBeanFactory.preInstantiateSingletons(DefaultListableBeanFactory.java:961)
	at org.springframework.context.support.AbstractApplicationContext.finishBeanFactoryInitialization(AbstractApplicationContext.java:915)
	at org.springframework.context.support.AbstractApplicationContext.refresh(AbstractApplicationContext.java:584)
	at org.springframework.boot.web.servlet.context.ServletWebServerApplicationContext.refresh(ServletWebServerApplicationContext.java:146)
	at org.springframework.boot.SpringApplication.refresh(SpringApplication.java:730)
	at org.springframework.boot.SpringApplication.refreshContext(SpringApplication.java:432)
	at org.springframework.boot.SpringApplication.run(SpringApplication.java:308)
	at org.springframework.boot.SpringApplication.run(SpringApplication.java:1302)
	at org.springframework.boot.SpringApplication.run(SpringApplication.java:1291)
	at com.quanxiaoha.xiaohashu.user.biz.XiaohashuUserBizApplication.main(XiaohashuUserBizApplication.java:14)
Caused by: org.springframework.beans.factory.BeanCreationException: Error creating bean with name 'userServiceImpl': Injection of resource dependencies failed
	at org.springframework.context.annotation.CommonAnnotationBeanPostProcessor.postProcessProperties(CommonAnnotationBeanPostProcessor.java:303)
	at org.springframework.beans.factory.support.AbstractAutowireCapableBeanFactory.populateBean(AbstractAutowireCapableBeanFactory.java:1397)
	at org.springframework.beans.factory.support.AbstractAutowireCapableBeanFactory.doCreateBean(AbstractAutowireCapableBeanFactory.java:598)
	at org.springframework.beans.factory.support.AbstractAutowireCapableBeanFactory.createBean(AbstractAutowireCapableBeanFactory.java:521)
	at org.springframework.beans.factory.support.AbstractBeanFactory.lambda$doGetBean$0(AbstractBeanFactory.java:326)
	at org.springframework.beans.factory.support.DefaultSingletonBeanRegistry.getSingleton(DefaultSingletonBeanRegistry.java:234)
	at org.springframework.beans.factory.support.AbstractBeanFactory.doGetBean(AbstractBeanFactory.java:324)
	at org.springframework.beans.factory.support.AbstractBeanFactory.getBean(AbstractBeanFactory.java:200)
	at org.springframework.beans.factory.config.DependencyDescriptor.resolveCandidate(DependencyDescriptor.java:254)
	at org.springframework.beans.factory.support.DefaultListableBeanFactory.doResolveDependency(DefaultListableBeanFactory.java:1405)
	at org.springframework.beans.factory.support.DefaultListableBeanFactory.resolveDependency(DefaultListableBeanFactory.java:1325)
	at org.springframework.context.annotation.CommonAnnotationBeanPostProcessor.autowireResource(CommonAnnotationBeanPostProcessor.java:490)
	at org.springframework.context.annotation.CommonAnnotationBeanPostProcessor.getResource(CommonAnnotationBeanPostProcessor.java:467)
	at org.springframework.context.annotation.CommonAnnotationBeanPostProcessor$ResourceElement.getResourceToInject(CommonAnnotationBeanPostProcessor.java:618)
	at org.springframework.beans.factory.annotation.InjectionMetadata$InjectedElement.inject(InjectionMetadata.java:242)
	at org.springframework.beans.factory.annotation.InjectionMetadata.inject(InjectionMetadata.java:133)
	at org.springframework.context.annotation.CommonAnnotationBeanPostProcessor.postProcessProperties(CommonAnnotationBeanPostProcessor.java:300)
	... 17 common frames omitted
Caused by: org.springframework.beans.factory.BeanCreationException: Error creating bean with name 'ossRpcService': Injection of resource dependencies failed
	at org.springframework.context.annotation.CommonAnnotationBeanPostProcessor.postProcessProperties(CommonAnnotationBeanPostProcessor.java:303)
	at org.springframework.beans.factory.support.AbstractAutowireCapableBeanFactory.populateBean(AbstractAutowireCapableBeanFactory.java:1397)
	at org.springframework.beans.factory.support.AbstractAutowireCapableBeanFactory.doCreateBean(AbstractAutowireCapableBeanFactory.java:598)
	at org.springframework.beans.factory.support.AbstractAutowireCapableBeanFactory.createBean(AbstractAutowireCapableBeanFactory.java:521)
	at org.springframework.beans.factory.support.AbstractBeanFactory.lambda$doGetBean$0(AbstractBeanFactory.java:326)
	at org.springframework.beans.factory.support.DefaultSingletonBeanRegistry.getSingleton(DefaultSingletonBeanRegistry.java:234)
	at org.springframework.beans.factory.support.AbstractBeanFactory.doGetBean(AbstractBeanFactory.java:324)
	at org.springframework.beans.factory.support.AbstractBeanFactory.getBean(AbstractBeanFactory.java:205)
	at org.springframework.beans.factory.support.AbstractAutowireCapableBeanFactory.resolveBeanByName(AbstractAutowireCapableBeanFactory.java:458)
	at org.springframework.context.annotation.CommonAnnotationBeanPostProcessor.autowireResource(CommonAnnotationBeanPostProcessor.java:496)
	at org.springframework.context.annotation.CommonAnnotationBeanPostProcessor.getResource(CommonAnnotationBeanPostProcessor.java:467)
	at org.springframework.context.annotation.CommonAnnotationBeanPostProcessor$ResourceElement.getResourceToInject(CommonAnnotationBeanPostProcessor.java:618)
	at org.springframework.beans.factory.annotation.InjectionMetadata$InjectedElement.inject(InjectionMetadata.java:242)
	at org.springframework.beans.factory.annotation.InjectionMetadata.inject(InjectionMetadata.java:133)
	at org.springframework.context.annotation.CommonAnnotationBeanPostProcessor.postProcessProperties(CommonAnnotationBeanPostProcessor.java:300)
	... 33 common frames omitted
Caused by: org.springframework.beans.factory.BeanCreationException: Error creating bean with name 'com.quanxiaoha.xiaohashu.oss.api.FileFeignApi': FactoryBean threw exception on object creation
	at org.springframework.beans.factory.support.FactoryBeanRegistrySupport.doGetObjectFromFactoryBean(FactoryBeanRegistrySupport.java:154)
	at org.springframework.beans.factory.support.FactoryBeanRegistrySupport.getObjectFromFactoryBean(FactoryBeanRegistrySupport.java:90)
	at org.springframework.beans.factory.support.AbstractBeanFactory.getObjectForBeanInstance(AbstractBeanFactory.java:1823)
	at org.springframework.beans.factory.support.AbstractAutowireCapableBeanFactory.getObjectForBeanInstance(AbstractAutowireCapableBeanFactory.java:1265)
	at org.springframework.beans.factory.support.AbstractBeanFactory.doGetBean(AbstractBeanFactory.java:259)
	at org.springframework.beans.factory.support.AbstractBeanFactory.getBean(AbstractBeanFactory.java:200)
	at org.springframework.beans.factory.config.DependencyDescriptor.resolveCandidate(DependencyDescriptor.java:254)
	at org.springframework.beans.factory.support.DefaultListableBeanFactory.addCandidateEntry(DefaultListableBeanFactory.java:1628)
	at org.springframework.beans.factory.support.DefaultListableBeanFactory.findAutowireCandidates(DefaultListableBeanFactory.java:1585)
	at org.springframework.beans.factory.support.DefaultListableBeanFactory.doResolveDependency(DefaultListableBeanFactory.java:1368)
	at org.springframework.beans.factory.support.DefaultListableBeanFactory.resolveDependency(DefaultListableBeanFactory.java:1325)
	at org.springframework.context.annotation.CommonAnnotationBeanPostProcessor.autowireResource(CommonAnnotationBeanPostProcessor.java:490)
	at org.springframework.context.annotation.CommonAnnotationBeanPostProcessor.getResource(CommonAnnotationBeanPostProcessor.java:467)
	at org.springframework.context.annotation.CommonAnnotationBeanPostProcessor$ResourceElement.getResourceToInject(CommonAnnotationBeanPostProcessor.java:618)
	at org.springframework.beans.factory.annotation.InjectionMetadata$InjectedElement.inject(InjectionMetadata.java:242)
	at org.springframework.beans.factory.annotation.InjectionMetadata.inject(InjectionMetadata.java:133)
	at org.springframework.context.annotation.CommonAnnotationBeanPostProcessor.postProcessProperties(CommonAnnotationBeanPostProcessor.java:300)
	... 47 common frames omitted
Caused by: org.springframework.beans.factory.BeanCreationException: Error creating bean with name 'feignFormEncoder' defined in com.quanxiaoha.xiaohashu.oss.config.FeignFormConfig: Failed to instantiate [feign.codec.Encoder]: Factory method 'feignFormEncoder' threw exception with message: feign/form/spring/SpringFormEncoder
	at org.springframework.beans.factory.support.ConstructorResolver.instantiate(ConstructorResolver.java:657)
	at org.springframework.beans.factory.support.ConstructorResolver.instantiateUsingFactoryMethod(ConstructorResolver.java:491)
	at org.springframework.beans.factory.support.AbstractAutowireCapableBeanFactory.instantiateUsingFactoryMethod(AbstractAutowireCapableBeanFactory.java:1324)
	at org.springframework.beans.factory.support.AbstractAutowireCapableBeanFactory.createBeanInstance(AbstractAutowireCapableBeanFactory.java:1161)
	at org.springframework.beans.factory.support.AbstractAutowireCapableBeanFactory.doCreateBean(AbstractAutowireCapableBeanFactory.java:561)
	at org.springframework.beans.factory.support.AbstractAutowireCapableBeanFactory.createBean(AbstractAutowireCapableBeanFactory.java:521)
	at org.springframework.beans.factory.support.AbstractBeanFactory.lambda$doGetBean$0(AbstractBeanFactory.java:326)
	at org.springframework.beans.factory.support.DefaultSingletonBeanRegistry.getSingleton(DefaultSingletonBeanRegistry.java:234)
	at org.springframework.beans.factory.support.AbstractBeanFactory.doGetBean(AbstractBeanFactory.java:324)
	at org.springframework.beans.factory.support.AbstractBeanFactory.getBean(AbstractBeanFactory.java:200)
	at org.springframework.beans.factory.support.DefaultListableBeanFactory.preInstantiateSingletons(DefaultListableBeanFactory.java:961)
	at org.springframework.context.support.AbstractApplicationContext.finishBeanFactoryInitialization(AbstractApplicationContext.java:915)
	at org.springframework.context.support.AbstractApplicationContext.refresh(AbstractApplicationContext.java:584)
	at org.springframework.cloud.context.named.NamedContextFactory.createContext(NamedContextFactory.java:138)
	at org.springframework.cloud.context.named.NamedContextFactory.getContext(NamedContextFactory.java:122)
	at org.springframework.cloud.context.named.NamedContextFactory.getInstance(NamedContextFactory.java:197)
	at org.springframework.cloud.openfeign.FeignClientFactoryBean.get(FeignClientFactoryBean.java:363)
	at org.springframework.cloud.openfeign.FeignClientFactoryBean.feign(FeignClientFactoryBean.java:134)
	at org.springframework.cloud.openfeign.FeignClientFactoryBean.getTarget(FeignClientFactoryBean.java:433)
	at org.springframework.cloud.openfeign.FeignClientFactoryBean.getObject(FeignClientFactoryBean.java:421)
	at org.springframework.beans.factory.support.FactoryBeanRegistrySupport.doGetObjectFromFactoryBean(FactoryBeanRegistrySupport.java:148)
	... 63 common frames omitted
Caused by: org.springframework.beans.BeanInstantiationException: Failed to instantiate [feign.codec.Encoder]: Factory method 'feignFormEncoder' threw exception with message: feign/form/spring/SpringFormEncoder
	at org.springframework.beans.factory.support.SimpleInstantiationStrategy.instantiate(SimpleInstantiationStrategy.java:171)
	at org.springframework.beans.factory.support.ConstructorResolver.instantiate(ConstructorResolver.java:653)
	... 83 common frames omitted
Caused by: java.lang.NoClassDefFoundError: feign/form/spring/SpringFormEncoder
	at com.quanxiaoha.xiaohashu.oss.config.FeignFormConfig.feignFormEncoder(FeignFormConfig.java:19)
	at com.quanxiaoha.xiaohashu.oss.config.FeignFormConfig$$SpringCGLIB$$0.CGLIB$feignFormEncoder$0(<generated>)
	at com.quanxiaoha.xiaohashu.oss.config.FeignFormConfig$$SpringCGLIB$$2.invoke(<generated>)
	at org.springframework.cglib.proxy.MethodProxy.invokeSuper(MethodProxy.java:258)
	at org.springframework.context.annotation.ConfigurationClassEnhancer$BeanMethodInterceptor.intercept(ConfigurationClassEnhancer.java:331)
	at com.quanxiaoha.xiaohashu.oss.config.FeignFormConfig$$SpringCGLIB$$0.feignFormEncoder(<generated>)
	at java.base/jdk.internal.reflect.NativeMethodAccessorImpl.invoke0(Native Method)
	at java.base/jdk.internal.reflect.NativeMethodAccessorImpl.invoke(NativeMethodAccessorImpl.java:77)
	at java.base/jdk.internal.reflect.DelegatingMethodAccessorImpl.invoke(DelegatingMethodAccessorImpl.java:43)
	at java.base/java.lang.reflect.Method.invoke(Method.java:568)
	at org.springframework.beans.factory.support.SimpleInstantiationStrategy.instantiate(SimpleInstantiationStrategy.java:139)
	... 84 common frames omitted
Caused by: java.lang.ClassNotFoundException: feign.form.spring.SpringFormEncoder
	at java.base/jdk.internal.loader.BuiltinClassLoader.loadClass(BuiltinClassLoader.java:641)
	at java.base/jdk.internal.loader.ClassLoaders$AppClassLoader.loadClass(ClassLoaders.java:188)
	at java.base/java.lang.ClassLoader.loadClass(ClassLoader.java:525)
	... 95 common frames omitted
2025-11-01 13:06:23.601 [main] WARN  com.alibaba.nacos.client.logging.NacosLogging - Load Logback Configuration of Nacos fail, message: Could not initialize Logback Nacos logging from classpath:nacos-logback.xml
2025-11-01 13:06:23.644 [main] WARN  com.alibaba.nacos.client.logging.NacosLogging - Load Logback Configuration of Nacos fail, message: Could not initialize Logback Nacos logging from classpath:nacos-logback.xml
2025-11-01 13:06:24.007 [main] WARN  com.alibaba.nacos.client.logging.NacosLogging - Load Logback Configuration of Nacos fail, message: Could not initialize Logback Nacos logging from classpath:nacos-logback.xml
2025-11-01 13:06:24.016 [main] WARN  com.alibaba.nacos.client.logging.NacosLogging - Load Logback Configuration of Nacos fail, message: Could not initialize Logback Nacos logging from classpath:nacos-logback.xml
2025-11-01 13:06:24.017 [main] INFO  c.q.xiaohashu.user.biz.XiaohashuUserBizApplication - The following 1 profile is active: "dev"
2025-11-01 13:06:24.549 [main] INFO  o.springframework.cloud.context.scope.GenericScope - BeanFactory id=b4feea0d-e834-312f-ac4f-eedbe0c5dd6a
2025-11-01 13:06:24.572 [main] INFO  o.s.c.s.PostProcessorRegistrationDelegate$BeanPostProcessorChecker - Bean 'com.quanxiaoha.xiaohashu.oss.api.FileFeignApi' of type [org.springframework.cloud.openfeign.FeignClientFactoryBean] is not eligible for getting processed by all BeanPostProcessors (for example: not eligible for auto-proxying)
2025-11-01 13:06:24.851 [main] INFO  o.s.boot.web.embedded.tomcat.TomcatWebServer - Tomcat initialized with port(s): 8082 (http)
2025-11-01 13:06:24.859 [main] INFO  org.apache.catalina.core.StandardService - Starting service [Tomcat]
2025-11-01 13:06:24.859 [main] INFO  org.apache.catalina.core.StandardEngine - Starting Servlet engine: [Apache Tomcat/10.1.5]
2025-11-01 13:06:24.939 [main] INFO  o.a.c.core.ContainerBase.[Tomcat].[localhost].[/] - Initializing Spring embedded WebApplicationContext
2025-11-01 13:06:24.939 [main] INFO  o.s.b.w.s.c.ServletWebServerApplicationContext - Root WebApplicationContext: initialization completed in 892 ms
2025-11-01 13:06:25.047 [main] INFO  o.s.cloud.openfeign.FeignClientFactoryBean - For 'xiaohashu-oss' URL not provided. Will try picking an instance via load-balancing.
2025-11-01 13:06:25.074 [main] INFO  c.a.d.s.b.a.DruidDataSourceAutoConfigure - Init DruidDataSource
2025-11-01 13:06:25.301 [main] INFO  com.alibaba.druid.pool.DruidDataSource - {dataSource-1} inited
2025-11-01 13:06:25.471 [main] WARN  o.s.b.w.s.c.AnnotationConfigServletWebServerApplicationContext - Exception encountered during context initialization - cancelling refresh attempt: org.springframework.beans.factory.BeanCreationException: Error creating bean with name 'pushRolePermissions2RedisRunner': Injection of resource dependencies failed
2025-11-01 13:06:25.471 [main] INFO  com.alibaba.druid.pool.DruidDataSource - {dataSource-1} closing ...
2025-11-01 13:06:25.475 [main] INFO  com.alibaba.druid.pool.DruidDataSource - {dataSource-1} closed
2025-11-01 13:06:25.477 [main] INFO  org.apache.catalina.core.StandardService - Stopping service [Tomcat]
2025-11-01 13:06:25.486 [main] INFO  o.s.b.a.logging.ConditionEvaluationReportLogger - 

Error starting ApplicationContext. To display the condition evaluation report re-run your application with 'debug' enabled.
2025-11-01 13:06:25.496 [main] ERROR o.s.b.diagnostics.LoggingFailureAnalysisReporter - 

***************************
APPLICATION FAILED TO START
***************************

Description:

Parameter 0 of method redisTemplate in com.quanxiaoha.xiaohashu.user.biz.config.RedisTemplateConfig required a bean of type 'org.springframework.data.redis.connection.RedisConnectionFactory' that could not be found.


Action:

Consider defining a bean of type 'org.springframework.data.redis.connection.RedisConnectionFactory' in your configuration.

2025-11-01 13:07:24.513 [main] WARN  com.alibaba.nacos.client.logging.NacosLogging - Load Logback Configuration of Nacos fail, message: Could not initialize Logback Nacos logging from classpath:nacos-logback.xml
2025-11-01 13:07:24.570 [main] WARN  com.alibaba.nacos.client.logging.NacosLogging - Load Logback Configuration of Nacos fail, message: Could not initialize Logback Nacos logging from classpath:nacos-logback.xml
2025-11-01 13:07:24.997 [main] WARN  com.alibaba.nacos.client.logging.NacosLogging - Load Logback Configuration of Nacos fail, message: Could not initialize Logback Nacos logging from classpath:nacos-logback.xml
2025-11-01 13:07:25.004 [main] WARN  com.alibaba.nacos.client.logging.NacosLogging - Load Logback Configuration of Nacos fail, message: Could not initialize Logback Nacos logging from classpath:nacos-logback.xml
2025-11-01 13:07:25.005 [main] INFO  c.q.xiaohashu.user.biz.XiaohashuUserBizApplication - The following 1 profile is active: "dev"
2025-11-01 13:07:25.394 [main] INFO  o.springframework.cloud.context.scope.GenericScope - BeanFactory id=1938045b-6e0a-3a8b-a512-529f838b3d63
2025-11-01 13:07:25.412 [main] INFO  o.s.c.s.PostProcessorRegistrationDelegate$BeanPostProcessorChecker - Bean 'com.quanxiaoha.xiaohashu.oss.api.FileFeignApi' of type [org.springframework.cloud.openfeign.FeignClientFactoryBean] is not eligible for getting processed by all BeanPostProcessors (for example: not eligible for auto-proxying)
2025-11-01 13:07:25.608 [main] INFO  o.s.boot.web.embedded.tomcat.TomcatWebServer - Tomcat initialized with port(s): 8082 (http)
2025-11-01 13:07:25.613 [main] INFO  org.apache.catalina.core.StandardService - Starting service [Tomcat]
2025-11-01 13:07:25.614 [main] INFO  org.apache.catalina.core.StandardEngine - Starting Servlet engine: [Apache Tomcat/10.1.5]
2025-11-01 13:07:25.679 [main] INFO  o.a.c.core.ContainerBase.[Tomcat].[localhost].[/] - Initializing Spring embedded WebApplicationContext
2025-11-01 13:07:25.679 [main] INFO  o.s.b.w.s.c.ServletWebServerApplicationContext - Root WebApplicationContext: initialization completed in 664 ms
2025-11-01 13:07:25.750 [main] WARN  o.s.c.a.AnnotationConfigApplicationContext - Exception encountered during context initialization - cancelling refresh attempt: org.springframework.beans.factory.BeanCreationException: Error creating bean with name 'feignFormEncoder' defined in com.quanxiaoha.xiaohashu.oss.config.FeignFormConfig: Failed to instantiate [feign.codec.Encoder]: Factory method 'feignFormEncoder' threw exception with message: feign/form/spring/SpringFormEncoder
2025-11-01 13:07:25.750 [main] WARN  o.s.b.w.s.c.AnnotationConfigServletWebServerApplicationContext - Exception encountered during context initialization - cancelling refresh attempt: org.springframework.beans.factory.BeanCreationException: Error creating bean with name 'userController': Injection of resource dependencies failed
2025-11-01 13:07:25.751 [main] INFO  org.apache.catalina.core.StandardService - Stopping service [Tomcat]
2025-11-01 13:07:25.762 [main] INFO  o.s.b.a.logging.ConditionEvaluationReportLogger - 

Error starting ApplicationContext. To display the condition evaluation report re-run your application with 'debug' enabled.
2025-11-01 13:07:25.774 [main] ERROR org.springframework.boot.SpringApplication - Application run failed
org.springframework.beans.factory.BeanCreationException: Error creating bean with name 'userController': Injection of resource dependencies failed
	at org.springframework.context.annotation.CommonAnnotationBeanPostProcessor.postProcessProperties(CommonAnnotationBeanPostProcessor.java:303)
	at org.springframework.beans.factory.support.AbstractAutowireCapableBeanFactory.populateBean(AbstractAutowireCapableBeanFactory.java:1397)
	at org.springframework.beans.factory.support.AbstractAutowireCapableBeanFactory.doCreateBean(AbstractAutowireCapableBeanFactory.java:598)
	at org.springframework.beans.factory.support.AbstractAutowireCapableBeanFactory.createBean(AbstractAutowireCapableBeanFactory.java:521)
	at org.springframework.beans.factory.support.AbstractBeanFactory.lambda$doGetBean$0(AbstractBeanFactory.java:326)
	at org.springframework.beans.factory.support.DefaultSingletonBeanRegistry.getSingleton(DefaultSingletonBeanRegistry.java:234)
	at org.springframework.beans.factory.support.AbstractBeanFactory.doGetBean(AbstractBeanFactory.java:324)
	at org.springframework.beans.factory.support.AbstractBeanFactory.getBean(AbstractBeanFactory.java:200)
	at org.springframework.beans.factory.support.DefaultListableBeanFactory.preInstantiateSingletons(DefaultListableBeanFactory.java:961)
	at org.springframework.context.support.AbstractApplicationContext.finishBeanFactoryInitialization(AbstractApplicationContext.java:915)
	at org.springframework.context.support.AbstractApplicationContext.refresh(AbstractApplicationContext.java:584)
	at org.springframework.boot.web.servlet.context.ServletWebServerApplicationContext.refresh(ServletWebServerApplicationContext.java:146)
	at org.springframework.boot.SpringApplication.refresh(SpringApplication.java:730)
	at org.springframework.boot.SpringApplication.refreshContext(SpringApplication.java:432)
	at org.springframework.boot.SpringApplication.run(SpringApplication.java:308)
	at org.springframework.boot.SpringApplication.run(SpringApplication.java:1302)
	at org.springframework.boot.SpringApplication.run(SpringApplication.java:1291)
	at com.quanxiaoha.xiaohashu.user.biz.XiaohashuUserBizApplication.main(XiaohashuUserBizApplication.java:14)
Caused by: org.springframework.beans.factory.BeanCreationException: Error creating bean with name 'userServiceImpl': Injection of resource dependencies failed
	at org.springframework.context.annotation.CommonAnnotationBeanPostProcessor.postProcessProperties(CommonAnnotationBeanPostProcessor.java:303)
	at org.springframework.beans.factory.support.AbstractAutowireCapableBeanFactory.populateBean(AbstractAutowireCapableBeanFactory.java:1397)
	at org.springframework.beans.factory.support.AbstractAutowireCapableBeanFactory.doCreateBean(AbstractAutowireCapableBeanFactory.java:598)
	at org.springframework.beans.factory.support.AbstractAutowireCapableBeanFactory.createBean(AbstractAutowireCapableBeanFactory.java:521)
	at org.springframework.beans.factory.support.AbstractBeanFactory.lambda$doGetBean$0(AbstractBeanFactory.java:326)
	at org.springframework.beans.factory.support.DefaultSingletonBeanRegistry.getSingleton(DefaultSingletonBeanRegistry.java:234)
	at org.springframework.beans.factory.support.AbstractBeanFactory.doGetBean(AbstractBeanFactory.java:324)
	at org.springframework.beans.factory.support.AbstractBeanFactory.getBean(AbstractBeanFactory.java:200)
	at org.springframework.beans.factory.config.DependencyDescriptor.resolveCandidate(DependencyDescriptor.java:254)
	at org.springframework.beans.factory.support.DefaultListableBeanFactory.doResolveDependency(DefaultListableBeanFactory.java:1405)
	at org.springframework.beans.factory.support.DefaultListableBeanFactory.resolveDependency(DefaultListableBeanFactory.java:1325)
	at org.springframework.context.annotation.CommonAnnotationBeanPostProcessor.autowireResource(CommonAnnotationBeanPostProcessor.java:490)
	at org.springframework.context.annotation.CommonAnnotationBeanPostProcessor.getResource(CommonAnnotationBeanPostProcessor.java:467)
	at org.springframework.context.annotation.CommonAnnotationBeanPostProcessor$ResourceElement.getResourceToInject(CommonAnnotationBeanPostProcessor.java:618)
	at org.springframework.beans.factory.annotation.InjectionMetadata$InjectedElement.inject(InjectionMetadata.java:242)
	at org.springframework.beans.factory.annotation.InjectionMetadata.inject(InjectionMetadata.java:133)
	at org.springframework.context.annotation.CommonAnnotationBeanPostProcessor.postProcessProperties(CommonAnnotationBeanPostProcessor.java:300)
	... 17 common frames omitted
Caused by: org.springframework.beans.factory.BeanCreationException: Error creating bean with name 'ossRpcService': Injection of resource dependencies failed
	at org.springframework.context.annotation.CommonAnnotationBeanPostProcessor.postProcessProperties(CommonAnnotationBeanPostProcessor.java:303)
	at org.springframework.beans.factory.support.AbstractAutowireCapableBeanFactory.populateBean(AbstractAutowireCapableBeanFactory.java:1397)
	at org.springframework.beans.factory.support.AbstractAutowireCapableBeanFactory.doCreateBean(AbstractAutowireCapableBeanFactory.java:598)
	at org.springframework.beans.factory.support.AbstractAutowireCapableBeanFactory.createBean(AbstractAutowireCapableBeanFactory.java:521)
	at org.springframework.beans.factory.support.AbstractBeanFactory.lambda$doGetBean$0(AbstractBeanFactory.java:326)
	at org.springframework.beans.factory.support.DefaultSingletonBeanRegistry.getSingleton(DefaultSingletonBeanRegistry.java:234)
	at org.springframework.beans.factory.support.AbstractBeanFactory.doGetBean(AbstractBeanFactory.java:324)
	at org.springframework.beans.factory.support.AbstractBeanFactory.getBean(AbstractBeanFactory.java:205)
	at org.springframework.beans.factory.support.AbstractAutowireCapableBeanFactory.resolveBeanByName(AbstractAutowireCapableBeanFactory.java:458)
	at org.springframework.context.annotation.CommonAnnotationBeanPostProcessor.autowireResource(CommonAnnotationBeanPostProcessor.java:496)
	at org.springframework.context.annotation.CommonAnnotationBeanPostProcessor.getResource(CommonAnnotationBeanPostProcessor.java:467)
	at org.springframework.context.annotation.CommonAnnotationBeanPostProcessor$ResourceElement.getResourceToInject(CommonAnnotationBeanPostProcessor.java:618)
	at org.springframework.beans.factory.annotation.InjectionMetadata$InjectedElement.inject(InjectionMetadata.java:242)
	at org.springframework.beans.factory.annotation.InjectionMetadata.inject(InjectionMetadata.java:133)
	at org.springframework.context.annotation.CommonAnnotationBeanPostProcessor.postProcessProperties(CommonAnnotationBeanPostProcessor.java:300)
	... 33 common frames omitted
Caused by: org.springframework.beans.factory.BeanCreationException: Error creating bean with name 'com.quanxiaoha.xiaohashu.oss.api.FileFeignApi': FactoryBean threw exception on object creation
	at org.springframework.beans.factory.support.FactoryBeanRegistrySupport.doGetObjectFromFactoryBean(FactoryBeanRegistrySupport.java:154)
	at org.springframework.beans.factory.support.FactoryBeanRegistrySupport.getObjectFromFactoryBean(FactoryBeanRegistrySupport.java:90)
	at org.springframework.beans.factory.support.AbstractBeanFactory.getObjectForBeanInstance(AbstractBeanFactory.java:1823)
	at org.springframework.beans.factory.support.AbstractAutowireCapableBeanFactory.getObjectForBeanInstance(AbstractAutowireCapableBeanFactory.java:1265)
	at org.springframework.beans.factory.support.AbstractBeanFactory.doGetBean(AbstractBeanFactory.java:259)
	at org.springframework.beans.factory.support.AbstractBeanFactory.getBean(AbstractBeanFactory.java:200)
	at org.springframework.beans.factory.config.DependencyDescriptor.resolveCandidate(DependencyDescriptor.java:254)
	at org.springframework.beans.factory.support.DefaultListableBeanFactory.addCandidateEntry(DefaultListableBeanFactory.java:1628)
	at org.springframework.beans.factory.support.DefaultListableBeanFactory.findAutowireCandidates(DefaultListableBeanFactory.java:1585)
	at org.springframework.beans.factory.support.DefaultListableBeanFactory.doResolveDependency(DefaultListableBeanFactory.java:1368)
	at org.springframework.beans.factory.support.DefaultListableBeanFactory.resolveDependency(DefaultListableBeanFactory.java:1325)
	at org.springframework.context.annotation.CommonAnnotationBeanPostProcessor.autowireResource(CommonAnnotationBeanPostProcessor.java:490)
	at org.springframework.context.annotation.CommonAnnotationBeanPostProcessor.getResource(CommonAnnotationBeanPostProcessor.java:467)
	at org.springframework.context.annotation.CommonAnnotationBeanPostProcessor$ResourceElement.getResourceToInject(CommonAnnotationBeanPostProcessor.java:618)
	at org.springframework.beans.factory.annotation.InjectionMetadata$InjectedElement.inject(InjectionMetadata.java:242)
	at org.springframework.beans.factory.annotation.InjectionMetadata.inject(InjectionMetadata.java:133)
	at org.springframework.context.annotation.CommonAnnotationBeanPostProcessor.postProcessProperties(CommonAnnotationBeanPostProcessor.java:300)
	... 47 common frames omitted
Caused by: org.springframework.beans.factory.BeanCreationException: Error creating bean with name 'feignFormEncoder' defined in com.quanxiaoha.xiaohashu.oss.config.FeignFormConfig: Failed to instantiate [feign.codec.Encoder]: Factory method 'feignFormEncoder' threw exception with message: feign/form/spring/SpringFormEncoder
	at org.springframework.beans.factory.support.ConstructorResolver.instantiate(ConstructorResolver.java:657)
	at org.springframework.beans.factory.support.ConstructorResolver.instantiateUsingFactoryMethod(ConstructorResolver.java:491)
	at org.springframework.beans.factory.support.AbstractAutowireCapableBeanFactory.instantiateUsingFactoryMethod(AbstractAutowireCapableBeanFactory.java:1324)
	at org.springframework.beans.factory.support.AbstractAutowireCapableBeanFactory.createBeanInstance(AbstractAutowireCapableBeanFactory.java:1161)
	at org.springframework.beans.factory.support.AbstractAutowireCapableBeanFactory.doCreateBean(AbstractAutowireCapableBeanFactory.java:561)
	at org.springframework.beans.factory.support.AbstractAutowireCapableBeanFactory.createBean(AbstractAutowireCapableBeanFactory.java:521)
	at org.springframework.beans.factory.support.AbstractBeanFactory.lambda$doGetBean$0(AbstractBeanFactory.java:326)
	at org.springframework.beans.factory.support.DefaultSingletonBeanRegistry.getSingleton(DefaultSingletonBeanRegistry.java:234)
	at org.springframework.beans.factory.support.AbstractBeanFactory.doGetBean(AbstractBeanFactory.java:324)
	at org.springframework.beans.factory.support.AbstractBeanFactory.getBean(AbstractBeanFactory.java:200)
	at org.springframework.beans.factory.support.DefaultListableBeanFactory.preInstantiateSingletons(DefaultListableBeanFactory.java:961)
	at org.springframework.context.support.AbstractApplicationContext.finishBeanFactoryInitialization(AbstractApplicationContext.java:915)
	at org.springframework.context.support.AbstractApplicationContext.refresh(AbstractApplicationContext.java:584)
	at org.springframework.cloud.context.named.NamedContextFactory.createContext(NamedContextFactory.java:138)
	at org.springframework.cloud.context.named.NamedContextFactory.getContext(NamedContextFactory.java:122)
	at org.springframework.cloud.context.named.NamedContextFactory.getInstance(NamedContextFactory.java:197)
	at org.springframework.cloud.openfeign.FeignClientFactoryBean.get(FeignClientFactoryBean.java:363)
	at org.springframework.cloud.openfeign.FeignClientFactoryBean.feign(FeignClientFactoryBean.java:134)
	at org.springframework.cloud.openfeign.FeignClientFactoryBean.getTarget(FeignClientFactoryBean.java:433)
	at org.springframework.cloud.openfeign.FeignClientFactoryBean.getObject(FeignClientFactoryBean.java:421)
	at org.springframework.beans.factory.support.FactoryBeanRegistrySupport.doGetObjectFromFactoryBean(FactoryBeanRegistrySupport.java:148)
	... 63 common frames omitted
Caused by: org.springframework.beans.BeanInstantiationException: Failed to instantiate [feign.codec.Encoder]: Factory method 'feignFormEncoder' threw exception with message: feign/form/spring/SpringFormEncoder
	at org.springframework.beans.factory.support.SimpleInstantiationStrategy.instantiate(SimpleInstantiationStrategy.java:171)
	at org.springframework.beans.factory.support.ConstructorResolver.instantiate(ConstructorResolver.java:653)
	... 83 common frames omitted
Caused by: java.lang.NoClassDefFoundError: feign/form/spring/SpringFormEncoder
	at com.quanxiaoha.xiaohashu.oss.config.FeignFormConfig.feignFormEncoder(FeignFormConfig.java:19)
	at com.quanxiaoha.xiaohashu.oss.config.FeignFormConfig$$SpringCGLIB$$0.CGLIB$feignFormEncoder$0(<generated>)
	at com.quanxiaoha.xiaohashu.oss.config.FeignFormConfig$$SpringCGLIB$$2.invoke(<generated>)
	at org.springframework.cglib.proxy.MethodProxy.invokeSuper(MethodProxy.java:258)
	at org.springframework.context.annotation.ConfigurationClassEnhancer$BeanMethodInterceptor.intercept(ConfigurationClassEnhancer.java:331)
	at com.quanxiaoha.xiaohashu.oss.config.FeignFormConfig$$SpringCGLIB$$0.feignFormEncoder(<generated>)
	at java.base/jdk.internal.reflect.NativeMethodAccessorImpl.invoke0(Native Method)
	at java.base/jdk.internal.reflect.NativeMethodAccessorImpl.invoke(NativeMethodAccessorImpl.java:77)
	at java.base/jdk.internal.reflect.DelegatingMethodAccessorImpl.invoke(DelegatingMethodAccessorImpl.java:43)
	at java.base/java.lang.reflect.Method.invoke(Method.java:568)
	at org.springframework.beans.factory.support.SimpleInstantiationStrategy.instantiate(SimpleInstantiationStrategy.java:139)
	... 84 common frames omitted
Caused by: java.lang.ClassNotFoundException: feign.form.spring.SpringFormEncoder
	at java.base/jdk.internal.loader.BuiltinClassLoader.loadClass(BuiltinClassLoader.java:641)
	at java.base/jdk.internal.loader.ClassLoaders$AppClassLoader.loadClass(ClassLoaders.java:188)
	at java.base/java.lang.ClassLoader.loadClass(ClassLoader.java:525)
	... 95 common frames omitted
2025-11-01 13:09:57.762 [main] WARN  com.alibaba.nacos.client.logging.NacosLogging - Load Logback Configuration of Nacos fail, message: Could not initialize Logback Nacos logging from classpath:nacos-logback.xml
2025-11-01 13:09:57.800 [main] WARN  com.alibaba.nacos.client.logging.NacosLogging - Load Logback Configuration of Nacos fail, message: Could not initialize Logback Nacos logging from classpath:nacos-logback.xml
2025-11-01 13:09:58.173 [main] WARN  com.alibaba.nacos.client.logging.NacosLogging - Load Logback Configuration of Nacos fail, message: Could not initialize Logback Nacos logging from classpath:nacos-logback.xml
2025-11-01 13:09:58.182 [main] WARN  com.alibaba.nacos.client.logging.NacosLogging - Load Logback Configuration of Nacos fail, message: Could not initialize Logback Nacos logging from classpath:nacos-logback.xml
2025-11-01 13:09:58.182 [main] INFO  c.q.xiaohashu.user.biz.XiaohashuUserBizApplication - The following 1 profile is active: "dev"
2025-11-01 13:09:58.570 [main] INFO  o.springframework.cloud.context.scope.GenericScope - BeanFactory id=1938045b-6e0a-3a8b-a512-529f838b3d63
2025-11-01 13:09:58.588 [main] INFO  o.s.c.s.PostProcessorRegistrationDelegate$BeanPostProcessorChecker - Bean 'com.quanxiaoha.xiaohashu.oss.api.FileFeignApi' of type [org.springframework.cloud.openfeign.FeignClientFactoryBean] is not eligible for getting processed by all BeanPostProcessors (for example: not eligible for auto-proxying)
2025-11-01 13:09:58.781 [main] INFO  o.s.boot.web.embedded.tomcat.TomcatWebServer - Tomcat initialized with port(s): 8082 (http)
2025-11-01 13:09:58.787 [main] INFO  org.apache.catalina.core.StandardService - Starting service [Tomcat]
2025-11-01 13:09:58.787 [main] INFO  org.apache.catalina.core.StandardEngine - Starting Servlet engine: [Apache Tomcat/10.1.5]
2025-11-01 13:09:58.851 [main] INFO  o.a.c.core.ContainerBase.[Tomcat].[localhost].[/] - Initializing Spring embedded WebApplicationContext
2025-11-01 13:09:58.852 [main] INFO  o.s.b.w.s.c.ServletWebServerApplicationContext - Root WebApplicationContext: initialization completed in 655 ms
2025-11-01 13:09:58.920 [main] WARN  o.s.c.a.AnnotationConfigApplicationContext - Exception encountered during context initialization - cancelling refresh attempt: org.springframework.beans.factory.BeanCreationException: Error creating bean with name 'feignFormEncoder' defined in com.quanxiaoha.xiaohashu.oss.config.FeignFormConfig: Failed to instantiate [feign.codec.Encoder]: Factory method 'feignFormEncoder' threw exception with message: feign/form/spring/SpringFormEncoder
2025-11-01 13:09:58.921 [main] WARN  o.s.b.w.s.c.AnnotationConfigServletWebServerApplicationContext - Exception encountered during context initialization - cancelling refresh attempt: org.springframework.beans.factory.BeanCreationException: Error creating bean with name 'userController': Injection of resource dependencies failed
2025-11-01 13:09:58.922 [main] INFO  org.apache.catalina.core.StandardService - Stopping service [Tomcat]
2025-11-01 13:09:58.935 [main] INFO  o.s.b.a.logging.ConditionEvaluationReportLogger - 

Error starting ApplicationContext. To display the condition evaluation report re-run your application with 'debug' enabled.
2025-11-01 13:09:58.945 [main] ERROR org.springframework.boot.SpringApplication - Application run failed
org.springframework.beans.factory.BeanCreationException: Error creating bean with name 'userController': Injection of resource dependencies failed
	at org.springframework.context.annotation.CommonAnnotationBeanPostProcessor.postProcessProperties(CommonAnnotationBeanPostProcessor.java:303)
	at org.springframework.beans.factory.support.AbstractAutowireCapableBeanFactory.populateBean(AbstractAutowireCapableBeanFactory.java:1397)
	at org.springframework.beans.factory.support.AbstractAutowireCapableBeanFactory.doCreateBean(AbstractAutowireCapableBeanFactory.java:598)
	at org.springframework.beans.factory.support.AbstractAutowireCapableBeanFactory.createBean(AbstractAutowireCapableBeanFactory.java:521)
	at org.springframework.beans.factory.support.AbstractBeanFactory.lambda$doGetBean$0(AbstractBeanFactory.java:326)
	at org.springframework.beans.factory.support.DefaultSingletonBeanRegistry.getSingleton(DefaultSingletonBeanRegistry.java:234)
	at org.springframework.beans.factory.support.AbstractBeanFactory.doGetBean(AbstractBeanFactory.java:324)
	at org.springframework.beans.factory.support.AbstractBeanFactory.getBean(AbstractBeanFactory.java:200)
	at org.springframework.beans.factory.support.DefaultListableBeanFactory.preInstantiateSingletons(DefaultListableBeanFactory.java:961)
	at org.springframework.context.support.AbstractApplicationContext.finishBeanFactoryInitialization(AbstractApplicationContext.java:915)
	at org.springframework.context.support.AbstractApplicationContext.refresh(AbstractApplicationContext.java:584)
	at org.springframework.boot.web.servlet.context.ServletWebServerApplicationContext.refresh(ServletWebServerApplicationContext.java:146)
	at org.springframework.boot.SpringApplication.refresh(SpringApplication.java:730)
	at org.springframework.boot.SpringApplication.refreshContext(SpringApplication.java:432)
	at org.springframework.boot.SpringApplication.run(SpringApplication.java:308)
	at org.springframework.boot.SpringApplication.run(SpringApplication.java:1302)
	at org.springframework.boot.SpringApplication.run(SpringApplication.java:1291)
	at com.quanxiaoha.xiaohashu.user.biz.XiaohashuUserBizApplication.main(XiaohashuUserBizApplication.java:14)
Caused by: org.springframework.beans.factory.BeanCreationException: Error creating bean with name 'userServiceImpl': Injection of resource dependencies failed
	at org.springframework.context.annotation.CommonAnnotationBeanPostProcessor.postProcessProperties(CommonAnnotationBeanPostProcessor.java:303)
	at org.springframework.beans.factory.support.AbstractAutowireCapableBeanFactory.populateBean(AbstractAutowireCapableBeanFactory.java:1397)
	at org.springframework.beans.factory.support.AbstractAutowireCapableBeanFactory.doCreateBean(AbstractAutowireCapableBeanFactory.java:598)
	at org.springframework.beans.factory.support.AbstractAutowireCapableBeanFactory.createBean(AbstractAutowireCapableBeanFactory.java:521)
	at org.springframework.beans.factory.support.AbstractBeanFactory.lambda$doGetBean$0(AbstractBeanFactory.java:326)
	at org.springframework.beans.factory.support.DefaultSingletonBeanRegistry.getSingleton(DefaultSingletonBeanRegistry.java:234)
	at org.springframework.beans.factory.support.AbstractBeanFactory.doGetBean(AbstractBeanFactory.java:324)
	at org.springframework.beans.factory.support.AbstractBeanFactory.getBean(AbstractBeanFactory.java:200)
	at org.springframework.beans.factory.config.DependencyDescriptor.resolveCandidate(DependencyDescriptor.java:254)
	at org.springframework.beans.factory.support.DefaultListableBeanFactory.doResolveDependency(DefaultListableBeanFactory.java:1405)
	at org.springframework.beans.factory.support.DefaultListableBeanFactory.resolveDependency(DefaultListableBeanFactory.java:1325)
	at org.springframework.context.annotation.CommonAnnotationBeanPostProcessor.autowireResource(CommonAnnotationBeanPostProcessor.java:490)
	at org.springframework.context.annotation.CommonAnnotationBeanPostProcessor.getResource(CommonAnnotationBeanPostProcessor.java:467)
	at org.springframework.context.annotation.CommonAnnotationBeanPostProcessor$ResourceElement.getResourceToInject(CommonAnnotationBeanPostProcessor.java:618)
	at org.springframework.beans.factory.annotation.InjectionMetadata$InjectedElement.inject(InjectionMetadata.java:242)
	at org.springframework.beans.factory.annotation.InjectionMetadata.inject(InjectionMetadata.java:133)
	at org.springframework.context.annotation.CommonAnnotationBeanPostProcessor.postProcessProperties(CommonAnnotationBeanPostProcessor.java:300)
	... 17 common frames omitted
Caused by: org.springframework.beans.factory.BeanCreationException: Error creating bean with name 'ossRpcService': Injection of resource dependencies failed
	at org.springframework.context.annotation.CommonAnnotationBeanPostProcessor.postProcessProperties(CommonAnnotationBeanPostProcessor.java:303)
	at org.springframework.beans.factory.support.AbstractAutowireCapableBeanFactory.populateBean(AbstractAutowireCapableBeanFactory.java:1397)
	at org.springframework.beans.factory.support.AbstractAutowireCapableBeanFactory.doCreateBean(AbstractAutowireCapableBeanFactory.java:598)
	at org.springframework.beans.factory.support.AbstractAutowireCapableBeanFactory.createBean(AbstractAutowireCapableBeanFactory.java:521)
	at org.springframework.beans.factory.support.AbstractBeanFactory.lambda$doGetBean$0(AbstractBeanFactory.java:326)
	at org.springframework.beans.factory.support.DefaultSingletonBeanRegistry.getSingleton(DefaultSingletonBeanRegistry.java:234)
	at org.springframework.beans.factory.support.AbstractBeanFactory.doGetBean(AbstractBeanFactory.java:324)
	at org.springframework.beans.factory.support.AbstractBeanFactory.getBean(AbstractBeanFactory.java:205)
	at org.springframework.beans.factory.support.AbstractAutowireCapableBeanFactory.resolveBeanByName(AbstractAutowireCapableBeanFactory.java:458)
	at org.springframework.context.annotation.CommonAnnotationBeanPostProcessor.autowireResource(CommonAnnotationBeanPostProcessor.java:496)
	at org.springframework.context.annotation.CommonAnnotationBeanPostProcessor.getResource(CommonAnnotationBeanPostProcessor.java:467)
	at org.springframework.context.annotation.CommonAnnotationBeanPostProcessor$ResourceElement.getResourceToInject(CommonAnnotationBeanPostProcessor.java:618)
	at org.springframework.beans.factory.annotation.InjectionMetadata$InjectedElement.inject(InjectionMetadata.java:242)
	at org.springframework.beans.factory.annotation.InjectionMetadata.inject(InjectionMetadata.java:133)
	at org.springframework.context.annotation.CommonAnnotationBeanPostProcessor.postProcessProperties(CommonAnnotationBeanPostProcessor.java:300)
	... 33 common frames omitted
Caused by: org.springframework.beans.factory.BeanCreationException: Error creating bean with name 'com.quanxiaoha.xiaohashu.oss.api.FileFeignApi': FactoryBean threw exception on object creation
	at org.springframework.beans.factory.support.FactoryBeanRegistrySupport.doGetObjectFromFactoryBean(FactoryBeanRegistrySupport.java:154)
	at org.springframework.beans.factory.support.FactoryBeanRegistrySupport.getObjectFromFactoryBean(FactoryBeanRegistrySupport.java:90)
	at org.springframework.beans.factory.support.AbstractBeanFactory.getObjectForBeanInstance(AbstractBeanFactory.java:1823)
	at org.springframework.beans.factory.support.AbstractAutowireCapableBeanFactory.getObjectForBeanInstance(AbstractAutowireCapableBeanFactory.java:1265)
	at org.springframework.beans.factory.support.AbstractBeanFactory.doGetBean(AbstractBeanFactory.java:259)
	at org.springframework.beans.factory.support.AbstractBeanFactory.getBean(AbstractBeanFactory.java:200)
	at org.springframework.beans.factory.config.DependencyDescriptor.resolveCandidate(DependencyDescriptor.java:254)
	at org.springframework.beans.factory.support.DefaultListableBeanFactory.addCandidateEntry(DefaultListableBeanFactory.java:1628)
	at org.springframework.beans.factory.support.DefaultListableBeanFactory.findAutowireCandidates(DefaultListableBeanFactory.java:1585)
	at org.springframework.beans.factory.support.DefaultListableBeanFactory.doResolveDependency(DefaultListableBeanFactory.java:1368)
	at org.springframework.beans.factory.support.DefaultListableBeanFactory.resolveDependency(DefaultListableBeanFactory.java:1325)
	at org.springframework.context.annotation.CommonAnnotationBeanPostProcessor.autowireResource(CommonAnnotationBeanPostProcessor.java:490)
	at org.springframework.context.annotation.CommonAnnotationBeanPostProcessor.getResource(CommonAnnotationBeanPostProcessor.java:467)
	at org.springframework.context.annotation.CommonAnnotationBeanPostProcessor$ResourceElement.getResourceToInject(CommonAnnotationBeanPostProcessor.java:618)
	at org.springframework.beans.factory.annotation.InjectionMetadata$InjectedElement.inject(InjectionMetadata.java:242)
	at org.springframework.beans.factory.annotation.InjectionMetadata.inject(InjectionMetadata.java:133)
	at org.springframework.context.annotation.CommonAnnotationBeanPostProcessor.postProcessProperties(CommonAnnotationBeanPostProcessor.java:300)
	... 47 common frames omitted
Caused by: org.springframework.beans.factory.BeanCreationException: Error creating bean with name 'feignFormEncoder' defined in com.quanxiaoha.xiaohashu.oss.config.FeignFormConfig: Failed to instantiate [feign.codec.Encoder]: Factory method 'feignFormEncoder' threw exception with message: feign/form/spring/SpringFormEncoder
	at org.springframework.beans.factory.support.ConstructorResolver.instantiate(ConstructorResolver.java:657)
	at org.springframework.beans.factory.support.ConstructorResolver.instantiateUsingFactoryMethod(ConstructorResolver.java:491)
	at org.springframework.beans.factory.support.AbstractAutowireCapableBeanFactory.instantiateUsingFactoryMethod(AbstractAutowireCapableBeanFactory.java:1324)
	at org.springframework.beans.factory.support.AbstractAutowireCapableBeanFactory.createBeanInstance(AbstractAutowireCapableBeanFactory.java:1161)
	at org.springframework.beans.factory.support.AbstractAutowireCapableBeanFactory.doCreateBean(AbstractAutowireCapableBeanFactory.java:561)
	at org.springframework.beans.factory.support.AbstractAutowireCapableBeanFactory.createBean(AbstractAutowireCapableBeanFactory.java:521)
	at org.springframework.beans.factory.support.AbstractBeanFactory.lambda$doGetBean$0(AbstractBeanFactory.java:326)
	at org.springframework.beans.factory.support.DefaultSingletonBeanRegistry.getSingleton(DefaultSingletonBeanRegistry.java:234)
	at org.springframework.beans.factory.support.AbstractBeanFactory.doGetBean(AbstractBeanFactory.java:324)
	at org.springframework.beans.factory.support.AbstractBeanFactory.getBean(AbstractBeanFactory.java:200)
	at org.springframework.beans.factory.support.DefaultListableBeanFactory.preInstantiateSingletons(DefaultListableBeanFactory.java:961)
	at org.springframework.context.support.AbstractApplicationContext.finishBeanFactoryInitialization(AbstractApplicationContext.java:915)
	at org.springframework.context.support.AbstractApplicationContext.refresh(AbstractApplicationContext.java:584)
	at org.springframework.cloud.context.named.NamedContextFactory.createContext(NamedContextFactory.java:138)
	at org.springframework.cloud.context.named.NamedContextFactory.getContext(NamedContextFactory.java:122)
	at org.springframework.cloud.context.named.NamedContextFactory.getInstance(NamedContextFactory.java:197)
	at org.springframework.cloud.openfeign.FeignClientFactoryBean.get(FeignClientFactoryBean.java:363)
	at org.springframework.cloud.openfeign.FeignClientFactoryBean.feign(FeignClientFactoryBean.java:134)
	at org.springframework.cloud.openfeign.FeignClientFactoryBean.getTarget(FeignClientFactoryBean.java:433)
	at org.springframework.cloud.openfeign.FeignClientFactoryBean.getObject(FeignClientFactoryBean.java:421)
	at org.springframework.beans.factory.support.FactoryBeanRegistrySupport.doGetObjectFromFactoryBean(FactoryBeanRegistrySupport.java:148)
	... 63 common frames omitted
Caused by: org.springframework.beans.BeanInstantiationException: Failed to instantiate [feign.codec.Encoder]: Factory method 'feignFormEncoder' threw exception with message: feign/form/spring/SpringFormEncoder
	at org.springframework.beans.factory.support.SimpleInstantiationStrategy.instantiate(SimpleInstantiationStrategy.java:171)
	at org.springframework.beans.factory.support.ConstructorResolver.instantiate(ConstructorResolver.java:653)
	... 83 common frames omitted
Caused by: java.lang.NoClassDefFoundError: feign/form/spring/SpringFormEncoder
	at com.quanxiaoha.xiaohashu.oss.config.FeignFormConfig.feignFormEncoder(FeignFormConfig.java:19)
	at com.quanxiaoha.xiaohashu.oss.config.FeignFormConfig$$SpringCGLIB$$0.CGLIB$feignFormEncoder$0(<generated>)
	at com.quanxiaoha.xiaohashu.oss.config.FeignFormConfig$$SpringCGLIB$$2.invoke(<generated>)
	at org.springframework.cglib.proxy.MethodProxy.invokeSuper(MethodProxy.java:258)
	at org.springframework.context.annotation.ConfigurationClassEnhancer$BeanMethodInterceptor.intercept(ConfigurationClassEnhancer.java:331)
	at com.quanxiaoha.xiaohashu.oss.config.FeignFormConfig$$SpringCGLIB$$0.feignFormEncoder(<generated>)
	at java.base/jdk.internal.reflect.NativeMethodAccessorImpl.invoke0(Native Method)
	at java.base/jdk.internal.reflect.NativeMethodAccessorImpl.invoke(NativeMethodAccessorImpl.java:77)
	at java.base/jdk.internal.reflect.DelegatingMethodAccessorImpl.invoke(DelegatingMethodAccessorImpl.java:43)
	at java.base/java.lang.reflect.Method.invoke(Method.java:568)
	at org.springframework.beans.factory.support.SimpleInstantiationStrategy.instantiate(SimpleInstantiationStrategy.java:139)
	... 84 common frames omitted
Caused by: java.lang.ClassNotFoundException: feign.form.spring.SpringFormEncoder
	at java.base/jdk.internal.loader.BuiltinClassLoader.loadClass(BuiltinClassLoader.java:641)
	at java.base/jdk.internal.loader.ClassLoaders$AppClassLoader.loadClass(ClassLoaders.java:188)
	at java.base/java.lang.ClassLoader.loadClass(ClassLoader.java:525)
	... 95 common frames omitted
2025-11-01 13:10:20.099 [main] WARN  com.alibaba.nacos.client.logging.NacosLogging - Load Logback Configuration of Nacos fail, message: Could not initialize Logback Nacos logging from classpath:nacos-logback.xml
2025-11-01 13:10:20.142 [main] WARN  com.alibaba.nacos.client.logging.NacosLogging - Load Logback Configuration of Nacos fail, message: Could not initialize Logback Nacos logging from classpath:nacos-logback.xml
2025-11-01 13:10:20.525 [main] WARN  com.alibaba.nacos.client.logging.NacosLogging - Load Logback Configuration of Nacos fail, message: Could not initialize Logback Nacos logging from classpath:nacos-logback.xml
2025-11-01 13:10:20.532 [main] WARN  com.alibaba.nacos.client.logging.NacosLogging - Load Logback Configuration of Nacos fail, message: Could not initialize Logback Nacos logging from classpath:nacos-logback.xml
2025-11-01 13:10:20.532 [main] INFO  c.q.xiaohashu.user.biz.XiaohashuUserBizApplication - The following 1 profile is active: "dev"
2025-11-01 13:10:20.924 [main] INFO  o.springframework.cloud.context.scope.GenericScope - BeanFactory id=b4feea0d-e834-312f-ac4f-eedbe0c5dd6a
2025-11-01 13:10:20.942 [main] INFO  o.s.c.s.PostProcessorRegistrationDelegate$BeanPostProcessorChecker - Bean 'com.quanxiaoha.xiaohashu.oss.api.FileFeignApi' of type [org.springframework.cloud.openfeign.FeignClientFactoryBean] is not eligible for getting processed by all BeanPostProcessors (for example: not eligible for auto-proxying)
2025-11-01 13:10:21.128 [main] INFO  o.s.boot.web.embedded.tomcat.TomcatWebServer - Tomcat initialized with port(s): 8082 (http)
2025-11-01 13:10:21.134 [main] INFO  org.apache.catalina.core.StandardService - Starting service [Tomcat]
2025-11-01 13:10:21.134 [main] INFO  org.apache.catalina.core.StandardEngine - Starting Servlet engine: [Apache Tomcat/10.1.5]
2025-11-01 13:10:21.200 [main] INFO  o.a.c.core.ContainerBase.[Tomcat].[localhost].[/] - Initializing Spring embedded WebApplicationContext
2025-11-01 13:10:21.201 [main] INFO  o.s.b.w.s.c.ServletWebServerApplicationContext - Root WebApplicationContext: initialization completed in 658 ms
2025-11-01 13:10:21.303 [main] INFO  o.s.cloud.openfeign.FeignClientFactoryBean - For 'xiaohashu-oss' URL not provided. Will try picking an instance via load-balancing.
2025-11-01 13:10:21.327 [main] INFO  c.a.d.s.b.a.DruidDataSourceAutoConfigure - Init DruidDataSource
2025-11-01 13:10:21.502 [main] INFO  com.alibaba.druid.pool.DruidDataSource - {dataSource-1} inited
2025-11-01 13:10:21.619 [main] WARN  o.s.b.w.s.c.AnnotationConfigServletWebServerApplicationContext - Exception encountered during context initialization - cancelling refresh attempt: org.springframework.beans.factory.BeanCreationException: Error creating bean with name 'pushRolePermissions2RedisRunner': Injection of resource dependencies failed
2025-11-01 13:10:21.619 [main] INFO  com.alibaba.druid.pool.DruidDataSource - {dataSource-1} closing ...
2025-11-01 13:10:21.622 [main] INFO  com.alibaba.druid.pool.DruidDataSource - {dataSource-1} closed
2025-11-01 13:10:21.623 [main] INFO  org.apache.catalina.core.StandardService - Stopping service [Tomcat]
2025-11-01 13:10:21.633 [main] INFO  o.s.b.a.logging.ConditionEvaluationReportLogger - 

Error starting ApplicationContext. To display the condition evaluation report re-run your application with 'debug' enabled.
2025-11-01 13:10:21.642 [main] ERROR o.s.b.diagnostics.LoggingFailureAnalysisReporter - 

***************************
APPLICATION FAILED TO START
***************************

Description:

Parameter 0 of method redisTemplate in com.quanxiaoha.xiaohashu.user.biz.config.RedisTemplateConfig required a bean of type 'org.springframework.data.redis.connection.RedisConnectionFactory' that could not be found.


Action:

Consider defining a bean of type 'org.springframework.data.redis.connection.RedisConnectionFactory' in your configuration.

2025-11-01 13:28:28.501 [main] WARN  com.alibaba.nacos.client.logging.NacosLogging - Load Logback Configuration of Nacos fail, message: Could not initialize Logback Nacos logging from classpath:nacos-logback.xml
2025-11-01 13:28:28.532 [main] WARN  com.alibaba.nacos.client.logging.NacosLogging - Load Logback Configuration of Nacos fail, message: Could not initialize Logback Nacos logging from classpath:nacos-logback.xml
2025-11-01 13:28:29.884 [main] WARN  com.alibaba.nacos.client.logging.NacosLogging - Load Logback Configuration of Nacos fail, message: Could not initialize Logback Nacos logging from classpath:nacos-logback.xml
2025-11-01 13:28:29.892 [main] WARN  com.alibaba.nacos.client.logging.NacosLogging - Load Logback Configuration of Nacos fail, message: Could not initialize Logback Nacos logging from classpath:nacos-logback.xml
2025-11-01 13:28:29.892 [main] INFO  c.q.xiaohashu.user.biz.XiaohashuUserBizApplication - The following 1 profile is active: "dev"
2025-11-01 13:28:29.934 [main] WARN  o.s.b.w.s.c.AnnotationConfigServletWebServerApplicationContext - Exception encountered during context initialization - cancelling refresh attempt: org.springframework.beans.factory.BeanDefinitionStoreException: Failed to parse configuration class [com.quanxiaoha.xiaohashu.user.biz.XiaohashuUserBizApplication]
2025-11-01 13:28:29.946 [main] ERROR org.springframework.boot.SpringApplication - Application run failed
org.springframework.beans.factory.BeanDefinitionStoreException: Failed to parse configuration class [com.quanxiaoha.xiaohashu.user.biz.XiaohashuUserBizApplication]
	at org.springframework.context.annotation.ConfigurationClassParser.parse(ConfigurationClassParser.java:178)
	at org.springframework.context.annotation.ConfigurationClassPostProcessor.processConfigBeanDefinitions(ConfigurationClassPostProcessor.java:398)
	at org.springframework.context.annotation.ConfigurationClassPostProcessor.postProcessBeanDefinitionRegistry(ConfigurationClassPostProcessor.java:283)
	at org.springframework.context.support.PostProcessorRegistrationDelegate.invokeBeanDefinitionRegistryPostProcessors(PostProcessorRegistrationDelegate.java:344)
	at org.springframework.context.support.PostProcessorRegistrationDelegate.invokeBeanFactoryPostProcessors(PostProcessorRegistrationDelegate.java:115)
	at org.springframework.context.support.AbstractApplicationContext.invokeBeanFactoryPostProcessors(AbstractApplicationContext.java:745)
	at org.springframework.context.support.AbstractApplicationContext.refresh(AbstractApplicationContext.java:565)
	at org.springframework.boot.web.servlet.context.ServletWebServerApplicationContext.refresh(ServletWebServerApplicationContext.java:146)
	at org.springframework.boot.SpringApplication.refresh(SpringApplication.java:730)
	at org.springframework.boot.SpringApplication.refreshContext(SpringApplication.java:432)
	at org.springframework.boot.SpringApplication.run(SpringApplication.java:308)
	at org.springframework.boot.SpringApplication.run(SpringApplication.java:1302)
	at org.springframework.boot.SpringApplication.run(SpringApplication.java:1291)
	at com.quanxiaoha.xiaohashu.user.biz.XiaohashuUserBizApplication.main(XiaohashuUserBizApplication.java:16)
Caused by: org.springframework.context.annotation.ConflictingBeanDefinitionException: Annotation-specified bean name 'feignRequestInterceptor' for bean class [com.quanxiaoha.xiaohashu.oss.interceptor.FeignRequestInterceptor] conflicts with existing, non-compatible bean definition of same name and class [com.quanxiaoha.xiaohashu.user.biz.interceptor.FeignRequestInterceptor]
	at org.springframework.context.annotation.ClassPathBeanDefinitionScanner.checkCandidate(ClassPathBeanDefinitionScanner.java:349)
	at org.springframework.context.annotation.ClassPathBeanDefinitionScanner.doScan(ClassPathBeanDefinitionScanner.java:287)
	at org.springframework.context.annotation.ComponentScanAnnotationParser.parse(ComponentScanAnnotationParser.java:128)
	at org.springframework.context.annotation.ConfigurationClassParser.doProcessConfigurationClass(ConfigurationClassParser.java:289)
	at org.springframework.context.annotation.ConfigurationClassParser.processConfigurationClass(ConfigurationClassParser.java:243)
	at org.springframework.context.annotation.ConfigurationClassParser.parse(ConfigurationClassParser.java:196)
	at org.springframework.context.annotation.ConfigurationClassParser.parse(ConfigurationClassParser.java:164)
	... 13 common frames omitted
2025-11-01 13:31:59.178 [main] WARN  com.alibaba.nacos.client.logging.NacosLogging - Load Logback Configuration of Nacos fail, message: Could not initialize Logback Nacos logging from classpath:nacos-logback.xml
2025-11-01 13:31:59.210 [main] WARN  com.alibaba.nacos.client.logging.NacosLogging - Load Logback Configuration of Nacos fail, message: Could not initialize Logback Nacos logging from classpath:nacos-logback.xml
2025-11-01 13:32:00.551 [main] WARN  com.alibaba.nacos.client.logging.NacosLogging - Load Logback Configuration of Nacos fail, message: Could not initialize Logback Nacos logging from classpath:nacos-logback.xml
2025-11-01 13:32:00.560 [main] WARN  com.alibaba.nacos.client.logging.NacosLogging - Load Logback Configuration of Nacos fail, message: Could not initialize Logback Nacos logging from classpath:nacos-logback.xml
2025-11-01 13:32:00.560 [main] INFO  c.q.xiaohashu.user.biz.XiaohashuUserBizApplication - The following 1 profile is active: "dev"
2025-11-01 13:32:00.972 [main] INFO  o.springframework.cloud.context.scope.GenericScope - BeanFactory id=b4feea0d-e834-312f-ac4f-eedbe0c5dd6a
2025-11-01 13:32:00.994 [main] INFO  o.s.c.s.PostProcessorRegistrationDelegate$BeanPostProcessorChecker - Bean 'com.quanxiaoha.xiaohashu.oss.api.FileFeignApi' of type [org.springframework.cloud.openfeign.FeignClientFactoryBean] is not eligible for getting processed by all BeanPostProcessors (for example: not eligible for auto-proxying)
2025-11-01 13:32:01.214 [main] INFO  o.s.boot.web.embedded.tomcat.TomcatWebServer - Tomcat initialized with port(s): 8082 (http)
2025-11-01 13:32:01.220 [main] INFO  org.apache.catalina.core.StandardService - Starting service [Tomcat]
2025-11-01 13:32:01.221 [main] INFO  org.apache.catalina.core.StandardEngine - Starting Servlet engine: [Apache Tomcat/10.1.5]
2025-11-01 13:32:01.296 [main] INFO  o.a.c.core.ContainerBase.[Tomcat].[localhost].[/] - Initializing Spring embedded WebApplicationContext
2025-11-01 13:32:01.296 [main] INFO  o.s.b.w.s.c.ServletWebServerApplicationContext - Root WebApplicationContext: initialization completed in 719 ms
2025-11-01 13:32:01.408 [main] INFO  o.s.cloud.openfeign.FeignClientFactoryBean - For 'xiaohashu-oss' URL not provided. Will try picking an instance via load-balancing.
2025-11-01 13:32:01.433 [main] INFO  c.a.d.s.b.a.DruidDataSourceAutoConfigure - Init DruidDataSource
2025-11-01 13:32:01.624 [main] INFO  com.alibaba.druid.pool.DruidDataSource - {dataSource-1} inited
2025-11-01 13:32:01.762 [main] WARN  o.s.b.w.s.c.AnnotationConfigServletWebServerApplicationContext - Exception encountered during context initialization - cancelling refresh attempt: org.springframework.beans.factory.BeanCreationException: Error creating bean with name 'pushRolePermissions2RedisRunner': Injection of resource dependencies failed
2025-11-01 13:32:01.763 [main] INFO  com.alibaba.druid.pool.DruidDataSource - {dataSource-1} closing ...
2025-11-01 13:32:01.766 [main] INFO  com.alibaba.druid.pool.DruidDataSource - {dataSource-1} closed
2025-11-01 13:32:01.768 [main] INFO  org.apache.catalina.core.StandardService - Stopping service [Tomcat]
2025-11-01 13:32:01.779 [main] INFO  o.s.b.a.logging.ConditionEvaluationReportLogger - 

Error starting ApplicationContext. To display the condition evaluation report re-run your application with 'debug' enabled.
2025-11-01 13:32:01.789 [main] ERROR o.s.b.diagnostics.LoggingFailureAnalysisReporter - 

***************************
APPLICATION FAILED TO START
***************************

Description:

Parameter 0 of method redisTemplate in com.quanxiaoha.xiaohashu.user.biz.config.RedisTemplateConfig required a bean of type 'org.springframework.data.redis.connection.RedisConnectionFactory' that could not be found.


Action:

Consider defining a bean of type 'org.springframework.data.redis.connection.RedisConnectionFactory' in your configuration.

2025-11-01 13:32:37.666 [main] WARN  com.alibaba.nacos.client.logging.NacosLogging - Load Logback Configuration of Nacos fail, message: Could not initialize Logback Nacos logging from classpath:nacos-logback.xml
2025-11-01 13:32:37.696 [main] WARN  com.alibaba.nacos.client.logging.NacosLogging - Load Logback Configuration of Nacos fail, message: Could not initialize Logback Nacos logging from classpath:nacos-logback.xml
2025-11-01 13:32:39.048 [main] WARN  com.alibaba.nacos.client.logging.NacosLogging - Load Logback Configuration of Nacos fail, message: Could not initialize Logback Nacos logging from classpath:nacos-logback.xml
2025-11-01 13:32:39.055 [main] WARN  com.alibaba.nacos.client.logging.NacosLogging - Load Logback Configuration of Nacos fail, message: Could not initialize Logback Nacos logging from classpath:nacos-logback.xml
2025-11-01 13:32:39.056 [main] INFO  c.q.xiaohashu.user.biz.XiaohashuUserBizApplication - The following 1 profile is active: "dev"
2025-11-01 13:32:39.454 [main] INFO  o.springframework.cloud.context.scope.GenericScope - BeanFactory id=b4feea0d-e834-312f-ac4f-eedbe0c5dd6a
2025-11-01 13:32:39.475 [main] INFO  o.s.c.s.PostProcessorRegistrationDelegate$BeanPostProcessorChecker - Bean 'com.quanxiaoha.xiaohashu.oss.api.FileFeignApi' of type [org.springframework.cloud.openfeign.FeignClientFactoryBean] is not eligible for getting processed by all BeanPostProcessors (for example: not eligible for auto-proxying)
2025-11-01 13:32:39.678 [main] INFO  o.s.boot.web.embedded.tomcat.TomcatWebServer - Tomcat initialized with port(s): 8082 (http)
2025-11-01 13:32:39.683 [main] INFO  org.apache.catalina.core.StandardService - Starting service [Tomcat]
2025-11-01 13:32:39.683 [main] INFO  org.apache.catalina.core.StandardEngine - Starting Servlet engine: [Apache Tomcat/10.1.5]
2025-11-01 13:32:39.754 [main] INFO  o.a.c.core.ContainerBase.[Tomcat].[localhost].[/] - Initializing Spring embedded WebApplicationContext
2025-11-01 13:32:39.754 [main] INFO  o.s.b.w.s.c.ServletWebServerApplicationContext - Root WebApplicationContext: initialization completed in 683 ms
2025-11-01 13:32:39.863 [main] INFO  o.s.cloud.openfeign.FeignClientFactoryBean - For 'xiaohashu-oss' URL not provided. Will try picking an instance via load-balancing.
2025-11-01 13:32:39.889 [main] INFO  c.a.d.s.b.a.DruidDataSourceAutoConfigure - Init DruidDataSource
2025-11-01 13:32:40.074 [main] INFO  com.alibaba.druid.pool.DruidDataSource - {dataSource-1} inited
2025-11-01 13:32:40.188 [main] WARN  o.s.b.w.s.c.AnnotationConfigServletWebServerApplicationContext - Exception encountered during context initialization - cancelling refresh attempt: org.springframework.beans.factory.BeanCreationException: Error creating bean with name 'pushRolePermissions2RedisRunner': Injection of resource dependencies failed
2025-11-01 13:32:40.188 [main] INFO  com.alibaba.druid.pool.DruidDataSource - {dataSource-1} closing ...
2025-11-01 13:32:40.191 [main] INFO  com.alibaba.druid.pool.DruidDataSource - {dataSource-1} closed
2025-11-01 13:32:40.193 [main] INFO  org.apache.catalina.core.StandardService - Stopping service [Tomcat]
2025-11-01 13:32:40.203 [main] INFO  o.s.b.a.logging.ConditionEvaluationReportLogger - 

Error starting ApplicationContext. To display the condition evaluation report re-run your application with 'debug' enabled.
2025-11-01 13:32:40.216 [main] ERROR o.s.b.diagnostics.LoggingFailureAnalysisReporter - 

***************************
APPLICATION FAILED TO START
***************************

Description:

Parameter 0 of method redisTemplate in com.quanxiaoha.xiaohashu.user.biz.config.RedisTemplateConfig required a bean of type 'org.springframework.data.redis.connection.RedisConnectionFactory' that could not be found.


Action:

Consider defining a bean of type 'org.springframework.data.redis.connection.RedisConnectionFactory' in your configuration.

2025-11-01 13:35:22.165 [main] WARN  com.alibaba.nacos.client.logging.NacosLogging - Load Logback Configuration of Nacos fail, message: Could not initialize Logback Nacos logging from classpath:nacos-logback.xml
2025-11-01 13:35:22.204 [main] WARN  com.alibaba.nacos.client.logging.NacosLogging - Load Logback Configuration of Nacos fail, message: Could not initialize Logback Nacos logging from classpath:nacos-logback.xml
2025-11-01 13:35:23.571 [main] WARN  com.alibaba.nacos.client.logging.NacosLogging - Load Logback Configuration of Nacos fail, message: Could not initialize Logback Nacos logging from classpath:nacos-logback.xml
2025-11-01 13:35:23.579 [main] WARN  com.alibaba.nacos.client.logging.NacosLogging - Load Logback Configuration of Nacos fail, message: Could not initialize Logback Nacos logging from classpath:nacos-logback.xml
2025-11-01 13:35:23.579 [main] INFO  c.q.xiaohashu.user.biz.XiaohashuUserBizApplication - The following 1 profile is active: "dev"
2025-11-01 13:35:23.894 [main] ERROR org.springframework.boot.SpringApplication - Application run failed
java.lang.IllegalArgumentException: Unresolvable class definition for class [org.springframework.data.redis.repository.support.RedisRepositoryFactoryBean]
	at org.springframework.util.ClassUtils.resolveClassName(ClassUtils.java:330)
	at org.springframework.core.annotation.TypeMappedAnnotation.adapt(TypeMappedAnnotation.java:465)
	at org.springframework.core.annotation.TypeMappedAnnotation.getValue(TypeMappedAnnotation.java:390)
	at org.springframework.core.annotation.TypeMappedAnnotation.asMap(TypeMappedAnnotation.java:278)
	at org.springframework.core.annotation.AbstractMergedAnnotation.asAnnotationAttributes(AbstractMergedAnnotation.java:193)
	at org.springframework.core.type.AnnotatedTypeMetadata.getAnnotationAttributes(AnnotatedTypeMetadata.java:106)
	at org.springframework.core.type.AnnotatedTypeMetadata.getAnnotationAttributes(AnnotatedTypeMetadata.java:81)
	at org.springframework.context.annotation.AnnotationConfigUtils.attributesFor(AnnotationConfigUtils.java:301)
	at org.springframework.context.annotation.AnnotationBeanNameGenerator.determineBeanNameFromAnnotation(AnnotationBeanNameGenerator.java:102)
	at org.springframework.context.annotation.AnnotationBeanNameGenerator.generateBeanName(AnnotationBeanNameGenerator.java:81)
	at org.springframework.context.annotation.ConfigurationClassBeanDefinitionReader.registerBeanDefinitionForImportedConfigurationClass(ConfigurationClassBeanDefinitionReader.java:160)
	at org.springframework.context.annotation.ConfigurationClassBeanDefinitionReader.loadBeanDefinitionsForConfigurationClass(ConfigurationClassBeanDefinitionReader.java:141)
	at org.springframework.context.annotation.ConfigurationClassBeanDefinitionReader.loadBeanDefinitions(ConfigurationClassBeanDefinitionReader.java:120)
	at org.springframework.context.annotation.ConfigurationClassPostProcessor.processConfigBeanDefinitions(ConfigurationClassPostProcessor.java:410)
	at org.springframework.context.annotation.ConfigurationClassPostProcessor.postProcessBeanDefinitionRegistry(ConfigurationClassPostProcessor.java:283)
	at org.springframework.context.support.PostProcessorRegistrationDelegate.invokeBeanDefinitionRegistryPostProcessors(PostProcessorRegistrationDelegate.java:344)
	at org.springframework.context.support.PostProcessorRegistrationDelegate.invokeBeanFactoryPostProcessors(PostProcessorRegistrationDelegate.java:115)
	at org.springframework.context.support.AbstractApplicationContext.invokeBeanFactoryPostProcessors(AbstractApplicationContext.java:745)
	at org.springframework.context.support.AbstractApplicationContext.refresh(AbstractApplicationContext.java:565)
	at org.springframework.boot.web.servlet.context.ServletWebServerApplicationContext.refresh(ServletWebServerApplicationContext.java:146)
	at org.springframework.boot.SpringApplication.refresh(SpringApplication.java:730)
	at org.springframework.boot.SpringApplication.refreshContext(SpringApplication.java:432)
	at org.springframework.boot.SpringApplication.run(SpringApplication.java:308)
	at org.springframework.boot.SpringApplication.run(SpringApplication.java:1302)
	at org.springframework.boot.SpringApplication.run(SpringApplication.java:1291)
	at com.quanxiaoha.xiaohashu.user.biz.XiaohashuUserBizApplication.main(XiaohashuUserBizApplication.java:15)
Caused by: java.lang.NoClassDefFoundError: org/springframework/data/keyvalue/repository/support/KeyValueRepositoryFactoryBean
	at java.base/java.lang.ClassLoader.defineClass1(Native Method)
	at java.base/java.lang.ClassLoader.defineClass(ClassLoader.java:1017)
	at java.base/java.security.SecureClassLoader.defineClass(SecureClassLoader.java:150)
	at java.base/jdk.internal.loader.BuiltinClassLoader.defineClass(BuiltinClassLoader.java:862)
	at java.base/jdk.internal.loader.BuiltinClassLoader.findClassOnClassPathOrNull(BuiltinClassLoader.java:760)
	at java.base/jdk.internal.loader.BuiltinClassLoader.loadClassOrNull(BuiltinClassLoader.java:681)
	at java.base/jdk.internal.loader.BuiltinClassLoader.loadClass(BuiltinClassLoader.java:639)
	at java.base/jdk.internal.loader.ClassLoaders$AppClassLoader.loadClass(ClassLoaders.java:188)
	at java.base/java.lang.ClassLoader.loadClass(ClassLoader.java:525)
	at java.base/java.lang.Class.forName0(Native Method)
	at java.base/java.lang.Class.forName(Class.java:467)
	at org.springframework.util.ClassUtils.forName(ClassUtils.java:283)
	at org.springframework.util.ClassUtils.resolveClassName(ClassUtils.java:323)
	... 25 common frames omitted
Caused by: java.lang.ClassNotFoundException: org.springframework.data.keyvalue.repository.support.KeyValueRepositoryFactoryBean
	at java.base/jdk.internal.loader.BuiltinClassLoader.loadClass(BuiltinClassLoader.java:641)
	at java.base/jdk.internal.loader.ClassLoaders$AppClassLoader.loadClass(ClassLoaders.java:188)
	at java.base/java.lang.ClassLoader.loadClass(ClassLoader.java:525)
	... 38 common frames omitted
2025-11-01 13:37:39.207 [main] WARN  com.alibaba.nacos.client.logging.NacosLogging - Load Logback Configuration of Nacos fail, message: Could not initialize Logback Nacos logging from classpath:nacos-logback.xml
2025-11-01 13:37:39.239 [main] WARN  com.alibaba.nacos.client.logging.NacosLogging - Load Logback Configuration of Nacos fail, message: Could not initialize Logback Nacos logging from classpath:nacos-logback.xml
2025-11-01 13:37:40.586 [main] WARN  com.alibaba.nacos.client.logging.NacosLogging - Load Logback Configuration of Nacos fail, message: Could not initialize Logback Nacos logging from classpath:nacos-logback.xml
2025-11-01 13:37:40.592 [main] WARN  com.alibaba.nacos.client.logging.NacosLogging - Load Logback Configuration of Nacos fail, message: Could not initialize Logback Nacos logging from classpath:nacos-logback.xml
2025-11-01 13:37:40.593 [main] INFO  c.q.xiaohashu.user.biz.XiaohashuUserBizApplication - The following 1 profile is active: "dev"
2025-11-01 13:37:40.998 [main] INFO  o.springframework.cloud.context.scope.GenericScope - BeanFactory id=b4feea0d-e834-312f-ac4f-eedbe0c5dd6a
2025-11-01 13:37:41.019 [main] INFO  o.s.c.s.PostProcessorRegistrationDelegate$BeanPostProcessorChecker - Bean 'com.quanxiaoha.xiaohashu.oss.api.FileFeignApi' of type [org.springframework.cloud.openfeign.FeignClientFactoryBean] is not eligible for getting processed by all BeanPostProcessors (for example: not eligible for auto-proxying)
2025-11-01 13:37:41.223 [main] INFO  o.s.boot.web.embedded.tomcat.TomcatWebServer - Tomcat initialized with port(s): 8082 (http)
2025-11-01 13:37:41.229 [main] INFO  org.apache.catalina.core.StandardService - Starting service [Tomcat]
2025-11-01 13:37:41.230 [main] INFO  org.apache.catalina.core.StandardEngine - Starting Servlet engine: [Apache Tomcat/10.1.5]
2025-11-01 13:37:41.298 [main] INFO  o.a.c.core.ContainerBase.[Tomcat].[localhost].[/] - Initializing Spring embedded WebApplicationContext
2025-11-01 13:37:41.298 [main] INFO  o.s.b.w.s.c.ServletWebServerApplicationContext - Root WebApplicationContext: initialization completed in 685 ms
2025-11-01 13:37:41.407 [main] INFO  o.s.cloud.openfeign.FeignClientFactoryBean - For 'xiaohashu-oss' URL not provided. Will try picking an instance via load-balancing.
2025-11-01 13:37:41.431 [main] INFO  c.a.d.s.b.a.DruidDataSourceAutoConfigure - Init DruidDataSource
2025-11-01 13:37:41.615 [main] INFO  com.alibaba.druid.pool.DruidDataSource - {dataSource-1} inited
2025-11-01 13:37:41.736 [main] WARN  o.s.b.w.s.c.AnnotationConfigServletWebServerApplicationContext - Exception encountered during context initialization - cancelling refresh attempt: org.springframework.beans.factory.BeanCreationException: Error creating bean with name 'pushRolePermissions2RedisRunner': Injection of resource dependencies failed
2025-11-01 13:37:41.737 [main] INFO  com.alibaba.druid.pool.DruidDataSource - {dataSource-1} closing ...
2025-11-01 13:37:41.739 [main] INFO  com.alibaba.druid.pool.DruidDataSource - {dataSource-1} closed
2025-11-01 13:37:41.741 [main] INFO  org.apache.catalina.core.StandardService - Stopping service [Tomcat]
2025-11-01 13:37:41.750 [main] INFO  o.s.b.a.logging.ConditionEvaluationReportLogger - 

Error starting ApplicationContext. To display the condition evaluation report re-run your application with 'debug' enabled.
2025-11-01 13:37:41.760 [main] ERROR o.s.b.diagnostics.LoggingFailureAnalysisReporter - 

***************************
APPLICATION FAILED TO START
***************************

Description:

Parameter 0 of method redisTemplate in com.quanxiaoha.xiaohashu.user.biz.config.RedisTemplateConfig required a bean of type 'org.springframework.data.redis.connection.RedisConnectionFactory' that could not be found.


Action:

Consider defining a bean of type 'org.springframework.data.redis.connection.RedisConnectionFactory' in your configuration.

2025-11-01 13:38:26.354 [main] WARN  com.alibaba.nacos.client.logging.NacosLogging - Load Logback Configuration of Nacos fail, message: Could not initialize Logback Nacos logging from classpath:nacos-logback.xml
2025-11-01 13:38:26.386 [main] WARN  com.alibaba.nacos.client.logging.NacosLogging - Load Logback Configuration of Nacos fail, message: Could not initialize Logback Nacos logging from classpath:nacos-logback.xml
2025-11-01 13:38:27.757 [main] WARN  com.alibaba.nacos.client.logging.NacosLogging - Load Logback Configuration of Nacos fail, message: Could not initialize Logback Nacos logging from classpath:nacos-logback.xml
2025-11-01 13:38:27.765 [main] WARN  com.alibaba.nacos.client.logging.NacosLogging - Load Logback Configuration of Nacos fail, message: Could not initialize Logback Nacos logging from classpath:nacos-logback.xml
2025-11-01 13:38:27.765 [main] INFO  c.q.xiaohashu.user.biz.XiaohashuUserBizApplication - The following 1 profile is active: "dev"
2025-11-01 13:38:28.157 [main] INFO  o.springframework.cloud.context.scope.GenericScope - BeanFactory id=b4feea0d-e834-312f-ac4f-eedbe0c5dd6a
2025-11-01 13:38:28.176 [main] INFO  o.s.c.s.PostProcessorRegistrationDelegate$BeanPostProcessorChecker - Bean 'com.quanxiaoha.xiaohashu.oss.api.FileFeignApi' of type [org.springframework.cloud.openfeign.FeignClientFactoryBean] is not eligible for getting processed by all BeanPostProcessors (for example: not eligible for auto-proxying)
2025-11-01 13:38:28.380 [main] INFO  o.s.boot.web.embedded.tomcat.TomcatWebServer - Tomcat initialized with port(s): 8082 (http)
2025-11-01 13:38:28.386 [main] INFO  org.apache.catalina.core.StandardService - Starting service [Tomcat]
2025-11-01 13:38:28.386 [main] INFO  org.apache.catalina.core.StandardEngine - Starting Servlet engine: [Apache Tomcat/10.1.5]
2025-11-01 13:38:28.453 [main] INFO  o.a.c.core.ContainerBase.[Tomcat].[localhost].[/] - Initializing Spring embedded WebApplicationContext
2025-11-01 13:38:28.453 [main] INFO  o.s.b.w.s.c.ServletWebServerApplicationContext - Root WebApplicationContext: initialization completed in 675 ms
2025-11-01 13:38:28.564 [main] INFO  o.s.cloud.openfeign.FeignClientFactoryBean - For 'xiaohashu-oss' URL not provided. Will try picking an instance via load-balancing.
2025-11-01 13:38:28.593 [main] INFO  c.a.d.s.b.a.DruidDataSourceAutoConfigure - Init DruidDataSource
2025-11-01 13:38:28.777 [main] INFO  com.alibaba.druid.pool.DruidDataSource - {dataSource-1} inited
2025-11-01 13:38:28.908 [main] WARN  o.s.b.w.s.c.AnnotationConfigServletWebServerApplicationContext - Exception encountered during context initialization - cancelling refresh attempt: org.springframework.beans.factory.BeanCreationException: Error creating bean with name 'pushRolePermissions2RedisRunner': Injection of resource dependencies failed
2025-11-01 13:38:28.908 [main] INFO  com.alibaba.druid.pool.DruidDataSource - {dataSource-1} closing ...
2025-11-01 13:38:28.912 [main] INFO  com.alibaba.druid.pool.DruidDataSource - {dataSource-1} closed
2025-11-01 13:38:28.913 [main] INFO  org.apache.catalina.core.StandardService - Stopping service [Tomcat]
2025-11-01 13:38:28.922 [main] INFO  o.s.b.a.logging.ConditionEvaluationReportLogger - 

Error starting ApplicationContext. To display the condition evaluation report re-run your application with 'debug' enabled.
2025-11-01 13:38:28.932 [main] ERROR o.s.b.diagnostics.LoggingFailureAnalysisReporter - 

***************************
APPLICATION FAILED TO START
***************************

Description:

Parameter 0 of method redisTemplate in com.quanxiaoha.xiaohashu.user.biz.config.RedisTemplateConfig required a bean of type 'org.springframework.data.redis.connection.RedisConnectionFactory' that could not be found.


Action:

Consider defining a bean of type 'org.springframework.data.redis.connection.RedisConnectionFactory' in your configuration.

2025-11-01 13:40:24.962 [main] WARN  com.alibaba.nacos.client.logging.NacosLogging - Load Logback Configuration of Nacos fail, message: Could not initialize Logback Nacos logging from classpath:nacos-logback.xml
2025-11-01 13:40:25.000 [main] WARN  com.alibaba.nacos.client.logging.NacosLogging - Load Logback Configuration of Nacos fail, message: Could not initialize Logback Nacos logging from classpath:nacos-logback.xml
2025-11-01 13:40:26.455 [main] WARN  com.alibaba.nacos.client.logging.NacosLogging - Load Logback Configuration of Nacos fail, message: Could not initialize Logback Nacos logging from classpath:nacos-logback.xml
2025-11-01 13:40:26.464 [main] WARN  com.alibaba.nacos.client.logging.NacosLogging - Load Logback Configuration of Nacos fail, message: Could not initialize Logback Nacos logging from classpath:nacos-logback.xml
2025-11-01 13:40:26.465 [main] INFO  c.q.xiaohashu.user.biz.XiaohashuUserBizApplication - The following 1 profile is active: "dev"
2025-11-01 13:40:26.915 [main] INFO  o.springframework.cloud.context.scope.GenericScope - BeanFactory id=b4feea0d-e834-312f-ac4f-eedbe0c5dd6a
2025-11-01 13:40:26.937 [main] INFO  o.s.c.s.PostProcessorRegistrationDelegate$BeanPostProcessorChecker - Bean 'com.quanxiaoha.xiaohashu.oss.api.FileFeignApi' of type [org.springframework.cloud.openfeign.FeignClientFactoryBean] is not eligible for getting processed by all BeanPostProcessors (for example: not eligible for auto-proxying)
2025-11-01 13:40:27.186 [main] INFO  o.s.boot.web.embedded.tomcat.TomcatWebServer - Tomcat initialized with port(s): 8082 (http)
2025-11-01 13:40:27.193 [main] INFO  org.apache.catalina.core.StandardService - Starting service [Tomcat]
2025-11-01 13:40:27.193 [main] INFO  org.apache.catalina.core.StandardEngine - Starting Servlet engine: [Apache Tomcat/10.1.5]
2025-11-01 13:40:27.272 [main] INFO  o.a.c.core.ContainerBase.[Tomcat].[localhost].[/] - Initializing Spring embedded WebApplicationContext
2025-11-01 13:40:27.272 [main] INFO  o.s.b.w.s.c.ServletWebServerApplicationContext - Root WebApplicationContext: initialization completed in 795 ms
2025-11-01 13:40:27.432 [main] INFO  o.s.cloud.openfeign.FeignClientFactoryBean - For 'xiaohashu-oss' URL not provided. Will try picking an instance via load-balancing.
2025-11-01 13:40:27.464 [main] INFO  c.a.d.s.b.a.DruidDataSourceAutoConfigure - Init DruidDataSource
2025-11-01 13:40:27.669 [main] INFO  com.alibaba.druid.pool.DruidDataSource - {dataSource-1} inited
2025-11-01 13:40:27.815 [main] WARN  o.s.b.w.s.c.AnnotationConfigServletWebServerApplicationContext - Exception encountered during context initialization - cancelling refresh attempt: org.springframework.beans.factory.BeanCreationException: Error creating bean with name 'pushRolePermissions2RedisRunner': Injection of resource dependencies failed
2025-11-01 13:40:27.815 [main] INFO  com.alibaba.druid.pool.DruidDataSource - {dataSource-1} closing ...
2025-11-01 13:40:27.819 [main] INFO  com.alibaba.druid.pool.DruidDataSource - {dataSource-1} closed
2025-11-01 13:40:27.820 [main] INFO  org.apache.catalina.core.StandardService - Stopping service [Tomcat]
2025-11-01 13:40:27.831 [main] INFO  o.s.b.a.logging.ConditionEvaluationReportLogger - 

Error starting ApplicationContext. To display the condition evaluation report re-run your application with 'debug' enabled.
2025-11-01 13:40:27.843 [main] ERROR o.s.b.diagnostics.LoggingFailureAnalysisReporter - 

***************************
APPLICATION FAILED TO START
***************************

Description:

Parameter 0 of method redisTemplate in com.quanxiaoha.xiaohashu.user.biz.config.RedisTemplateConfig required a bean of type 'org.springframework.data.redis.connection.RedisConnectionFactory' that could not be found.


Action:

Consider defining a bean of type 'org.springframework.data.redis.connection.RedisConnectionFactory' in your configuration.

2025-11-01 14:19:24.709 [main] WARN  com.alibaba.nacos.client.logging.NacosLogging - Load Logback Configuration of Nacos fail, message: Could not initialize Logback Nacos logging from classpath:nacos-logback.xml
2025-11-01 14:19:24.742 [main] WARN  com.alibaba.nacos.client.logging.NacosLogging - Load Logback Configuration of Nacos fail, message: Could not initialize Logback Nacos logging from classpath:nacos-logback.xml
2025-11-01 14:19:26.116 [main] WARN  com.alibaba.nacos.client.logging.NacosLogging - Load Logback Configuration of Nacos fail, message: Could not initialize Logback Nacos logging from classpath:nacos-logback.xml
2025-11-01 14:19:26.122 [main] WARN  com.alibaba.nacos.client.logging.NacosLogging - Load Logback Configuration of Nacos fail, message: Could not initialize Logback Nacos logging from classpath:nacos-logback.xml
2025-11-01 14:19:26.123 [main] INFO  c.q.xiaohashu.user.biz.XiaohashuUserBizApplication - The following 1 profile is active: "dev"
2025-11-01 14:19:26.516 [main] INFO  o.springframework.cloud.context.scope.GenericScope - BeanFactory id=e6b86ef8-a82a-3edd-99b8-1ffcf741432e
2025-11-01 14:19:26.534 [main] INFO  o.s.c.s.PostProcessorRegistrationDelegate$BeanPostProcessorChecker - Bean 'com.quanxiaoha.xiaohashu.oss.api.FileFeignApi' of type [org.springframework.cloud.openfeign.FeignClientFactoryBean] is not eligible for getting processed by all BeanPostProcessors (for example: not eligible for auto-proxying)
2025-11-01 14:19:26.535 [main] INFO  o.s.c.s.PostProcessorRegistrationDelegate$BeanPostProcessorChecker - Bean 'com.quanxiaoha.xiaohashu.user.api.UserFeignApi' of type [org.springframework.cloud.openfeign.FeignClientFactoryBean] is not eligible for getting processed by all BeanPostProcessors (for example: not eligible for auto-proxying)
2025-11-01 14:19:26.739 [main] INFO  o.s.boot.web.embedded.tomcat.TomcatWebServer - Tomcat initialized with port(s): 8082 (http)
2025-11-01 14:19:26.745 [main] INFO  org.apache.catalina.core.StandardService - Starting service [Tomcat]
2025-11-01 14:19:26.745 [main] INFO  org.apache.catalina.core.StandardEngine - Starting Servlet engine: [Apache Tomcat/10.1.5]
2025-11-01 14:19:26.813 [main] INFO  o.a.c.core.ContainerBase.[Tomcat].[localhost].[/] - Initializing Spring embedded WebApplicationContext
2025-11-01 14:19:26.813 [main] INFO  o.s.b.w.s.c.ServletWebServerApplicationContext - Root WebApplicationContext: initialization completed in 676 ms
2025-11-01 14:19:26.925 [main] INFO  o.s.cloud.openfeign.FeignClientFactoryBean - For 'xiaohashu-oss' URL not provided. Will try picking an instance via load-balancing.
2025-11-01 14:19:26.954 [main] INFO  c.a.d.s.b.a.DruidDataSourceAutoConfigure - Init DruidDataSource
2025-11-01 14:19:27.151 [main] INFO  com.alibaba.druid.pool.DruidDataSource - {dataSource-1} inited
2025-11-01 14:19:27.292 [main] WARN  o.s.b.w.s.c.AnnotationConfigServletWebServerApplicationContext - Exception encountered during context initialization - cancelling refresh attempt: org.springframework.beans.factory.BeanCreationException: Error creating bean with name 'userController': Injection of resource dependencies failed
2025-11-01 14:19:27.292 [main] INFO  com.alibaba.druid.pool.DruidDataSource - {dataSource-1} closing ...
2025-11-01 14:19:27.296 [main] INFO  com.alibaba.druid.pool.DruidDataSource - {dataSource-1} closed
2025-11-01 14:19:27.297 [main] INFO  org.apache.catalina.core.StandardService - Stopping service [Tomcat]
2025-11-01 14:19:27.306 [main] INFO  o.s.b.a.logging.ConditionEvaluationReportLogger - 

Error starting ApplicationContext. To display the condition evaluation report re-run your application with 'debug' enabled.
2025-11-01 14:19:27.318 [main] ERROR o.s.b.diagnostics.LoggingFailureAnalysisReporter - 

***************************
APPLICATION FAILED TO START
***************************

Description:

Parameter 0 of method redisTemplate in com.quanxiaoha.xiaohashu.user.biz.config.RedisTemplateConfig required a bean of type 'org.springframework.data.redis.connection.RedisConnectionFactory' that could not be found.


Action:

Consider defining a bean of type 'org.springframework.data.redis.connection.RedisConnectionFactory' in your configuration.

2025-11-01 14:27:01.733 [main] WARN  com.alibaba.nacos.client.logging.NacosLogging - Load Logback Configuration of Nacos fail, message: Could not initialize Logback Nacos logging from classpath:nacos-logback.xml
2025-11-01 14:27:01.766 [main] WARN  com.alibaba.nacos.client.logging.NacosLogging - Load Logback Configuration of Nacos fail, message: Could not initialize Logback Nacos logging from classpath:nacos-logback.xml
2025-11-01 14:27:03.142 [main] WARN  com.alibaba.nacos.client.logging.NacosLogging - Load Logback Configuration of Nacos fail, message: Could not initialize Logback Nacos logging from classpath:nacos-logback.xml
2025-11-01 14:27:03.150 [main] WARN  com.alibaba.nacos.client.logging.NacosLogging - Load Logback Configuration of Nacos fail, message: Could not initialize Logback Nacos logging from classpath:nacos-logback.xml
2025-11-01 14:27:03.151 [main] INFO  c.q.xiaohashu.user.biz.XiaohashuUserBizApplication - The following 1 profile is active: "dev"
2025-11-01 14:27:03.577 [main] INFO  o.springframework.cloud.context.scope.GenericScope - BeanFactory id=e6b86ef8-a82a-3edd-99b8-1ffcf741432e
2025-11-01 14:27:03.596 [main] INFO  o.s.c.s.PostProcessorRegistrationDelegate$BeanPostProcessorChecker - Bean 'com.quanxiaoha.xiaohashu.oss.api.FileFeignApi' of type [org.springframework.cloud.openfeign.FeignClientFactoryBean] is not eligible for getting processed by all BeanPostProcessors (for example: not eligible for auto-proxying)
2025-11-01 14:27:03.597 [main] INFO  o.s.c.s.PostProcessorRegistrationDelegate$BeanPostProcessorChecker - Bean 'com.quanxiaoha.xiaohashu.user.api.UserFeignApi' of type [org.springframework.cloud.openfeign.FeignClientFactoryBean] is not eligible for getting processed by all BeanPostProcessors (for example: not eligible for auto-proxying)
2025-11-01 14:27:03.820 [main] INFO  o.s.boot.web.embedded.tomcat.TomcatWebServer - Tomcat initialized with port(s): 8082 (http)
2025-11-01 14:27:03.827 [main] INFO  org.apache.catalina.core.StandardService - Starting service [Tomcat]
2025-11-01 14:27:03.827 [main] INFO  org.apache.catalina.core.StandardEngine - Starting Servlet engine: [Apache Tomcat/10.1.5]
2025-11-01 14:27:03.903 [main] INFO  o.a.c.core.ContainerBase.[Tomcat].[localhost].[/] - Initializing Spring embedded WebApplicationContext
2025-11-01 14:27:03.903 [main] INFO  o.s.b.w.s.c.ServletWebServerApplicationContext - Root WebApplicationContext: initialization completed in 736 ms
2025-11-01 14:27:04.016 [main] INFO  o.s.cloud.openfeign.FeignClientFactoryBean - For 'xiaohashu-oss' URL not provided. Will try picking an instance via load-balancing.
2025-11-01 14:27:04.043 [main] INFO  c.a.d.s.b.a.DruidDataSourceAutoConfigure - Init DruidDataSource
2025-11-01 14:27:04.228 [main] INFO  com.alibaba.druid.pool.DruidDataSource - {dataSource-1} inited
2025-11-01 14:27:04.363 [main] WARN  o.s.b.w.s.c.AnnotationConfigServletWebServerApplicationContext - Exception encountered during context initialization - cancelling refresh attempt: org.springframework.beans.factory.BeanCreationException: Error creating bean with name 'userController': Injection of resource dependencies failed
2025-11-01 14:27:04.364 [main] INFO  com.alibaba.druid.pool.DruidDataSource - {dataSource-1} closing ...
2025-11-01 14:27:04.367 [main] INFO  com.alibaba.druid.pool.DruidDataSource - {dataSource-1} closed
2025-11-01 14:27:04.369 [main] INFO  org.apache.catalina.core.StandardService - Stopping service [Tomcat]
2025-11-01 14:27:04.378 [main] INFO  o.s.b.a.logging.ConditionEvaluationReportLogger - 

Error starting ApplicationContext. To display the condition evaluation report re-run your application with 'debug' enabled.
2025-11-01 14:27:04.389 [main] ERROR o.s.b.diagnostics.LoggingFailureAnalysisReporter - 

***************************
APPLICATION FAILED TO START
***************************

Description:

Parameter 0 of method redisTemplate in com.quanxiaoha.xiaohashu.user.biz.config.RedisTemplateConfig required a bean of type 'org.springframework.data.redis.connection.RedisConnectionFactory' that could not be found.


Action:

Consider defining a bean of type 'org.springframework.data.redis.connection.RedisConnectionFactory' in your configuration.

2025-11-01 14:34:32.398 [main] WARN  com.alibaba.nacos.client.logging.NacosLogging - Load Logback Configuration of Nacos fail, message: Could not initialize Logback Nacos logging from classpath:nacos-logback.xml
2025-11-01 14:34:32.435 [main] WARN  com.alibaba.nacos.client.logging.NacosLogging - Load Logback Configuration of Nacos fail, message: Could not initialize Logback Nacos logging from classpath:nacos-logback.xml
2025-11-01 14:34:33.786 [main] WARN  com.alibaba.nacos.client.logging.NacosLogging - Load Logback Configuration of Nacos fail, message: Could not initialize Logback Nacos logging from classpath:nacos-logback.xml
2025-11-01 14:34:33.793 [main] WARN  com.alibaba.nacos.client.logging.NacosLogging - Load Logback Configuration of Nacos fail, message: Could not initialize Logback Nacos logging from classpath:nacos-logback.xml
2025-11-01 14:34:33.794 [main] INFO  c.q.xiaohashu.user.biz.XiaohashuUserBizApplication - The following 1 profile is active: "dev"
2025-11-01 14:34:34.146 [main] INFO  o.s.d.r.config.RepositoryConfigurationDelegate - Multiple Spring Data modules found, entering strict repository configuration mode
2025-11-01 14:34:34.147 [main] INFO  o.s.d.r.config.RepositoryConfigurationDelegate - Bootstrapping Spring Data Redis repositories in DEFAULT mode.
2025-11-01 14:34:34.161 [main] INFO  o.s.d.r.config.RepositoryConfigurationDelegate - Finished Spring Data repository scanning in 5 ms. Found 0 Redis repository interfaces.
2025-11-01 14:34:34.277 [main] INFO  o.springframework.cloud.context.scope.GenericScope - BeanFactory id=a5af2cd2-867e-3e0f-bfed-88500b562f52
2025-11-01 14:34:34.297 [main] INFO  o.s.c.s.PostProcessorRegistrationDelegate$BeanPostProcessorChecker - Bean 'com.quanxiaoha.xiaohashu.oss.api.FileFeignApi' of type [org.springframework.cloud.openfeign.FeignClientFactoryBean] is not eligible for getting processed by all BeanPostProcessors (for example: not eligible for auto-proxying)
2025-11-01 14:34:34.298 [main] INFO  o.s.c.s.PostProcessorRegistrationDelegate$BeanPostProcessorChecker - Bean 'com.quanxiaoha.xiaohashu.user.api.UserFeignApi' of type [org.springframework.cloud.openfeign.FeignClientFactoryBean] is not eligible for getting processed by all BeanPostProcessors (for example: not eligible for auto-proxying)
2025-11-01 14:34:34.515 [main] INFO  o.s.boot.web.embedded.tomcat.TomcatWebServer - Tomcat initialized with port(s): 8082 (http)
2025-11-01 14:34:34.522 [main] INFO  org.apache.catalina.core.StandardService - Starting service [Tomcat]
2025-11-01 14:34:34.522 [main] INFO  org.apache.catalina.core.StandardEngine - Starting Servlet engine: [Apache Tomcat/10.1.5]
2025-11-01 14:34:34.592 [main] INFO  o.a.c.core.ContainerBase.[Tomcat].[localhost].[/] - Initializing Spring embedded WebApplicationContext
2025-11-01 14:34:34.592 [main] INFO  o.s.b.w.s.c.ServletWebServerApplicationContext - Root WebApplicationContext: initialization completed in 784 ms
2025-11-01 14:34:34.706 [main] INFO  o.s.cloud.openfeign.FeignClientFactoryBean - For 'xiaohashu-oss' URL not provided. Will try picking an instance via load-balancing.
2025-11-01 14:34:34.732 [main] INFO  c.a.d.s.b.a.DruidDataSourceAutoConfigure - Init DruidDataSource
2025-11-01 14:34:34.931 [main] INFO  com.alibaba.druid.pool.DruidDataSource - {dataSource-1} inited
2025-11-01 14:34:36.499 [main] INFO  org.springframework.cloud.commons.util.InetUtils - Cannot determine local hostname
2025-11-01 14:34:37.858 [main] INFO  org.springframework.cloud.commons.util.InetUtils - Cannot determine local hostname
2025-11-01 14:34:37.872 [main] WARN  o.s.c.l.c.LoadBalancerCacheAutoConfiguration$LoadBalancerCaffeineWarnLogger - Spring Cloud LoadBalancer is currently working with the default cache. While this cache implementation is useful for development and tests, it's recommended to use Caffeine cache in production.You can switch to using Caffeine cache, by adding it and org.springframework.cache.caffeine.CaffeineCacheManager to the classpath.
2025-11-01 14:34:37.921 [main] INFO  o.s.boot.web.embedded.tomcat.TomcatWebServer - Tomcat started on port(s): 8082 (http) with context path ''
2025-11-01 14:34:37.925 [main] WARN  com.alibaba.nacos.client.logging.NacosLogging - Load Logback Configuration of Nacos fail, message: Could not initialize Logback Nacos logging from classpath:nacos-logback.xml
2025-11-01 14:34:37.925 [main] INFO  com.alibaba.nacos.client.naming - initializer namespace from ans.namespace attribute : null
2025-11-01 14:34:37.925 [main] INFO  com.alibaba.nacos.client.naming - initializer namespace from ALIBABA_ALIWARE_NAMESPACE attribute :null
2025-11-01 14:34:37.926 [main] INFO  com.alibaba.nacos.client.naming - initializer namespace from namespace attribute :null
2025-11-01 14:34:37.937 [main] INFO  com.alibaba.nacos.client.utils.ParamUtil - [settings] [req-serv] nacos-server port:8848
2025-11-01 14:34:37.938 [main] INFO  com.alibaba.nacos.client.utils.ParamUtil - [settings] [http-client] connect timeout:1000
2025-11-01 14:34:37.938 [main] INFO  com.alibaba.nacos.client.utils.ParamUtil - PER_TASK_CONFIG_SIZE: 3000.0
2025-11-01 14:34:37.940 [main] INFO  c.a.n.p.auth.spi.client.ClientAuthPluginManager - [ClientAuthPluginManager] Load ClientAuthService com.alibaba.nacos.client.auth.impl.NacosClientAuthServiceImpl success.
2025-11-01 14:34:37.941 [main] INFO  c.a.n.p.auth.spi.client.ClientAuthPluginManager - [ClientAuthPluginManager] Load ClientAuthService com.alibaba.nacos.client.auth.ram.RamClientAuthServiceImpl success.
2025-11-01 14:34:37.942 [main] INFO  c.a.n.client.auth.ram.identify.CredentialWatcher - null No credential found
2025-11-01 14:34:37.946 [main] INFO  com.alibaba.nacos.common.remote.client - [RpcClientFactory] create a new rpc client of 5f2bdc2d-0a19-4a14-8e38-22fe81688104
2025-11-01 14:34:37.956 [main] INFO  com.alibaba.nacos.common.remote.client - [5f2bdc2d-0a19-4a14-8e38-22fe81688104] RpcClient init, ServerListFactory = com.alibaba.nacos.client.naming.core.ServerListManager
2025-11-01 14:34:37.956 [main] INFO  com.alibaba.nacos.common.remote.client - [5f2bdc2d-0a19-4a14-8e38-22fe81688104] Registry connection listener to current client:com.alibaba.nacos.client.naming.remote.gprc.redo.NamingGrpcRedoService
2025-11-01 14:34:37.957 [main] INFO  com.alibaba.nacos.common.remote.client - [5f2bdc2d-0a19-4a14-8e38-22fe81688104] Register server push request handler:com.alibaba.nacos.client.naming.remote.gprc.NamingPushRequestHandler
2025-11-01 14:34:37.958 [main] INFO  com.alibaba.nacos.common.remote.client - [5f2bdc2d-0a19-4a14-8e38-22fe81688104] Try to connect to server on start up, server: {serverIp = '127.0.0.1', server main port = 8848}
2025-11-01 14:34:37.976 [main] INFO  c.a.nacos.common.remote.client.grpc.GrpcClient - grpc client connection server:127.0.0.1 ip,serverPort:9848,grpcTslConfig:{"sslProvider":"OPENSSL","enableTls":false,"mutualAuthEnable":false,"trustAll":false}
2025-11-01 14:34:38.614 [main] INFO  com.alibaba.nacos.common.remote.client - [5f2bdc2d-0a19-4a14-8e38-22fe81688104] Success to connect to server [127.0.0.1:8848] on start up, connectionId = 1761978878452_127.0.0.1_6188
2025-11-01 14:34:38.614 [com.alibaba.nacos.client.remote.worker] INFO  com.alibaba.nacos.common.remote.client - [5f2bdc2d-0a19-4a14-8e38-22fe81688104] Notify connected event to listeners.
2025-11-01 14:34:38.614 [com.alibaba.nacos.client.remote.worker] INFO  com.alibaba.nacos.client.naming - Grpc connection connect
2025-11-01 14:34:38.615 [main] INFO  com.alibaba.nacos.common.remote.client - [5f2bdc2d-0a19-4a14-8e38-22fe81688104] Register server push request handler:com.alibaba.nacos.common.remote.client.RpcClient$ConnectResetRequestHandler
2025-11-01 14:34:38.615 [main] INFO  com.alibaba.nacos.common.remote.client - [5f2bdc2d-0a19-4a14-8e38-22fe81688104] Register server push request handler:com.alibaba.nacos.common.remote.client.RpcClient$$Lambda$1267/0x0000023d817ca468
2025-11-01 14:34:38.616 [main] INFO  com.alibaba.nacos.client.naming - [REGISTER-SERVICE] xiaohashu registering service xiaohashu-user with instance Instance{instanceId='null', ip='192.168.134.1', port=8082, weight=1.0, healthy=true, enabled=true, ephemeral=true, clusterName='DEFAULT', serviceName='null', metadata={IPv6=null, preserved.register.source=SPRING_CLOUD}}
2025-11-01 14:34:38.628 [main] INFO  c.a.cloud.nacos.registry.NacosServiceRegistry - nacos registry, DEFAULT_GROUP xiaohashu-user 192.168.134.1:8082 register finished
2025-11-01 14:34:39.781 [main] INFO  org.springframework.cloud.commons.util.InetUtils - Cannot determine local hostname
2025-11-01 14:34:39.788 [main] INFO  c.q.xiaohashu.user.biz.XiaohashuUserBizApplication - Started XiaohashuUserBizApplication in 8.898 seconds (process running for 9.426)
2025-11-01 14:34:39.788 [main] INFO  c.q.x.u.biz.runner.PushRolePermissions2RedisRunner - ==> 服务启动，开始同步角色权限数据到 Redis 中...
2025-11-01 14:34:40.110 [main] ERROR c.q.x.u.biz.runner.PushRolePermissions2RedisRunner - ==> 同步角色权限数据到 Redis 中失败: 
org.apache.ibatis.binding.BindingException: Invalid bound statement (not found): com.quanxiaoha.xiaohashu.user.biz.domain.mapper.RoleDOMapper.selectEnabledList
	at org.apache.ibatis.binding.MapperMethod$SqlCommand.<init>(MapperMethod.java:229)
	at org.apache.ibatis.binding.MapperMethod.<init>(MapperMethod.java:53)
	at org.apache.ibatis.binding.MapperProxy.lambda$cachedInvoker$0(MapperProxy.java:96)
	at java.base/java.util.concurrent.ConcurrentHashMap.computeIfAbsent(ConcurrentHashMap.java:1708)
	at org.apache.ibatis.util.MapUtil.computeIfAbsent(MapUtil.java:36)
	at org.apache.ibatis.binding.MapperProxy.cachedInvoker(MapperProxy.java:94)
	at org.apache.ibatis.binding.MapperProxy.invoke(MapperProxy.java:86)
	at jdk.proxy2/jdk.proxy2.$Proxy93.selectEnabledList(Unknown Source)
	at com.quanxiaoha.xiaohashu.user.biz.runner.PushRolePermissions2RedisRunner.run(PushRolePermissions2RedisRunner.java:60)
	at org.springframework.boot.SpringApplication.callRunner(SpringApplication.java:758)
	at org.springframework.boot.SpringApplication.callRunners(SpringApplication.java:748)
	at org.springframework.boot.SpringApplication.run(SpringApplication.java:315)
	at org.springframework.boot.SpringApplication.run(SpringApplication.java:1302)
	at org.springframework.boot.SpringApplication.run(SpringApplication.java:1291)
	at com.quanxiaoha.xiaohashu.user.biz.XiaohashuUserBizApplication.main(XiaohashuUserBizApplication.java:15)
2025-11-01 14:35:31.869 [main] WARN  com.alibaba.nacos.client.logging.NacosLogging - Load Logback Configuration of Nacos fail, message: Could not initialize Logback Nacos logging from classpath:nacos-logback.xml
2025-11-01 14:35:31.906 [main] WARN  com.alibaba.nacos.client.logging.NacosLogging - Load Logback Configuration of Nacos fail, message: Could not initialize Logback Nacos logging from classpath:nacos-logback.xml
2025-11-01 14:35:33.255 [main] WARN  com.alibaba.nacos.client.logging.NacosLogging - Load Logback Configuration of Nacos fail, message: Could not initialize Logback Nacos logging from classpath:nacos-logback.xml
2025-11-01 14:35:33.262 [main] WARN  com.alibaba.nacos.client.logging.NacosLogging - Load Logback Configuration of Nacos fail, message: Could not initialize Logback Nacos logging from classpath:nacos-logback.xml
2025-11-01 14:35:33.262 [main] INFO  c.q.xiaohashu.user.biz.XiaohashuUserBizApplication - The following 1 profile is active: "dev"
2025-11-01 14:35:33.624 [main] INFO  o.s.d.r.config.RepositoryConfigurationDelegate - Multiple Spring Data modules found, entering strict repository configuration mode
2025-11-01 14:35:33.625 [main] INFO  o.s.d.r.config.RepositoryConfigurationDelegate - Bootstrapping Spring Data Redis repositories in DEFAULT mode.
2025-11-01 14:35:33.640 [main] INFO  o.s.d.r.config.RepositoryConfigurationDelegate - Finished Spring Data repository scanning in 5 ms. Found 0 Redis repository interfaces.
2025-11-01 14:35:33.749 [main] INFO  o.springframework.cloud.context.scope.GenericScope - BeanFactory id=a5af2cd2-867e-3e0f-bfed-88500b562f52
2025-11-01 14:35:33.769 [main] INFO  o.s.c.s.PostProcessorRegistrationDelegate$BeanPostProcessorChecker - Bean 'com.quanxiaoha.xiaohashu.oss.api.FileFeignApi' of type [org.springframework.cloud.openfeign.FeignClientFactoryBean] is not eligible for getting processed by all BeanPostProcessors (for example: not eligible for auto-proxying)
2025-11-01 14:35:33.770 [main] INFO  o.s.c.s.PostProcessorRegistrationDelegate$BeanPostProcessorChecker - Bean 'com.quanxiaoha.xiaohashu.user.api.UserFeignApi' of type [org.springframework.cloud.openfeign.FeignClientFactoryBean] is not eligible for getting processed by all BeanPostProcessors (for example: not eligible for auto-proxying)
2025-11-01 14:35:33.976 [main] INFO  o.s.boot.web.embedded.tomcat.TomcatWebServer - Tomcat initialized with port(s): 8082 (http)
2025-11-01 14:35:33.981 [main] INFO  org.apache.catalina.core.StandardService - Starting service [Tomcat]
2025-11-01 14:35:33.982 [main] INFO  org.apache.catalina.core.StandardEngine - Starting Servlet engine: [Apache Tomcat/10.1.5]
2025-11-01 14:35:34.051 [main] INFO  o.a.c.core.ContainerBase.[Tomcat].[localhost].[/] - Initializing Spring embedded WebApplicationContext
2025-11-01 14:35:34.051 [main] INFO  o.s.b.w.s.c.ServletWebServerApplicationContext - Root WebApplicationContext: initialization completed in 774 ms
2025-11-01 14:35:34.160 [main] INFO  o.s.cloud.openfeign.FeignClientFactoryBean - For 'xiaohashu-oss' URL not provided. Will try picking an instance via load-balancing.
2025-11-01 14:35:34.186 [main] INFO  c.a.d.s.b.a.DruidDataSourceAutoConfigure - Init DruidDataSource
2025-11-01 14:35:34.378 [main] INFO  com.alibaba.druid.pool.DruidDataSource - {dataSource-1} inited
2025-11-01 14:35:35.913 [main] INFO  org.springframework.cloud.commons.util.InetUtils - Cannot determine local hostname
2025-11-01 14:35:37.256 [main] INFO  org.springframework.cloud.commons.util.InetUtils - Cannot determine local hostname
2025-11-01 14:35:37.271 [main] WARN  o.s.c.l.c.LoadBalancerCacheAutoConfiguration$LoadBalancerCaffeineWarnLogger - Spring Cloud LoadBalancer is currently working with the default cache. While this cache implementation is useful for development and tests, it's recommended to use Caffeine cache in production.You can switch to using Caffeine cache, by adding it and org.springframework.cache.caffeine.CaffeineCacheManager to the classpath.
2025-11-01 14:35:37.318 [main] INFO  o.s.boot.web.embedded.tomcat.TomcatWebServer - Tomcat started on port(s): 8082 (http) with context path ''
2025-11-01 14:35:37.322 [main] WARN  com.alibaba.nacos.client.logging.NacosLogging - Load Logback Configuration of Nacos fail, message: Could not initialize Logback Nacos logging from classpath:nacos-logback.xml
2025-11-01 14:35:37.322 [main] INFO  com.alibaba.nacos.client.naming - initializer namespace from ans.namespace attribute : null
2025-11-01 14:35:37.322 [main] INFO  com.alibaba.nacos.client.naming - initializer namespace from ALIBABA_ALIWARE_NAMESPACE attribute :null
2025-11-01 14:35:37.322 [main] INFO  com.alibaba.nacos.client.naming - initializer namespace from namespace attribute :null
2025-11-01 14:35:37.340 [main] INFO  com.alibaba.nacos.client.utils.ParamUtil - [settings] [req-serv] nacos-server port:8848
2025-11-01 14:35:37.340 [main] INFO  com.alibaba.nacos.client.utils.ParamUtil - [settings] [http-client] connect timeout:1000
2025-11-01 14:35:37.340 [main] INFO  com.alibaba.nacos.client.utils.ParamUtil - PER_TASK_CONFIG_SIZE: 3000.0
2025-11-01 14:35:37.343 [main] INFO  c.a.n.p.auth.spi.client.ClientAuthPluginManager - [ClientAuthPluginManager] Load ClientAuthService com.alibaba.nacos.client.auth.impl.NacosClientAuthServiceImpl success.
2025-11-01 14:35:37.343 [main] INFO  c.a.n.p.auth.spi.client.ClientAuthPluginManager - [ClientAuthPluginManager] Load ClientAuthService com.alibaba.nacos.client.auth.ram.RamClientAuthServiceImpl success.
2025-11-01 14:35:37.345 [main] INFO  c.a.n.client.auth.ram.identify.CredentialWatcher - null No credential found
2025-11-01 14:35:37.348 [main] INFO  com.alibaba.nacos.common.remote.client - [RpcClientFactory] create a new rpc client of 4c53fc9d-9659-40e3-a091-72a2d869c1f1
2025-11-01 14:35:37.359 [main] INFO  com.alibaba.nacos.common.remote.client - [4c53fc9d-9659-40e3-a091-72a2d869c1f1] RpcClient init, ServerListFactory = com.alibaba.nacos.client.naming.core.ServerListManager
2025-11-01 14:35:37.359 [main] INFO  com.alibaba.nacos.common.remote.client - [4c53fc9d-9659-40e3-a091-72a2d869c1f1] Registry connection listener to current client:com.alibaba.nacos.client.naming.remote.gprc.redo.NamingGrpcRedoService
2025-11-01 14:35:37.360 [main] INFO  com.alibaba.nacos.common.remote.client - [4c53fc9d-9659-40e3-a091-72a2d869c1f1] Register server push request handler:com.alibaba.nacos.client.naming.remote.gprc.NamingPushRequestHandler
2025-11-01 14:35:37.361 [main] INFO  com.alibaba.nacos.common.remote.client - [4c53fc9d-9659-40e3-a091-72a2d869c1f1] Try to connect to server on start up, server: {serverIp = '127.0.0.1', server main port = 8848}
2025-11-01 14:35:37.381 [main] INFO  c.a.nacos.common.remote.client.grpc.GrpcClient - grpc client connection server:127.0.0.1 ip,serverPort:9848,grpcTslConfig:{"sslProvider":"OPENSSL","enableTls":false,"mutualAuthEnable":false,"trustAll":false}
2025-11-01 14:35:38.029 [main] INFO  com.alibaba.nacos.common.remote.client - [4c53fc9d-9659-40e3-a091-72a2d869c1f1] Success to connect to server [127.0.0.1:8848] on start up, connectionId = 1761978937856_127.0.0.1_6261
2025-11-01 14:35:38.029 [com.alibaba.nacos.client.remote.worker] INFO  com.alibaba.nacos.common.remote.client - [4c53fc9d-9659-40e3-a091-72a2d869c1f1] Notify connected event to listeners.
2025-11-01 14:35:38.029 [com.alibaba.nacos.client.remote.worker] INFO  com.alibaba.nacos.client.naming - Grpc connection connect
2025-11-01 14:35:38.030 [main] INFO  com.alibaba.nacos.common.remote.client - [4c53fc9d-9659-40e3-a091-72a2d869c1f1] Register server push request handler:com.alibaba.nacos.common.remote.client.RpcClient$ConnectResetRequestHandler
2025-11-01 14:35:38.030 [main] INFO  com.alibaba.nacos.common.remote.client - [4c53fc9d-9659-40e3-a091-72a2d869c1f1] Register server push request handler:com.alibaba.nacos.common.remote.client.RpcClient$$Lambda$1267/0x00000220b07cc060
2025-11-01 14:35:38.030 [main] INFO  com.alibaba.nacos.client.naming - [REGISTER-SERVICE] xiaohashu registering service xiaohashu-user with instance Instance{instanceId='null', ip='192.168.134.1', port=8082, weight=1.0, healthy=true, enabled=true, ephemeral=true, clusterName='DEFAULT', serviceName='null', metadata={IPv6=null, preserved.register.source=SPRING_CLOUD}}
2025-11-01 14:35:38.040 [main] INFO  c.a.cloud.nacos.registry.NacosServiceRegistry - nacos registry, DEFAULT_GROUP xiaohashu-user 192.168.134.1:8082 register finished
2025-11-01 14:35:39.190 [main] INFO  org.springframework.cloud.commons.util.InetUtils - Cannot determine local hostname
2025-11-01 14:35:39.196 [main] INFO  c.q.xiaohashu.user.biz.XiaohashuUserBizApplication - Started XiaohashuUserBizApplication in 8.859 seconds (process running for 9.299)
2025-11-01 14:35:39.197 [main] INFO  c.q.x.u.biz.runner.PushRolePermissions2RedisRunner - ==> 服务启动，开始同步角色权限数据到 Redis 中...
2025-11-01 14:35:39.468 [main] WARN  c.q.x.u.biz.runner.PushRolePermissions2RedisRunner - ==> 角色权限数据已经同步至 Redis 中，不再同步...
2025-11-01 14:41:49.873 [http-nio-8082-exec-1] INFO  o.a.c.core.ContainerBase.[Tomcat].[localhost].[/] - Initializing Spring DispatcherServlet 'dispatcherServlet'
2025-11-01 14:41:49.873 [http-nio-8082-exec-1] INFO  org.springframework.web.servlet.DispatcherServlet - Initializing Servlet 'dispatcherServlet'
2025-11-01 14:41:49.874 [http-nio-8082-exec-1] INFO  org.springframework.web.servlet.DispatcherServlet - Completed initialization in 1 ms
2025-11-01 14:41:49.879 [http-nio-8082-exec-1] INFO  c.q.x.user.biz.filter.HeaderUserId2ContextFilter - ## HeaderUserId2ContextFilter, 用户 ID: null
2025-11-01 14:41:49.930 [http-nio-8082-exec-1] INFO  c.q.f.b.operationlog.aspect.ApiOperationLogAspect - ====== 请求开始: [用户注册], 入参: {"phone":"13345966871"}, 请求类: UserController, 请求方法: register =================================== 
2025-11-01 14:41:49.948 [http-nio-8082-exec-1] DEBUG c.q.x.u.b.domain.mapper.UserDOMapper.selectByPhone - ==>  Preparing: select id, password from t_user where phone = ?
2025-11-01 14:41:50.012 [http-nio-8082-exec-1] DEBUG c.q.x.u.b.domain.mapper.UserDOMapper.selectByPhone - ==> Parameters: 13345966871(String)
2025-11-01 14:41:50.021 [http-nio-8082-exec-1] DEBUG c.q.x.u.b.domain.mapper.UserDOMapper.selectByPhone - <==      Total: 0
2025-11-01 14:41:50.022 [http-nio-8082-exec-1] INFO  c.q.x.user.biz.service.impl.UserServiceImpl - ==> 用户是否注册, phone: 13345966871, userDO: null
2025-11-01 14:41:50.032 [http-nio-8082-exec-1] DEBUG c.q.x.user.biz.domain.mapper.UserDOMapper.insert - ==>  Preparing: insert into t_user (xiaohashu_id, `password`, nickname, avatar, birthday, background_img, phone, sex, `status`, introduction, create_time, update_time, is_deleted) values (?, ?, ?, ?, ?, ?, ?, ?, ?, ?, ?, ?, ?)
2025-11-01 14:41:50.039 [http-nio-8082-exec-1] DEBUG c.q.x.user.biz.domain.mapper.UserDOMapper.insert - ==> Parameters: 1(String), null, 小红薯1(String), null, null, null, 13345966871(String), null, 0(Integer), null, 2025-11-01T14:41:50.031649600(LocalDateTime), 2025-11-01T14:41:50.031649600(LocalDateTime), false(Boolean)
2025-11-01 14:41:50.054 [http-nio-8082-exec-1] DEBUG c.q.x.user.biz.domain.mapper.UserDOMapper.insert - <==    Updates: 1
2025-11-01 14:41:50.056 [http-nio-8082-exec-1] DEBUG c.q.x.u.b.domain.mapper.UserRoleRelDOMapper.insert - ==>  Preparing: insert into t_user_role_rel (id, user_id, role_id, create_time, update_time, is_deleted ) values (?, ?, ?, ?, ?, ? )
2025-11-01 14:41:50.057 [http-nio-8082-exec-1] DEBUG c.q.x.u.b.domain.mapper.UserRoleRelDOMapper.insert - ==> Parameters: null, 7(Long), 1(Long), 2025-11-01T14:41:50.055534800(LocalDateTime), 2025-11-01T14:41:50.055534800(LocalDateTime), false(Boolean)
2025-11-01 14:41:50.061 [http-nio-8082-exec-1] DEBUG c.q.x.u.b.domain.mapper.UserRoleRelDOMapper.insert - <==    Updates: 1
2025-11-01 14:41:50.066 [http-nio-8082-exec-1] ERROR c.q.x.user.biz.exception.GlobalExceptionHandler - /user/register request error, 
org.apache.ibatis.binding.BindingException: Invalid bound statement (not found): com.quanxiaoha.xiaohashu.user.biz.domain.mapper.RoleDOMapper.selectByPrimaryKey
	at org.apache.ibatis.binding.MapperMethod$SqlCommand.<init>(MapperMethod.java:229)
	at org.apache.ibatis.binding.MapperMethod.<init>(MapperMethod.java:53)
	at org.apache.ibatis.binding.MapperProxy.lambda$cachedInvoker$0(MapperProxy.java:96)
	at java.base/java.util.concurrent.ConcurrentHashMap.computeIfAbsent(ConcurrentHashMap.java:1708)
	at org.apache.ibatis.util.MapUtil.computeIfAbsent(MapUtil.java:36)
	at org.apache.ibatis.binding.MapperProxy.cachedInvoker(MapperProxy.java:94)
	at org.apache.ibatis.binding.MapperProxy.invoke(MapperProxy.java:86)
	at jdk.proxy2/jdk.proxy2.$Proxy93.selectByPrimaryKey(Unknown Source)
	at com.quanxiaoha.xiaohashu.user.biz.service.impl.UserServiceImpl.register(UserServiceImpl.java:206)
	at java.base/jdk.internal.reflect.NativeMethodAccessorImpl.invoke0(Native Method)
	at java.base/jdk.internal.reflect.NativeMethodAccessorImpl.invoke(NativeMethodAccessorImpl.java:77)
	at java.base/jdk.internal.reflect.DelegatingMethodAccessorImpl.invoke(DelegatingMethodAccessorImpl.java:43)
	at java.base/java.lang.reflect.Method.invoke(Method.java:568)
	at org.springframework.aop.support.AopUtils.invokeJoinpointUsingReflection(AopUtils.java:343)
	at org.springframework.aop.framework.ReflectiveMethodInvocation.invokeJoinpoint(ReflectiveMethodInvocation.java:196)
	at org.springframework.aop.framework.ReflectiveMethodInvocation.proceed(ReflectiveMethodInvocation.java:163)
	at org.springframework.aop.framework.CglibAopProxy$CglibMethodInvocation.proceed(CglibAopProxy.java:752)
	at org.springframework.transaction.interceptor.TransactionInterceptor$1.proceedWithInvocation(TransactionInterceptor.java:123)
	at org.springframework.transaction.interceptor.TransactionAspectSupport.invokeWithinTransaction(TransactionAspectSupport.java:388)
	at org.springframework.transaction.interceptor.TransactionInterceptor.invoke(TransactionInterceptor.java:119)
	at org.springframework.aop.framework.ReflectiveMethodInvocation.proceed(ReflectiveMethodInvocation.java:184)
	at org.springframework.aop.framework.CglibAopProxy$CglibMethodInvocation.proceed(CglibAopProxy.java:752)
	at org.springframework.aop.framework.CglibAopProxy$DynamicAdvisedInterceptor.intercept(CglibAopProxy.java:703)
	at com.quanxiaoha.xiaohashu.user.biz.service.impl.UserServiceImpl$$SpringCGLIB$$0.register(<generated>)
	at com.quanxiaoha.xiaohashu.user.biz.controller.UserController.register(UserController.java:44)
	at java.base/jdk.internal.reflect.NativeMethodAccessorImpl.invoke0(Native Method)
	at java.base/jdk.internal.reflect.NativeMethodAccessorImpl.invoke(NativeMethodAccessorImpl.java:77)
	at java.base/jdk.internal.reflect.DelegatingMethodAccessorImpl.invoke(DelegatingMethodAccessorImpl.java:43)
	at java.base/java.lang.reflect.Method.invoke(Method.java:568)
	at org.springframework.aop.support.AopUtils.invokeJoinpointUsingReflection(AopUtils.java:343)
	at org.springframework.aop.framework.ReflectiveMethodInvocation.invokeJoinpoint(ReflectiveMethodInvocation.java:196)
	at org.springframework.aop.framework.ReflectiveMethodInvocation.proceed(ReflectiveMethodInvocation.java:163)
	at org.springframework.aop.framework.CglibAopProxy$CglibMethodInvocation.proceed(CglibAopProxy.java:752)
	at org.springframework.aop.aspectj.MethodInvocationProceedingJoinPoint.proceed(MethodInvocationProceedingJoinPoint.java:89)
	at com.quanxiaoha.framework.biz.operationlog.aspect.ApiOperationLogAspect.doAround(ApiOperationLogAspect.java:53)
	at java.base/jdk.internal.reflect.NativeMethodAccessorImpl.invoke0(Native Method)
	at java.base/jdk.internal.reflect.NativeMethodAccessorImpl.invoke(NativeMethodAccessorImpl.java:77)
	at java.base/jdk.internal.reflect.DelegatingMethodAccessorImpl.invoke(DelegatingMethodAccessorImpl.java:43)
	at java.base/java.lang.reflect.Method.invoke(Method.java:568)
	at org.springframework.aop.aspectj.AbstractAspectJAdvice.invokeAdviceMethodWithGivenArgs(AbstractAspectJAdvice.java:633)
	at org.springframework.aop.aspectj.AbstractAspectJAdvice.invokeAdviceMethod(AbstractAspectJAdvice.java:623)
	at org.springframework.aop.aspectj.AspectJAroundAdvice.invoke(AspectJAroundAdvice.java:71)
	at org.springframework.aop.framework.ReflectiveMethodInvocation.proceed(ReflectiveMethodInvocation.java:173)
	at org.springframework.aop.framework.CglibAopProxy$CglibMethodInvocation.proceed(CglibAopProxy.java:752)
	at org.springframework.aop.interceptor.ExposeInvocationInterceptor.invoke(ExposeInvocationInterceptor.java:97)
	at org.springframework.aop.framework.ReflectiveMethodInvocation.proceed(ReflectiveMethodInvocation.java:184)
	at org.springframework.aop.framework.CglibAopProxy$CglibMethodInvocation.proceed(CglibAopProxy.java:752)
	at org.springframework.aop.framework.CglibAopProxy$DynamicAdvisedInterceptor.intercept(CglibAopProxy.java:703)
	at com.quanxiaoha.xiaohashu.user.biz.controller.UserController$$SpringCGLIB$$0.register(<generated>)
	at java.base/jdk.internal.reflect.NativeMethodAccessorImpl.invoke0(Native Method)
	at java.base/jdk.internal.reflect.NativeMethodAccessorImpl.invoke(NativeMethodAccessorImpl.java:77)
	at java.base/jdk.internal.reflect.DelegatingMethodAccessorImpl.invoke(DelegatingMethodAccessorImpl.java:43)
	at java.base/java.lang.reflect.Method.invoke(Method.java:568)
	at org.springframework.web.method.support.InvocableHandlerMethod.doInvoke(InvocableHandlerMethod.java:207)
	at org.springframework.web.method.support.InvocableHandlerMethod.invokeForRequest(InvocableHandlerMethod.java:152)
	at org.springframework.web.servlet.mvc.method.annotation.ServletInvocableHandlerMethod.invokeAndHandle(ServletInvocableHandlerMethod.java:117)
	at org.springframework.web.servlet.mvc.method.annotation.RequestMappingHandlerAdapter.invokeHandlerMethod(RequestMappingHandlerAdapter.java:884)
	at org.springframework.web.servlet.mvc.method.annotation.RequestMappingHandlerAdapter.handleInternal(RequestMappingHandlerAdapter.java:797)
	at org.springframework.web.servlet.mvc.method.AbstractHandlerMethodAdapter.handle(AbstractHandlerMethodAdapter.java:87)
	at org.springframework.web.servlet.DispatcherServlet.doDispatch(DispatcherServlet.java:1080)
	at org.springframework.web.servlet.DispatcherServlet.doService(DispatcherServlet.java:973)
	at org.springframework.web.servlet.FrameworkServlet.processRequest(FrameworkServlet.java:1011)
	at org.springframework.web.servlet.FrameworkServlet.doPost(FrameworkServlet.java:914)
	at jakarta.servlet.http.HttpServlet.service(HttpServlet.java:731)
	at org.springframework.web.servlet.FrameworkServlet.service(FrameworkServlet.java:885)
	at jakarta.servlet.http.HttpServlet.service(HttpServlet.java:814)
	at org.apache.catalina.core.ApplicationFilterChain.internalDoFilter(ApplicationFilterChain.java:223)
	at org.apache.catalina.core.ApplicationFilterChain.doFilter(ApplicationFilterChain.java:158)
	at org.apache.tomcat.websocket.server.WsFilter.doFilter(WsFilter.java:53)
	at org.apache.catalina.core.ApplicationFilterChain.internalDoFilter(ApplicationFilterChain.java:185)
	at org.apache.catalina.core.ApplicationFilterChain.doFilter(ApplicationFilterChain.java:158)
	at com.quanxiaoha.xiaohashu.user.biz.filter.HeaderUserId2ContextFilter.doFilterInternal(HeaderUserId2ContextFilter.java:38)
	at org.springframework.web.filter.OncePerRequestFilter.doFilter(OncePerRequestFilter.java:116)
	at org.apache.catalina.core.ApplicationFilterChain.internalDoFilter(ApplicationFilterChain.java:185)
	at org.apache.catalina.core.ApplicationFilterChain.doFilter(ApplicationFilterChain.java:158)
	at com.alibaba.druid.support.jakarta.WebStatFilter.doFilter(WebStatFilter.java:113)
	at org.apache.catalina.core.ApplicationFilterChain.internalDoFilter(ApplicationFilterChain.java:185)
	at org.apache.catalina.core.ApplicationFilterChain.doFilter(ApplicationFilterChain.java:158)
	at org.springframework.web.filter.RequestContextFilter.doFilterInternal(RequestContextFilter.java:100)
	at org.springframework.web.filter.OncePerRequestFilter.doFilter(OncePerRequestFilter.java:116)
	at org.apache.catalina.core.ApplicationFilterChain.internalDoFilter(ApplicationFilterChain.java:185)
	at org.apache.catalina.core.ApplicationFilterChain.doFilter(ApplicationFilterChain.java:158)
	at org.springframework.web.filter.FormContentFilter.doFilterInternal(FormContentFilter.java:93)
	at org.springframework.web.filter.OncePerRequestFilter.doFilter(OncePerRequestFilter.java:116)
	at org.apache.catalina.core.ApplicationFilterChain.internalDoFilter(ApplicationFilterChain.java:185)
	at org.apache.catalina.core.ApplicationFilterChain.doFilter(ApplicationFilterChain.java:158)
	at org.springframework.web.filter.CharacterEncodingFilter.doFilterInternal(CharacterEncodingFilter.java:201)
	at org.springframework.web.filter.OncePerRequestFilter.doFilter(OncePerRequestFilter.java:116)
	at org.apache.catalina.core.ApplicationFilterChain.internalDoFilter(ApplicationFilterChain.java:185)
	at org.apache.catalina.core.ApplicationFilterChain.doFilter(ApplicationFilterChain.java:158)
	at org.apache.catalina.core.StandardWrapperValve.invoke(StandardWrapperValve.java:177)
	at org.apache.catalina.core.StandardContextValve.invoke(StandardContextValve.java:97)
	at org.apache.catalina.authenticator.AuthenticatorBase.invoke(AuthenticatorBase.java:542)
	at org.apache.catalina.core.StandardHostValve.invoke(StandardHostValve.java:119)
	at org.apache.catalina.valves.ErrorReportValve.invoke(ErrorReportValve.java:92)
	at org.apache.catalina.core.StandardEngineValve.invoke(StandardEngineValve.java:78)
	at org.apache.catalina.connector.CoyoteAdapter.service(CoyoteAdapter.java:357)
	at org.apache.coyote.http11.Http11Processor.service(Http11Processor.java:400)
	at org.apache.coyote.AbstractProcessorLight.process(AbstractProcessorLight.java:65)
	at org.apache.coyote.AbstractProtocol$ConnectionHandler.process(AbstractProtocol.java:859)
	at org.apache.tomcat.util.net.NioEndpoint$SocketProcessor.doRun(NioEndpoint.java:1734)
	at org.apache.tomcat.util.net.SocketProcessorBase.run(SocketProcessorBase.java:52)
	at org.apache.tomcat.util.threads.ThreadPoolExecutor.runWorker(ThreadPoolExecutor.java:1191)
	at org.apache.tomcat.util.threads.ThreadPoolExecutor$Worker.run(ThreadPoolExecutor.java:659)
	at org.apache.tomcat.util.threads.TaskThread$WrappingRunnable.run(TaskThread.java:61)
	at java.base/java.lang.Thread.run(Thread.java:842)
2025-11-01 14:52:48.380 [http-nio-8082-exec-3] INFO  c.q.x.user.biz.filter.HeaderUserId2ContextFilter - ## HeaderUserId2ContextFilter, 用户 ID: null
2025-11-01 14:52:48.381 [http-nio-8082-exec-3] INFO  c.q.f.b.operationlog.aspect.ApiOperationLogAspect - ====== 请求开始: [用户注册], 入参: {"phone":"13345966871"}, 请求类: UserController, 请求方法: register =================================== 
2025-11-01 14:52:48.382 [http-nio-8082-exec-3] DEBUG c.q.x.u.b.domain.mapper.UserDOMapper.selectByPhone - ==>  Preparing: select id, password from t_user where phone = ?
2025-11-01 14:52:48.383 [http-nio-8082-exec-3] DEBUG c.q.x.u.b.domain.mapper.UserDOMapper.selectByPhone - ==> Parameters: 13345966871(String)
2025-11-01 14:52:48.384 [http-nio-8082-exec-3] DEBUG c.q.x.u.b.domain.mapper.UserDOMapper.selectByPhone - <==      Total: 0
2025-11-01 14:52:48.384 [http-nio-8082-exec-3] INFO  c.q.x.user.biz.service.impl.UserServiceImpl - ==> 用户是否注册, phone: 13345966871, userDO: null
2025-11-01 14:52:48.386 [http-nio-8082-exec-3] DEBUG c.q.x.user.biz.domain.mapper.UserDOMapper.insert - ==>  Preparing: insert into t_user (xiaohashu_id, `password`, nickname, avatar, birthday, background_img, phone, sex, `status`, introduction, create_time, update_time, is_deleted) values (?, ?, ?, ?, ?, ?, ?, ?, ?, ?, ?, ?, ?)
2025-11-01 14:52:48.387 [http-nio-8082-exec-3] DEBUG c.q.x.user.biz.domain.mapper.UserDOMapper.insert - ==> Parameters: 2(String), null, 小红薯2(String), null, null, null, 13345966871(String), null, 0(Integer), null, 2025-11-01T14:52:48.386154100(LocalDateTime), 2025-11-01T14:52:48.386154100(LocalDateTime), false(Boolean)
2025-11-01 14:52:48.388 [http-nio-8082-exec-3] DEBUG c.q.x.user.biz.domain.mapper.UserDOMapper.insert - <==    Updates: 1
2025-11-01 14:52:48.389 [http-nio-8082-exec-3] DEBUG c.q.x.u.b.domain.mapper.UserRoleRelDOMapper.insert - ==>  Preparing: insert into t_user_role_rel (id, user_id, role_id, create_time, update_time, is_deleted ) values (?, ?, ?, ?, ?, ? )
2025-11-01 14:52:48.389 [http-nio-8082-exec-3] DEBUG c.q.x.u.b.domain.mapper.UserRoleRelDOMapper.insert - ==> Parameters: null, 8(Long), 1(Long), 2025-11-01T14:52:48.389189100(LocalDateTime), 2025-11-01T14:52:48.389189100(LocalDateTime), false(Boolean)
2025-11-01 14:52:48.393 [http-nio-8082-exec-3] DEBUG c.q.x.u.b.domain.mapper.UserRoleRelDOMapper.insert - <==    Updates: 1
2025-11-01 14:52:48.395 [http-nio-8082-exec-3] ERROR c.q.x.user.biz.exception.GlobalExceptionHandler - /user/register request error, 
org.apache.ibatis.binding.BindingException: Invalid bound statement (not found): com.quanxiaoha.xiaohashu.user.biz.domain.mapper.RoleDOMapper.selectByPrimaryKey
	at org.apache.ibatis.binding.MapperMethod$SqlCommand.<init>(MapperMethod.java:229)
	at org.apache.ibatis.binding.MapperMethod.<init>(MapperMethod.java:53)
	at org.apache.ibatis.binding.MapperProxy.lambda$cachedInvoker$0(MapperProxy.java:96)
	at java.base/java.util.concurrent.ConcurrentHashMap.computeIfAbsent(ConcurrentHashMap.java:1708)
	at org.apache.ibatis.util.MapUtil.computeIfAbsent(MapUtil.java:36)
	at org.apache.ibatis.binding.MapperProxy.cachedInvoker(MapperProxy.java:94)
	at org.apache.ibatis.binding.MapperProxy.invoke(MapperProxy.java:86)
	at jdk.proxy2/jdk.proxy2.$Proxy93.selectByPrimaryKey(Unknown Source)
	at com.quanxiaoha.xiaohashu.user.biz.service.impl.UserServiceImpl.register(UserServiceImpl.java:206)
	at java.base/jdk.internal.reflect.NativeMethodAccessorImpl.invoke0(Native Method)
	at java.base/jdk.internal.reflect.NativeMethodAccessorImpl.invoke(NativeMethodAccessorImpl.java:77)
	at java.base/jdk.internal.reflect.DelegatingMethodAccessorImpl.invoke(DelegatingMethodAccessorImpl.java:43)
	at java.base/java.lang.reflect.Method.invoke(Method.java:568)
	at org.springframework.aop.support.AopUtils.invokeJoinpointUsingReflection(AopUtils.java:343)
	at org.springframework.aop.framework.ReflectiveMethodInvocation.invokeJoinpoint(ReflectiveMethodInvocation.java:196)
	at org.springframework.aop.framework.ReflectiveMethodInvocation.proceed(ReflectiveMethodInvocation.java:163)
	at org.springframework.aop.framework.CglibAopProxy$CglibMethodInvocation.proceed(CglibAopProxy.java:752)
	at org.springframework.transaction.interceptor.TransactionInterceptor$1.proceedWithInvocation(TransactionInterceptor.java:123)
	at org.springframework.transaction.interceptor.TransactionAspectSupport.invokeWithinTransaction(TransactionAspectSupport.java:388)
	at org.springframework.transaction.interceptor.TransactionInterceptor.invoke(TransactionInterceptor.java:119)
	at org.springframework.aop.framework.ReflectiveMethodInvocation.proceed(ReflectiveMethodInvocation.java:184)
	at org.springframework.aop.framework.CglibAopProxy$CglibMethodInvocation.proceed(CglibAopProxy.java:752)
	at org.springframework.aop.framework.CglibAopProxy$DynamicAdvisedInterceptor.intercept(CglibAopProxy.java:703)
	at com.quanxiaoha.xiaohashu.user.biz.service.impl.UserServiceImpl$$SpringCGLIB$$0.register(<generated>)
	at com.quanxiaoha.xiaohashu.user.biz.controller.UserController.register(UserController.java:44)
	at java.base/jdk.internal.reflect.NativeMethodAccessorImpl.invoke0(Native Method)
	at java.base/jdk.internal.reflect.NativeMethodAccessorImpl.invoke(NativeMethodAccessorImpl.java:77)
	at java.base/jdk.internal.reflect.DelegatingMethodAccessorImpl.invoke(DelegatingMethodAccessorImpl.java:43)
	at java.base/java.lang.reflect.Method.invoke(Method.java:568)
	at org.springframework.aop.support.AopUtils.invokeJoinpointUsingReflection(AopUtils.java:343)
	at org.springframework.aop.framework.ReflectiveMethodInvocation.invokeJoinpoint(ReflectiveMethodInvocation.java:196)
	at org.springframework.aop.framework.ReflectiveMethodInvocation.proceed(ReflectiveMethodInvocation.java:163)
	at org.springframework.aop.framework.CglibAopProxy$CglibMethodInvocation.proceed(CglibAopProxy.java:752)
	at org.springframework.aop.aspectj.MethodInvocationProceedingJoinPoint.proceed(MethodInvocationProceedingJoinPoint.java:89)
	at com.quanxiaoha.framework.biz.operationlog.aspect.ApiOperationLogAspect.doAround(ApiOperationLogAspect.java:53)
	at java.base/jdk.internal.reflect.NativeMethodAccessorImpl.invoke0(Native Method)
	at java.base/jdk.internal.reflect.NativeMethodAccessorImpl.invoke(NativeMethodAccessorImpl.java:77)
	at java.base/jdk.internal.reflect.DelegatingMethodAccessorImpl.invoke(DelegatingMethodAccessorImpl.java:43)
	at java.base/java.lang.reflect.Method.invoke(Method.java:568)
	at org.springframework.aop.aspectj.AbstractAspectJAdvice.invokeAdviceMethodWithGivenArgs(AbstractAspectJAdvice.java:633)
	at org.springframework.aop.aspectj.AbstractAspectJAdvice.invokeAdviceMethod(AbstractAspectJAdvice.java:623)
	at org.springframework.aop.aspectj.AspectJAroundAdvice.invoke(AspectJAroundAdvice.java:71)
	at org.springframework.aop.framework.ReflectiveMethodInvocation.proceed(ReflectiveMethodInvocation.java:173)
	at org.springframework.aop.framework.CglibAopProxy$CglibMethodInvocation.proceed(CglibAopProxy.java:752)
	at org.springframework.aop.interceptor.ExposeInvocationInterceptor.invoke(ExposeInvocationInterceptor.java:97)
	at org.springframework.aop.framework.ReflectiveMethodInvocation.proceed(ReflectiveMethodInvocation.java:184)
	at org.springframework.aop.framework.CglibAopProxy$CglibMethodInvocation.proceed(CglibAopProxy.java:752)
	at org.springframework.aop.framework.CglibAopProxy$DynamicAdvisedInterceptor.intercept(CglibAopProxy.java:703)
	at com.quanxiaoha.xiaohashu.user.biz.controller.UserController$$SpringCGLIB$$0.register(<generated>)
	at java.base/jdk.internal.reflect.NativeMethodAccessorImpl.invoke0(Native Method)
	at java.base/jdk.internal.reflect.NativeMethodAccessorImpl.invoke(NativeMethodAccessorImpl.java:77)
	at java.base/jdk.internal.reflect.DelegatingMethodAccessorImpl.invoke(DelegatingMethodAccessorImpl.java:43)
	at java.base/java.lang.reflect.Method.invoke(Method.java:568)
	at org.springframework.web.method.support.InvocableHandlerMethod.doInvoke(InvocableHandlerMethod.java:207)
	at org.springframework.web.method.support.InvocableHandlerMethod.invokeForRequest(InvocableHandlerMethod.java:152)
	at org.springframework.web.servlet.mvc.method.annotation.ServletInvocableHandlerMethod.invokeAndHandle(ServletInvocableHandlerMethod.java:117)
	at org.springframework.web.servlet.mvc.method.annotation.RequestMappingHandlerAdapter.invokeHandlerMethod(RequestMappingHandlerAdapter.java:884)
	at org.springframework.web.servlet.mvc.method.annotation.RequestMappingHandlerAdapter.handleInternal(RequestMappingHandlerAdapter.java:797)
	at org.springframework.web.servlet.mvc.method.AbstractHandlerMethodAdapter.handle(AbstractHandlerMethodAdapter.java:87)
	at org.springframework.web.servlet.DispatcherServlet.doDispatch(DispatcherServlet.java:1080)
	at org.springframework.web.servlet.DispatcherServlet.doService(DispatcherServlet.java:973)
	at org.springframework.web.servlet.FrameworkServlet.processRequest(FrameworkServlet.java:1011)
	at org.springframework.web.servlet.FrameworkServlet.doPost(FrameworkServlet.java:914)
	at jakarta.servlet.http.HttpServlet.service(HttpServlet.java:731)
	at org.springframework.web.servlet.FrameworkServlet.service(FrameworkServlet.java:885)
	at jakarta.servlet.http.HttpServlet.service(HttpServlet.java:814)
	at org.apache.catalina.core.ApplicationFilterChain.internalDoFilter(ApplicationFilterChain.java:223)
	at org.apache.catalina.core.ApplicationFilterChain.doFilter(ApplicationFilterChain.java:158)
	at org.apache.tomcat.websocket.server.WsFilter.doFilter(WsFilter.java:53)
	at org.apache.catalina.core.ApplicationFilterChain.internalDoFilter(ApplicationFilterChain.java:185)
	at org.apache.catalina.core.ApplicationFilterChain.doFilter(ApplicationFilterChain.java:158)
	at com.quanxiaoha.xiaohashu.user.biz.filter.HeaderUserId2ContextFilter.doFilterInternal(HeaderUserId2ContextFilter.java:38)
	at org.springframework.web.filter.OncePerRequestFilter.doFilter(OncePerRequestFilter.java:116)
	at org.apache.catalina.core.ApplicationFilterChain.internalDoFilter(ApplicationFilterChain.java:185)
	at org.apache.catalina.core.ApplicationFilterChain.doFilter(ApplicationFilterChain.java:158)
	at com.alibaba.druid.support.jakarta.WebStatFilter.doFilter(WebStatFilter.java:113)
	at org.apache.catalina.core.ApplicationFilterChain.internalDoFilter(ApplicationFilterChain.java:185)
	at org.apache.catalina.core.ApplicationFilterChain.doFilter(ApplicationFilterChain.java:158)
	at org.springframework.web.filter.RequestContextFilter.doFilterInternal(RequestContextFilter.java:100)
	at org.springframework.web.filter.OncePerRequestFilter.doFilter(OncePerRequestFilter.java:116)
	at org.apache.catalina.core.ApplicationFilterChain.internalDoFilter(ApplicationFilterChain.java:185)
	at org.apache.catalina.core.ApplicationFilterChain.doFilter(ApplicationFilterChain.java:158)
	at org.springframework.web.filter.FormContentFilter.doFilterInternal(FormContentFilter.java:93)
	at org.springframework.web.filter.OncePerRequestFilter.doFilter(OncePerRequestFilter.java:116)
	at org.apache.catalina.core.ApplicationFilterChain.internalDoFilter(ApplicationFilterChain.java:185)
	at org.apache.catalina.core.ApplicationFilterChain.doFilter(ApplicationFilterChain.java:158)
	at org.springframework.web.filter.CharacterEncodingFilter.doFilterInternal(CharacterEncodingFilter.java:201)
	at org.springframework.web.filter.OncePerRequestFilter.doFilter(OncePerRequestFilter.java:116)
	at org.apache.catalina.core.ApplicationFilterChain.internalDoFilter(ApplicationFilterChain.java:185)
	at org.apache.catalina.core.ApplicationFilterChain.doFilter(ApplicationFilterChain.java:158)
	at org.apache.catalina.core.StandardWrapperValve.invoke(StandardWrapperValve.java:177)
	at org.apache.catalina.core.StandardContextValve.invoke(StandardContextValve.java:97)
	at org.apache.catalina.authenticator.AuthenticatorBase.invoke(AuthenticatorBase.java:542)
	at org.apache.catalina.core.StandardHostValve.invoke(StandardHostValve.java:119)
	at org.apache.catalina.valves.ErrorReportValve.invoke(ErrorReportValve.java:92)
	at org.apache.catalina.core.StandardEngineValve.invoke(StandardEngineValve.java:78)
	at org.apache.catalina.connector.CoyoteAdapter.service(CoyoteAdapter.java:357)
	at org.apache.coyote.http11.Http11Processor.service(Http11Processor.java:400)
	at org.apache.coyote.AbstractProcessorLight.process(AbstractProcessorLight.java:65)
	at org.apache.coyote.AbstractProtocol$ConnectionHandler.process(AbstractProtocol.java:859)
	at org.apache.tomcat.util.net.NioEndpoint$SocketProcessor.doRun(NioEndpoint.java:1734)
	at org.apache.tomcat.util.net.SocketProcessorBase.run(SocketProcessorBase.java:52)
	at org.apache.tomcat.util.threads.ThreadPoolExecutor.runWorker(ThreadPoolExecutor.java:1191)
	at org.apache.tomcat.util.threads.ThreadPoolExecutor$Worker.run(ThreadPoolExecutor.java:659)
	at org.apache.tomcat.util.threads.TaskThread$WrappingRunnable.run(TaskThread.java:61)
	at java.base/java.lang.Thread.run(Thread.java:842)
2025-11-01 14:55:41.330 [main] WARN  com.alibaba.nacos.client.logging.NacosLogging - Load Logback Configuration of Nacos fail, message: Could not initialize Logback Nacos logging from classpath:nacos-logback.xml
2025-11-01 14:55:41.368 [main] WARN  com.alibaba.nacos.client.logging.NacosLogging - Load Logback Configuration of Nacos fail, message: Could not initialize Logback Nacos logging from classpath:nacos-logback.xml
2025-11-01 14:55:42.733 [main] WARN  com.alibaba.nacos.client.logging.NacosLogging - Load Logback Configuration of Nacos fail, message: Could not initialize Logback Nacos logging from classpath:nacos-logback.xml
2025-11-01 14:55:42.742 [main] WARN  com.alibaba.nacos.client.logging.NacosLogging - Load Logback Configuration of Nacos fail, message: Could not initialize Logback Nacos logging from classpath:nacos-logback.xml
2025-11-01 14:55:42.742 [main] INFO  c.q.xiaohashu.user.biz.XiaohashuUserBizApplication - The following 1 profile is active: "dev"
2025-11-01 14:55:43.102 [main] INFO  o.s.d.r.config.RepositoryConfigurationDelegate - Multiple Spring Data modules found, entering strict repository configuration mode
2025-11-01 14:55:43.104 [main] INFO  o.s.d.r.config.RepositoryConfigurationDelegate - Bootstrapping Spring Data Redis repositories in DEFAULT mode.
2025-11-01 14:55:43.117 [main] INFO  o.s.d.r.config.RepositoryConfigurationDelegate - Finished Spring Data repository scanning in 5 ms. Found 0 Redis repository interfaces.
2025-11-01 14:55:43.234 [main] INFO  o.springframework.cloud.context.scope.GenericScope - BeanFactory id=a5af2cd2-867e-3e0f-bfed-88500b562f52
2025-11-01 14:55:43.254 [main] INFO  o.s.c.s.PostProcessorRegistrationDelegate$BeanPostProcessorChecker - Bean 'com.quanxiaoha.xiaohashu.oss.api.FileFeignApi' of type [org.springframework.cloud.openfeign.FeignClientFactoryBean] is not eligible for getting processed by all BeanPostProcessors (for example: not eligible for auto-proxying)
2025-11-01 14:55:43.255 [main] INFO  o.s.c.s.PostProcessorRegistrationDelegate$BeanPostProcessorChecker - Bean 'com.quanxiaoha.xiaohashu.user.api.UserFeignApi' of type [org.springframework.cloud.openfeign.FeignClientFactoryBean] is not eligible for getting processed by all BeanPostProcessors (for example: not eligible for auto-proxying)
2025-11-01 14:55:43.491 [main] INFO  o.s.boot.web.embedded.tomcat.TomcatWebServer - Tomcat initialized with port(s): 8082 (http)
2025-11-01 14:55:43.498 [main] INFO  org.apache.catalina.core.StandardService - Starting service [Tomcat]
2025-11-01 14:55:43.498 [main] INFO  org.apache.catalina.core.StandardEngine - Starting Servlet engine: [Apache Tomcat/10.1.5]
2025-11-01 14:55:43.571 [main] INFO  o.a.c.core.ContainerBase.[Tomcat].[localhost].[/] - Initializing Spring embedded WebApplicationContext
2025-11-01 14:55:43.571 [main] INFO  o.s.b.w.s.c.ServletWebServerApplicationContext - Root WebApplicationContext: initialization completed in 814 ms
2025-11-01 14:55:43.686 [main] INFO  o.s.cloud.openfeign.FeignClientFactoryBean - For 'xiaohashu-oss' URL not provided. Will try picking an instance via load-balancing.
2025-11-01 14:55:43.715 [main] INFO  c.a.d.s.b.a.DruidDataSourceAutoConfigure - Init DruidDataSource
2025-11-01 14:55:43.926 [main] INFO  com.alibaba.druid.pool.DruidDataSource - {dataSource-1} inited
2025-11-01 14:55:45.518 [main] INFO  org.springframework.cloud.commons.util.InetUtils - Cannot determine local hostname
2025-11-01 14:55:46.896 [main] INFO  org.springframework.cloud.commons.util.InetUtils - Cannot determine local hostname
2025-11-01 14:55:46.911 [main] WARN  o.s.c.l.c.LoadBalancerCacheAutoConfiguration$LoadBalancerCaffeineWarnLogger - Spring Cloud LoadBalancer is currently working with the default cache. While this cache implementation is useful for development and tests, it's recommended to use Caffeine cache in production.You can switch to using Caffeine cache, by adding it and org.springframework.cache.caffeine.CaffeineCacheManager to the classpath.
2025-11-01 14:55:46.961 [main] INFO  o.s.boot.web.embedded.tomcat.TomcatWebServer - Tomcat started on port(s): 8082 (http) with context path ''
2025-11-01 14:55:46.965 [main] WARN  com.alibaba.nacos.client.logging.NacosLogging - Load Logback Configuration of Nacos fail, message: Could not initialize Logback Nacos logging from classpath:nacos-logback.xml
2025-11-01 14:55:46.965 [main] INFO  com.alibaba.nacos.client.naming - initializer namespace from ans.namespace attribute : null
2025-11-01 14:55:46.965 [main] INFO  com.alibaba.nacos.client.naming - initializer namespace from ALIBABA_ALIWARE_NAMESPACE attribute :null
2025-11-01 14:55:46.966 [main] INFO  com.alibaba.nacos.client.naming - initializer namespace from namespace attribute :null
2025-11-01 14:55:46.981 [main] INFO  com.alibaba.nacos.client.utils.ParamUtil - [settings] [req-serv] nacos-server port:8848
2025-11-01 14:55:46.981 [main] INFO  com.alibaba.nacos.client.utils.ParamUtil - [settings] [http-client] connect timeout:1000
2025-11-01 14:55:46.981 [main] INFO  com.alibaba.nacos.client.utils.ParamUtil - PER_TASK_CONFIG_SIZE: 3000.0
2025-11-01 14:55:46.989 [main] INFO  c.a.n.p.auth.spi.client.ClientAuthPluginManager - [ClientAuthPluginManager] Load ClientAuthService com.alibaba.nacos.client.auth.impl.NacosClientAuthServiceImpl success.
2025-11-01 14:55:46.989 [main] INFO  c.a.n.p.auth.spi.client.ClientAuthPluginManager - [ClientAuthPluginManager] Load ClientAuthService com.alibaba.nacos.client.auth.ram.RamClientAuthServiceImpl success.
2025-11-01 14:55:46.990 [main] INFO  c.a.n.client.auth.ram.identify.CredentialWatcher - null No credential found
2025-11-01 14:55:46.995 [main] INFO  com.alibaba.nacos.common.remote.client - [RpcClientFactory] create a new rpc client of 20940338-8172-42d5-a928-b49d981c1c8a
2025-11-01 14:55:47.006 [main] INFO  com.alibaba.nacos.common.remote.client - [20940338-8172-42d5-a928-b49d981c1c8a] RpcClient init, ServerListFactory = com.alibaba.nacos.client.naming.core.ServerListManager
2025-11-01 14:55:47.006 [main] INFO  com.alibaba.nacos.common.remote.client - [20940338-8172-42d5-a928-b49d981c1c8a] Registry connection listener to current client:com.alibaba.nacos.client.naming.remote.gprc.redo.NamingGrpcRedoService
2025-11-01 14:55:47.006 [main] INFO  com.alibaba.nacos.common.remote.client - [20940338-8172-42d5-a928-b49d981c1c8a] Register server push request handler:com.alibaba.nacos.client.naming.remote.gprc.NamingPushRequestHandler
2025-11-01 14:55:47.008 [main] INFO  com.alibaba.nacos.common.remote.client - [20940338-8172-42d5-a928-b49d981c1c8a] Try to connect to server on start up, server: {serverIp = '127.0.0.1', server main port = 8848}
2025-11-01 14:55:47.025 [main] INFO  c.a.nacos.common.remote.client.grpc.GrpcClient - grpc client connection server:127.0.0.1 ip,serverPort:9848,grpcTslConfig:{"sslProvider":"OPENSSL","enableTls":false,"mutualAuthEnable":false,"trustAll":false}
2025-11-01 14:55:47.694 [main] INFO  com.alibaba.nacos.common.remote.client - [20940338-8172-42d5-a928-b49d981c1c8a] Success to connect to server [127.0.0.1:8848] on start up, connectionId = 1761980147532_127.0.0.1_7401
2025-11-01 14:55:47.694 [com.alibaba.nacos.client.remote.worker] INFO  com.alibaba.nacos.common.remote.client - [20940338-8172-42d5-a928-b49d981c1c8a] Notify connected event to listeners.
2025-11-01 14:55:47.695 [main] INFO  com.alibaba.nacos.common.remote.client - [20940338-8172-42d5-a928-b49d981c1c8a] Register server push request handler:com.alibaba.nacos.common.remote.client.RpcClient$ConnectResetRequestHandler
2025-11-01 14:55:47.695 [com.alibaba.nacos.client.remote.worker] INFO  com.alibaba.nacos.client.naming - Grpc connection connect
2025-11-01 14:55:47.695 [main] INFO  com.alibaba.nacos.common.remote.client - [20940338-8172-42d5-a928-b49d981c1c8a] Register server push request handler:com.alibaba.nacos.common.remote.client.RpcClient$$Lambda$1267/0x000001df017d0ef0
2025-11-01 14:55:47.696 [main] INFO  com.alibaba.nacos.client.naming - [REGISTER-SERVICE] xiaohashu registering service xiaohashu-user with instance Instance{instanceId='null', ip='192.168.134.1', port=8082, weight=1.0, healthy=true, enabled=true, ephemeral=true, clusterName='DEFAULT', serviceName='null', metadata={IPv6=null, preserved.register.source=SPRING_CLOUD}}
2025-11-01 14:55:47.707 [main] INFO  c.a.cloud.nacos.registry.NacosServiceRegistry - nacos registry, DEFAULT_GROUP xiaohashu-user 192.168.134.1:8082 register finished
2025-11-01 14:55:48.858 [main] INFO  org.springframework.cloud.commons.util.InetUtils - Cannot determine local hostname
2025-11-01 14:55:48.865 [main] INFO  c.q.xiaohashu.user.biz.XiaohashuUserBizApplication - Started XiaohashuUserBizApplication in 9.353 seconds (process running for 10.011)
2025-11-01 14:55:48.865 [main] INFO  c.q.x.u.biz.runner.PushRolePermissions2RedisRunner - ==> 服务启动，开始同步角色权限数据到 Redis 中...
2025-11-01 14:55:49.144 [main] WARN  c.q.x.u.biz.runner.PushRolePermissions2RedisRunner - ==> 角色权限数据已经同步至 Redis 中，不再同步...
2025-11-01 14:56:33.500 [http-nio-8082-exec-2] INFO  o.a.c.core.ContainerBase.[Tomcat].[localhost].[/] - Initializing Spring DispatcherServlet 'dispatcherServlet'
2025-11-01 14:56:33.500 [http-nio-8082-exec-2] INFO  org.springframework.web.servlet.DispatcherServlet - Initializing Servlet 'dispatcherServlet'
2025-11-01 14:56:33.501 [http-nio-8082-exec-2] INFO  org.springframework.web.servlet.DispatcherServlet - Completed initialization in 1 ms
2025-11-01 14:56:33.505 [http-nio-8082-exec-2] INFO  c.q.x.user.biz.filter.HeaderUserId2ContextFilter - ## HeaderUserId2ContextFilter, 用户 ID: null
2025-11-01 14:56:33.561 [http-nio-8082-exec-2] INFO  c.q.f.b.operationlog.aspect.ApiOperationLogAspect - ====== 请求开始: [用户注册], 入参: {"phone":"13345966871"}, 请求类: UserController, 请求方法: register =================================== 
2025-11-01 14:56:33.580 [http-nio-8082-exec-2] DEBUG c.q.x.u.b.domain.mapper.UserDOMapper.selectByPhone - ==>  Preparing: select id, password from t_user where phone = ?
2025-11-01 14:56:33.671 [http-nio-8082-exec-2] DEBUG c.q.x.u.b.domain.mapper.UserDOMapper.selectByPhone - ==> Parameters: 13345966871(String)
2025-11-01 14:56:33.682 [http-nio-8082-exec-2] DEBUG c.q.x.u.b.domain.mapper.UserDOMapper.selectByPhone - <==      Total: 0
2025-11-01 14:56:33.683 [http-nio-8082-exec-2] INFO  c.q.x.user.biz.service.impl.UserServiceImpl - ==> 用户是否注册, phone: 13345966871, userDO: null
2025-11-01 14:56:33.687 [http-nio-8082-exec-2] DEBUG c.q.x.user.biz.domain.mapper.UserDOMapper.insert - ==>  Preparing: insert into t_user (xiaohashu_id, `password`, nickname, avatar, birthday, background_img, phone, sex, `status`, introduction, create_time, update_time, is_deleted) values (?, ?, ?, ?, ?, ?, ?, ?, ?, ?, ?, ?, ?)
2025-11-01 14:56:33.694 [http-nio-8082-exec-2] DEBUG c.q.x.user.biz.domain.mapper.UserDOMapper.insert - ==> Parameters: 3(String), null, 小红薯3(String), null, null, null, 13345966871(String), null, 0(Integer), null, 2025-11-01T14:56:33.686800600(LocalDateTime), 2025-11-01T14:56:33.686800600(LocalDateTime), false(Boolean)
2025-11-01 14:56:33.698 [http-nio-8082-exec-2] DEBUG c.q.x.user.biz.domain.mapper.UserDOMapper.insert - <==    Updates: 1
2025-11-01 14:56:33.700 [http-nio-8082-exec-2] DEBUG c.q.x.u.b.domain.mapper.UserRoleRelDOMapper.insert - ==>  Preparing: insert into t_user_role_rel (id, user_id, role_id, create_time, update_time, is_deleted ) values (?, ?, ?, ?, ?, ? )
2025-11-01 14:56:33.701 [http-nio-8082-exec-2] DEBUG c.q.x.u.b.domain.mapper.UserRoleRelDOMapper.insert - ==> Parameters: null, 9(Long), 1(Long), 2025-11-01T14:56:33.700837(LocalDateTime), 2025-11-01T14:56:33.700837(LocalDateTime), false(Boolean)
2025-11-01 14:56:33.702 [http-nio-8082-exec-2] DEBUG c.q.x.u.b.domain.mapper.UserRoleRelDOMapper.insert - <==    Updates: 1
2025-11-01 14:56:33.707 [http-nio-8082-exec-2] ERROR c.q.x.user.biz.exception.GlobalExceptionHandler - /user/register request error, 
org.apache.ibatis.binding.BindingException: Invalid bound statement (not found): com.quanxiaoha.xiaohashu.user.biz.domain.mapper.RoleDOMapper.selectByPrimaryKey
	at org.apache.ibatis.binding.MapperMethod$SqlCommand.<init>(MapperMethod.java:229)
	at org.apache.ibatis.binding.MapperMethod.<init>(MapperMethod.java:53)
	at org.apache.ibatis.binding.MapperProxy.lambda$cachedInvoker$0(MapperProxy.java:96)
	at java.base/java.util.concurrent.ConcurrentHashMap.computeIfAbsent(ConcurrentHashMap.java:1708)
	at org.apache.ibatis.util.MapUtil.computeIfAbsent(MapUtil.java:36)
	at org.apache.ibatis.binding.MapperProxy.cachedInvoker(MapperProxy.java:94)
	at org.apache.ibatis.binding.MapperProxy.invoke(MapperProxy.java:86)
	at jdk.proxy2/jdk.proxy2.$Proxy93.selectByPrimaryKey(Unknown Source)
	at com.quanxiaoha.xiaohashu.user.biz.service.impl.UserServiceImpl.register(UserServiceImpl.java:206)
	at java.base/jdk.internal.reflect.NativeMethodAccessorImpl.invoke0(Native Method)
	at java.base/jdk.internal.reflect.NativeMethodAccessorImpl.invoke(NativeMethodAccessorImpl.java:77)
	at java.base/jdk.internal.reflect.DelegatingMethodAccessorImpl.invoke(DelegatingMethodAccessorImpl.java:43)
	at java.base/java.lang.reflect.Method.invoke(Method.java:568)
	at org.springframework.aop.support.AopUtils.invokeJoinpointUsingReflection(AopUtils.java:343)
	at org.springframework.aop.framework.ReflectiveMethodInvocation.invokeJoinpoint(ReflectiveMethodInvocation.java:196)
	at org.springframework.aop.framework.ReflectiveMethodInvocation.proceed(ReflectiveMethodInvocation.java:163)
	at org.springframework.aop.framework.CglibAopProxy$CglibMethodInvocation.proceed(CglibAopProxy.java:752)
	at org.springframework.transaction.interceptor.TransactionInterceptor$1.proceedWithInvocation(TransactionInterceptor.java:123)
	at org.springframework.transaction.interceptor.TransactionAspectSupport.invokeWithinTransaction(TransactionAspectSupport.java:388)
	at org.springframework.transaction.interceptor.TransactionInterceptor.invoke(TransactionInterceptor.java:119)
	at org.springframework.aop.framework.ReflectiveMethodInvocation.proceed(ReflectiveMethodInvocation.java:184)
	at org.springframework.aop.framework.CglibAopProxy$CglibMethodInvocation.proceed(CglibAopProxy.java:752)
	at org.springframework.aop.framework.CglibAopProxy$DynamicAdvisedInterceptor.intercept(CglibAopProxy.java:703)
	at com.quanxiaoha.xiaohashu.user.biz.service.impl.UserServiceImpl$$SpringCGLIB$$0.register(<generated>)
	at com.quanxiaoha.xiaohashu.user.biz.controller.UserController.register(UserController.java:44)
	at java.base/jdk.internal.reflect.NativeMethodAccessorImpl.invoke0(Native Method)
	at java.base/jdk.internal.reflect.NativeMethodAccessorImpl.invoke(NativeMethodAccessorImpl.java:77)
	at java.base/jdk.internal.reflect.DelegatingMethodAccessorImpl.invoke(DelegatingMethodAccessorImpl.java:43)
	at java.base/java.lang.reflect.Method.invoke(Method.java:568)
	at org.springframework.aop.support.AopUtils.invokeJoinpointUsingReflection(AopUtils.java:343)
	at org.springframework.aop.framework.ReflectiveMethodInvocation.invokeJoinpoint(ReflectiveMethodInvocation.java:196)
	at org.springframework.aop.framework.ReflectiveMethodInvocation.proceed(ReflectiveMethodInvocation.java:163)
	at org.springframework.aop.framework.CglibAopProxy$CglibMethodInvocation.proceed(CglibAopProxy.java:752)
	at org.springframework.aop.aspectj.MethodInvocationProceedingJoinPoint.proceed(MethodInvocationProceedingJoinPoint.java:89)
	at com.quanxiaoha.framework.biz.operationlog.aspect.ApiOperationLogAspect.doAround(ApiOperationLogAspect.java:53)
	at java.base/jdk.internal.reflect.NativeMethodAccessorImpl.invoke0(Native Method)
	at java.base/jdk.internal.reflect.NativeMethodAccessorImpl.invoke(NativeMethodAccessorImpl.java:77)
	at java.base/jdk.internal.reflect.DelegatingMethodAccessorImpl.invoke(DelegatingMethodAccessorImpl.java:43)
	at java.base/java.lang.reflect.Method.invoke(Method.java:568)
	at org.springframework.aop.aspectj.AbstractAspectJAdvice.invokeAdviceMethodWithGivenArgs(AbstractAspectJAdvice.java:633)
	at org.springframework.aop.aspectj.AbstractAspectJAdvice.invokeAdviceMethod(AbstractAspectJAdvice.java:623)
	at org.springframework.aop.aspectj.AspectJAroundAdvice.invoke(AspectJAroundAdvice.java:71)
	at org.springframework.aop.framework.ReflectiveMethodInvocation.proceed(ReflectiveMethodInvocation.java:173)
	at org.springframework.aop.framework.CglibAopProxy$CglibMethodInvocation.proceed(CglibAopProxy.java:752)
	at org.springframework.aop.interceptor.ExposeInvocationInterceptor.invoke(ExposeInvocationInterceptor.java:97)
	at org.springframework.aop.framework.ReflectiveMethodInvocation.proceed(ReflectiveMethodInvocation.java:184)
	at org.springframework.aop.framework.CglibAopProxy$CglibMethodInvocation.proceed(CglibAopProxy.java:752)
	at org.springframework.aop.framework.CglibAopProxy$DynamicAdvisedInterceptor.intercept(CglibAopProxy.java:703)
	at com.quanxiaoha.xiaohashu.user.biz.controller.UserController$$SpringCGLIB$$0.register(<generated>)
	at java.base/jdk.internal.reflect.NativeMethodAccessorImpl.invoke0(Native Method)
	at java.base/jdk.internal.reflect.NativeMethodAccessorImpl.invoke(NativeMethodAccessorImpl.java:77)
	at java.base/jdk.internal.reflect.DelegatingMethodAccessorImpl.invoke(DelegatingMethodAccessorImpl.java:43)
	at java.base/java.lang.reflect.Method.invoke(Method.java:568)
	at org.springframework.web.method.support.InvocableHandlerMethod.doInvoke(InvocableHandlerMethod.java:207)
	at org.springframework.web.method.support.InvocableHandlerMethod.invokeForRequest(InvocableHandlerMethod.java:152)
	at org.springframework.web.servlet.mvc.method.annotation.ServletInvocableHandlerMethod.invokeAndHandle(ServletInvocableHandlerMethod.java:117)
	at org.springframework.web.servlet.mvc.method.annotation.RequestMappingHandlerAdapter.invokeHandlerMethod(RequestMappingHandlerAdapter.java:884)
	at org.springframework.web.servlet.mvc.method.annotation.RequestMappingHandlerAdapter.handleInternal(RequestMappingHandlerAdapter.java:797)
	at org.springframework.web.servlet.mvc.method.AbstractHandlerMethodAdapter.handle(AbstractHandlerMethodAdapter.java:87)
	at org.springframework.web.servlet.DispatcherServlet.doDispatch(DispatcherServlet.java:1080)
	at org.springframework.web.servlet.DispatcherServlet.doService(DispatcherServlet.java:973)
	at org.springframework.web.servlet.FrameworkServlet.processRequest(FrameworkServlet.java:1011)
	at org.springframework.web.servlet.FrameworkServlet.doPost(FrameworkServlet.java:914)
	at jakarta.servlet.http.HttpServlet.service(HttpServlet.java:731)
	at org.springframework.web.servlet.FrameworkServlet.service(FrameworkServlet.java:885)
	at jakarta.servlet.http.HttpServlet.service(HttpServlet.java:814)
	at org.apache.catalina.core.ApplicationFilterChain.internalDoFilter(ApplicationFilterChain.java:223)
	at org.apache.catalina.core.ApplicationFilterChain.doFilter(ApplicationFilterChain.java:158)
	at org.apache.tomcat.websocket.server.WsFilter.doFilter(WsFilter.java:53)
	at org.apache.catalina.core.ApplicationFilterChain.internalDoFilter(ApplicationFilterChain.java:185)
	at org.apache.catalina.core.ApplicationFilterChain.doFilter(ApplicationFilterChain.java:158)
	at com.quanxiaoha.xiaohashu.user.biz.filter.HeaderUserId2ContextFilter.doFilterInternal(HeaderUserId2ContextFilter.java:38)
	at org.springframework.web.filter.OncePerRequestFilter.doFilter(OncePerRequestFilter.java:116)
	at org.apache.catalina.core.ApplicationFilterChain.internalDoFilter(ApplicationFilterChain.java:185)
	at org.apache.catalina.core.ApplicationFilterChain.doFilter(ApplicationFilterChain.java:158)
	at com.alibaba.druid.support.jakarta.WebStatFilter.doFilter(WebStatFilter.java:113)
	at org.apache.catalina.core.ApplicationFilterChain.internalDoFilter(ApplicationFilterChain.java:185)
	at org.apache.catalina.core.ApplicationFilterChain.doFilter(ApplicationFilterChain.java:158)
	at org.springframework.web.filter.RequestContextFilter.doFilterInternal(RequestContextFilter.java:100)
	at org.springframework.web.filter.OncePerRequestFilter.doFilter(OncePerRequestFilter.java:116)
	at org.apache.catalina.core.ApplicationFilterChain.internalDoFilter(ApplicationFilterChain.java:185)
	at org.apache.catalina.core.ApplicationFilterChain.doFilter(ApplicationFilterChain.java:158)
	at org.springframework.web.filter.FormContentFilter.doFilterInternal(FormContentFilter.java:93)
	at org.springframework.web.filter.OncePerRequestFilter.doFilter(OncePerRequestFilter.java:116)
	at org.apache.catalina.core.ApplicationFilterChain.internalDoFilter(ApplicationFilterChain.java:185)
	at org.apache.catalina.core.ApplicationFilterChain.doFilter(ApplicationFilterChain.java:158)
	at org.springframework.web.filter.CharacterEncodingFilter.doFilterInternal(CharacterEncodingFilter.java:201)
	at org.springframework.web.filter.OncePerRequestFilter.doFilter(OncePerRequestFilter.java:116)
	at org.apache.catalina.core.ApplicationFilterChain.internalDoFilter(ApplicationFilterChain.java:185)
	at org.apache.catalina.core.ApplicationFilterChain.doFilter(ApplicationFilterChain.java:158)
	at org.apache.catalina.core.StandardWrapperValve.invoke(StandardWrapperValve.java:177)
	at org.apache.catalina.core.StandardContextValve.invoke(StandardContextValve.java:97)
	at org.apache.catalina.authenticator.AuthenticatorBase.invoke(AuthenticatorBase.java:542)
	at org.apache.catalina.core.StandardHostValve.invoke(StandardHostValve.java:119)
	at org.apache.catalina.valves.ErrorReportValve.invoke(ErrorReportValve.java:92)
	at org.apache.catalina.core.StandardEngineValve.invoke(StandardEngineValve.java:78)
	at org.apache.catalina.connector.CoyoteAdapter.service(CoyoteAdapter.java:357)
	at org.apache.coyote.http11.Http11Processor.service(Http11Processor.java:400)
	at org.apache.coyote.AbstractProcessorLight.process(AbstractProcessorLight.java:65)
	at org.apache.coyote.AbstractProtocol$ConnectionHandler.process(AbstractProtocol.java:859)
	at org.apache.tomcat.util.net.NioEndpoint$SocketProcessor.doRun(NioEndpoint.java:1734)
	at org.apache.tomcat.util.net.SocketProcessorBase.run(SocketProcessorBase.java:52)
	at org.apache.tomcat.util.threads.ThreadPoolExecutor.runWorker(ThreadPoolExecutor.java:1191)
	at org.apache.tomcat.util.threads.ThreadPoolExecutor$Worker.run(ThreadPoolExecutor.java:659)
	at org.apache.tomcat.util.threads.TaskThread$WrappingRunnable.run(TaskThread.java:61)
	at java.base/java.lang.Thread.run(Thread.java:842)
2025-11-01 15:11:07.113 [main] WARN  com.alibaba.nacos.client.logging.NacosLogging - Load Logback Configuration of Nacos fail, message: Could not initialize Logback Nacos logging from classpath:nacos-logback.xml
2025-11-01 15:11:07.154 [main] WARN  com.alibaba.nacos.client.logging.NacosLogging - Load Logback Configuration of Nacos fail, message: Could not initialize Logback Nacos logging from classpath:nacos-logback.xml
2025-11-01 15:11:08.531 [main] WARN  com.alibaba.nacos.client.logging.NacosLogging - Load Logback Configuration of Nacos fail, message: Could not initialize Logback Nacos logging from classpath:nacos-logback.xml
2025-11-01 15:11:08.539 [main] WARN  com.alibaba.nacos.client.logging.NacosLogging - Load Logback Configuration of Nacos fail, message: Could not initialize Logback Nacos logging from classpath:nacos-logback.xml
2025-11-01 15:11:08.539 [main] INFO  c.q.xiaohashu.user.biz.XiaohashuUserBizApplication - The following 1 profile is active: "dev"
2025-11-01 15:11:08.902 [main] INFO  o.s.d.r.config.RepositoryConfigurationDelegate - Multiple Spring Data modules found, entering strict repository configuration mode
2025-11-01 15:11:08.903 [main] INFO  o.s.d.r.config.RepositoryConfigurationDelegate - Bootstrapping Spring Data Redis repositories in DEFAULT mode.
2025-11-01 15:11:08.917 [main] INFO  o.s.d.r.config.RepositoryConfigurationDelegate - Finished Spring Data repository scanning in 6 ms. Found 0 Redis repository interfaces.
2025-11-01 15:11:09.041 [main] INFO  o.springframework.cloud.context.scope.GenericScope - BeanFactory id=2a80124b-23b9-38da-a183-51165b2dbe5a
2025-11-01 15:11:09.062 [main] INFO  o.s.c.s.PostProcessorRegistrationDelegate$BeanPostProcessorChecker - Bean 'com.quanxiaoha.xiaohashu.oss.api.FileFeignApi' of type [org.springframework.cloud.openfeign.FeignClientFactoryBean] is not eligible for getting processed by all BeanPostProcessors (for example: not eligible for auto-proxying)
2025-11-01 15:11:09.063 [main] INFO  o.s.c.s.PostProcessorRegistrationDelegate$BeanPostProcessorChecker - Bean 'com.quanxiaoha.xiaohashu.user.api.UserFeignApi' of type [org.springframework.cloud.openfeign.FeignClientFactoryBean] is not eligible for getting processed by all BeanPostProcessors (for example: not eligible for auto-proxying)
2025-11-01 15:11:09.287 [main] INFO  o.s.boot.web.embedded.tomcat.TomcatWebServer - Tomcat initialized with port(s): 8082 (http)
2025-11-01 15:11:09.293 [main] INFO  org.apache.catalina.core.StandardService - Starting service [Tomcat]
2025-11-01 15:11:09.293 [main] INFO  org.apache.catalina.core.StandardEngine - Starting Servlet engine: [Apache Tomcat/10.1.5]
2025-11-01 15:11:09.373 [main] INFO  o.a.c.core.ContainerBase.[Tomcat].[localhost].[/] - Initializing Spring embedded WebApplicationContext
2025-11-01 15:11:09.374 [main] INFO  o.s.b.w.s.c.ServletWebServerApplicationContext - Root WebApplicationContext: initialization completed in 819 ms
2025-11-01 15:11:09.500 [main] INFO  o.s.cloud.openfeign.FeignClientFactoryBean - For 'xiaohashu-oss' URL not provided. Will try picking an instance via load-balancing.
2025-11-01 15:11:09.532 [main] INFO  c.a.d.s.b.a.DruidDataSourceAutoConfigure - Init DruidDataSource
2025-11-01 15:11:09.749 [main] INFO  com.alibaba.druid.pool.DruidDataSource - {dataSource-1} inited
2025-11-01 15:11:11.347 [main] INFO  org.springframework.cloud.commons.util.InetUtils - Cannot determine local hostname
2025-11-01 15:11:12.722 [main] INFO  org.springframework.cloud.commons.util.InetUtils - Cannot determine local hostname
2025-11-01 15:11:12.736 [main] WARN  o.s.c.l.c.LoadBalancerCacheAutoConfiguration$LoadBalancerCaffeineWarnLogger - Spring Cloud LoadBalancer is currently working with the default cache. While this cache implementation is useful for development and tests, it's recommended to use Caffeine cache in production.You can switch to using Caffeine cache, by adding it and org.springframework.cache.caffeine.CaffeineCacheManager to the classpath.
2025-11-01 15:11:12.788 [main] INFO  o.s.boot.web.embedded.tomcat.TomcatWebServer - Tomcat started on port(s): 8082 (http) with context path ''
2025-11-01 15:11:12.792 [main] WARN  com.alibaba.nacos.client.logging.NacosLogging - Load Logback Configuration of Nacos fail, message: Could not initialize Logback Nacos logging from classpath:nacos-logback.xml
2025-11-01 15:11:12.792 [main] INFO  com.alibaba.nacos.client.naming - initializer namespace from ans.namespace attribute : null
2025-11-01 15:11:12.793 [main] INFO  com.alibaba.nacos.client.naming - initializer namespace from ALIBABA_ALIWARE_NAMESPACE attribute :null
2025-11-01 15:11:12.793 [main] INFO  com.alibaba.nacos.client.naming - initializer namespace from namespace attribute :null
2025-11-01 15:11:12.805 [main] INFO  com.alibaba.nacos.client.utils.ParamUtil - [settings] [req-serv] nacos-server port:8848
2025-11-01 15:11:12.806 [main] INFO  com.alibaba.nacos.client.utils.ParamUtil - [settings] [http-client] connect timeout:1000
2025-11-01 15:11:12.806 [main] INFO  com.alibaba.nacos.client.utils.ParamUtil - PER_TASK_CONFIG_SIZE: 3000.0
2025-11-01 15:11:12.809 [main] INFO  c.a.n.p.auth.spi.client.ClientAuthPluginManager - [ClientAuthPluginManager] Load ClientAuthService com.alibaba.nacos.client.auth.impl.NacosClientAuthServiceImpl success.
2025-11-01 15:11:12.809 [main] INFO  c.a.n.p.auth.spi.client.ClientAuthPluginManager - [ClientAuthPluginManager] Load ClientAuthService com.alibaba.nacos.client.auth.ram.RamClientAuthServiceImpl success.
2025-11-01 15:11:12.810 [main] INFO  c.a.n.client.auth.ram.identify.CredentialWatcher - null No credential found
2025-11-01 15:11:12.814 [main] INFO  com.alibaba.nacos.common.remote.client - [RpcClientFactory] create a new rpc client of c8c753d9-a163-47aa-ae55-9f282114e835
2025-11-01 15:11:12.825 [main] INFO  com.alibaba.nacos.common.remote.client - [c8c753d9-a163-47aa-ae55-9f282114e835] RpcClient init, ServerListFactory = com.alibaba.nacos.client.naming.core.ServerListManager
2025-11-01 15:11:12.825 [main] INFO  com.alibaba.nacos.common.remote.client - [c8c753d9-a163-47aa-ae55-9f282114e835] Registry connection listener to current client:com.alibaba.nacos.client.naming.remote.gprc.redo.NamingGrpcRedoService
2025-11-01 15:11:12.825 [main] INFO  com.alibaba.nacos.common.remote.client - [c8c753d9-a163-47aa-ae55-9f282114e835] Register server push request handler:com.alibaba.nacos.client.naming.remote.gprc.NamingPushRequestHandler
2025-11-01 15:11:12.827 [main] INFO  com.alibaba.nacos.common.remote.client - [c8c753d9-a163-47aa-ae55-9f282114e835] Try to connect to server on start up, server: {serverIp = '127.0.0.1', server main port = 8848}
2025-11-01 15:11:12.846 [main] INFO  c.a.nacos.common.remote.client.grpc.GrpcClient - grpc client connection server:127.0.0.1 ip,serverPort:9848,grpcTslConfig:{"sslProvider":"OPENSSL","enableTls":false,"mutualAuthEnable":false,"trustAll":false}
2025-11-01 15:11:13.474 [main] INFO  com.alibaba.nacos.common.remote.client - [c8c753d9-a163-47aa-ae55-9f282114e835] Success to connect to server [127.0.0.1:8848] on start up, connectionId = 1761981073310_127.0.0.1_7866
2025-11-01 15:11:13.475 [com.alibaba.nacos.client.remote.worker] INFO  com.alibaba.nacos.common.remote.client - [c8c753d9-a163-47aa-ae55-9f282114e835] Notify connected event to listeners.
2025-11-01 15:11:13.475 [com.alibaba.nacos.client.remote.worker] INFO  com.alibaba.nacos.client.naming - Grpc connection connect
2025-11-01 15:11:13.476 [main] INFO  com.alibaba.nacos.common.remote.client - [c8c753d9-a163-47aa-ae55-9f282114e835] Register server push request handler:com.alibaba.nacos.common.remote.client.RpcClient$ConnectResetRequestHandler
2025-11-01 15:11:13.476 [main] INFO  com.alibaba.nacos.common.remote.client - [c8c753d9-a163-47aa-ae55-9f282114e835] Register server push request handler:com.alibaba.nacos.common.remote.client.RpcClient$$Lambda$1265/0x00000192bb7cb0b8
2025-11-01 15:11:13.476 [main] INFO  com.alibaba.nacos.client.naming - [REGISTER-SERVICE] xiaohashu registering service xiaohashu-user with instance Instance{instanceId='null', ip='192.168.134.1', port=8082, weight=1.0, healthy=true, enabled=true, ephemeral=true, clusterName='DEFAULT', serviceName='null', metadata={IPv6=null, preserved.register.source=SPRING_CLOUD}}
2025-11-01 15:11:13.487 [main] INFO  c.a.cloud.nacos.registry.NacosServiceRegistry - nacos registry, DEFAULT_GROUP xiaohashu-user 192.168.134.1:8082 register finished
2025-11-01 15:11:14.643 [main] INFO  org.springframework.cloud.commons.util.InetUtils - Cannot determine local hostname
2025-11-01 15:11:14.651 [main] INFO  c.q.xiaohashu.user.biz.XiaohashuUserBizApplication - Started XiaohashuUserBizApplication in 9.074 seconds (process running for 9.556)
2025-11-01 15:11:14.652 [main] INFO  c.q.x.u.biz.runner.PushRolePermissions2RedisRunner - ==> 服务启动，开始同步角色权限数据到 Redis 中...
2025-11-01 15:11:15.035 [main] DEBUG c.q.x.u.b.d.mapper.RoleDOMapper.selectEnabledList - ==>  Preparing: select id, role_key, role_name from t_role where status = 0 and is_deleted = 0
2025-11-01 15:11:15.096 [main] DEBUG c.q.x.u.b.d.mapper.RoleDOMapper.selectEnabledList - ==> Parameters: 
2025-11-01 15:11:15.106 [main] DEBUG c.q.x.u.b.d.mapper.RoleDOMapper.selectEnabledList - <==      Total: 1
2025-11-01 15:11:15.116 [main] DEBUG c.q.x.u.b.d.m.R.selectByRoleIds - ==>  Preparing: select role_id, permission_id from t_role_permission_rel where role_id in ( ? )
2025-11-01 15:11:15.118 [main] DEBUG c.q.x.u.b.d.m.R.selectByRoleIds - ==> Parameters: 1(Long)
2025-11-01 15:11:15.120 [main] DEBUG c.q.x.u.b.d.m.R.selectByRoleIds - <==      Total: 2
2025-11-01 15:11:15.121 [main] DEBUG c.q.x.u.b.d.m.P.selectAppEnabledList - ==>  Preparing: select id, name, permission_key from t_permission where status = 0 and type = 3 and is_deleted = 0
2025-11-01 15:11:15.121 [main] DEBUG c.q.x.u.b.d.m.P.selectAppEnabledList - ==> Parameters: 
2025-11-01 15:11:15.123 [main] DEBUG c.q.x.u.b.d.m.P.selectAppEnabledList - <==      Total: 2
2025-11-01 15:11:15.130 [main] INFO  c.q.x.u.biz.runner.PushRolePermissions2RedisRunner - ==> 服务启动，成功同步角色权限数据到 Redis 中...
2025-11-01 15:12:09.348 [http-nio-8082-exec-1] INFO  o.a.c.core.ContainerBase.[Tomcat].[localhost].[/] - Initializing Spring DispatcherServlet 'dispatcherServlet'
2025-11-01 15:12:09.348 [http-nio-8082-exec-1] INFO  org.springframework.web.servlet.DispatcherServlet - Initializing Servlet 'dispatcherServlet'
2025-11-01 15:12:09.349 [http-nio-8082-exec-1] INFO  org.springframework.web.servlet.DispatcherServlet - Completed initialization in 1 ms
2025-11-01 15:12:09.353 [http-nio-8082-exec-1] INFO  c.q.x.user.biz.filter.HeaderUserId2ContextFilter - ## HeaderUserId2ContextFilter, 用户 ID: null
2025-11-01 15:12:09.413 [http-nio-8082-exec-1] INFO  c.q.f.b.operationlog.aspect.ApiOperationLogAspect - ====== 请求开始: [用户注册], 入参: {"phone":"13345966871"}, 请求类: UserController, 请求方法: register =================================== 
2025-11-01 15:12:09.418 [http-nio-8082-exec-1] DEBUG c.q.x.u.b.domain.mapper.UserDOMapper.selectByPhone - ==>  Preparing: select id, password from t_user where phone = ?
2025-11-01 15:12:09.418 [http-nio-8082-exec-1] DEBUG c.q.x.u.b.domain.mapper.UserDOMapper.selectByPhone - ==> Parameters: 13345966871(String)
2025-11-01 15:12:09.420 [http-nio-8082-exec-1] DEBUG c.q.x.u.b.domain.mapper.UserDOMapper.selectByPhone - <==      Total: 0
2025-11-01 15:12:09.421 [http-nio-8082-exec-1] INFO  c.q.x.user.biz.service.impl.UserServiceImpl - ==> 用户是否注册, phone: 13345966871, userDO: null
2025-11-01 15:12:09.426 [http-nio-8082-exec-1] DEBUG c.q.x.user.biz.domain.mapper.UserDOMapper.insert - ==>  Preparing: insert into t_user (xiaohashu_id, `password`, nickname, avatar, birthday, background_img, phone, sex, `status`, introduction, create_time, update_time, is_deleted) values (?, ?, ?, ?, ?, ?, ?, ?, ?, ?, ?, ?, ?)
2025-11-01 15:12:09.432 [http-nio-8082-exec-1] DEBUG c.q.x.user.biz.domain.mapper.UserDOMapper.insert - ==> Parameters: 1(String), null, 小红薯1(String), null, null, null, 13345966871(String), null, 0(Integer), null, 2025-11-01T15:12:09.425497900(LocalDateTime), 2025-11-01T15:12:09.425497900(LocalDateTime), false(Boolean)
2025-11-01 15:12:09.436 [http-nio-8082-exec-1] DEBUG c.q.x.user.biz.domain.mapper.UserDOMapper.insert - <==    Updates: 1
2025-11-01 15:12:09.437 [http-nio-8082-exec-1] DEBUG c.q.x.u.b.domain.mapper.UserRoleRelDOMapper.insert - ==>  Preparing: insert into t_user_role_rel (id, user_id, role_id, create_time, update_time, is_deleted ) values (?, ?, ?, ?, ?, ? )
2025-11-01 15:12:09.438 [http-nio-8082-exec-1] DEBUG c.q.x.u.b.domain.mapper.UserRoleRelDOMapper.insert - ==> Parameters: null, 10(Long), 1(Long), 2025-11-01T15:12:09.437466600(LocalDateTime), 2025-11-01T15:12:09.437466600(LocalDateTime), false(Boolean)
2025-11-01 15:12:09.440 [http-nio-8082-exec-1] DEBUG c.q.x.u.b.domain.mapper.UserRoleRelDOMapper.insert - <==    Updates: 1
2025-11-01 15:12:09.440 [http-nio-8082-exec-1] DEBUG c.q.x.u.b.d.mapper.RoleDOMapper.selectByPrimaryKey - ==>  Preparing: select id, role_name, role_key, `status`, sort, remark, create_time, update_time, is_deleted from t_role where id = ?
2025-11-01 15:12:09.441 [http-nio-8082-exec-1] DEBUG c.q.x.u.b.d.mapper.RoleDOMapper.selectByPrimaryKey - ==> Parameters: 1(Long)
2025-11-01 15:12:09.443 [http-nio-8082-exec-1] DEBUG c.q.x.u.b.d.mapper.RoleDOMapper.selectByPrimaryKey - <==      Total: 1
2025-11-01 15:12:09.449 [http-nio-8082-exec-1] INFO  c.q.f.b.operationlog.aspect.ApiOperationLogAspect - ====== 请求结束: [用户注册], 耗时: 36ms, 出参: {"success":true,"message":null,"errorCode":null,"data":10} =================================== 
2025-11-01 16:24:00.468 [http-nio-8082-exec-3] INFO  c.q.x.user.biz.filter.HeaderUserId2ContextFilter - ## HeaderUserId2ContextFilter, 用户 ID: null
2025-11-01 16:24:00.469 [http-nio-8082-exec-3] INFO  c.q.f.b.operationlog.aspect.ApiOperationLogAspect - ====== 请求开始: [用户注册], 入参: {"phone":"13345966871"}, 请求类: UserController, 请求方法: register =================================== 
2025-11-01 16:24:00.475 [http-nio-8082-exec-3] DEBUG c.q.x.u.b.domain.mapper.UserDOMapper.selectByPhone - ==>  Preparing: select id, password from t_user where phone = ?
2025-11-01 16:24:00.475 [http-nio-8082-exec-3] DEBUG c.q.x.u.b.domain.mapper.UserDOMapper.selectByPhone - ==> Parameters: 13345966871(String)
2025-11-01 16:24:00.477 [http-nio-8082-exec-3] DEBUG c.q.x.u.b.domain.mapper.UserDOMapper.selectByPhone - <==      Total: 1
2025-11-01 16:24:00.480 [http-nio-8082-exec-3] INFO  c.q.x.user.biz.service.impl.UserServiceImpl - ==> 用户是否注册, phone: 13345966871, userDO: {"id":10,"xiaohashuId":null,"password":null,"nickname":null,"avatar":null,"birthday":null,"backgroundImg":null,"phone":null,"sex":null,"status":null,"introduction":null,"createTime":null,"updateTime":null,"isDeleted":null}
2025-11-01 16:24:00.481 [http-nio-8082-exec-3] INFO  c.q.f.b.operationlog.aspect.ApiOperationLogAspect - ====== 请求结束: [用户注册], 耗时: 12ms, 出参: {"success":true,"message":null,"errorCode":null,"data":10} =================================== 
2025-11-01 16:44:23.591 [main] WARN  com.alibaba.nacos.client.logging.NacosLogging - Load Logback Configuration of Nacos fail, message: Could not initialize Logback Nacos logging from classpath:nacos-logback.xml
2025-11-01 16:44:23.627 [main] WARN  com.alibaba.nacos.client.logging.NacosLogging - Load Logback Configuration of Nacos fail, message: Could not initialize Logback Nacos logging from classpath:nacos-logback.xml
2025-11-01 16:44:25.021 [main] WARN  com.alibaba.nacos.client.logging.NacosLogging - Load Logback Configuration of Nacos fail, message: Could not initialize Logback Nacos logging from classpath:nacos-logback.xml
2025-11-01 16:44:25.028 [main] WARN  com.alibaba.nacos.client.logging.NacosLogging - Load Logback Configuration of Nacos fail, message: Could not initialize Logback Nacos logging from classpath:nacos-logback.xml
2025-11-01 16:44:25.029 [main] INFO  c.q.xiaohashu.user.biz.XiaohashuUserBizApplication - The following 1 profile is active: "dev"
2025-11-01 16:44:25.509 [main] INFO  o.springframework.cloud.context.scope.GenericScope - BeanFactory id=e73872df-3464-3fba-9a3e-55ce7680d5d8
2025-11-01 16:44:25.529 [main] INFO  o.s.c.s.PostProcessorRegistrationDelegate$BeanPostProcessorChecker - Bean 'com.quanxiaoha.xiaohashu.oss.api.FileFeignApi' of type [org.springframework.cloud.openfeign.FeignClientFactoryBean] is not eligible for getting processed by all BeanPostProcessors (for example: not eligible for auto-proxying)
2025-11-01 16:44:25.530 [main] INFO  o.s.c.s.PostProcessorRegistrationDelegate$BeanPostProcessorChecker - Bean 'com.quanxiaoha.xiaohashu.user.api.UserFeignApi' of type [org.springframework.cloud.openfeign.FeignClientFactoryBean] is not eligible for getting processed by all BeanPostProcessors (for example: not eligible for auto-proxying)
2025-11-01 16:44:25.739 [main] INFO  o.s.boot.web.embedded.tomcat.TomcatWebServer - Tomcat initialized with port(s): 8082 (http)
2025-11-01 16:44:25.745 [main] INFO  org.apache.catalina.core.StandardService - Starting service [Tomcat]
2025-11-01 16:44:25.745 [main] INFO  org.apache.catalina.core.StandardEngine - Starting Servlet engine: [Apache Tomcat/10.1.5]
2025-11-01 16:44:25.816 [main] INFO  o.a.c.core.ContainerBase.[Tomcat].[localhost].[/] - Initializing Spring embedded WebApplicationContext
2025-11-01 16:44:25.816 [main] INFO  o.s.b.w.s.c.ServletWebServerApplicationContext - Root WebApplicationContext: initialization completed in 772 ms
2025-11-01 16:44:25.927 [main] INFO  o.s.cloud.openfeign.FeignClientFactoryBean - For 'xiaohashu-oss' URL not provided. Will try picking an instance via load-balancing.
2025-11-01 16:44:25.952 [main] INFO  c.a.d.s.b.a.DruidDataSourceAutoConfigure - Init DruidDataSource
2025-11-01 16:44:26.161 [main] INFO  com.alibaba.druid.pool.DruidDataSource - {dataSource-1} inited
2025-11-01 16:44:26.283 [main] WARN  o.s.b.w.s.c.AnnotationConfigServletWebServerApplicationContext - Exception encountered during context initialization - cancelling refresh attempt: org.springframework.beans.factory.BeanCreationException: Error creating bean with name 'userController': Injection of resource dependencies failed
2025-11-01 16:44:26.283 [main] INFO  com.alibaba.druid.pool.DruidDataSource - {dataSource-1} closing ...
2025-11-01 16:44:26.287 [main] INFO  com.alibaba.druid.pool.DruidDataSource - {dataSource-1} closed
2025-11-01 16:44:26.288 [main] INFO  org.apache.catalina.core.StandardService - Stopping service [Tomcat]
2025-11-01 16:44:26.299 [main] INFO  o.s.b.a.logging.ConditionEvaluationReportLogger - 

Error starting ApplicationContext. To display the condition evaluation report re-run your application with 'debug' enabled.
2025-11-01 16:44:26.317 [main] ERROR o.s.b.diagnostics.LoggingFailureAnalysisReporter - 

***************************
APPLICATION FAILED TO START
***************************

Description:

A component required a bean of type 'org.springframework.data.redis.core.RedisTemplate' that could not be found.


Action:

Consider defining a bean of type 'org.springframework.data.redis.core.RedisTemplate' in your configuration.

2025-11-01 16:45:05.433 [main] WARN  com.alibaba.nacos.client.logging.NacosLogging - Load Logback Configuration of Nacos fail, message: Could not initialize Logback Nacos logging from classpath:nacos-logback.xml
2025-11-01 16:45:05.473 [main] WARN  com.alibaba.nacos.client.logging.NacosLogging - Load Logback Configuration of Nacos fail, message: Could not initialize Logback Nacos logging from classpath:nacos-logback.xml
2025-11-01 16:45:06.835 [main] WARN  com.alibaba.nacos.client.logging.NacosLogging - Load Logback Configuration of Nacos fail, message: Could not initialize Logback Nacos logging from classpath:nacos-logback.xml
2025-11-01 16:45:06.844 [main] WARN  com.alibaba.nacos.client.logging.NacosLogging - Load Logback Configuration of Nacos fail, message: Could not initialize Logback Nacos logging from classpath:nacos-logback.xml
2025-11-01 16:45:06.844 [main] INFO  c.q.xiaohashu.user.biz.XiaohashuUserBizApplication - The following 1 profile is active: "dev"
2025-11-01 16:45:07.207 [main] INFO  o.s.d.r.config.RepositoryConfigurationDelegate - Multiple Spring Data modules found, entering strict repository configuration mode
2025-11-01 16:45:07.208 [main] INFO  o.s.d.r.config.RepositoryConfigurationDelegate - Bootstrapping Spring Data Redis repositories in DEFAULT mode.
2025-11-01 16:45:07.223 [main] INFO  o.s.d.r.config.RepositoryConfigurationDelegate - Finished Spring Data repository scanning in 6 ms. Found 0 Redis repository interfaces.
2025-11-01 16:45:07.344 [main] INFO  o.springframework.cloud.context.scope.GenericScope - BeanFactory id=2a80124b-23b9-38da-a183-51165b2dbe5a
2025-11-01 16:45:07.368 [main] INFO  o.s.c.s.PostProcessorRegistrationDelegate$BeanPostProcessorChecker - Bean 'com.quanxiaoha.xiaohashu.oss.api.FileFeignApi' of type [org.springframework.cloud.openfeign.FeignClientFactoryBean] is not eligible for getting processed by all BeanPostProcessors (for example: not eligible for auto-proxying)
2025-11-01 16:45:07.369 [main] INFO  o.s.c.s.PostProcessorRegistrationDelegate$BeanPostProcessorChecker - Bean 'com.quanxiaoha.xiaohashu.user.api.UserFeignApi' of type [org.springframework.cloud.openfeign.FeignClientFactoryBean] is not eligible for getting processed by all BeanPostProcessors (for example: not eligible for auto-proxying)
2025-11-01 16:45:07.595 [main] INFO  o.s.boot.web.embedded.tomcat.TomcatWebServer - Tomcat initialized with port(s): 8082 (http)
2025-11-01 16:45:07.600 [main] INFO  org.apache.catalina.core.StandardService - Starting service [Tomcat]
2025-11-01 16:45:07.601 [main] INFO  org.apache.catalina.core.StandardEngine - Starting Servlet engine: [Apache Tomcat/10.1.5]
2025-11-01 16:45:07.672 [main] INFO  o.a.c.core.ContainerBase.[Tomcat].[localhost].[/] - Initializing Spring embedded WebApplicationContext
2025-11-01 16:45:07.673 [main] INFO  o.s.b.w.s.c.ServletWebServerApplicationContext - Root WebApplicationContext: initialization completed in 812 ms
2025-11-01 16:45:07.787 [main] INFO  o.s.cloud.openfeign.FeignClientFactoryBean - For 'xiaohashu-oss' URL not provided. Will try picking an instance via load-balancing.
2025-11-01 16:45:07.816 [main] INFO  c.a.d.s.b.a.DruidDataSourceAutoConfigure - Init DruidDataSource
2025-11-01 16:45:08.009 [main] INFO  com.alibaba.druid.pool.DruidDataSource - {dataSource-1} inited
2025-11-01 16:45:09.605 [main] INFO  org.springframework.cloud.commons.util.InetUtils - Cannot determine local hostname
2025-11-01 16:45:10.970 [main] INFO  org.springframework.cloud.commons.util.InetUtils - Cannot determine local hostname
2025-11-01 16:45:10.982 [main] WARN  o.s.c.l.c.LoadBalancerCacheAutoConfiguration$LoadBalancerCaffeineWarnLogger - Spring Cloud LoadBalancer is currently working with the default cache. While this cache implementation is useful for development and tests, it's recommended to use Caffeine cache in production.You can switch to using Caffeine cache, by adding it and org.springframework.cache.caffeine.CaffeineCacheManager to the classpath.
2025-11-01 16:45:11.037 [main] INFO  o.s.boot.web.embedded.tomcat.TomcatWebServer - Tomcat started on port(s): 8082 (http) with context path ''
2025-11-01 16:45:11.040 [main] WARN  com.alibaba.nacos.client.logging.NacosLogging - Load Logback Configuration of Nacos fail, message: Could not initialize Logback Nacos logging from classpath:nacos-logback.xml
2025-11-01 16:45:11.040 [main] INFO  com.alibaba.nacos.client.naming - initializer namespace from ans.namespace attribute : null
2025-11-01 16:45:11.041 [main] INFO  com.alibaba.nacos.client.naming - initializer namespace from ALIBABA_ALIWARE_NAMESPACE attribute :null
2025-11-01 16:45:11.041 [main] INFO  com.alibaba.nacos.client.naming - initializer namespace from namespace attribute :null
2025-11-01 16:45:11.054 [main] INFO  com.alibaba.nacos.client.utils.ParamUtil - [settings] [req-serv] nacos-server port:8848
2025-11-01 16:45:11.054 [main] INFO  com.alibaba.nacos.client.utils.ParamUtil - [settings] [http-client] connect timeout:1000
2025-11-01 16:45:11.054 [main] INFO  com.alibaba.nacos.client.utils.ParamUtil - PER_TASK_CONFIG_SIZE: 3000.0
2025-11-01 16:45:11.057 [main] INFO  c.a.n.p.auth.spi.client.ClientAuthPluginManager - [ClientAuthPluginManager] Load ClientAuthService com.alibaba.nacos.client.auth.impl.NacosClientAuthServiceImpl success.
2025-11-01 16:45:11.057 [main] INFO  c.a.n.p.auth.spi.client.ClientAuthPluginManager - [ClientAuthPluginManager] Load ClientAuthService com.alibaba.nacos.client.auth.ram.RamClientAuthServiceImpl success.
2025-11-01 16:45:11.059 [main] INFO  c.a.n.client.auth.ram.identify.CredentialWatcher - null No credential found
2025-11-01 16:45:11.062 [main] INFO  com.alibaba.nacos.common.remote.client - [RpcClientFactory] create a new rpc client of cca5390a-c60f-446a-b686-206f91256748
2025-11-01 16:45:11.074 [main] INFO  com.alibaba.nacos.common.remote.client - [cca5390a-c60f-446a-b686-206f91256748] RpcClient init, ServerListFactory = com.alibaba.nacos.client.naming.core.ServerListManager
2025-11-01 16:45:11.075 [main] INFO  com.alibaba.nacos.common.remote.client - [cca5390a-c60f-446a-b686-206f91256748] Registry connection listener to current client:com.alibaba.nacos.client.naming.remote.gprc.redo.NamingGrpcRedoService
2025-11-01 16:45:11.075 [main] INFO  com.alibaba.nacos.common.remote.client - [cca5390a-c60f-446a-b686-206f91256748] Register server push request handler:com.alibaba.nacos.client.naming.remote.gprc.NamingPushRequestHandler
2025-11-01 16:45:11.077 [main] INFO  com.alibaba.nacos.common.remote.client - [cca5390a-c60f-446a-b686-206f91256748] Try to connect to server on start up, server: {serverIp = '127.0.0.1', server main port = 8848}
2025-11-01 16:45:11.097 [main] INFO  c.a.nacos.common.remote.client.grpc.GrpcClient - grpc client connection server:127.0.0.1 ip,serverPort:9848,grpcTslConfig:{"sslProvider":"OPENSSL","enableTls":false,"mutualAuthEnable":false,"trustAll":false}
2025-11-01 16:45:11.744 [main] INFO  com.alibaba.nacos.common.remote.client - [cca5390a-c60f-446a-b686-206f91256748] Success to connect to server [127.0.0.1:8848] on start up, connectionId = 1761986711578_127.0.0.1_10006
2025-11-01 16:45:11.745 [com.alibaba.nacos.client.remote.worker] INFO  com.alibaba.nacos.common.remote.client - [cca5390a-c60f-446a-b686-206f91256748] Notify connected event to listeners.
2025-11-01 16:45:11.745 [com.alibaba.nacos.client.remote.worker] INFO  com.alibaba.nacos.client.naming - Grpc connection connect
2025-11-01 16:45:11.745 [main] INFO  com.alibaba.nacos.common.remote.client - [cca5390a-c60f-446a-b686-206f91256748] Register server push request handler:com.alibaba.nacos.common.remote.client.RpcClient$ConnectResetRequestHandler
2025-11-01 16:45:11.745 [main] INFO  com.alibaba.nacos.common.remote.client - [cca5390a-c60f-446a-b686-206f91256748] Register server push request handler:com.alibaba.nacos.common.remote.client.RpcClient$$Lambda$1265/0x000001c8017cb4f8
2025-11-01 16:45:11.746 [main] INFO  com.alibaba.nacos.client.naming - [REGISTER-SERVICE] xiaohashu registering service xiaohashu-user with instance Instance{instanceId='null', ip='192.168.134.1', port=8082, weight=1.0, healthy=true, enabled=true, ephemeral=true, clusterName='DEFAULT', serviceName='null', metadata={IPv6=null, preserved.register.source=SPRING_CLOUD}}
2025-11-01 16:45:11.755 [main] INFO  c.a.cloud.nacos.registry.NacosServiceRegistry - nacos registry, DEFAULT_GROUP xiaohashu-user 192.168.134.1:8082 register finished
2025-11-01 16:45:12.936 [main] INFO  org.springframework.cloud.commons.util.InetUtils - Cannot determine local hostname
2025-11-01 16:45:12.944 [main] INFO  c.q.xiaohashu.user.biz.XiaohashuUserBizApplication - Started XiaohashuUserBizApplication in 9.04 seconds (process running for 9.484)
2025-11-01 16:45:12.944 [main] INFO  c.q.x.u.biz.runner.PushRolePermissions2RedisRunner - ==> 服务启动，开始同步角色权限数据到 Redis 中...
2025-11-01 16:45:13.218 [main] WARN  c.q.x.u.biz.runner.PushRolePermissions2RedisRunner - ==> 角色权限数据已经同步至 Redis 中，不再同步...
2025-11-01 16:50:28.618 [http-nio-8082-exec-1] INFO  o.a.c.core.ContainerBase.[Tomcat].[localhost].[/] - Initializing Spring DispatcherServlet 'dispatcherServlet'
2025-11-01 16:50:28.618 [http-nio-8082-exec-1] INFO  org.springframework.web.servlet.DispatcherServlet - Initializing Servlet 'dispatcherServlet'
2025-11-01 16:50:28.619 [http-nio-8082-exec-1] INFO  org.springframework.web.servlet.DispatcherServlet - Completed initialization in 1 ms
2025-11-01 16:50:28.625 [http-nio-8082-exec-1] INFO  c.q.x.user.biz.filter.HeaderUserId2ContextFilter - ## HeaderUserId2ContextFilter, 用户 ID: null
2025-11-01 16:50:28.682 [http-nio-8082-exec-1] INFO  c.q.f.b.operationlog.aspect.ApiOperationLogAspect - ====== 请求开始: [手机号查询用户信息], 入参: {"phone":"13345966871"}, 请求类: UserController, 请求方法: findByPhone =================================== 
2025-11-01 16:50:28.697 [http-nio-8082-exec-1] DEBUG c.q.x.u.b.domain.mapper.UserDOMapper.selectByPhone - ==>  Preparing: select id, password from t_user where phone = ?
2025-11-01 16:50:28.768 [http-nio-8082-exec-1] DEBUG c.q.x.u.b.domain.mapper.UserDOMapper.selectByPhone - ==> Parameters: 13345966871(String)
2025-11-01 16:50:28.787 [http-nio-8082-exec-1] DEBUG c.q.x.u.b.domain.mapper.UserDOMapper.selectByPhone - <==      Total: 1
2025-11-01 16:50:28.798 [http-nio-8082-exec-1] INFO  c.q.f.b.operationlog.aspect.ApiOperationLogAspect - ====== 请求结束: [手机号查询用户信息], 耗时: 110ms, 出参: {"success":true,"message":null,"errorCode":null,"data":{"id":10,"password":"$2a$10$As3bV2pW9iR5hmxgVdt0HuY4KW2hE3LCH2fg2ekZEpLWoalWaXMT6"}} =================================== 
2025-11-01 17:13:22.595 [http-nio-8082-exec-8] INFO  c.q.x.user.biz.filter.HeaderUserId2ContextFilter - ## HeaderUserId2ContextFilter, 用户 ID: null
2025-11-01 17:14:38.769 [http-nio-8082-exec-5] INFO  c.q.x.user.biz.filter.HeaderUserId2ContextFilter - ## HeaderUserId2ContextFilter, 用户 ID: 10
2025-11-01 17:14:38.769 [http-nio-8082-exec-5] INFO  c.q.x.user.biz.filter.HeaderUserId2ContextFilter - ===== 设置 userId 到 ThreadLocal 中， 用户 ID: 10
2025-11-01 17:14:38.774 [http-nio-8082-exec-5] INFO  c.q.x.user.biz.filter.HeaderUserId2ContextFilter - ===== 删除 ThreadLocal， userId: 10
2025-11-01 17:14:45.267 [http-nio-8082-exec-6] INFO  c.q.x.user.biz.filter.HeaderUserId2ContextFilter - ## HeaderUserId2ContextFilter, 用户 ID: 10
2025-11-01 17:14:45.267 [http-nio-8082-exec-6] INFO  c.q.x.user.biz.filter.HeaderUserId2ContextFilter - ===== 设置 userId 到 ThreadLocal 中， 用户 ID: 10
2025-11-01 17:14:45.271 [http-nio-8082-exec-6] INFO  c.q.x.user.biz.filter.HeaderUserId2ContextFilter - ===== 删除 ThreadLocal， userId: 10
2025-11-01 17:15:30.907 [http-nio-8082-exec-7] INFO  c.q.x.user.biz.filter.HeaderUserId2ContextFilter - ## HeaderUserId2ContextFilter, 用户 ID: null
2025-11-01 17:16:44.328 [http-nio-8082-exec-3] INFO  c.q.x.user.biz.filter.HeaderUserId2ContextFilter - ## HeaderUserId2ContextFilter, 用户 ID: null
2025-11-01 17:23:40.224 [http-nio-8082-exec-2] INFO  c.q.x.user.biz.filter.HeaderUserId2ContextFilter - ## HeaderUserId2ContextFilter, 用户 ID: null
2025-11-01 17:23:40.228 [http-nio-8082-exec-2] INFO  c.q.f.b.operationlog.aspect.ApiOperationLogAspect - ====== 请求开始: [用户注册], 入参: {"phone":"13345966871"}, 请求类: UserController, 请求方法: register =================================== 
2025-11-01 17:23:40.238 [http-nio-8082-exec-2] DEBUG c.q.x.u.b.domain.mapper.UserDOMapper.selectByPhone - ==>  Preparing: select id, password from t_user where phone = ?
2025-11-01 17:23:40.238 [http-nio-8082-exec-2] DEBUG c.q.x.u.b.domain.mapper.UserDOMapper.selectByPhone - ==> Parameters: 13345966871(String)
2025-11-01 17:23:40.240 [http-nio-8082-exec-2] DEBUG c.q.x.u.b.domain.mapper.UserDOMapper.selectByPhone - <==      Total: 1
2025-11-01 17:23:40.242 [http-nio-8082-exec-2] INFO  c.q.x.user.biz.service.impl.UserServiceImpl - ==> 用户是否注册, phone: 13345966871, userDO: {"id":10,"xiaohashuId":null,"password":"$2a$10$As3bV2pW9iR5hmxgVdt0HuY4KW2hE3LCH2fg2ekZEpLWoalWaXMT6","nickname":null,"avatar":null,"birthday":null,"backgroundImg":null,"phone":null,"sex":null,"status":null,"introduction":null,"createTime":null,"updateTime":null,"isDeleted":null}
2025-11-01 17:23:40.243 [http-nio-8082-exec-2] INFO  c.q.f.b.operationlog.aspect.ApiOperationLogAspect - ====== 请求结束: [用户注册], 耗时: 16ms, 出参: {"success":true,"message":null,"errorCode":null,"data":10} =================================== 
2025-11-01 17:24:02.103 [main] WARN  com.alibaba.nacos.client.logging.NacosLogging - Load Logback Configuration of Nacos fail, message: Could not initialize Logback Nacos logging from classpath:nacos-logback.xml
2025-11-01 17:24:02.144 [main] WARN  com.alibaba.nacos.client.logging.NacosLogging - Load Logback Configuration of Nacos fail, message: Could not initialize Logback Nacos logging from classpath:nacos-logback.xml
2025-11-01 17:24:03.513 [main] WARN  com.alibaba.nacos.client.logging.NacosLogging - Load Logback Configuration of Nacos fail, message: Could not initialize Logback Nacos logging from classpath:nacos-logback.xml
2025-11-01 17:24:03.521 [main] WARN  com.alibaba.nacos.client.logging.NacosLogging - Load Logback Configuration of Nacos fail, message: Could not initialize Logback Nacos logging from classpath:nacos-logback.xml
2025-11-01 17:24:03.521 [main] INFO  c.q.xiaohashu.user.biz.XiaohashuUserBizApplication - The following 1 profile is active: "dev"
2025-11-01 17:24:03.922 [main] INFO  o.s.d.r.config.RepositoryConfigurationDelegate - Multiple Spring Data modules found, entering strict repository configuration mode
2025-11-01 17:24:03.923 [main] INFO  o.s.d.r.config.RepositoryConfigurationDelegate - Bootstrapping Spring Data Redis repositories in DEFAULT mode.
2025-11-01 17:24:03.938 [main] INFO  o.s.d.r.config.RepositoryConfigurationDelegate - Finished Spring Data repository scanning in 6 ms. Found 0 Redis repository interfaces.
2025-11-01 17:24:04.063 [main] INFO  o.springframework.cloud.context.scope.GenericScope - BeanFactory id=2a80124b-23b9-38da-a183-51165b2dbe5a
2025-11-01 17:24:04.088 [main] INFO  o.s.c.s.PostProcessorRegistrationDelegate$BeanPostProcessorChecker - Bean 'com.quanxiaoha.xiaohashu.oss.api.FileFeignApi' of type [org.springframework.cloud.openfeign.FeignClientFactoryBean] is not eligible for getting processed by all BeanPostProcessors (for example: not eligible for auto-proxying)
2025-11-01 17:24:04.089 [main] INFO  o.s.c.s.PostProcessorRegistrationDelegate$BeanPostProcessorChecker - Bean 'com.quanxiaoha.xiaohashu.user.api.UserFeignApi' of type [org.springframework.cloud.openfeign.FeignClientFactoryBean] is not eligible for getting processed by all BeanPostProcessors (for example: not eligible for auto-proxying)
2025-11-01 17:24:04.311 [main] INFO  o.s.boot.web.embedded.tomcat.TomcatWebServer - Tomcat initialized with port(s): 8082 (http)
2025-11-01 17:24:04.318 [main] INFO  org.apache.catalina.core.StandardService - Starting service [Tomcat]
2025-11-01 17:24:04.318 [main] INFO  org.apache.catalina.core.StandardEngine - Starting Servlet engine: [Apache Tomcat/10.1.5]
2025-11-01 17:24:04.392 [main] INFO  o.a.c.core.ContainerBase.[Tomcat].[localhost].[/] - Initializing Spring embedded WebApplicationContext
2025-11-01 17:24:04.392 [main] INFO  o.s.b.w.s.c.ServletWebServerApplicationContext - Root WebApplicationContext: initialization completed in 855 ms
2025-11-01 17:24:04.511 [main] INFO  o.s.cloud.openfeign.FeignClientFactoryBean - For 'xiaohashu-oss' URL not provided. Will try picking an instance via load-balancing.
2025-11-01 17:24:04.538 [main] INFO  c.a.d.s.b.a.DruidDataSourceAutoConfigure - Init DruidDataSource
2025-11-01 17:24:04.764 [main] INFO  com.alibaba.druid.pool.DruidDataSource - {dataSource-1} inited
2025-11-01 17:24:06.409 [main] INFO  org.springframework.cloud.commons.util.InetUtils - Cannot determine local hostname
2025-11-01 17:24:07.793 [main] INFO  org.springframework.cloud.commons.util.InetUtils - Cannot determine local hostname
2025-11-01 17:24:07.806 [main] WARN  o.s.c.l.c.LoadBalancerCacheAutoConfiguration$LoadBalancerCaffeineWarnLogger - Spring Cloud LoadBalancer is currently working with the default cache. While this cache implementation is useful for development and tests, it's recommended to use Caffeine cache in production.You can switch to using Caffeine cache, by adding it and org.springframework.cache.caffeine.CaffeineCacheManager to the classpath.
2025-11-01 17:24:07.860 [main] INFO  o.s.boot.web.embedded.tomcat.TomcatWebServer - Tomcat started on port(s): 8082 (http) with context path ''
2025-11-01 17:24:07.864 [main] WARN  com.alibaba.nacos.client.logging.NacosLogging - Load Logback Configuration of Nacos fail, message: Could not initialize Logback Nacos logging from classpath:nacos-logback.xml
2025-11-01 17:24:07.864 [main] INFO  com.alibaba.nacos.client.naming - initializer namespace from ans.namespace attribute : null
2025-11-01 17:24:07.865 [main] INFO  com.alibaba.nacos.client.naming - initializer namespace from ALIBABA_ALIWARE_NAMESPACE attribute :null
2025-11-01 17:24:07.865 [main] INFO  com.alibaba.nacos.client.naming - initializer namespace from namespace attribute :null
2025-11-01 17:24:07.878 [main] INFO  com.alibaba.nacos.client.utils.ParamUtil - [settings] [req-serv] nacos-server port:8848
2025-11-01 17:24:07.878 [main] INFO  com.alibaba.nacos.client.utils.ParamUtil - [settings] [http-client] connect timeout:1000
2025-11-01 17:24:07.878 [main] INFO  com.alibaba.nacos.client.utils.ParamUtil - PER_TASK_CONFIG_SIZE: 3000.0
2025-11-01 17:24:07.880 [main] INFO  c.a.n.p.auth.spi.client.ClientAuthPluginManager - [ClientAuthPluginManager] Load ClientAuthService com.alibaba.nacos.client.auth.impl.NacosClientAuthServiceImpl success.
2025-11-01 17:24:07.881 [main] INFO  c.a.n.p.auth.spi.client.ClientAuthPluginManager - [ClientAuthPluginManager] Load ClientAuthService com.alibaba.nacos.client.auth.ram.RamClientAuthServiceImpl success.
2025-11-01 17:24:07.882 [main] INFO  c.a.n.client.auth.ram.identify.CredentialWatcher - null No credential found
2025-11-01 17:24:07.887 [main] INFO  com.alibaba.nacos.common.remote.client - [RpcClientFactory] create a new rpc client of 5154d63c-ce42-4a20-8a5e-3cb5a3989b2a
2025-11-01 17:24:07.898 [main] INFO  com.alibaba.nacos.common.remote.client - [5154d63c-ce42-4a20-8a5e-3cb5a3989b2a] RpcClient init, ServerListFactory = com.alibaba.nacos.client.naming.core.ServerListManager
2025-11-01 17:24:07.898 [main] INFO  com.alibaba.nacos.common.remote.client - [5154d63c-ce42-4a20-8a5e-3cb5a3989b2a] Registry connection listener to current client:com.alibaba.nacos.client.naming.remote.gprc.redo.NamingGrpcRedoService
2025-11-01 17:24:07.899 [main] INFO  com.alibaba.nacos.common.remote.client - [5154d63c-ce42-4a20-8a5e-3cb5a3989b2a] Register server push request handler:com.alibaba.nacos.client.naming.remote.gprc.NamingPushRequestHandler
2025-11-01 17:24:07.900 [main] INFO  com.alibaba.nacos.common.remote.client - [5154d63c-ce42-4a20-8a5e-3cb5a3989b2a] Try to connect to server on start up, server: {serverIp = '127.0.0.1', server main port = 8848}
2025-11-01 17:24:07.918 [main] INFO  c.a.nacos.common.remote.client.grpc.GrpcClient - grpc client connection server:127.0.0.1 ip,serverPort:9848,grpcTslConfig:{"sslProvider":"OPENSSL","enableTls":false,"mutualAuthEnable":false,"trustAll":false}
2025-11-01 17:24:08.550 [main] INFO  com.alibaba.nacos.common.remote.client - [5154d63c-ce42-4a20-8a5e-3cb5a3989b2a] Success to connect to server [127.0.0.1:8848] on start up, connectionId = 1761989048396_127.0.0.1_11112
2025-11-01 17:24:08.551 [com.alibaba.nacos.client.remote.worker] INFO  com.alibaba.nacos.common.remote.client - [5154d63c-ce42-4a20-8a5e-3cb5a3989b2a] Notify connected event to listeners.
2025-11-01 17:24:08.551 [com.alibaba.nacos.client.remote.worker] INFO  com.alibaba.nacos.client.naming - Grpc connection connect
2025-11-01 17:24:08.551 [main] INFO  com.alibaba.nacos.common.remote.client - [5154d63c-ce42-4a20-8a5e-3cb5a3989b2a] Register server push request handler:com.alibaba.nacos.common.remote.client.RpcClient$ConnectResetRequestHandler
2025-11-01 17:24:08.552 [main] INFO  com.alibaba.nacos.common.remote.client - [5154d63c-ce42-4a20-8a5e-3cb5a3989b2a] Register server push request handler:com.alibaba.nacos.common.remote.client.RpcClient$$Lambda$1265/0x0000021a017cbbb0
2025-11-01 17:24:08.553 [main] INFO  com.alibaba.nacos.client.naming - [REGISTER-SERVICE] xiaohashu registering service xiaohashu-user with instance Instance{instanceId='null', ip='192.168.134.1', port=8082, weight=1.0, healthy=true, enabled=true, ephemeral=true, clusterName='DEFAULT', serviceName='null', metadata={IPv6=null, preserved.register.source=SPRING_CLOUD}}
2025-11-01 17:24:08.561 [main] INFO  c.a.cloud.nacos.registry.NacosServiceRegistry - nacos registry, DEFAULT_GROUP xiaohashu-user 192.168.134.1:8082 register finished
2025-11-01 17:24:09.710 [main] INFO  org.springframework.cloud.commons.util.InetUtils - Cannot determine local hostname
2025-11-01 17:24:09.716 [main] INFO  c.q.xiaohashu.user.biz.XiaohashuUserBizApplication - Started XiaohashuUserBizApplication in 9.164 seconds (process running for 9.725)
2025-11-01 17:24:09.718 [main] INFO  c.q.x.u.biz.runner.PushRolePermissions2RedisRunner - ==> 服务启动，开始同步角色权限数据到 Redis 中...
2025-11-01 17:24:09.996 [main] WARN  c.q.x.u.biz.runner.PushRolePermissions2RedisRunner - ==> 角色权限数据已经同步至 Redis 中，不再同步...
2025-11-01 17:24:16.647 [http-nio-8082-exec-1] INFO  o.a.c.core.ContainerBase.[Tomcat].[localhost].[/] - Initializing Spring DispatcherServlet 'dispatcherServlet'
2025-11-01 17:24:16.648 [http-nio-8082-exec-1] INFO  org.springframework.web.servlet.DispatcherServlet - Initializing Servlet 'dispatcherServlet'
2025-11-01 17:24:16.649 [http-nio-8082-exec-1] INFO  org.springframework.web.servlet.DispatcherServlet - Completed initialization in 1 ms
2025-11-01 17:24:16.654 [http-nio-8082-exec-1] INFO  c.q.x.user.biz.filter.HeaderUserId2ContextFilter - ## HeaderUserId2ContextFilter, 用户 ID: null
2025-11-01 17:24:47.530 [http-nio-8082-exec-3] INFO  c.q.x.user.biz.filter.HeaderUserId2ContextFilter - ## HeaderUserId2ContextFilter, 用户 ID: null
2025-11-01 17:26:31.351 [http-nio-8082-exec-7] INFO  c.q.x.user.biz.filter.HeaderUserId2ContextFilter - ## HeaderUserId2ContextFilter, 用户 ID: null
2025-11-01 17:37:39.865 [http-nio-8082-exec-5] INFO  c.q.x.user.biz.filter.HeaderUserId2ContextFilter - ## HeaderUserId2ContextFilter, 用户 ID: null
2025-11-01 19:10:02.746 [main] WARN  com.alibaba.nacos.client.logging.NacosLogging - Load Logback Configuration of Nacos fail, message: Could not initialize Logback Nacos logging from classpath:nacos-logback.xml
2025-11-01 19:10:02.789 [main] WARN  com.alibaba.nacos.client.logging.NacosLogging - Load Logback Configuration of Nacos fail, message: Could not initialize Logback Nacos logging from classpath:nacos-logback.xml
2025-11-01 19:10:04.173 [main] WARN  com.alibaba.nacos.client.logging.NacosLogging - Load Logback Configuration of Nacos fail, message: Could not initialize Logback Nacos logging from classpath:nacos-logback.xml
2025-11-01 19:10:04.182 [main] WARN  com.alibaba.nacos.client.logging.NacosLogging - Load Logback Configuration of Nacos fail, message: Could not initialize Logback Nacos logging from classpath:nacos-logback.xml
2025-11-01 19:10:04.182 [main] INFO  c.q.xiaohashu.user.biz.XiaohashuUserBizApplication - The following 1 profile is active: "dev"
2025-11-01 19:10:04.571 [main] INFO  o.s.d.r.config.RepositoryConfigurationDelegate - Multiple Spring Data modules found, entering strict repository configuration mode
2025-11-01 19:10:04.572 [main] INFO  o.s.d.r.config.RepositoryConfigurationDelegate - Bootstrapping Spring Data Redis repositories in DEFAULT mode.
2025-11-01 19:10:04.584 [main] INFO  o.s.d.r.config.RepositoryConfigurationDelegate - Finished Spring Data repository scanning in 5 ms. Found 0 Redis repository interfaces.
2025-11-01 19:10:04.705 [main] INFO  o.springframework.cloud.context.scope.GenericScope - BeanFactory id=2a80124b-23b9-38da-a183-51165b2dbe5a
2025-11-01 19:10:04.726 [main] INFO  o.s.c.s.PostProcessorRegistrationDelegate$BeanPostProcessorChecker - Bean 'com.quanxiaoha.xiaohashu.oss.api.FileFeignApi' of type [org.springframework.cloud.openfeign.FeignClientFactoryBean] is not eligible for getting processed by all BeanPostProcessors (for example: not eligible for auto-proxying)
2025-11-01 19:10:04.727 [main] INFO  o.s.c.s.PostProcessorRegistrationDelegate$BeanPostProcessorChecker - Bean 'com.quanxiaoha.xiaohashu.user.api.UserFeignApi' of type [org.springframework.cloud.openfeign.FeignClientFactoryBean] is not eligible for getting processed by all BeanPostProcessors (for example: not eligible for auto-proxying)
2025-11-01 19:10:04.967 [main] INFO  o.s.boot.web.embedded.tomcat.TomcatWebServer - Tomcat initialized with port(s): 8082 (http)
2025-11-01 19:10:04.974 [main] INFO  org.apache.catalina.core.StandardService - Starting service [Tomcat]
2025-11-01 19:10:04.974 [main] INFO  org.apache.catalina.core.StandardEngine - Starting Servlet engine: [Apache Tomcat/10.1.5]
2025-11-01 19:10:05.048 [main] INFO  o.a.c.core.ContainerBase.[Tomcat].[localhost].[/] - Initializing Spring embedded WebApplicationContext
2025-11-01 19:10:05.048 [main] INFO  o.s.b.w.s.c.ServletWebServerApplicationContext - Root WebApplicationContext: initialization completed in 851 ms
2025-11-01 19:10:05.168 [main] INFO  o.s.cloud.openfeign.FeignClientFactoryBean - For 'xiaohashu-oss' URL not provided. Will try picking an instance via load-balancing.
2025-11-01 19:10:05.202 [main] INFO  c.a.d.s.b.a.DruidDataSourceAutoConfigure - Init DruidDataSource
2025-11-01 19:10:05.426 [main] INFO  com.alibaba.druid.pool.DruidDataSource - {dataSource-1} inited
2025-11-01 19:10:07.064 [main] INFO  org.springframework.cloud.commons.util.InetUtils - Cannot determine local hostname
2025-11-01 19:10:08.442 [main] INFO  org.springframework.cloud.commons.util.InetUtils - Cannot determine local hostname
2025-11-01 19:10:08.457 [main] WARN  o.s.c.l.c.LoadBalancerCacheAutoConfiguration$LoadBalancerCaffeineWarnLogger - Spring Cloud LoadBalancer is currently working with the default cache. While this cache implementation is useful for development and tests, it's recommended to use Caffeine cache in production.You can switch to using Caffeine cache, by adding it and org.springframework.cache.caffeine.CaffeineCacheManager to the classpath.
2025-11-01 19:10:08.511 [main] INFO  o.s.boot.web.embedded.tomcat.TomcatWebServer - Tomcat started on port(s): 8082 (http) with context path ''
2025-11-01 19:10:08.516 [main] WARN  com.alibaba.nacos.client.logging.NacosLogging - Load Logback Configuration of Nacos fail, message: Could not initialize Logback Nacos logging from classpath:nacos-logback.xml
2025-11-01 19:10:08.516 [main] INFO  com.alibaba.nacos.client.naming - initializer namespace from ans.namespace attribute : null
2025-11-01 19:10:08.516 [main] INFO  com.alibaba.nacos.client.naming - initializer namespace from ALIBABA_ALIWARE_NAMESPACE attribute :null
2025-11-01 19:10:08.517 [main] INFO  com.alibaba.nacos.client.naming - initializer namespace from namespace attribute :null
2025-11-01 19:10:08.529 [main] INFO  com.alibaba.nacos.client.utils.ParamUtil - [settings] [req-serv] nacos-server port:8848
2025-11-01 19:10:08.529 [main] INFO  com.alibaba.nacos.client.utils.ParamUtil - [settings] [http-client] connect timeout:1000
2025-11-01 19:10:08.530 [main] INFO  com.alibaba.nacos.client.utils.ParamUtil - PER_TASK_CONFIG_SIZE: 3000.0
2025-11-01 19:10:08.533 [main] INFO  c.a.n.p.auth.spi.client.ClientAuthPluginManager - [ClientAuthPluginManager] Load ClientAuthService com.alibaba.nacos.client.auth.impl.NacosClientAuthServiceImpl success.
2025-11-01 19:10:08.533 [main] INFO  c.a.n.p.auth.spi.client.ClientAuthPluginManager - [ClientAuthPluginManager] Load ClientAuthService com.alibaba.nacos.client.auth.ram.RamClientAuthServiceImpl success.
2025-11-01 19:10:08.535 [main] INFO  c.a.n.client.auth.ram.identify.CredentialWatcher - null No credential found
2025-11-01 19:10:08.538 [main] INFO  com.alibaba.nacos.common.remote.client - [RpcClientFactory] create a new rpc client of a05781d4-c9b2-446d-8434-7430a408db20
2025-11-01 19:10:08.550 [main] INFO  com.alibaba.nacos.common.remote.client - [a05781d4-c9b2-446d-8434-7430a408db20] RpcClient init, ServerListFactory = com.alibaba.nacos.client.naming.core.ServerListManager
2025-11-01 19:10:08.550 [main] INFO  com.alibaba.nacos.common.remote.client - [a05781d4-c9b2-446d-8434-7430a408db20] Registry connection listener to current client:com.alibaba.nacos.client.naming.remote.gprc.redo.NamingGrpcRedoService
2025-11-01 19:10:08.551 [main] INFO  com.alibaba.nacos.common.remote.client - [a05781d4-c9b2-446d-8434-7430a408db20] Register server push request handler:com.alibaba.nacos.client.naming.remote.gprc.NamingPushRequestHandler
2025-11-01 19:10:08.552 [main] INFO  com.alibaba.nacos.common.remote.client - [a05781d4-c9b2-446d-8434-7430a408db20] Try to connect to server on start up, server: {serverIp = '127.0.0.1', server main port = 8848}
2025-11-01 19:10:08.574 [main] INFO  c.a.nacos.common.remote.client.grpc.GrpcClient - grpc client connection server:127.0.0.1 ip,serverPort:9848,grpcTslConfig:{"sslProvider":"OPENSSL","enableTls":false,"mutualAuthEnable":false,"trustAll":false}
2025-11-01 19:10:09.237 [main] INFO  com.alibaba.nacos.common.remote.client - [a05781d4-c9b2-446d-8434-7430a408db20] Success to connect to server [127.0.0.1:8848] on start up, connectionId = 1761995409078_127.0.0.1_12606
2025-11-01 19:10:09.237 [com.alibaba.nacos.client.remote.worker] INFO  com.alibaba.nacos.common.remote.client - [a05781d4-c9b2-446d-8434-7430a408db20] Notify connected event to listeners.
2025-11-01 19:10:09.237 [com.alibaba.nacos.client.remote.worker] INFO  com.alibaba.nacos.client.naming - Grpc connection connect
2025-11-01 19:10:09.238 [main] INFO  com.alibaba.nacos.common.remote.client - [a05781d4-c9b2-446d-8434-7430a408db20] Register server push request handler:com.alibaba.nacos.common.remote.client.RpcClient$ConnectResetRequestHandler
2025-11-01 19:10:09.238 [main] INFO  com.alibaba.nacos.common.remote.client - [a05781d4-c9b2-446d-8434-7430a408db20] Register server push request handler:com.alibaba.nacos.common.remote.client.RpcClient$$Lambda$1265/0x00000208017cbbb0
2025-11-01 19:10:09.238 [main] INFO  com.alibaba.nacos.client.naming - [REGISTER-SERVICE] xiaohashu registering service xiaohashu-user with instance Instance{instanceId='null', ip='192.168.134.1', port=8082, weight=1.0, healthy=true, enabled=true, ephemeral=true, clusterName='DEFAULT', serviceName='null', metadata={IPv6=null, preserved.register.source=SPRING_CLOUD}}
2025-11-01 19:10:09.248 [main] INFO  c.a.cloud.nacos.registry.NacosServiceRegistry - nacos registry, DEFAULT_GROUP xiaohashu-user 192.168.134.1:8082 register finished
2025-11-01 19:10:10.399 [main] INFO  org.springframework.cloud.commons.util.InetUtils - Cannot determine local hostname
2025-11-01 19:10:10.405 [main] INFO  c.q.xiaohashu.user.biz.XiaohashuUserBizApplication - Started XiaohashuUserBizApplication in 9.458 seconds (process running for 10.015)
2025-11-01 19:10:10.405 [main] INFO  c.q.x.u.biz.runner.PushRolePermissions2RedisRunner - ==> 服务启动，开始同步角色权限数据到 Redis 中...
2025-11-01 19:10:10.706 [main] DEBUG c.q.x.u.b.d.mapper.RoleDOMapper.selectEnabledList - ==>  Preparing: select id, role_key, role_name from t_role where status = 0 and is_deleted = 0
2025-11-01 19:10:10.776 [main] DEBUG c.q.x.u.b.d.mapper.RoleDOMapper.selectEnabledList - ==> Parameters: 
2025-11-01 19:10:10.787 [main] DEBUG c.q.x.u.b.d.mapper.RoleDOMapper.selectEnabledList - <==      Total: 1
2025-11-01 19:10:10.798 [main] DEBUG c.q.x.u.b.d.m.R.selectByRoleIds - ==>  Preparing: select role_id, permission_id from t_role_permission_rel where role_id in ( ? )
2025-11-01 19:10:10.799 [main] DEBUG c.q.x.u.b.d.m.R.selectByRoleIds - ==> Parameters: 1(Long)
2025-11-01 19:10:10.801 [main] DEBUG c.q.x.u.b.d.m.R.selectByRoleIds - <==      Total: 2
2025-11-01 19:10:10.802 [main] DEBUG c.q.x.u.b.d.m.P.selectAppEnabledList - ==>  Preparing: select id, name, permission_key from t_permission where status = 0 and type = 3 and is_deleted = 0
2025-11-01 19:10:10.803 [main] DEBUG c.q.x.u.b.d.m.P.selectAppEnabledList - ==> Parameters: 
2025-11-01 19:10:10.805 [main] DEBUG c.q.x.u.b.d.m.P.selectAppEnabledList - <==      Total: 2
2025-11-01 19:10:10.812 [main] INFO  c.q.x.u.biz.runner.PushRolePermissions2RedisRunner - ==> 服务启动，成功同步角色权限数据到 Redis 中...
2025-11-01 19:13:27.279 [main] WARN  com.alibaba.nacos.client.logging.NacosLogging - Load Logback Configuration of Nacos fail, message: Could not initialize Logback Nacos logging from classpath:nacos-logback.xml
2025-11-01 19:13:27.319 [main] WARN  com.alibaba.nacos.client.logging.NacosLogging - Load Logback Configuration of Nacos fail, message: Could not initialize Logback Nacos logging from classpath:nacos-logback.xml
2025-11-01 19:13:28.707 [main] WARN  com.alibaba.nacos.client.logging.NacosLogging - Load Logback Configuration of Nacos fail, message: Could not initialize Logback Nacos logging from classpath:nacos-logback.xml
2025-11-01 19:13:28.718 [main] WARN  com.alibaba.nacos.client.logging.NacosLogging - Load Logback Configuration of Nacos fail, message: Could not initialize Logback Nacos logging from classpath:nacos-logback.xml
2025-11-01 19:13:28.719 [main] INFO  c.q.xiaohashu.user.biz.XiaohashuUserBizApplication - The following 1 profile is active: "dev"
2025-11-01 19:13:29.235 [main] INFO  o.s.d.r.config.RepositoryConfigurationDelegate - Multiple Spring Data modules found, entering strict repository configuration mode
2025-11-01 19:13:29.237 [main] INFO  o.s.d.r.config.RepositoryConfigurationDelegate - Bootstrapping Spring Data Redis repositories in DEFAULT mode.
2025-11-01 19:13:29.257 [main] INFO  o.s.d.r.config.RepositoryConfigurationDelegate - Finished Spring Data repository scanning in 8 ms. Found 0 Redis repository interfaces.
2025-11-01 19:13:29.420 [main] INFO  o.springframework.cloud.context.scope.GenericScope - BeanFactory id=5d8a51e6-cf0c-3950-b57d-a9a49292a14d
2025-11-01 19:13:29.443 [main] INFO  o.s.c.s.PostProcessorRegistrationDelegate$BeanPostProcessorChecker - Bean 'com.quanxiaoha.xiaohashu.oss.api.FileFeignApi' of type [org.springframework.cloud.openfeign.FeignClientFactoryBean] is not eligible for getting processed by all BeanPostProcessors (for example: not eligible for auto-proxying)
2025-11-01 19:13:29.444 [main] INFO  o.s.c.s.PostProcessorRegistrationDelegate$BeanPostProcessorChecker - Bean 'com.quanxiaoha.xiaohashu.user.api.UserFeignApi' of type [org.springframework.cloud.openfeign.FeignClientFactoryBean] is not eligible for getting processed by all BeanPostProcessors (for example: not eligible for auto-proxying)
2025-11-01 19:13:29.762 [main] INFO  o.s.boot.web.embedded.tomcat.TomcatWebServer - Tomcat initialized with port(s): 8082 (http)
2025-11-01 19:13:29.771 [main] INFO  org.apache.catalina.core.StandardService - Starting service [Tomcat]
2025-11-01 19:13:29.771 [main] INFO  org.apache.catalina.core.StandardEngine - Starting Servlet engine: [Apache Tomcat/10.1.5]
2025-11-01 19:13:29.881 [main] INFO  o.a.c.core.ContainerBase.[Tomcat].[localhost].[/] - Initializing Spring embedded WebApplicationContext
2025-11-01 19:13:29.881 [main] INFO  o.s.b.w.s.c.ServletWebServerApplicationContext - Root WebApplicationContext: initialization completed in 1136 ms
2025-11-01 19:13:30.030 [main] INFO  o.s.cloud.openfeign.FeignClientFactoryBean - For 'xiaohashu-oss' URL not provided. Will try picking an instance via load-balancing.
2025-11-01 19:13:30.071 [main] INFO  c.a.d.s.b.a.DruidDataSourceAutoConfigure - Init DruidDataSource
2025-11-01 19:13:30.340 [main] INFO  com.alibaba.druid.pool.DruidDataSource - {dataSource-1} inited
2025-11-01 19:13:32.078 [main] INFO  org.springframework.cloud.commons.util.InetUtils - Cannot determine local hostname
2025-11-01 19:13:33.587 [main] INFO  org.springframework.cloud.commons.util.InetUtils - Cannot determine local hostname
2025-11-01 19:13:33.615 [main] WARN  o.s.c.l.c.LoadBalancerCacheAutoConfiguration$LoadBalancerCaffeineWarnLogger - Spring Cloud LoadBalancer is currently working with the default cache. While this cache implementation is useful for development and tests, it's recommended to use Caffeine cache in production.You can switch to using Caffeine cache, by adding it and org.springframework.cache.caffeine.CaffeineCacheManager to the classpath.
2025-11-01 19:13:33.694 [main] INFO  o.s.boot.web.embedded.tomcat.TomcatWebServer - Tomcat started on port(s): 8082 (http) with context path ''
2025-11-01 19:13:33.699 [main] WARN  com.alibaba.nacos.client.logging.NacosLogging - Load Logback Configuration of Nacos fail, message: Could not initialize Logback Nacos logging from classpath:nacos-logback.xml
2025-11-01 19:13:33.700 [main] INFO  com.alibaba.nacos.client.naming - initializer namespace from ans.namespace attribute : null
2025-11-01 19:13:33.700 [main] INFO  com.alibaba.nacos.client.naming - initializer namespace from ALIBABA_ALIWARE_NAMESPACE attribute :null
2025-11-01 19:13:33.701 [main] INFO  com.alibaba.nacos.client.naming - initializer namespace from namespace attribute :null
2025-11-01 19:13:33.723 [main] INFO  com.alibaba.nacos.client.utils.ParamUtil - [settings] [req-serv] nacos-server port:8848
2025-11-01 19:13:33.723 [main] INFO  com.alibaba.nacos.client.utils.ParamUtil - [settings] [http-client] connect timeout:1000
2025-11-01 19:13:33.725 [main] INFO  com.alibaba.nacos.client.utils.ParamUtil - PER_TASK_CONFIG_SIZE: 3000.0
2025-11-01 19:13:33.731 [main] INFO  c.a.n.p.auth.spi.client.ClientAuthPluginManager - [ClientAuthPluginManager] Load ClientAuthService com.alibaba.nacos.client.auth.impl.NacosClientAuthServiceImpl success.
2025-11-01 19:13:33.731 [main] INFO  c.a.n.p.auth.spi.client.ClientAuthPluginManager - [ClientAuthPluginManager] Load ClientAuthService com.alibaba.nacos.client.auth.ram.RamClientAuthServiceImpl success.
2025-11-01 19:13:33.734 [main] INFO  c.a.n.client.auth.ram.identify.CredentialWatcher - null No credential found
2025-11-01 19:13:33.740 [main] INFO  com.alibaba.nacos.common.remote.client - [RpcClientFactory] create a new rpc client of 683ec018-ff48-412f-bdab-f2d52a4b5851
2025-11-01 19:13:33.754 [main] INFO  com.alibaba.nacos.common.remote.client - [683ec018-ff48-412f-bdab-f2d52a4b5851] RpcClient init, ServerListFactory = com.alibaba.nacos.client.naming.core.ServerListManager
2025-11-01 19:13:33.754 [main] INFO  com.alibaba.nacos.common.remote.client - [683ec018-ff48-412f-bdab-f2d52a4b5851] Registry connection listener to current client:com.alibaba.nacos.client.naming.remote.gprc.redo.NamingGrpcRedoService
2025-11-01 19:13:33.755 [main] INFO  com.alibaba.nacos.common.remote.client - [683ec018-ff48-412f-bdab-f2d52a4b5851] Register server push request handler:com.alibaba.nacos.client.naming.remote.gprc.NamingPushRequestHandler
2025-11-01 19:13:33.757 [main] INFO  com.alibaba.nacos.common.remote.client - [683ec018-ff48-412f-bdab-f2d52a4b5851] Try to connect to server on start up, server: {serverIp = '127.0.0.1', server main port = 8848}
2025-11-01 19:13:33.788 [main] INFO  c.a.nacos.common.remote.client.grpc.GrpcClient - grpc client connection server:127.0.0.1 ip,serverPort:9848,grpcTslConfig:{"sslProvider":"OPENSSL","enableTls":false,"mutualAuthEnable":false,"trustAll":false}
2025-11-01 19:13:34.764 [main] INFO  com.alibaba.nacos.common.remote.client - [683ec018-ff48-412f-bdab-f2d52a4b5851] Success to connect to server [127.0.0.1:8848] on start up, connectionId = 1761995614581_127.0.0.1_12737
2025-11-01 19:13:34.765 [com.alibaba.nacos.client.remote.worker] INFO  com.alibaba.nacos.common.remote.client - [683ec018-ff48-412f-bdab-f2d52a4b5851] Notify connected event to listeners.
2025-11-01 19:13:34.765 [com.alibaba.nacos.client.remote.worker] INFO  com.alibaba.nacos.client.naming - Grpc connection connect
2025-11-01 19:13:34.765 [main] INFO  com.alibaba.nacos.common.remote.client - [683ec018-ff48-412f-bdab-f2d52a4b5851] Register server push request handler:com.alibaba.nacos.common.remote.client.RpcClient$ConnectResetRequestHandler
2025-11-01 19:13:34.766 [main] INFO  com.alibaba.nacos.common.remote.client - [683ec018-ff48-412f-bdab-f2d52a4b5851] Register server push request handler:com.alibaba.nacos.common.remote.client.RpcClient$$Lambda$1262/0x000002249f7cc518
2025-11-01 19:13:34.766 [main] INFO  com.alibaba.nacos.client.naming - [REGISTER-SERVICE] xiaohashu registering service xiaohashu-user with instance Instance{instanceId='null', ip='192.168.134.1', port=8082, weight=1.0, healthy=true, enabled=true, ephemeral=true, clusterName='DEFAULT', serviceName='null', metadata={IPv6=null, preserved.register.source=SPRING_CLOUD}}
2025-11-01 19:13:34.781 [main] INFO  c.a.cloud.nacos.registry.NacosServiceRegistry - nacos registry, DEFAULT_GROUP xiaohashu-user 192.168.134.1:8082 register finished
2025-11-01 19:13:35.994 [main] INFO  org.springframework.cloud.commons.util.InetUtils - Cannot determine local hostname
2025-11-01 19:13:36.013 [main] INFO  c.q.xiaohashu.user.biz.XiaohashuUserBizApplication - Started XiaohashuUserBizApplication in 10.28 seconds (process running for 10.861)
2025-11-01 19:13:36.016 [main] INFO  c.q.x.u.biz.runner.PushRolePermissions2RedisRunner - ==> 服务启动，开始同步角色权限数据到 Redis 中...
2025-11-01 19:13:36.534 [main] DEBUG c.q.x.u.b.d.mapper.RoleDOMapper.selectEnabledList - ==>  Preparing: select id, role_key, role_name from t_role where status = 0 and is_deleted = 0
2025-11-01 19:13:36.625 [main] DEBUG c.q.x.u.b.d.mapper.RoleDOMapper.selectEnabledList - ==> Parameters: 
2025-11-01 19:13:36.637 [main] DEBUG c.q.x.u.b.d.mapper.RoleDOMapper.selectEnabledList - <==      Total: 1
2025-11-01 19:13:36.651 [main] DEBUG c.q.x.u.b.d.m.R.selectByRoleIds - ==>  Preparing: select role_id, permission_id from t_role_permission_rel where role_id in ( ? )
2025-11-01 19:13:36.654 [main] DEBUG c.q.x.u.b.d.m.R.selectByRoleIds - ==> Parameters: 1(Long)
2025-11-01 19:13:36.656 [main] DEBUG c.q.x.u.b.d.m.R.selectByRoleIds - <==      Total: 2
2025-11-01 19:13:36.657 [main] DEBUG c.q.x.u.b.d.m.P.selectAppEnabledList - ==>  Preparing: select id, name, permission_key from t_permission where status = 0 and type = 3 and is_deleted = 0
2025-11-01 19:13:36.658 [main] DEBUG c.q.x.u.b.d.m.P.selectAppEnabledList - ==> Parameters: 
2025-11-01 19:13:36.658 [main] DEBUG c.q.x.u.b.d.m.P.selectAppEnabledList - <==      Total: 2
2025-11-01 19:13:36.666 [main] INFO  c.q.x.u.biz.runner.PushRolePermissions2RedisRunner - ==> 服务启动，成功同步角色权限数据到 Redis 中...
2025-11-01 19:19:58.978 [main] WARN  com.alibaba.nacos.client.logging.NacosLogging - Load Logback Configuration of Nacos fail, message: Could not initialize Logback Nacos logging from classpath:nacos-logback.xml
2025-11-01 19:19:59.021 [main] WARN  com.alibaba.nacos.client.logging.NacosLogging - Load Logback Configuration of Nacos fail, message: Could not initialize Logback Nacos logging from classpath:nacos-logback.xml
2025-11-01 19:20:00.422 [main] WARN  com.alibaba.nacos.client.logging.NacosLogging - Load Logback Configuration of Nacos fail, message: Could not initialize Logback Nacos logging from classpath:nacos-logback.xml
2025-11-01 19:20:00.430 [main] WARN  com.alibaba.nacos.client.logging.NacosLogging - Load Logback Configuration of Nacos fail, message: Could not initialize Logback Nacos logging from classpath:nacos-logback.xml
2025-11-01 19:20:00.431 [main] INFO  c.q.xiaohashu.user.biz.XiaohashuUserBizApplication - The following 1 profile is active: "dev"
2025-11-01 19:20:00.834 [main] INFO  o.s.d.r.config.RepositoryConfigurationDelegate - Multiple Spring Data modules found, entering strict repository configuration mode
2025-11-01 19:20:00.835 [main] INFO  o.s.d.r.config.RepositoryConfigurationDelegate - Bootstrapping Spring Data Redis repositories in DEFAULT mode.
2025-11-01 19:20:00.853 [main] INFO  o.s.d.r.config.RepositoryConfigurationDelegate - Finished Spring Data repository scanning in 8 ms. Found 0 Redis repository interfaces.
2025-11-01 19:20:00.989 [main] INFO  o.springframework.cloud.context.scope.GenericScope - BeanFactory id=5d8a51e6-cf0c-3950-b57d-a9a49292a14d
2025-11-01 19:20:01.011 [main] INFO  o.s.c.s.PostProcessorRegistrationDelegate$BeanPostProcessorChecker - Bean 'com.quanxiaoha.xiaohashu.oss.api.FileFeignApi' of type [org.springframework.cloud.openfeign.FeignClientFactoryBean] is not eligible for getting processed by all BeanPostProcessors (for example: not eligible for auto-proxying)
2025-11-01 19:20:01.013 [main] INFO  o.s.c.s.PostProcessorRegistrationDelegate$BeanPostProcessorChecker - Bean 'com.quanxiaoha.xiaohashu.user.api.UserFeignApi' of type [org.springframework.cloud.openfeign.FeignClientFactoryBean] is not eligible for getting processed by all BeanPostProcessors (for example: not eligible for auto-proxying)
2025-11-01 19:20:01.250 [main] INFO  o.s.boot.web.embedded.tomcat.TomcatWebServer - Tomcat initialized with port(s): 8082 (http)
2025-11-01 19:20:01.257 [main] INFO  org.apache.catalina.core.StandardService - Starting service [Tomcat]
2025-11-01 19:20:01.257 [main] INFO  org.apache.catalina.core.StandardEngine - Starting Servlet engine: [Apache Tomcat/10.1.5]
2025-11-01 19:20:01.343 [main] INFO  o.a.c.core.ContainerBase.[Tomcat].[localhost].[/] - Initializing Spring embedded WebApplicationContext
2025-11-01 19:20:01.343 [main] INFO  o.s.b.w.s.c.ServletWebServerApplicationContext - Root WebApplicationContext: initialization completed in 895 ms
2025-11-01 19:20:01.561 [main] INFO  o.s.cloud.openfeign.FeignClientFactoryBean - For 'xiaohashu-oss' URL not provided. Will try picking an instance via load-balancing.
2025-11-01 19:20:01.591 [main] INFO  c.a.d.s.b.a.DruidDataSourceAutoConfigure - Init DruidDataSource
2025-11-01 19:20:01.801 [main] INFO  com.alibaba.druid.pool.DruidDataSource - {dataSource-1} inited
2025-11-01 19:20:03.333 [main] INFO  org.springframework.cloud.commons.util.InetUtils - Cannot determine local hostname
2025-11-01 19:20:04.746 [main] INFO  org.springframework.cloud.commons.util.InetUtils - Cannot determine local hostname
2025-11-01 19:20:04.760 [main] WARN  o.s.c.l.c.LoadBalancerCacheAutoConfiguration$LoadBalancerCaffeineWarnLogger - Spring Cloud LoadBalancer is currently working with the default cache. While this cache implementation is useful for development and tests, it's recommended to use Caffeine cache in production.You can switch to using Caffeine cache, by adding it and org.springframework.cache.caffeine.CaffeineCacheManager to the classpath.
2025-11-01 19:20:04.814 [main] INFO  o.s.boot.web.embedded.tomcat.TomcatWebServer - Tomcat started on port(s): 8082 (http) with context path ''
2025-11-01 19:20:04.817 [main] WARN  com.alibaba.nacos.client.logging.NacosLogging - Load Logback Configuration of Nacos fail, message: Could not initialize Logback Nacos logging from classpath:nacos-logback.xml
2025-11-01 19:20:04.817 [main] INFO  com.alibaba.nacos.client.naming - initializer namespace from ans.namespace attribute : null
2025-11-01 19:20:04.818 [main] INFO  com.alibaba.nacos.client.naming - initializer namespace from ALIBABA_ALIWARE_NAMESPACE attribute :null
2025-11-01 19:20:04.818 [main] INFO  com.alibaba.nacos.client.naming - initializer namespace from namespace attribute :null
2025-11-01 19:20:04.837 [main] INFO  com.alibaba.nacos.client.utils.ParamUtil - [settings] [req-serv] nacos-server port:8848
2025-11-01 19:20:04.837 [main] INFO  com.alibaba.nacos.client.utils.ParamUtil - [settings] [http-client] connect timeout:1000
2025-11-01 19:20:04.838 [main] INFO  com.alibaba.nacos.client.utils.ParamUtil - PER_TASK_CONFIG_SIZE: 3000.0
2025-11-01 19:20:04.840 [main] INFO  c.a.n.p.auth.spi.client.ClientAuthPluginManager - [ClientAuthPluginManager] Load ClientAuthService com.alibaba.nacos.client.auth.impl.NacosClientAuthServiceImpl success.
2025-11-01 19:20:04.841 [main] INFO  c.a.n.p.auth.spi.client.ClientAuthPluginManager - [ClientAuthPluginManager] Load ClientAuthService com.alibaba.nacos.client.auth.ram.RamClientAuthServiceImpl success.
2025-11-01 19:20:04.842 [main] INFO  c.a.n.client.auth.ram.identify.CredentialWatcher - null No credential found
2025-11-01 19:20:04.846 [main] INFO  com.alibaba.nacos.common.remote.client - [RpcClientFactory] create a new rpc client of 70307c94-e648-4501-bfd8-cd09a4a18edf
2025-11-01 19:20:04.857 [main] INFO  com.alibaba.nacos.common.remote.client - [70307c94-e648-4501-bfd8-cd09a4a18edf] RpcClient init, ServerListFactory = com.alibaba.nacos.client.naming.core.ServerListManager
2025-11-01 19:20:04.857 [main] INFO  com.alibaba.nacos.common.remote.client - [70307c94-e648-4501-bfd8-cd09a4a18edf] Registry connection listener to current client:com.alibaba.nacos.client.naming.remote.gprc.redo.NamingGrpcRedoService
2025-11-01 19:20:04.857 [main] INFO  com.alibaba.nacos.common.remote.client - [70307c94-e648-4501-bfd8-cd09a4a18edf] Register server push request handler:com.alibaba.nacos.client.naming.remote.gprc.NamingPushRequestHandler
2025-11-01 19:20:04.859 [main] INFO  com.alibaba.nacos.common.remote.client - [70307c94-e648-4501-bfd8-cd09a4a18edf] Try to connect to server on start up, server: {serverIp = '127.0.0.1', server main port = 8848}
2025-11-01 19:20:04.876 [main] INFO  c.a.nacos.common.remote.client.grpc.GrpcClient - grpc client connection server:127.0.0.1 ip,serverPort:9848,grpcTslConfig:{"sslProvider":"OPENSSL","enableTls":false,"mutualAuthEnable":false,"trustAll":false}
2025-11-01 19:20:05.542 [main] INFO  com.alibaba.nacos.common.remote.client - [70307c94-e648-4501-bfd8-cd09a4a18edf] Success to connect to server [127.0.0.1:8848] on start up, connectionId = 1761996005386_127.0.0.1_12996
2025-11-01 19:20:05.542 [com.alibaba.nacos.client.remote.worker] INFO  com.alibaba.nacos.common.remote.client - [70307c94-e648-4501-bfd8-cd09a4a18edf] Notify connected event to listeners.
2025-11-01 19:20:05.542 [com.alibaba.nacos.client.remote.worker] INFO  com.alibaba.nacos.client.naming - Grpc connection connect
2025-11-01 19:20:05.542 [main] INFO  com.alibaba.nacos.common.remote.client - [70307c94-e648-4501-bfd8-cd09a4a18edf] Register server push request handler:com.alibaba.nacos.common.remote.client.RpcClient$ConnectResetRequestHandler
2025-11-01 19:20:05.543 [main] INFO  com.alibaba.nacos.common.remote.client - [70307c94-e648-4501-bfd8-cd09a4a18edf] Register server push request handler:com.alibaba.nacos.common.remote.client.RpcClient$$Lambda$1264/0x000002a94b7ad828
2025-11-01 19:20:05.543 [main] INFO  com.alibaba.nacos.client.naming - [REGISTER-SERVICE] xiaohashu registering service xiaohashu-user with instance Instance{instanceId='null', ip='192.168.134.1', port=8082, weight=1.0, healthy=true, enabled=true, ephemeral=true, clusterName='DEFAULT', serviceName='null', metadata={IPv6=null, preserved.register.source=SPRING_CLOUD}}
2025-11-01 19:20:05.553 [main] INFO  c.a.cloud.nacos.registry.NacosServiceRegistry - nacos registry, DEFAULT_GROUP xiaohashu-user 192.168.134.1:8082 register finished
2025-11-01 19:20:06.735 [main] INFO  org.springframework.cloud.commons.util.InetUtils - Cannot determine local hostname
2025-11-01 19:20:06.743 [main] INFO  c.q.xiaohashu.user.biz.XiaohashuUserBizApplication - Started XiaohashuUserBizApplication in 9.341 seconds (process running for 9.848)
2025-11-01 19:20:06.744 [main] INFO  c.q.x.u.biz.runner.PushRolePermissions2RedisRunner - ==> 服务启动，开始同步角色权限数据到 Redis 中...
2025-11-01 19:20:07.135 [main] WARN  c.q.x.u.biz.runner.PushRolePermissions2RedisRunner - ==> 角色权限数据已经同步至 Redis 中，不再同步...
2025-11-01 19:22:07.113 [main] WARN  com.alibaba.nacos.client.logging.NacosLogging - Load Logback Configuration of Nacos fail, message: Could not initialize Logback Nacos logging from classpath:nacos-logback.xml
2025-11-01 19:22:07.154 [main] WARN  com.alibaba.nacos.client.logging.NacosLogging - Load Logback Configuration of Nacos fail, message: Could not initialize Logback Nacos logging from classpath:nacos-logback.xml
2025-11-01 19:22:08.537 [main] WARN  com.alibaba.nacos.client.logging.NacosLogging - Load Logback Configuration of Nacos fail, message: Could not initialize Logback Nacos logging from classpath:nacos-logback.xml
2025-11-01 19:22:08.545 [main] WARN  com.alibaba.nacos.client.logging.NacosLogging - Load Logback Configuration of Nacos fail, message: Could not initialize Logback Nacos logging from classpath:nacos-logback.xml
2025-11-01 19:22:08.546 [main] INFO  c.q.xiaohashu.user.biz.XiaohashuUserBizApplication - The following 1 profile is active: "dev"
2025-11-01 19:22:08.917 [main] INFO  o.s.d.r.config.RepositoryConfigurationDelegate - Multiple Spring Data modules found, entering strict repository configuration mode
2025-11-01 19:22:08.918 [main] INFO  o.s.d.r.config.RepositoryConfigurationDelegate - Bootstrapping Spring Data Redis repositories in DEFAULT mode.
2025-11-01 19:22:08.931 [main] INFO  o.s.d.r.config.RepositoryConfigurationDelegate - Finished Spring Data repository scanning in 5 ms. Found 0 Redis repository interfaces.
2025-11-01 19:22:09.057 [main] INFO  o.springframework.cloud.context.scope.GenericScope - BeanFactory id=5d8a51e6-cf0c-3950-b57d-a9a49292a14d
2025-11-01 19:22:09.078 [main] INFO  o.s.c.s.PostProcessorRegistrationDelegate$BeanPostProcessorChecker - Bean 'com.quanxiaoha.xiaohashu.oss.api.FileFeignApi' of type [org.springframework.cloud.openfeign.FeignClientFactoryBean] is not eligible for getting processed by all BeanPostProcessors (for example: not eligible for auto-proxying)
2025-11-01 19:22:09.079 [main] INFO  o.s.c.s.PostProcessorRegistrationDelegate$BeanPostProcessorChecker - Bean 'com.quanxiaoha.xiaohashu.user.api.UserFeignApi' of type [org.springframework.cloud.openfeign.FeignClientFactoryBean] is not eligible for getting processed by all BeanPostProcessors (for example: not eligible for auto-proxying)
2025-11-01 19:22:09.301 [main] INFO  o.s.boot.web.embedded.tomcat.TomcatWebServer - Tomcat initialized with port(s): 8082 (http)
2025-11-01 19:22:09.307 [main] INFO  org.apache.catalina.core.StandardService - Starting service [Tomcat]
2025-11-01 19:22:09.307 [main] INFO  org.apache.catalina.core.StandardEngine - Starting Servlet engine: [Apache Tomcat/10.1.5]
2025-11-01 19:22:09.384 [main] INFO  o.a.c.core.ContainerBase.[Tomcat].[localhost].[/] - Initializing Spring embedded WebApplicationContext
2025-11-01 19:22:09.384 [main] INFO  o.s.b.w.s.c.ServletWebServerApplicationContext - Root WebApplicationContext: initialization completed in 822 ms
2025-11-01 19:22:09.590 [main] INFO  o.s.cloud.openfeign.FeignClientFactoryBean - For 'xiaohashu-oss' URL not provided. Will try picking an instance via load-balancing.
2025-11-01 19:22:09.618 [main] INFO  c.a.d.s.b.a.DruidDataSourceAutoConfigure - Init DruidDataSource
2025-11-01 19:22:09.809 [main] INFO  com.alibaba.druid.pool.DruidDataSource - {dataSource-1} inited
2025-11-01 19:22:11.297 [main] INFO  org.springframework.cloud.commons.util.InetUtils - Cannot determine local hostname
2025-11-01 19:22:12.699 [main] INFO  org.springframework.cloud.commons.util.InetUtils - Cannot determine local hostname
2025-11-01 19:22:12.712 [main] WARN  o.s.c.l.c.LoadBalancerCacheAutoConfiguration$LoadBalancerCaffeineWarnLogger - Spring Cloud LoadBalancer is currently working with the default cache. While this cache implementation is useful for development and tests, it's recommended to use Caffeine cache in production.You can switch to using Caffeine cache, by adding it and org.springframework.cache.caffeine.CaffeineCacheManager to the classpath.
2025-11-01 19:22:12.759 [main] INFO  o.s.boot.web.embedded.tomcat.TomcatWebServer - Tomcat started on port(s): 8082 (http) with context path ''
2025-11-01 19:22:12.763 [main] WARN  com.alibaba.nacos.client.logging.NacosLogging - Load Logback Configuration of Nacos fail, message: Could not initialize Logback Nacos logging from classpath:nacos-logback.xml
2025-11-01 19:22:12.763 [main] INFO  com.alibaba.nacos.client.naming - initializer namespace from ans.namespace attribute : null
2025-11-01 19:22:12.763 [main] INFO  com.alibaba.nacos.client.naming - initializer namespace from ALIBABA_ALIWARE_NAMESPACE attribute :null
2025-11-01 19:22:12.764 [main] INFO  com.alibaba.nacos.client.naming - initializer namespace from namespace attribute :null
2025-11-01 19:22:12.775 [main] INFO  com.alibaba.nacos.client.utils.ParamUtil - [settings] [req-serv] nacos-server port:8848
2025-11-01 19:22:12.775 [main] INFO  com.alibaba.nacos.client.utils.ParamUtil - [settings] [http-client] connect timeout:1000
2025-11-01 19:22:12.776 [main] INFO  com.alibaba.nacos.client.utils.ParamUtil - PER_TASK_CONFIG_SIZE: 3000.0
2025-11-01 19:22:12.778 [main] INFO  c.a.n.p.auth.spi.client.ClientAuthPluginManager - [ClientAuthPluginManager] Load ClientAuthService com.alibaba.nacos.client.auth.impl.NacosClientAuthServiceImpl success.
2025-11-01 19:22:12.778 [main] INFO  c.a.n.p.auth.spi.client.ClientAuthPluginManager - [ClientAuthPluginManager] Load ClientAuthService com.alibaba.nacos.client.auth.ram.RamClientAuthServiceImpl success.
2025-11-01 19:22:12.780 [main] INFO  c.a.n.client.auth.ram.identify.CredentialWatcher - null No credential found
2025-11-01 19:22:12.783 [main] INFO  com.alibaba.nacos.common.remote.client - [RpcClientFactory] create a new rpc client of 78deeb0d-a465-447e-b4e3-532f82d79061
2025-11-01 19:22:12.795 [main] INFO  com.alibaba.nacos.common.remote.client - [78deeb0d-a465-447e-b4e3-532f82d79061] RpcClient init, ServerListFactory = com.alibaba.nacos.client.naming.core.ServerListManager
2025-11-01 19:22:12.795 [main] INFO  com.alibaba.nacos.common.remote.client - [78deeb0d-a465-447e-b4e3-532f82d79061] Registry connection listener to current client:com.alibaba.nacos.client.naming.remote.gprc.redo.NamingGrpcRedoService
2025-11-01 19:22:12.795 [main] INFO  com.alibaba.nacos.common.remote.client - [78deeb0d-a465-447e-b4e3-532f82d79061] Register server push request handler:com.alibaba.nacos.client.naming.remote.gprc.NamingPushRequestHandler
2025-11-01 19:22:12.797 [main] INFO  com.alibaba.nacos.common.remote.client - [78deeb0d-a465-447e-b4e3-532f82d79061] Try to connect to server on start up, server: {serverIp = '127.0.0.1', server main port = 8848}
2025-11-01 19:22:12.815 [main] INFO  c.a.nacos.common.remote.client.grpc.GrpcClient - grpc client connection server:127.0.0.1 ip,serverPort:9848,grpcTslConfig:{"sslProvider":"OPENSSL","enableTls":false,"mutualAuthEnable":false,"trustAll":false}
2025-11-01 19:22:13.454 [main] INFO  com.alibaba.nacos.common.remote.client - [78deeb0d-a465-447e-b4e3-532f82d79061] Success to connect to server [127.0.0.1:8848] on start up, connectionId = 1761996133295_127.0.0.1_13181
2025-11-01 19:22:13.455 [com.alibaba.nacos.client.remote.worker] INFO  com.alibaba.nacos.common.remote.client - [78deeb0d-a465-447e-b4e3-532f82d79061] Notify connected event to listeners.
2025-11-01 19:22:13.455 [com.alibaba.nacos.client.remote.worker] INFO  com.alibaba.nacos.client.naming - Grpc connection connect
2025-11-01 19:22:13.455 [main] INFO  com.alibaba.nacos.common.remote.client - [78deeb0d-a465-447e-b4e3-532f82d79061] Register server push request handler:com.alibaba.nacos.common.remote.client.RpcClient$ConnectResetRequestHandler
2025-11-01 19:22:13.455 [main] INFO  com.alibaba.nacos.common.remote.client - [78deeb0d-a465-447e-b4e3-532f82d79061] Register server push request handler:com.alibaba.nacos.common.remote.client.RpcClient$$Lambda$1264/0x00000179b27ae118
2025-11-01 19:22:13.455 [main] INFO  com.alibaba.nacos.client.naming - [REGISTER-SERVICE] xiaohashu registering service xiaohashu-user with instance Instance{instanceId='null', ip='192.168.134.1', port=8082, weight=1.0, healthy=true, enabled=true, ephemeral=true, clusterName='DEFAULT', serviceName='null', metadata={IPv6=null, preserved.register.source=SPRING_CLOUD}}
2025-11-01 19:22:13.463 [main] INFO  c.a.cloud.nacos.registry.NacosServiceRegistry - nacos registry, DEFAULT_GROUP xiaohashu-user 192.168.134.1:8082 register finished
2025-11-01 19:22:14.618 [main] INFO  org.springframework.cloud.commons.util.InetUtils - Cannot determine local hostname
2025-11-01 19:22:14.625 [main] INFO  c.q.xiaohashu.user.biz.XiaohashuUserBizApplication - Started XiaohashuUserBizApplication in 9.051 seconds (process running for 9.614)
2025-11-01 19:22:14.625 [main] INFO  c.q.x.u.biz.runner.PushRolePermissions2RedisRunner - ==> 服务启动，开始同步角色权限数据到 Redis 中...
2025-11-01 19:22:14.910 [main] WARN  c.q.x.u.biz.runner.PushRolePermissions2RedisRunner - ==> 角色权限数据已经同步至 Redis 中，不再同步...
2025-11-01 19:25:16.818 [http-nio-8082-exec-1] INFO  o.a.c.core.ContainerBase.[Tomcat].[localhost].[/] - Initializing Spring DispatcherServlet 'dispatcherServlet'
2025-11-01 19:25:16.818 [http-nio-8082-exec-1] INFO  org.springframework.web.servlet.DispatcherServlet - Initializing Servlet 'dispatcherServlet'
2025-11-01 19:25:16.819 [http-nio-8082-exec-1] INFO  org.springframework.web.servlet.DispatcherServlet - Completed initialization in 1 ms
2025-11-01 19:25:16.824 [http-nio-8082-exec-1] INFO  c.q.x.user.biz.filter.HeaderUserId2ContextFilter - ## HeaderUserId2ContextFilter, 用户 ID: null
2025-11-01 19:25:16.886 [http-nio-8082-exec-1] INFO  c.q.f.b.operationlog.aspect.ApiOperationLogAspect - ====== 请求开始: [用户注册], 入参: {"phone":"13345966872"}, 请求类: UserController, 请求方法: register =================================== 
2025-11-01 19:25:16.905 [http-nio-8082-exec-1] DEBUG c.q.x.u.b.domain.mapper.UserDOMapper.selectByPhone - ==>  Preparing: select id, password from t_user where phone = ?
2025-11-01 19:25:16.987 [http-nio-8082-exec-1] DEBUG c.q.x.u.b.domain.mapper.UserDOMapper.selectByPhone - ==> Parameters: 13345966872(String)
2025-11-01 19:25:16.998 [http-nio-8082-exec-1] DEBUG c.q.x.u.b.domain.mapper.UserDOMapper.selectByPhone - <==      Total: 0
2025-11-01 19:25:17.000 [http-nio-8082-exec-1] INFO  c.q.x.user.biz.service.impl.UserServiceImpl - ==> 用户是否注册, phone: 13345966872, userDO: null
2025-11-01 19:25:17.003 [http-nio-8082-exec-1] DEBUG c.q.x.user.biz.domain.mapper.UserDOMapper.insert - ==>  Preparing: insert into t_user (xiaohashu_id, `password`, nickname, avatar, birthday, background_img, phone, sex, `status`, introduction, create_time, update_time, is_deleted) values (?, ?, ?, ?, ?, ?, ?, ?, ?, ?, ?, ?, ?)
2025-11-01 19:25:17.012 [http-nio-8082-exec-1] DEBUG c.q.x.user.biz.domain.mapper.UserDOMapper.insert - ==> Parameters: 4(String), null, 小红薯4(String), null, null, null, 13345966872(String), null, 0(Integer), null, 2025-11-01T19:25:17.003331100(LocalDateTime), 2025-11-01T19:25:17.003331100(LocalDateTime), false(Boolean)
2025-11-01 19:25:17.015 [http-nio-8082-exec-1] DEBUG c.q.x.user.biz.domain.mapper.UserDOMapper.insert - <==    Updates: 1
2025-11-01 19:25:17.016 [http-nio-8082-exec-1] DEBUG c.q.x.u.b.domain.mapper.UserRoleRelDOMapper.insert - ==>  Preparing: insert into t_user_role_rel (id, user_id, role_id, create_time, update_time, is_deleted ) values (?, ?, ?, ?, ?, ? )
2025-11-01 19:25:17.017 [http-nio-8082-exec-1] DEBUG c.q.x.u.b.domain.mapper.UserRoleRelDOMapper.insert - ==> Parameters: null, 11(Long), 1(Long), 2025-11-01T19:25:17.016366300(LocalDateTime), 2025-11-01T19:25:17.016366300(LocalDateTime), false(Boolean)
2025-11-01 19:25:17.018 [http-nio-8082-exec-1] DEBUG c.q.x.u.b.domain.mapper.UserRoleRelDOMapper.insert - <==    Updates: 1
2025-11-01 19:25:17.018 [http-nio-8082-exec-1] DEBUG c.q.x.u.b.d.mapper.RoleDOMapper.selectByPrimaryKey - ==>  Preparing: select id, role_name, role_key, `status`, sort, remark, create_time, update_time, is_deleted from t_role where id = ?
2025-11-01 19:25:17.018 [http-nio-8082-exec-1] DEBUG c.q.x.u.b.d.mapper.RoleDOMapper.selectByPrimaryKey - ==> Parameters: 1(Long)
2025-11-01 19:25:17.022 [http-nio-8082-exec-1] DEBUG c.q.x.u.b.d.mapper.RoleDOMapper.selectByPrimaryKey - <==      Total: 1
2025-11-01 19:25:17.039 [http-nio-8082-exec-1] INFO  c.q.f.b.operationlog.aspect.ApiOperationLogAspect - ====== 请求结束: [用户注册], 耗时: 153ms, 出参: {"success":true,"message":null,"errorCode":null,"data":11} =================================== 
2025-11-01 19:26:39.213 [http-nio-8082-exec-2] INFO  c.q.x.user.biz.filter.HeaderUserId2ContextFilter - ## HeaderUserId2ContextFilter, 用户 ID: null
2025-11-01 19:26:39.218 [http-nio-8082-exec-2] INFO  c.q.f.b.operationlog.aspect.ApiOperationLogAspect - ====== 请求开始: [密码更新], 入参: {"encodePassword":"$2a$10$goZBF2s5qsz2QKBjBGBoROmbACuvrKgwqDqKaMW3e//lAgqvKCA52"}, 请求类: UserController, 请求方法: updatePassword =================================== 
2025-11-01 19:26:39.243 [http-nio-8082-exec-2] DEBUG c.q.x.u.b.d.m.U.updateByPrimaryKeySelective - ==>  Preparing: update t_user SET `password` = ?, update_time = ? where id = ?
2025-11-01 19:26:39.248 [http-nio-8082-exec-2] DEBUG c.q.x.u.b.d.m.U.updateByPrimaryKeySelective - ==> Parameters: $2a$10$goZBF2s5qsz2QKBjBGBoROmbACuvrKgwqDqKaMW3e//lAgqvKCA52(String), 2025-11-01T19:26:39.223926(LocalDateTime), null
2025-11-01 19:26:39.249 [http-nio-8082-exec-2] DEBUG c.q.x.u.b.d.m.U.updateByPrimaryKeySelective - <==    Updates: 0
2025-11-01 19:26:39.250 [http-nio-8082-exec-2] INFO  c.q.f.b.operationlog.aspect.ApiOperationLogAspect - ====== 请求结束: [密码更新], 耗时: 33ms, 出参: {"success":true,"message":null,"errorCode":null,"data":null} =================================== 
2025-11-01 19:29:03.519 [http-nio-8082-exec-5] INFO  c.q.x.user.biz.filter.HeaderUserId2ContextFilter - ## HeaderUserId2ContextFilter, 用户 ID: null
2025-11-01 19:29:03.520 [http-nio-8082-exec-5] INFO  c.q.f.b.operationlog.aspect.ApiOperationLogAspect - ====== 请求开始: [密码更新], 入参: {"encodePassword":"$2a$10$6T4vDw03obu4aTgFWt3/0eDuAQyojAPp6bAHK5qzQhSbHi1M.mF7i"}, 请求类: UserController, 请求方法: updatePassword =================================== 
2025-11-01 19:29:03.521 [http-nio-8082-exec-5] DEBUG c.q.x.u.b.d.m.U.updateByPrimaryKeySelective - ==>  Preparing: update t_user SET `password` = ?, update_time = ? where id = ?
2025-11-01 19:29:03.521 [http-nio-8082-exec-5] DEBUG c.q.x.u.b.d.m.U.updateByPrimaryKeySelective - ==> Parameters: $2a$10$6T4vDw03obu4aTgFWt3/0eDuAQyojAPp6bAHK5qzQhSbHi1M.mF7i(String), 2025-11-01T19:29:03.520319500(LocalDateTime), null
2025-11-01 19:29:03.522 [http-nio-8082-exec-5] DEBUG c.q.x.u.b.d.m.U.updateByPrimaryKeySelective - <==    Updates: 0
2025-11-01 19:29:03.522 [http-nio-8082-exec-5] INFO  c.q.f.b.operationlog.aspect.ApiOperationLogAspect - ====== 请求结束: [密码更新], 耗时: 2ms, 出参: {"success":true,"message":null,"errorCode":null,"data":null} =================================== 
2025-11-01 19:37:02.141 [main] WARN  com.alibaba.nacos.client.logging.NacosLogging - Load Logback Configuration of Nacos fail, message: Could not initialize Logback Nacos logging from classpath:nacos-logback.xml
2025-11-01 19:37:02.182 [main] WARN  com.alibaba.nacos.client.logging.NacosLogging - Load Logback Configuration of Nacos fail, message: Could not initialize Logback Nacos logging from classpath:nacos-logback.xml
2025-11-01 19:37:03.569 [main] WARN  com.alibaba.nacos.client.logging.NacosLogging - Load Logback Configuration of Nacos fail, message: Could not initialize Logback Nacos logging from classpath:nacos-logback.xml
2025-11-01 19:37:03.577 [main] WARN  com.alibaba.nacos.client.logging.NacosLogging - Load Logback Configuration of Nacos fail, message: Could not initialize Logback Nacos logging from classpath:nacos-logback.xml
2025-11-01 19:37:03.578 [main] INFO  c.q.xiaohashu.user.biz.XiaohashuUserBizApplication - The following 1 profile is active: "dev"
2025-11-01 19:37:03.974 [main] INFO  o.s.d.r.config.RepositoryConfigurationDelegate - Multiple Spring Data modules found, entering strict repository configuration mode
2025-11-01 19:37:03.975 [main] INFO  o.s.d.r.config.RepositoryConfigurationDelegate - Bootstrapping Spring Data Redis repositories in DEFAULT mode.
2025-11-01 19:37:03.989 [main] INFO  o.s.d.r.config.RepositoryConfigurationDelegate - Finished Spring Data repository scanning in 6 ms. Found 0 Redis repository interfaces.
2025-11-01 19:37:04.118 [main] INFO  o.springframework.cloud.context.scope.GenericScope - BeanFactory id=5d8a51e6-cf0c-3950-b57d-a9a49292a14d
2025-11-01 19:37:04.144 [main] INFO  o.s.c.s.PostProcessorRegistrationDelegate$BeanPostProcessorChecker - Bean 'com.quanxiaoha.xiaohashu.oss.api.FileFeignApi' of type [org.springframework.cloud.openfeign.FeignClientFactoryBean] is not eligible for getting processed by all BeanPostProcessors (for example: not eligible for auto-proxying)
2025-11-01 19:37:04.145 [main] INFO  o.s.c.s.PostProcessorRegistrationDelegate$BeanPostProcessorChecker - Bean 'com.quanxiaoha.xiaohashu.user.api.UserFeignApi' of type [org.springframework.cloud.openfeign.FeignClientFactoryBean] is not eligible for getting processed by all BeanPostProcessors (for example: not eligible for auto-proxying)
2025-11-01 19:37:04.379 [main] INFO  o.s.boot.web.embedded.tomcat.TomcatWebServer - Tomcat initialized with port(s): 8082 (http)
2025-11-01 19:37:04.386 [main] INFO  org.apache.catalina.core.StandardService - Starting service [Tomcat]
2025-11-01 19:37:04.386 [main] INFO  org.apache.catalina.core.StandardEngine - Starting Servlet engine: [Apache Tomcat/10.1.5]
2025-11-01 19:37:04.461 [main] INFO  o.a.c.core.ContainerBase.[Tomcat].[localhost].[/] - Initializing Spring embedded WebApplicationContext
2025-11-01 19:37:04.462 [main] INFO  o.s.b.w.s.c.ServletWebServerApplicationContext - Root WebApplicationContext: initialization completed in 867 ms
2025-11-01 19:37:04.696 [main] INFO  o.s.cloud.openfeign.FeignClientFactoryBean - For 'xiaohashu-oss' URL not provided. Will try picking an instance via load-balancing.
2025-11-01 19:37:04.725 [main] INFO  c.a.d.s.b.a.DruidDataSourceAutoConfigure - Init DruidDataSource
2025-11-01 19:37:04.934 [main] INFO  com.alibaba.druid.pool.DruidDataSource - {dataSource-1} inited
2025-11-01 19:37:06.458 [main] INFO  org.springframework.cloud.commons.util.InetUtils - Cannot determine local hostname
2025-11-01 19:37:07.846 [main] INFO  org.springframework.cloud.commons.util.InetUtils - Cannot determine local hostname
2025-11-01 19:37:07.862 [main] WARN  o.s.c.l.c.LoadBalancerCacheAutoConfiguration$LoadBalancerCaffeineWarnLogger - Spring Cloud LoadBalancer is currently working with the default cache. While this cache implementation is useful for development and tests, it's recommended to use Caffeine cache in production.You can switch to using Caffeine cache, by adding it and org.springframework.cache.caffeine.CaffeineCacheManager to the classpath.
2025-11-01 19:37:07.926 [main] INFO  o.s.boot.web.embedded.tomcat.TomcatWebServer - Tomcat started on port(s): 8082 (http) with context path ''
2025-11-01 19:37:07.929 [main] WARN  com.alibaba.nacos.client.logging.NacosLogging - Load Logback Configuration of Nacos fail, message: Could not initialize Logback Nacos logging from classpath:nacos-logback.xml
2025-11-01 19:37:07.930 [main] INFO  com.alibaba.nacos.client.naming - initializer namespace from ans.namespace attribute : null
2025-11-01 19:37:07.930 [main] INFO  com.alibaba.nacos.client.naming - initializer namespace from ALIBABA_ALIWARE_NAMESPACE attribute :null
2025-11-01 19:37:07.930 [main] INFO  com.alibaba.nacos.client.naming - initializer namespace from namespace attribute :null
2025-11-01 19:37:07.943 [main] INFO  com.alibaba.nacos.client.utils.ParamUtil - [settings] [req-serv] nacos-server port:8848
2025-11-01 19:37:07.943 [main] INFO  com.alibaba.nacos.client.utils.ParamUtil - [settings] [http-client] connect timeout:1000
2025-11-01 19:37:07.943 [main] INFO  com.alibaba.nacos.client.utils.ParamUtil - PER_TASK_CONFIG_SIZE: 3000.0
2025-11-01 19:37:07.946 [main] INFO  c.a.n.p.auth.spi.client.ClientAuthPluginManager - [ClientAuthPluginManager] Load ClientAuthService com.alibaba.nacos.client.auth.impl.NacosClientAuthServiceImpl success.
2025-11-01 19:37:07.946 [main] INFO  c.a.n.p.auth.spi.client.ClientAuthPluginManager - [ClientAuthPluginManager] Load ClientAuthService com.alibaba.nacos.client.auth.ram.RamClientAuthServiceImpl success.
2025-11-01 19:37:07.948 [main] INFO  c.a.n.client.auth.ram.identify.CredentialWatcher - null No credential found
2025-11-01 19:37:07.952 [main] INFO  com.alibaba.nacos.common.remote.client - [RpcClientFactory] create a new rpc client of aaf4ec3e-7664-4c7c-9331-a74c866fc05c
2025-11-01 19:37:07.963 [main] INFO  com.alibaba.nacos.common.remote.client - [aaf4ec3e-7664-4c7c-9331-a74c866fc05c] RpcClient init, ServerListFactory = com.alibaba.nacos.client.naming.core.ServerListManager
2025-11-01 19:37:07.963 [main] INFO  com.alibaba.nacos.common.remote.client - [aaf4ec3e-7664-4c7c-9331-a74c866fc05c] Registry connection listener to current client:com.alibaba.nacos.client.naming.remote.gprc.redo.NamingGrpcRedoService
2025-11-01 19:37:07.963 [main] INFO  com.alibaba.nacos.common.remote.client - [aaf4ec3e-7664-4c7c-9331-a74c866fc05c] Register server push request handler:com.alibaba.nacos.client.naming.remote.gprc.NamingPushRequestHandler
2025-11-01 19:37:07.965 [main] INFO  com.alibaba.nacos.common.remote.client - [aaf4ec3e-7664-4c7c-9331-a74c866fc05c] Try to connect to server on start up, server: {serverIp = '127.0.0.1', server main port = 8848}
2025-11-01 19:37:07.984 [main] INFO  c.a.nacos.common.remote.client.grpc.GrpcClient - grpc client connection server:127.0.0.1 ip,serverPort:9848,grpcTslConfig:{"sslProvider":"OPENSSL","enableTls":false,"mutualAuthEnable":false,"trustAll":false}
2025-11-01 19:37:08.657 [main] INFO  com.alibaba.nacos.common.remote.client - [aaf4ec3e-7664-4c7c-9331-a74c866fc05c] Success to connect to server [127.0.0.1:8848] on start up, connectionId = 1761997028487_127.0.0.1_13857
2025-11-01 19:37:08.658 [com.alibaba.nacos.client.remote.worker] INFO  com.alibaba.nacos.common.remote.client - [aaf4ec3e-7664-4c7c-9331-a74c866fc05c] Notify connected event to listeners.
2025-11-01 19:37:08.658 [com.alibaba.nacos.client.remote.worker] INFO  com.alibaba.nacos.client.naming - Grpc connection connect
2025-11-01 19:37:08.658 [main] INFO  com.alibaba.nacos.common.remote.client - [aaf4ec3e-7664-4c7c-9331-a74c866fc05c] Register server push request handler:com.alibaba.nacos.common.remote.client.RpcClient$ConnectResetRequestHandler
2025-11-01 19:37:08.658 [main] INFO  com.alibaba.nacos.common.remote.client - [aaf4ec3e-7664-4c7c-9331-a74c866fc05c] Register server push request handler:com.alibaba.nacos.common.remote.client.RpcClient$$Lambda$1264/0x00000279817aea48
2025-11-01 19:37:08.659 [main] INFO  com.alibaba.nacos.client.naming - [REGISTER-SERVICE] xiaohashu registering service xiaohashu-user with instance Instance{instanceId='null', ip='192.168.134.1', port=8082, weight=1.0, healthy=true, enabled=true, ephemeral=true, clusterName='DEFAULT', serviceName='null', metadata={IPv6=null, preserved.register.source=SPRING_CLOUD}}
2025-11-01 19:37:08.670 [main] INFO  c.a.cloud.nacos.registry.NacosServiceRegistry - nacos registry, DEFAULT_GROUP xiaohashu-user 192.168.134.1:8082 register finished
2025-11-01 19:37:09.827 [main] INFO  org.springframework.cloud.commons.util.InetUtils - Cannot determine local hostname
2025-11-01 19:37:09.834 [main] INFO  c.q.xiaohashu.user.biz.XiaohashuUserBizApplication - Started XiaohashuUserBizApplication in 9.275 seconds (process running for 9.771)
2025-11-01 19:37:09.835 [main] INFO  c.q.x.u.biz.runner.PushRolePermissions2RedisRunner - ==> 服务启动，开始同步角色权限数据到 Redis 中...
2025-11-01 19:37:10.120 [main] WARN  c.q.x.u.biz.runner.PushRolePermissions2RedisRunner - ==> 角色权限数据已经同步至 Redis 中，不再同步...
2025-11-01 19:37:22.482 [http-nio-8082-exec-1] INFO  o.a.c.core.ContainerBase.[Tomcat].[localhost].[/] - Initializing Spring DispatcherServlet 'dispatcherServlet'
2025-11-01 19:37:22.482 [http-nio-8082-exec-1] INFO  org.springframework.web.servlet.DispatcherServlet - Initializing Servlet 'dispatcherServlet'
2025-11-01 19:37:22.483 [http-nio-8082-exec-1] INFO  org.springframework.web.servlet.DispatcherServlet - Completed initialization in 1 ms
2025-11-01 19:37:22.488 [http-nio-8082-exec-1] INFO  c.q.x.user.biz.filter.HeaderUserId2ContextFilter - ## HeaderUserId2ContextFilter, 用户 ID: null
2025-11-01 19:37:22.540 [http-nio-8082-exec-1] INFO  c.q.f.b.operationlog.aspect.ApiOperationLogAspect - ====== 请求开始: [密码更新], 入参: {"encodePassword":"$2a$10$iPTc6x.mitmFxVG/9pxIOev1tgpKq50MYrNh.l28WsJbTtTHmbXne"}, 请求类: UserController, 请求方法: updatePassword =================================== 
2025-11-01 19:37:22.566 [http-nio-8082-exec-1] DEBUG c.q.x.u.b.d.m.U.updateByPrimaryKeySelective - ==>  Preparing: update t_user SET `password` = ?, update_time = ? where id = ?
2025-11-01 19:37:22.643 [http-nio-8082-exec-1] DEBUG c.q.x.u.b.d.m.U.updateByPrimaryKeySelective - ==> Parameters: $2a$10$iPTc6x.mitmFxVG/9pxIOev1tgpKq50MYrNh.l28WsJbTtTHmbXne(String), 2025-11-01T19:37:22.542879200(LocalDateTime), null
2025-11-01 19:37:22.649 [http-nio-8082-exec-1] DEBUG c.q.x.u.b.d.m.U.updateByPrimaryKeySelective - <==    Updates: 0
2025-11-01 19:37:22.651 [http-nio-8082-exec-1] INFO  c.q.f.b.operationlog.aspect.ApiOperationLogAspect - ====== 请求结束: [密码更新], 耗时: 111ms, 出参: {"success":true,"message":null,"errorCode":null,"data":null} =================================== 
2025-11-01 19:44:04.863 [main] WARN  com.alibaba.nacos.client.logging.NacosLogging - Load Logback Configuration of Nacos fail, message: Could not initialize Logback Nacos logging from classpath:nacos-logback.xml
2025-11-01 19:44:04.909 [main] WARN  com.alibaba.nacos.client.logging.NacosLogging - Load Logback Configuration of Nacos fail, message: Could not initialize Logback Nacos logging from classpath:nacos-logback.xml
2025-11-01 19:44:06.308 [main] WARN  com.alibaba.nacos.client.logging.NacosLogging - Load Logback Configuration of Nacos fail, message: Could not initialize Logback Nacos logging from classpath:nacos-logback.xml
2025-11-01 19:44:06.317 [main] WARN  com.alibaba.nacos.client.logging.NacosLogging - Load Logback Configuration of Nacos fail, message: Could not initialize Logback Nacos logging from classpath:nacos-logback.xml
2025-11-01 19:44:06.317 [main] INFO  c.q.xiaohashu.user.biz.XiaohashuUserBizApplication - The following 1 profile is active: "dev"
2025-11-01 19:44:06.732 [main] INFO  o.s.d.r.config.RepositoryConfigurationDelegate - Multiple Spring Data modules found, entering strict repository configuration mode
2025-11-01 19:44:06.733 [main] INFO  o.s.d.r.config.RepositoryConfigurationDelegate - Bootstrapping Spring Data Redis repositories in DEFAULT mode.
2025-11-01 19:44:06.749 [main] INFO  o.s.d.r.config.RepositoryConfigurationDelegate - Finished Spring Data repository scanning in 6 ms. Found 0 Redis repository interfaces.
2025-11-01 19:44:06.892 [main] INFO  o.springframework.cloud.context.scope.GenericScope - BeanFactory id=5d8a51e6-cf0c-3950-b57d-a9a49292a14d
2025-11-01 19:44:06.914 [main] INFO  o.s.c.s.PostProcessorRegistrationDelegate$BeanPostProcessorChecker - Bean 'com.quanxiaoha.xiaohashu.oss.api.FileFeignApi' of type [org.springframework.cloud.openfeign.FeignClientFactoryBean] is not eligible for getting processed by all BeanPostProcessors (for example: not eligible for auto-proxying)
2025-11-01 19:44:06.915 [main] INFO  o.s.c.s.PostProcessorRegistrationDelegate$BeanPostProcessorChecker - Bean 'com.quanxiaoha.xiaohashu.user.api.UserFeignApi' of type [org.springframework.cloud.openfeign.FeignClientFactoryBean] is not eligible for getting processed by all BeanPostProcessors (for example: not eligible for auto-proxying)
2025-11-01 19:44:07.184 [main] INFO  o.s.boot.web.embedded.tomcat.TomcatWebServer - Tomcat initialized with port(s): 8082 (http)
2025-11-01 19:44:07.191 [main] INFO  org.apache.catalina.core.StandardService - Starting service [Tomcat]
2025-11-01 19:44:07.192 [main] INFO  org.apache.catalina.core.StandardEngine - Starting Servlet engine: [Apache Tomcat/10.1.5]
2025-11-01 19:44:07.274 [main] INFO  o.a.c.core.ContainerBase.[Tomcat].[localhost].[/] - Initializing Spring embedded WebApplicationContext
2025-11-01 19:44:07.274 [main] INFO  o.s.b.w.s.c.ServletWebServerApplicationContext - Root WebApplicationContext: initialization completed in 943 ms
2025-11-01 19:44:07.537 [main] INFO  o.s.cloud.openfeign.FeignClientFactoryBean - For 'xiaohashu-oss' URL not provided. Will try picking an instance via load-balancing.
2025-11-01 19:44:07.569 [main] INFO  c.a.d.s.b.a.DruidDataSourceAutoConfigure - Init DruidDataSource
2025-11-01 19:44:07.785 [main] INFO  com.alibaba.druid.pool.DruidDataSource - {dataSource-1} inited
2025-11-01 19:44:09.332 [main] INFO  org.springframework.cloud.commons.util.InetUtils - Cannot determine local hostname
2025-11-01 19:44:10.739 [main] INFO  org.springframework.cloud.commons.util.InetUtils - Cannot determine local hostname
2025-11-01 19:44:10.758 [main] WARN  o.s.c.l.c.LoadBalancerCacheAutoConfiguration$LoadBalancerCaffeineWarnLogger - Spring Cloud LoadBalancer is currently working with the default cache. While this cache implementation is useful for development and tests, it's recommended to use Caffeine cache in production.You can switch to using Caffeine cache, by adding it and org.springframework.cache.caffeine.CaffeineCacheManager to the classpath.
2025-11-01 19:44:32.647 [main] INFO  o.s.boot.web.embedded.tomcat.TomcatWebServer - Tomcat started on port(s): 8082 (http) with context path ''
2025-11-01 19:44:32.966 [main] WARN  com.alibaba.nacos.client.logging.NacosLogging - Load Logback Configuration of Nacos fail, message: Could not initialize Logback Nacos logging from classpath:nacos-logback.xml
2025-11-01 19:44:32.972 [main] INFO  com.alibaba.nacos.client.naming - initializer namespace from ans.namespace attribute : null
2025-11-01 19:44:33.116 [main] INFO  com.alibaba.nacos.client.naming - initializer namespace from ALIBABA_ALIWARE_NAMESPACE attribute :null
2025-11-01 19:44:33.135 [main] INFO  com.alibaba.nacos.client.naming - initializer namespace from namespace attribute :null
2025-11-01 19:44:33.154 [main] INFO  com.alibaba.nacos.client.utils.ParamUtil - [settings] [req-serv] nacos-server port:8848
2025-11-01 19:44:33.154 [main] INFO  com.alibaba.nacos.client.utils.ParamUtil - [settings] [http-client] connect timeout:1000
2025-11-01 19:44:33.155 [main] INFO  com.alibaba.nacos.client.utils.ParamUtil - PER_TASK_CONFIG_SIZE: 3000.0
2025-11-01 19:44:33.157 [main] INFO  c.a.n.p.auth.spi.client.ClientAuthPluginManager - [ClientAuthPluginManager] Load ClientAuthService com.alibaba.nacos.client.auth.impl.NacosClientAuthServiceImpl success.
2025-11-01 19:44:33.157 [main] INFO  c.a.n.p.auth.spi.client.ClientAuthPluginManager - [ClientAuthPluginManager] Load ClientAuthService com.alibaba.nacos.client.auth.ram.RamClientAuthServiceImpl success.
2025-11-01 19:44:33.159 [main] INFO  c.a.n.client.auth.ram.identify.CredentialWatcher - null No credential found
2025-11-01 19:44:33.164 [main] INFO  com.alibaba.nacos.common.remote.client - [RpcClientFactory] create a new rpc client of f30b3eca-1746-4370-b0f0-528194e5b0ad
2025-11-01 19:44:33.175 [main] INFO  com.alibaba.nacos.common.remote.client - [f30b3eca-1746-4370-b0f0-528194e5b0ad] RpcClient init, ServerListFactory = com.alibaba.nacos.client.naming.core.ServerListManager
2025-11-01 19:44:33.175 [main] INFO  com.alibaba.nacos.common.remote.client - [f30b3eca-1746-4370-b0f0-528194e5b0ad] Registry connection listener to current client:com.alibaba.nacos.client.naming.remote.gprc.redo.NamingGrpcRedoService
2025-11-01 19:44:33.176 [main] INFO  com.alibaba.nacos.common.remote.client - [f30b3eca-1746-4370-b0f0-528194e5b0ad] Register server push request handler:com.alibaba.nacos.client.naming.remote.gprc.NamingPushRequestHandler
2025-11-01 19:44:33.179 [main] INFO  com.alibaba.nacos.common.remote.client - [f30b3eca-1746-4370-b0f0-528194e5b0ad] Try to connect to server on start up, server: {serverIp = '127.0.0.1', server main port = 8848}
2025-11-01 19:44:33.199 [main] INFO  c.a.nacos.common.remote.client.grpc.GrpcClient - grpc client connection server:127.0.0.1 ip,serverPort:9848,grpcTslConfig:{"sslProvider":"OPENSSL","enableTls":false,"mutualAuthEnable":false,"trustAll":false}
2025-11-01 19:44:33.290 [Thread-10] WARN  c.alibaba.nacos.common.http.HttpClientBeanHolder - [HttpClientBeanHolder] Start destroying common HttpClient
2025-11-01 19:44:33.290 [Thread-7] WARN  com.alibaba.nacos.common.notify.NotifyCenter - [NotifyCenter] Start destroying Publisher
2025-11-01 19:44:33.290 [Thread-10] WARN  c.alibaba.nacos.common.http.HttpClientBeanHolder - [HttpClientBeanHolder] Destruction of the end
2025-11-01 19:44:33.290 [Thread-7] WARN  com.alibaba.nacos.common.notify.NotifyCenter - [NotifyCenter] Destruction of the end
2025-11-01 19:44:33.965 [main] INFO  com.alibaba.nacos.common.remote.client - [f30b3eca-1746-4370-b0f0-528194e5b0ad] Success to connect to server [127.0.0.1:8848] on start up, connectionId = 1761997473798_127.0.0.1_14018
2025-11-01 19:44:33.965 [com.alibaba.nacos.client.remote.worker] INFO  com.alibaba.nacos.common.remote.client - [f30b3eca-1746-4370-b0f0-528194e5b0ad] Notify connected event to listeners.
2025-11-01 19:44:33.965 [com.alibaba.nacos.client.remote.worker] INFO  com.alibaba.nacos.client.naming - Grpc connection connect
2025-11-01 19:44:33.965 [main] INFO  com.alibaba.nacos.common.remote.client - [f30b3eca-1746-4370-b0f0-528194e5b0ad] Register server push request handler:com.alibaba.nacos.common.remote.client.RpcClient$ConnectResetRequestHandler
2025-11-01 19:44:33.966 [main] INFO  com.alibaba.nacos.common.remote.client - [f30b3eca-1746-4370-b0f0-528194e5b0ad] Register server push request handler:com.alibaba.nacos.common.remote.client.RpcClient$$Lambda$1266/0x000001cc017b7930
2025-11-01 19:44:33.966 [main] INFO  com.alibaba.nacos.client.naming - [REGISTER-SERVICE] xiaohashu registering service xiaohashu-user with instance Instance{instanceId='null', ip='192.168.134.1', port=8082, weight=1.0, healthy=true, enabled=true, ephemeral=true, clusterName='DEFAULT', serviceName='null', metadata={IPv6=null, preserved.register.source=SPRING_CLOUD}}
2025-11-01 19:44:33.977 [main] INFO  c.a.cloud.nacos.registry.NacosServiceRegistry - nacos registry, DEFAULT_GROUP xiaohashu-user 192.168.134.1:8082 register finished
2025-11-01 19:44:35.127 [main] INFO  org.springframework.cloud.commons.util.InetUtils - Cannot determine local hostname
2025-11-01 19:44:35.134 [main] INFO  c.q.xiaohashu.user.biz.XiaohashuUserBizApplication - Started XiaohashuUserBizApplication in 31.927 seconds (process running for 32.603)
2025-11-01 19:44:35.135 [main] INFO  c.q.x.u.biz.runner.PushRolePermissions2RedisRunner - ==> 服务启动，开始同步角色权限数据到 Redis 中...
2025-11-01 19:44:35.166 [SpringApplicationShutdownHook] INFO  c.a.cloud.nacos.registry.NacosServiceRegistry - De-registering from Nacos Server now...
2025-11-01 19:44:35.167 [SpringApplicationShutdownHook] INFO  com.alibaba.nacos.client.naming - [DEREGISTER-SERVICE] xiaohashu deregistering service xiaohashu-user with instance: Instance{instanceId='null', ip='192.168.134.1', port=8082, weight=1.0, healthy=true, enabled=true, ephemeral=true, clusterName='DEFAULT', serviceName='null', metadata={}}
2025-11-01 19:44:35.177 [SpringApplicationShutdownHook] INFO  c.a.cloud.nacos.registry.NacosServiceRegistry - De-registration finished.
2025-11-01 19:44:35.177 [SpringApplicationShutdownHook] INFO  com.alibaba.nacos.client.naming - com.alibaba.nacos.client.naming.cache.ServiceInfoHolder do shutdown begin
2025-11-01 19:44:35.177 [SpringApplicationShutdownHook] INFO  com.alibaba.nacos.client.naming - com.alibaba.nacos.client.naming.backups.FailoverReactor do shutdown begin
2025-11-01 19:44:35.451 [main] WARN  c.q.x.u.biz.runner.PushRolePermissions2RedisRunner - ==> 角色权限数据已经同步至 Redis 中，不再同步...
2025-11-01 19:44:35.504 [SpringApplicationShutdownHook] INFO  com.alibaba.nacos.client.naming - com.alibaba.nacos.client.naming.backups.FailoverReactor do shutdown stop
2025-11-01 19:44:35.504 [SpringApplicationShutdownHook] INFO  com.alibaba.nacos.client.naming - com.alibaba.nacos.client.naming.cache.ServiceInfoHolder do shutdown stop
2025-11-01 19:44:35.505 [SpringApplicationShutdownHook] INFO  com.alibaba.nacos.client.naming - com.alibaba.nacos.client.naming.remote.NamingClientProxyDelegate do shutdown begin
2025-11-01 19:44:35.505 [SpringApplicationShutdownHook] INFO  com.alibaba.nacos.client.naming - com.alibaba.nacos.client.naming.core.ServiceInfoUpdateService do shutdown begin
2025-11-01 19:44:35.505 [SpringApplicationShutdownHook] INFO  com.alibaba.nacos.client.naming - com.alibaba.nacos.client.naming.core.ServiceInfoUpdateService do shutdown stop
2025-11-01 19:44:35.505 [SpringApplicationShutdownHook] INFO  com.alibaba.nacos.client.naming - com.alibaba.nacos.client.naming.core.ServerListManager do shutdown begin
2025-11-01 19:44:35.505 [SpringApplicationShutdownHook] WARN  com.alibaba.nacos.client.naming - [NamingHttpClientManager] Start destroying NacosRestTemplate
2025-11-01 19:44:35.505 [SpringApplicationShutdownHook] WARN  com.alibaba.nacos.client.naming - [NamingHttpClientManager] Destruction of the end
2025-11-01 19:44:35.506 [SpringApplicationShutdownHook] INFO  com.alibaba.nacos.client.naming - com.alibaba.nacos.client.naming.core.ServerListManager do shutdown stop
2025-11-01 19:44:35.506 [SpringApplicationShutdownHook] INFO  com.alibaba.nacos.client.naming - com.alibaba.nacos.client.naming.remote.http.NamingHttpClientProxy do shutdown begin
2025-11-01 19:44:35.506 [SpringApplicationShutdownHook] WARN  com.alibaba.nacos.client.naming - [NamingHttpClientManager] Start destroying NacosRestTemplate
2025-11-01 19:44:35.506 [SpringApplicationShutdownHook] WARN  com.alibaba.nacos.client.naming - [NamingHttpClientManager] Destruction of the end
2025-11-01 19:44:35.506 [SpringApplicationShutdownHook] INFO  com.alibaba.nacos.client.naming - com.alibaba.nacos.client.naming.remote.http.NamingHttpClientProxy do shutdown stop
2025-11-01 19:44:35.506 [SpringApplicationShutdownHook] INFO  com.alibaba.nacos.common.remote.client - Shutdown rpc client, set status to shutdown
2025-11-01 19:44:35.506 [SpringApplicationShutdownHook] INFO  com.alibaba.nacos.common.remote.client - Shutdown client event executor java.util.concurrent.ScheduledThreadPoolExecutor@34dff7f3[Running, pool size = 2, active threads = 2, queued tasks = 0, completed tasks = 0]
2025-11-01 19:44:35.506 [SpringApplicationShutdownHook] INFO  com.alibaba.nacos.common.remote.client - Close current connection 1761997473798_127.0.0.1_14018
2025-11-01 19:44:35.508 [nacos-grpc-client-executor-127.0.0.1-10] INFO  c.a.nacos.common.remote.client.grpc.GrpcClient - [1761997473798_127.0.0.1_14018]Ignore complete event,isRunning:false,isAbandon=false
2025-11-01 19:44:35.510 [SpringApplicationShutdownHook] INFO  c.a.nacos.common.remote.client.grpc.GrpcClient - Shutdown grpc executor java.util.concurrent.ThreadPoolExecutor@22e70ec3[Running, pool size = 11, active threads = 0, queued tasks = 0, completed tasks = 11]
2025-11-01 19:44:35.510 [SpringApplicationShutdownHook] INFO  com.alibaba.nacos.client.naming - Shutdown grpc redo service executor java.util.concurrent.ScheduledThreadPoolExecutor@63d31aba[Running, pool size = 1, active threads = 0, queued tasks = 1, completed tasks = 0]
2025-11-01 19:44:35.510 [SpringApplicationShutdownHook] INFO  c.a.n.client.auth.ram.identify.CredentialWatcher - [null] CredentialWatcher is stopped
2025-11-01 19:44:35.511 [SpringApplicationShutdownHook] INFO  c.a.n.client.auth.ram.identify.CredentialService - [null] CredentialService is freed
2025-11-01 19:44:35.511 [SpringApplicationShutdownHook] INFO  com.alibaba.nacos.client.naming - com.alibaba.nacos.client.naming.remote.NamingClientProxyDelegate do shutdown stop
2025-11-01 19:44:35.512 [SpringApplicationShutdownHook] INFO  com.alibaba.druid.pool.DruidDataSource - {dataSource-1} closing ...
2025-11-01 19:44:35.517 [SpringApplicationShutdownHook] INFO  com.alibaba.druid.pool.DruidDataSource - {dataSource-1} closed
2025-11-01 19:45:17.801 [main] WARN  com.alibaba.nacos.client.logging.NacosLogging - Load Logback Configuration of Nacos fail, message: Could not initialize Logback Nacos logging from classpath:nacos-logback.xml
2025-11-01 19:45:17.846 [main] WARN  com.alibaba.nacos.client.logging.NacosLogging - Load Logback Configuration of Nacos fail, message: Could not initialize Logback Nacos logging from classpath:nacos-logback.xml
2025-11-01 19:45:19.261 [main] WARN  com.alibaba.nacos.client.logging.NacosLogging - Load Logback Configuration of Nacos fail, message: Could not initialize Logback Nacos logging from classpath:nacos-logback.xml
2025-11-01 19:45:19.271 [main] WARN  com.alibaba.nacos.client.logging.NacosLogging - Load Logback Configuration of Nacos fail, message: Could not initialize Logback Nacos logging from classpath:nacos-logback.xml
2025-11-01 19:45:19.272 [main] INFO  c.q.xiaohashu.user.biz.XiaohashuUserBizApplication - The following 1 profile is active: "dev"
2025-11-01 19:45:19.689 [main] INFO  o.s.d.r.config.RepositoryConfigurationDelegate - Multiple Spring Data modules found, entering strict repository configuration mode
2025-11-01 19:45:19.691 [main] INFO  o.s.d.r.config.RepositoryConfigurationDelegate - Bootstrapping Spring Data Redis repositories in DEFAULT mode.
2025-11-01 19:45:19.706 [main] INFO  o.s.d.r.config.RepositoryConfigurationDelegate - Finished Spring Data repository scanning in 6 ms. Found 0 Redis repository interfaces.
2025-11-01 19:45:19.839 [main] INFO  o.springframework.cloud.context.scope.GenericScope - BeanFactory id=5d8a51e6-cf0c-3950-b57d-a9a49292a14d
2025-11-01 19:45:19.866 [main] INFO  o.s.c.s.PostProcessorRegistrationDelegate$BeanPostProcessorChecker - Bean 'com.quanxiaoha.xiaohashu.oss.api.FileFeignApi' of type [org.springframework.cloud.openfeign.FeignClientFactoryBean] is not eligible for getting processed by all BeanPostProcessors (for example: not eligible for auto-proxying)
2025-11-01 19:45:19.867 [main] INFO  o.s.c.s.PostProcessorRegistrationDelegate$BeanPostProcessorChecker - Bean 'com.quanxiaoha.xiaohashu.user.api.UserFeignApi' of type [org.springframework.cloud.openfeign.FeignClientFactoryBean] is not eligible for getting processed by all BeanPostProcessors (for example: not eligible for auto-proxying)
2025-11-01 19:45:20.126 [main] INFO  o.s.boot.web.embedded.tomcat.TomcatWebServer - Tomcat initialized with port(s): 8082 (http)
2025-11-01 19:45:20.132 [main] INFO  org.apache.catalina.core.StandardService - Starting service [Tomcat]
2025-11-01 19:45:20.133 [main] INFO  org.apache.catalina.core.StandardEngine - Starting Servlet engine: [Apache Tomcat/10.1.5]
2025-11-01 19:45:20.216 [main] INFO  o.a.c.core.ContainerBase.[Tomcat].[localhost].[/] - Initializing Spring embedded WebApplicationContext
2025-11-01 19:45:20.216 [main] INFO  o.s.b.w.s.c.ServletWebServerApplicationContext - Root WebApplicationContext: initialization completed in 931 ms
2025-11-01 19:45:20.468 [main] INFO  o.s.cloud.openfeign.FeignClientFactoryBean - For 'xiaohashu-oss' URL not provided. Will try picking an instance via load-balancing.
2025-11-01 19:45:20.502 [main] INFO  c.a.d.s.b.a.DruidDataSourceAutoConfigure - Init DruidDataSource
2025-11-01 19:45:20.705 [main] INFO  com.alibaba.druid.pool.DruidDataSource - {dataSource-1} inited
2025-11-01 19:45:22.272 [main] INFO  org.springframework.cloud.commons.util.InetUtils - Cannot determine local hostname
2025-11-01 19:45:23.693 [main] INFO  org.springframework.cloud.commons.util.InetUtils - Cannot determine local hostname
2025-11-01 19:45:23.712 [main] WARN  o.s.c.l.c.LoadBalancerCacheAutoConfiguration$LoadBalancerCaffeineWarnLogger - Spring Cloud LoadBalancer is currently working with the default cache. While this cache implementation is useful for development and tests, it's recommended to use Caffeine cache in production.You can switch to using Caffeine cache, by adding it and org.springframework.cache.caffeine.CaffeineCacheManager to the classpath.
2025-11-01 19:45:45.733 [main] INFO  o.s.boot.web.embedded.tomcat.TomcatWebServer - Tomcat started on port(s): 8082 (http) with context path ''
2025-11-01 19:45:46.090 [main] WARN  com.alibaba.nacos.client.logging.NacosLogging - Load Logback Configuration of Nacos fail, message: Could not initialize Logback Nacos logging from classpath:nacos-logback.xml
2025-11-01 19:45:46.116 [main] INFO  com.alibaba.nacos.client.naming - initializer namespace from ans.namespace attribute : null
2025-11-01 19:45:46.201 [main] INFO  com.alibaba.nacos.client.naming - initializer namespace from ALIBABA_ALIWARE_NAMESPACE attribute :null
2025-11-01 19:45:46.239 [main] INFO  com.alibaba.nacos.client.naming - initializer namespace from namespace attribute :null
2025-11-01 19:45:47.952 [main] INFO  com.alibaba.nacos.client.utils.ParamUtil - [settings] [req-serv] nacos-server port:8848
2025-11-01 19:45:47.972 [main] INFO  com.alibaba.nacos.client.utils.ParamUtil - [settings] [http-client] connect timeout:1000
2025-11-01 19:45:48.155 [main] INFO  com.alibaba.nacos.client.utils.ParamUtil - PER_TASK_CONFIG_SIZE: 3000.0
2025-11-01 19:45:48.504 [main] INFO  c.a.n.p.auth.spi.client.ClientAuthPluginManager - [ClientAuthPluginManager] Load ClientAuthService com.alibaba.nacos.client.auth.impl.NacosClientAuthServiceImpl success.
2025-11-01 19:45:48.510 [main] INFO  c.a.n.p.auth.spi.client.ClientAuthPluginManager - [ClientAuthPluginManager] Load ClientAuthService com.alibaba.nacos.client.auth.ram.RamClientAuthServiceImpl success.
2025-11-01 19:45:48.854 [main] INFO  c.a.n.client.auth.ram.identify.CredentialWatcher - null No credential found
2025-11-01 19:45:49.150 [main] INFO  com.alibaba.nacos.common.remote.client - [RpcClientFactory] create a new rpc client of 948c50eb-3239-4491-9066-390e33975d07
2025-11-01 19:45:51.071 [main] INFO  com.alibaba.nacos.common.remote.client - [948c50eb-3239-4491-9066-390e33975d07] RpcClient init, ServerListFactory = com.alibaba.nacos.client.naming.core.ServerListManager
2025-11-01 19:45:51.076 [main] INFO  com.alibaba.nacos.common.remote.client - [948c50eb-3239-4491-9066-390e33975d07] Registry connection listener to current client:com.alibaba.nacos.client.naming.remote.gprc.redo.NamingGrpcRedoService
2025-11-01 19:45:51.212 [main] INFO  com.alibaba.nacos.common.remote.client - [948c50eb-3239-4491-9066-390e33975d07] Register server push request handler:com.alibaba.nacos.client.naming.remote.gprc.NamingPushRequestHandler
2025-11-01 19:45:51.350 [main] INFO  com.alibaba.nacos.common.remote.client - [948c50eb-3239-4491-9066-390e33975d07] Try to connect to server on start up, server: {serverIp = '127.0.0.1', server main port = 8848}
2025-11-01 19:45:52.397 [main] INFO  c.a.nacos.common.remote.client.grpc.GrpcClient - grpc client connection server:127.0.0.1 ip,serverPort:9848,grpcTslConfig:{"sslProvider":"OPENSSL","enableTls":false,"mutualAuthEnable":false,"trustAll":false}
2025-11-01 19:45:54.067 [com.alibaba.nacos.client.naming.grpc.redo.0] WARN  com.alibaba.nacos.client.naming - Grpc Connection is disconnect, skip current redo task
2025-11-01 19:45:57.103 [com.alibaba.nacos.client.naming.grpc.redo.0] WARN  com.alibaba.nacos.client.naming - Grpc Connection is disconnect, skip current redo task
2025-11-01 19:46:00.133 [com.alibaba.nacos.client.naming.grpc.redo.0] WARN  com.alibaba.nacos.client.naming - Grpc Connection is disconnect, skip current redo task
2025-11-01 19:46:03.160 [com.alibaba.nacos.client.naming.grpc.redo.0] WARN  com.alibaba.nacos.client.naming - Grpc Connection is disconnect, skip current redo task
2025-11-01 19:46:06.217 [com.alibaba.nacos.client.naming.grpc.redo.0] WARN  com.alibaba.nacos.client.naming - Grpc Connection is disconnect, skip current redo task
2025-11-01 19:46:09.243 [com.alibaba.nacos.client.naming.grpc.redo.0] WARN  com.alibaba.nacos.client.naming - Grpc Connection is disconnect, skip current redo task
2025-11-01 19:46:12.280 [com.alibaba.nacos.client.naming.grpc.redo.0] WARN  com.alibaba.nacos.client.naming - Grpc Connection is disconnect, skip current redo task
2025-11-01 19:46:15.352 [com.alibaba.nacos.client.naming.grpc.redo.0] WARN  com.alibaba.nacos.client.naming - Grpc Connection is disconnect, skip current redo task
2025-11-01 19:46:18.417 [com.alibaba.nacos.client.naming.grpc.redo.0] WARN  com.alibaba.nacos.client.naming - Grpc Connection is disconnect, skip current redo task
2025-11-01 19:46:17.118 [main] ERROR c.a.nacos.common.remote.client.grpc.GrpcClient - Server check fail, please check server 127.0.0.1 ,port 9848 is available , error ={}
java.util.concurrent.TimeoutException: Waited 3000 milliseconds (plus 193 milliseconds, 920700 nanoseconds delay) for com.alibaba.nacos.shaded.io.grpc.stub.ClientCalls$GrpcFuture@7f20dfd5[status=PENDING, info=[GrpcFuture{clientCall=PendingCall{realCall=ClientCallImpl{method=MethodDescriptor{fullMethodName=Request/request, type=UNARY, idempotent=false, safe=false, sampledToLocalTracing=true, requestMarshaller=com.alibaba.nacos.shaded.io.grpc.protobuf.lite.ProtoLiteUtils$MessageMarshaller@15651402, responseMarshaller=com.alibaba.nacos.shaded.io.grpc.protobuf.lite.ProtoLiteUtils$MessageMarshaller@5c194652, schemaDescriptor=com.alibaba.nacos.api.grpc.auto.RequestGrpc$RequestMethodDescriptorSupplier@1f02b6d1}}}}]]
	at com.alibaba.nacos.shaded.com.google.common.util.concurrent.AbstractFuture.get(AbstractFuture.java:508)
	at com.alibaba.nacos.common.remote.client.grpc.GrpcClient.serverCheck(GrpcClient.java:218)
	at com.alibaba.nacos.common.remote.client.grpc.GrpcClient.connectToServer(GrpcClient.java:329)
	at com.alibaba.nacos.common.remote.client.RpcClient.start(RpcClient.java:363)
	at com.alibaba.nacos.client.naming.remote.gprc.NamingGrpcClientProxy.start(NamingGrpcClientProxy.java:105)
	at com.alibaba.nacos.client.naming.remote.gprc.NamingGrpcClientProxy.<init>(NamingGrpcClientProxy.java:98)
	at com.alibaba.nacos.client.naming.remote.NamingClientProxyDelegate.<init>(NamingClientProxyDelegate.java:78)
	at com.alibaba.nacos.client.naming.NacosNamingService.init(NacosNamingService.java:102)
	at com.alibaba.nacos.client.naming.NacosNamingService.<init>(NacosNamingService.java:85)
	at java.base/jdk.internal.reflect.NativeConstructorAccessorImpl.newInstance0(Native Method)
	at java.base/jdk.internal.reflect.NativeConstructorAccessorImpl.newInstance(NativeConstructorAccessorImpl.java:77)
	at java.base/jdk.internal.reflect.DelegatingConstructorAccessorImpl.newInstance(DelegatingConstructorAccessorImpl.java:45)
	at java.base/java.lang.reflect.Constructor.newInstanceWithCaller(Constructor.java:499)
	at java.base/java.lang.reflect.Constructor.newInstance(Constructor.java:480)
	at com.alibaba.nacos.api.naming.NamingFactory.createNamingService(NamingFactory.java:59)
	at com.alibaba.nacos.api.NacosFactory.createNamingService(NacosFactory.java:77)
	at com.alibaba.cloud.nacos.NacosServiceManager.createNewNamingService(NacosServiceManager.java:99)
	at com.alibaba.cloud.nacos.NacosServiceManager.buildNamingService(NacosServiceManager.java:90)
	at com.alibaba.cloud.nacos.NacosServiceManager.getNamingService(NacosServiceManager.java:46)
	at com.alibaba.cloud.nacos.registry.NacosServiceRegistry.namingService(NacosServiceRegistry.java:193)
	at com.alibaba.cloud.nacos.registry.NacosServiceRegistry.register(NacosServiceRegistry.java:68)
	at org.springframework.cloud.client.serviceregistry.AbstractAutoServiceRegistration.register(AbstractAutoServiceRegistration.java:264)
	at com.alibaba.cloud.nacos.registry.NacosAutoServiceRegistration.register(NacosAutoServiceRegistration.java:78)
	at org.springframework.cloud.client.serviceregistry.AbstractAutoServiceRegistration.start(AbstractAutoServiceRegistration.java:156)
	at org.springframework.cloud.client.serviceregistry.AbstractAutoServiceRegistration.onApplicationEvent(AbstractAutoServiceRegistration.java:119)
	at org.springframework.cloud.client.serviceregistry.AbstractAutoServiceRegistration.onApplicationEvent(AbstractAutoServiceRegistration.java:49)
	at org.springframework.context.event.SimpleApplicationEventMulticaster.doInvokeListener(SimpleApplicationEventMulticaster.java:176)
	at org.springframework.context.event.SimpleApplicationEventMulticaster.invokeListener(SimpleApplicationEventMulticaster.java:169)
	at org.springframework.context.event.SimpleApplicationEventMulticaster.multicastEvent(SimpleApplicationEventMulticaster.java:143)
	at org.springframework.context.support.AbstractApplicationContext.publishEvent(AbstractApplicationContext.java:413)
	at org.springframework.context.support.AbstractApplicationContext.publishEvent(AbstractApplicationContext.java:370)
	at org.springframework.boot.web.servlet.context.WebServerStartStopLifecycle.start(WebServerStartStopLifecycle.java:47)
	at org.springframework.context.support.DefaultLifecycleProcessor.doStart(DefaultLifecycleProcessor.java:178)
	at org.springframework.context.support.DefaultLifecycleProcessor$LifecycleGroup.start(DefaultLifecycleProcessor.java:356)
	at java.base/java.lang.Iterable.forEach(Iterable.java:75)
	at org.springframework.context.support.DefaultLifecycleProcessor.startBeans(DefaultLifecycleProcessor.java:155)
	at org.springframework.context.support.DefaultLifecycleProcessor.onRefresh(DefaultLifecycleProcessor.java:123)
	at org.springframework.context.support.AbstractApplicationContext.finishRefresh(AbstractApplicationContext.java:932)
	at org.springframework.context.support.AbstractApplicationContext.refresh(AbstractApplicationContext.java:587)
	at org.springframework.boot.web.servlet.context.ServletWebServerApplicationContext.refresh(ServletWebServerApplicationContext.java:146)
	at org.springframework.boot.SpringApplication.refresh(SpringApplication.java:730)
	at org.springframework.boot.SpringApplication.refreshContext(SpringApplication.java:432)
	at org.springframework.boot.SpringApplication.run(SpringApplication.java:308)
	at org.springframework.boot.SpringApplication.run(SpringApplication.java:1302)
	at org.springframework.boot.SpringApplication.run(SpringApplication.java:1291)
	at com.quanxiaoha.xiaohashu.user.biz.XiaohashuUserBizApplication.main(XiaohashuUserBizApplication.java:15)
2025-11-01 19:46:19.110 [main] INFO  com.alibaba.nacos.common.remote.client - [948c50eb-3239-4491-9066-390e33975d07] Try to connect to server on start up, server: {serverIp = '127.0.0.1', server main port = 8848}
2025-11-01 19:46:19.110 [main] INFO  c.a.nacos.common.remote.client.grpc.GrpcClient - grpc client connection server:127.0.0.1 ip,serverPort:9848,grpcTslConfig:{"sslProvider":"OPENSSL","enableTls":false,"mutualAuthEnable":false,"trustAll":false}
2025-11-01 19:46:19.464 [main] INFO  com.alibaba.nacos.common.remote.client - [948c50eb-3239-4491-9066-390e33975d07] Success to connect to server [127.0.0.1:8848] on start up, connectionId = 1761997579289_127.0.0.1_14068
2025-11-01 19:46:19.465 [com.alibaba.nacos.client.remote.worker] INFO  com.alibaba.nacos.common.remote.client - [948c50eb-3239-4491-9066-390e33975d07] Notify connected event to listeners.
2025-11-01 19:46:19.465 [com.alibaba.nacos.client.remote.worker] INFO  com.alibaba.nacos.client.naming - Grpc connection connect
2025-11-01 19:46:19.465 [main] INFO  com.alibaba.nacos.common.remote.client - [948c50eb-3239-4491-9066-390e33975d07] Register server push request handler:com.alibaba.nacos.common.remote.client.RpcClient$ConnectResetRequestHandler
2025-11-01 19:46:19.465 [main] INFO  com.alibaba.nacos.common.remote.client - [948c50eb-3239-4491-9066-390e33975d07] Register server push request handler:com.alibaba.nacos.common.remote.client.RpcClient$$Lambda$1266/0x000001d28e7bf6e8
2025-11-01 19:46:19.467 [main] INFO  com.alibaba.nacos.client.naming - [REGISTER-SERVICE] xiaohashu registering service xiaohashu-user with instance Instance{instanceId='null', ip='192.168.134.1', port=8082, weight=1.0, healthy=true, enabled=true, ephemeral=true, clusterName='DEFAULT', serviceName='null', metadata={IPv6=null, preserved.register.source=SPRING_CLOUD}}
2025-11-01 19:46:19.478 [main] INFO  c.a.cloud.nacos.registry.NacosServiceRegistry - nacos registry, DEFAULT_GROUP xiaohashu-user 192.168.134.1:8082 register finished
2025-11-01 19:46:20.651 [main] INFO  org.springframework.cloud.commons.util.InetUtils - Cannot determine local hostname
2025-11-01 19:46:20.663 [main] INFO  c.q.xiaohashu.user.biz.XiaohashuUserBizApplication - Started XiaohashuUserBizApplication in 64.503 seconds (process running for 65.26)
2025-11-01 19:46:20.665 [main] INFO  c.q.x.u.biz.runner.PushRolePermissions2RedisRunner - ==> 服务启动，开始同步角色权限数据到 Redis 中...
2025-11-01 19:46:21.012 [main] WARN  c.q.x.u.biz.runner.PushRolePermissions2RedisRunner - ==> 角色权限数据已经同步至 Redis 中，不再同步...
2025-11-01 19:47:55.592 [http-nio-8082-exec-1] INFO  o.a.c.core.ContainerBase.[Tomcat].[localhost].[/] - Initializing Spring DispatcherServlet 'dispatcherServlet'
2025-11-01 19:47:55.592 [http-nio-8082-exec-1] INFO  org.springframework.web.servlet.DispatcherServlet - Initializing Servlet 'dispatcherServlet'
2025-11-01 19:47:55.593 [http-nio-8082-exec-1] INFO  org.springframework.web.servlet.DispatcherServlet - Completed initialization in 1 ms
2025-11-01 19:48:03.355 [http-nio-8082-exec-1] INFO  c.q.x.user.biz.filter.HeaderUserId2ContextFilter - ## HeaderUserId2ContextFilter, 用户 ID: null
2025-11-01 19:48:23.227 [http-nio-8082-exec-1] INFO  c.q.f.b.operationlog.aspect.ApiOperationLogAspect - ====== 请求开始: [密码更新], 入参: {"encodePassword":"$2a$10$l2zVWBcctRmCe98ZLUTp3.EEILHFimUPpRELZboPIzxWhASaah0I."}, 请求类: UserController, 请求方法: updatePassword =================================== 
2025-11-01 19:48:43.132 [http-nio-8082-exec-1] DEBUG c.q.x.u.b.d.m.U.updateByPrimaryKeySelective - ==>  Preparing: update t_user SET `password` = ?, update_time = ? where id = ?
2025-11-01 19:48:43.209 [http-nio-8082-exec-1] DEBUG c.q.x.u.b.d.m.U.updateByPrimaryKeySelective - ==> Parameters: $2a$10$l2zVWBcctRmCe98ZLUTp3.EEILHFimUPpRELZboPIzxWhASaah0I.(String), 2025-11-01T19:48:43.101585100(LocalDateTime), null
2025-11-01 19:48:43.216 [http-nio-8082-exec-1] DEBUG c.q.x.u.b.d.m.U.updateByPrimaryKeySelective - <==    Updates: 0
2025-11-01 19:48:43.218 [http-nio-8082-exec-1] INFO  c.q.f.b.operationlog.aspect.ApiOperationLogAspect - ====== 请求结束: [密码更新], 耗时: 19991ms, 出参: {"success":true,"message":null,"errorCode":null,"data":null} =================================== 
2025-11-01 19:55:34.937 [http-nio-8082-exec-3] INFO  c.q.x.user.biz.filter.HeaderUserId2ContextFilter - ## HeaderUserId2ContextFilter, 用户 ID: null
2025-11-01 19:55:36.811 [http-nio-8082-exec-3] INFO  c.q.f.b.operationlog.aspect.ApiOperationLogAspect - ====== 请求开始: [密码更新], 入参: {"encodePassword":"$2a$10$e.hy.r4Rc2MNgAyi.R1OZeez7ZXlLCRst4Y/Zz7wEKjiLf9kz4Ekq"}, 请求类: UserController, 请求方法: updatePassword =================================== 
2025-11-01 19:55:38.366 [http-nio-8082-exec-3] DEBUG c.q.x.u.b.d.m.U.updateByPrimaryKeySelective - ==>  Preparing: update t_user SET `password` = ?, update_time = ? where id = ?
2025-11-01 19:55:38.366 [http-nio-8082-exec-3] DEBUG c.q.x.u.b.d.m.U.updateByPrimaryKeySelective - ==> Parameters: $2a$10$e.hy.r4Rc2MNgAyi.R1OZeez7ZXlLCRst4Y/Zz7wEKjiLf9kz4Ekq(String), 2025-11-01T19:55:38.365011(LocalDateTime), null
2025-11-01 19:55:38.367 [http-nio-8082-exec-3] DEBUG c.q.x.u.b.d.m.U.updateByPrimaryKeySelective - <==    Updates: 0
2025-11-01 19:55:38.367 [http-nio-8082-exec-3] INFO  c.q.f.b.operationlog.aspect.ApiOperationLogAspect - ====== 请求结束: [密码更新], 耗时: 1556ms, 出参: {"success":true,"message":null,"errorCode":null,"data":null} =================================== 
2025-11-01 19:56:15.020 [Thread-10] WARN  c.alibaba.nacos.common.http.HttpClientBeanHolder - [HttpClientBeanHolder] Start destroying common HttpClient
2025-11-01 19:56:15.020 [Thread-7] WARN  com.alibaba.nacos.common.notify.NotifyCenter - [NotifyCenter] Start destroying Publisher
2025-11-01 19:56:15.020 [Thread-7] WARN  com.alibaba.nacos.common.notify.NotifyCenter - [NotifyCenter] Destruction of the end
2025-11-01 19:56:15.021 [Thread-10] WARN  c.alibaba.nacos.common.http.HttpClientBeanHolder - [HttpClientBeanHolder] Destruction of the end
2025-11-01 19:56:15.041 [SpringApplicationShutdownHook] INFO  c.a.cloud.nacos.registry.NacosServiceRegistry - De-registering from Nacos Server now...
2025-11-01 19:56:15.041 [SpringApplicationShutdownHook] INFO  com.alibaba.nacos.client.naming - [DEREGISTER-SERVICE] xiaohashu deregistering service xiaohashu-user with instance: Instance{instanceId='null', ip='192.168.134.1', port=8082, weight=1.0, healthy=true, enabled=true, ephemeral=true, clusterName='DEFAULT', serviceName='null', metadata={}}
2025-11-01 19:56:15.043 [SpringApplicationShutdownHook] INFO  c.a.cloud.nacos.registry.NacosServiceRegistry - De-registration finished.
2025-11-01 19:56:15.043 [SpringApplicationShutdownHook] INFO  com.alibaba.nacos.client.naming - com.alibaba.nacos.client.naming.cache.ServiceInfoHolder do shutdown begin
2025-11-01 19:56:15.043 [SpringApplicationShutdownHook] INFO  com.alibaba.nacos.client.naming - com.alibaba.nacos.client.naming.backups.FailoverReactor do shutdown begin
2025-11-01 19:56:15.043 [SpringApplicationShutdownHook] INFO  com.alibaba.nacos.client.naming - com.alibaba.nacos.client.naming.backups.FailoverReactor do shutdown stop
2025-11-01 19:56:15.043 [SpringApplicationShutdownHook] INFO  com.alibaba.nacos.client.naming - com.alibaba.nacos.client.naming.cache.ServiceInfoHolder do shutdown stop
2025-11-01 19:56:15.043 [SpringApplicationShutdownHook] INFO  com.alibaba.nacos.client.naming - com.alibaba.nacos.client.naming.remote.NamingClientProxyDelegate do shutdown begin
2025-11-01 19:56:15.043 [SpringApplicationShutdownHook] INFO  com.alibaba.nacos.client.naming - com.alibaba.nacos.client.naming.core.ServiceInfoUpdateService do shutdown begin
2025-11-01 19:56:15.043 [SpringApplicationShutdownHook] INFO  com.alibaba.nacos.client.naming - com.alibaba.nacos.client.naming.core.ServiceInfoUpdateService do shutdown stop
2025-11-01 19:56:15.043 [SpringApplicationShutdownHook] INFO  com.alibaba.nacos.client.naming - com.alibaba.nacos.client.naming.core.ServerListManager do shutdown begin
2025-11-01 19:56:15.043 [SpringApplicationShutdownHook] WARN  com.alibaba.nacos.client.naming - [NamingHttpClientManager] Start destroying NacosRestTemplate
2025-11-01 19:56:15.043 [SpringApplicationShutdownHook] WARN  com.alibaba.nacos.client.naming - [NamingHttpClientManager] Destruction of the end
2025-11-01 19:56:15.043 [SpringApplicationShutdownHook] INFO  com.alibaba.nacos.client.naming - com.alibaba.nacos.client.naming.core.ServerListManager do shutdown stop
2025-11-01 19:56:15.043 [SpringApplicationShutdownHook] INFO  com.alibaba.nacos.client.naming - com.alibaba.nacos.client.naming.remote.http.NamingHttpClientProxy do shutdown begin
2025-11-01 19:56:15.043 [SpringApplicationShutdownHook] WARN  com.alibaba.nacos.client.naming - [NamingHttpClientManager] Start destroying NacosRestTemplate
2025-11-01 19:56:15.043 [SpringApplicationShutdownHook] WARN  com.alibaba.nacos.client.naming - [NamingHttpClientManager] Destruction of the end
2025-11-01 19:56:15.043 [SpringApplicationShutdownHook] INFO  com.alibaba.nacos.client.naming - com.alibaba.nacos.client.naming.remote.http.NamingHttpClientProxy do shutdown stop
2025-11-01 19:56:15.044 [SpringApplicationShutdownHook] INFO  com.alibaba.nacos.common.remote.client - Shutdown rpc client, set status to shutdown
2025-11-01 19:56:15.044 [SpringApplicationShutdownHook] INFO  com.alibaba.nacos.common.remote.client - Shutdown client event executor java.util.concurrent.ScheduledThreadPoolExecutor@7af6eaab[Running, pool size = 2, active threads = 2, queued tasks = 0, completed tasks = 0]
2025-11-01 19:56:15.044 [SpringApplicationShutdownHook] INFO  com.alibaba.nacos.common.remote.client - Close current connection 1761997579289_127.0.0.1_14068
2025-11-01 19:56:15.044 [SpringApplicationShutdownHook] INFO  c.a.nacos.common.remote.client.grpc.GrpcClient - Shutdown grpc executor java.util.concurrent.ThreadPoolExecutor@26c3845c[Running, pool size = 4, active threads = 1, queued tasks = 0, completed tasks = 128]
2025-11-01 19:56:15.044 [SpringApplicationShutdownHook] INFO  com.alibaba.nacos.client.naming - Shutdown grpc redo service executor java.util.concurrent.ScheduledThreadPoolExecutor@6bad819d[Running, pool size = 1, active threads = 0, queued tasks = 1, completed tasks = 194]
2025-11-01 19:56:15.044 [nacos-grpc-client-executor-127.0.0.1-128] WARN  c.a.nacos.common.remote.client.grpc.GrpcClient - [1761997579289_127.0.0.1_14068]Ignore error event,isRunning:false,isAbandon=false
2025-11-01 19:56:15.044 [SpringApplicationShutdownHook] INFO  c.a.n.client.auth.ram.identify.CredentialWatcher - [null] CredentialWatcher is stopped
2025-11-01 19:56:15.044 [SpringApplicationShutdownHook] INFO  c.a.n.client.auth.ram.identify.CredentialService - [null] CredentialService is freed
2025-11-01 19:56:15.045 [SpringApplicationShutdownHook] INFO  com.alibaba.nacos.client.naming - com.alibaba.nacos.client.naming.remote.NamingClientProxyDelegate do shutdown stop
2025-11-01 19:56:15.046 [SpringApplicationShutdownHook] INFO  com.alibaba.druid.pool.DruidDataSource - {dataSource-1} closing ...
2025-11-01 19:56:15.050 [SpringApplicationShutdownHook] INFO  com.alibaba.druid.pool.DruidDataSource - {dataSource-1} closed
2025-11-01 19:56:35.564 [main] WARN  com.alibaba.nacos.client.logging.NacosLogging - Load Logback Configuration of Nacos fail, message: Could not initialize Logback Nacos logging from classpath:nacos-logback.xml
2025-11-01 19:56:35.603 [main] WARN  com.alibaba.nacos.client.logging.NacosLogging - Load Logback Configuration of Nacos fail, message: Could not initialize Logback Nacos logging from classpath:nacos-logback.xml
2025-11-01 19:56:36.987 [main] WARN  com.alibaba.nacos.client.logging.NacosLogging - Load Logback Configuration of Nacos fail, message: Could not initialize Logback Nacos logging from classpath:nacos-logback.xml
2025-11-01 19:56:36.996 [main] WARN  com.alibaba.nacos.client.logging.NacosLogging - Load Logback Configuration of Nacos fail, message: Could not initialize Logback Nacos logging from classpath:nacos-logback.xml
2025-11-01 19:56:36.996 [main] INFO  c.q.xiaohashu.user.biz.XiaohashuUserBizApplication - The following 1 profile is active: "dev"
2025-11-01 19:56:37.500 [main] INFO  o.s.d.r.config.RepositoryConfigurationDelegate - Multiple Spring Data modules found, entering strict repository configuration mode
2025-11-01 19:56:37.502 [main] INFO  o.s.d.r.config.RepositoryConfigurationDelegate - Bootstrapping Spring Data Redis repositories in DEFAULT mode.
2025-11-01 19:56:37.519 [main] INFO  o.s.d.r.config.RepositoryConfigurationDelegate - Finished Spring Data repository scanning in 6 ms. Found 0 Redis repository interfaces.
2025-11-01 19:56:37.681 [main] INFO  o.springframework.cloud.context.scope.GenericScope - BeanFactory id=5d8a51e6-cf0c-3950-b57d-a9a49292a14d
2025-11-01 19:56:37.709 [main] INFO  o.s.c.s.PostProcessorRegistrationDelegate$BeanPostProcessorChecker - Bean 'com.quanxiaoha.xiaohashu.oss.api.FileFeignApi' of type [org.springframework.cloud.openfeign.FeignClientFactoryBean] is not eligible for getting processed by all BeanPostProcessors (for example: not eligible for auto-proxying)
2025-11-01 19:56:37.710 [main] INFO  o.s.c.s.PostProcessorRegistrationDelegate$BeanPostProcessorChecker - Bean 'com.quanxiaoha.xiaohashu.user.api.UserFeignApi' of type [org.springframework.cloud.openfeign.FeignClientFactoryBean] is not eligible for getting processed by all BeanPostProcessors (for example: not eligible for auto-proxying)
2025-11-01 19:56:38.004 [main] INFO  o.s.boot.web.embedded.tomcat.TomcatWebServer - Tomcat initialized with port(s): 8082 (http)
2025-11-01 19:56:38.017 [main] INFO  org.apache.catalina.core.StandardService - Starting service [Tomcat]
2025-11-01 19:56:38.017 [main] INFO  org.apache.catalina.core.StandardEngine - Starting Servlet engine: [Apache Tomcat/10.1.5]
2025-11-01 19:56:38.215 [main] INFO  o.a.c.core.ContainerBase.[Tomcat].[localhost].[/] - Initializing Spring embedded WebApplicationContext
2025-11-01 19:56:38.215 [main] INFO  o.s.b.w.s.c.ServletWebServerApplicationContext - Root WebApplicationContext: initialization completed in 1196 ms
2025-11-01 19:56:38.531 [main] INFO  o.s.cloud.openfeign.FeignClientFactoryBean - For 'xiaohashu-oss' URL not provided. Will try picking an instance via load-balancing.
2025-11-01 19:56:38.569 [main] INFO  c.a.d.s.b.a.DruidDataSourceAutoConfigure - Init DruidDataSource
2025-11-01 19:56:38.846 [main] INFO  com.alibaba.druid.pool.DruidDataSource - {dataSource-1} inited
2025-11-01 19:56:40.523 [main] INFO  org.springframework.cloud.commons.util.InetUtils - Cannot determine local hostname
2025-11-01 19:56:41.912 [main] INFO  org.springframework.cloud.commons.util.InetUtils - Cannot determine local hostname
2025-11-01 19:56:41.927 [main] WARN  o.s.c.l.c.LoadBalancerCacheAutoConfiguration$LoadBalancerCaffeineWarnLogger - Spring Cloud LoadBalancer is currently working with the default cache. While this cache implementation is useful for development and tests, it's recommended to use Caffeine cache in production.You can switch to using Caffeine cache, by adding it and org.springframework.cache.caffeine.CaffeineCacheManager to the classpath.
2025-11-01 19:56:41.983 [main] INFO  o.s.boot.web.embedded.tomcat.TomcatWebServer - Tomcat started on port(s): 8082 (http) with context path ''
2025-11-01 19:56:41.987 [main] WARN  com.alibaba.nacos.client.logging.NacosLogging - Load Logback Configuration of Nacos fail, message: Could not initialize Logback Nacos logging from classpath:nacos-logback.xml
2025-11-01 19:56:41.987 [main] INFO  com.alibaba.nacos.client.naming - initializer namespace from ans.namespace attribute : null
2025-11-01 19:56:41.987 [main] INFO  com.alibaba.nacos.client.naming - initializer namespace from ALIBABA_ALIWARE_NAMESPACE attribute :null
2025-11-01 19:56:41.988 [main] INFO  com.alibaba.nacos.client.naming - initializer namespace from namespace attribute :null
2025-11-01 19:56:42.001 [main] INFO  com.alibaba.nacos.client.utils.ParamUtil - [settings] [req-serv] nacos-server port:8848
2025-11-01 19:56:42.001 [main] INFO  com.alibaba.nacos.client.utils.ParamUtil - [settings] [http-client] connect timeout:1000
2025-11-01 19:56:42.001 [main] INFO  com.alibaba.nacos.client.utils.ParamUtil - PER_TASK_CONFIG_SIZE: 3000.0
2025-11-01 19:56:42.004 [main] INFO  c.a.n.p.auth.spi.client.ClientAuthPluginManager - [ClientAuthPluginManager] Load ClientAuthService com.alibaba.nacos.client.auth.impl.NacosClientAuthServiceImpl success.
2025-11-01 19:56:42.004 [main] INFO  c.a.n.p.auth.spi.client.ClientAuthPluginManager - [ClientAuthPluginManager] Load ClientAuthService com.alibaba.nacos.client.auth.ram.RamClientAuthServiceImpl success.
2025-11-01 19:56:42.005 [main] INFO  c.a.n.client.auth.ram.identify.CredentialWatcher - null No credential found
2025-11-01 19:56:42.010 [main] INFO  com.alibaba.nacos.common.remote.client - [RpcClientFactory] create a new rpc client of cd095502-b741-4955-889b-b2de02ebe853
2025-11-01 19:56:42.023 [main] INFO  com.alibaba.nacos.common.remote.client - [cd095502-b741-4955-889b-b2de02ebe853] RpcClient init, ServerListFactory = com.alibaba.nacos.client.naming.core.ServerListManager
2025-11-01 19:56:42.024 [main] INFO  com.alibaba.nacos.common.remote.client - [cd095502-b741-4955-889b-b2de02ebe853] Registry connection listener to current client:com.alibaba.nacos.client.naming.remote.gprc.redo.NamingGrpcRedoService
2025-11-01 19:56:42.024 [main] INFO  com.alibaba.nacos.common.remote.client - [cd095502-b741-4955-889b-b2de02ebe853] Register server push request handler:com.alibaba.nacos.client.naming.remote.gprc.NamingPushRequestHandler
2025-11-01 19:56:42.026 [main] INFO  com.alibaba.nacos.common.remote.client - [cd095502-b741-4955-889b-b2de02ebe853] Try to connect to server on start up, server: {serverIp = '127.0.0.1', server main port = 8848}
2025-11-01 19:56:42.047 [main] INFO  c.a.nacos.common.remote.client.grpc.GrpcClient - grpc client connection server:127.0.0.1 ip,serverPort:9848,grpcTslConfig:{"sslProvider":"OPENSSL","enableTls":false,"mutualAuthEnable":false,"trustAll":false}
2025-11-01 19:56:42.767 [main] INFO  com.alibaba.nacos.common.remote.client - [cd095502-b741-4955-889b-b2de02ebe853] Success to connect to server [127.0.0.1:8848] on start up, connectionId = 1761998202606_127.0.0.1_14428
2025-11-01 19:56:42.767 [com.alibaba.nacos.client.remote.worker] INFO  com.alibaba.nacos.common.remote.client - [cd095502-b741-4955-889b-b2de02ebe853] Notify connected event to listeners.
2025-11-01 19:56:42.768 [com.alibaba.nacos.client.remote.worker] INFO  com.alibaba.nacos.client.naming - Grpc connection connect
2025-11-01 19:56:42.768 [main] INFO  com.alibaba.nacos.common.remote.client - [cd095502-b741-4955-889b-b2de02ebe853] Register server push request handler:com.alibaba.nacos.common.remote.client.RpcClient$ConnectResetRequestHandler
2025-11-01 19:56:42.768 [main] INFO  com.alibaba.nacos.common.remote.client - [cd095502-b741-4955-889b-b2de02ebe853] Register server push request handler:com.alibaba.nacos.common.remote.client.RpcClient$$Lambda$1264/0x000002a4147abbb0
2025-11-01 19:56:42.769 [main] INFO  com.alibaba.nacos.client.naming - [REGISTER-SERVICE] xiaohashu registering service xiaohashu-user with instance Instance{instanceId='null', ip='192.168.134.1', port=8082, weight=1.0, healthy=true, enabled=true, ephemeral=true, clusterName='DEFAULT', serviceName='null', metadata={IPv6=null, preserved.register.source=SPRING_CLOUD}}
2025-11-01 19:56:42.780 [main] INFO  c.a.cloud.nacos.registry.NacosServiceRegistry - nacos registry, DEFAULT_GROUP xiaohashu-user 192.168.134.1:8082 register finished
2025-11-01 19:56:43.944 [main] INFO  org.springframework.cloud.commons.util.InetUtils - Cannot determine local hostname
2025-11-01 19:56:43.949 [main] INFO  c.q.xiaohashu.user.biz.XiaohashuUserBizApplication - Started XiaohashuUserBizApplication in 9.946 seconds (process running for 10.426)
2025-11-01 19:56:43.950 [main] INFO  c.q.x.u.biz.runner.PushRolePermissions2RedisRunner - ==> 服务启动，开始同步角色权限数据到 Redis 中...
2025-11-01 19:56:44.240 [main] WARN  c.q.x.u.biz.runner.PushRolePermissions2RedisRunner - ==> 角色权限数据已经同步至 Redis 中，不再同步...
2025-11-01 19:57:09.028 [http-nio-8082-exec-1] INFO  o.a.c.core.ContainerBase.[Tomcat].[localhost].[/] - Initializing Spring DispatcherServlet 'dispatcherServlet'
2025-11-01 19:57:09.028 [http-nio-8082-exec-1] INFO  org.springframework.web.servlet.DispatcherServlet - Initializing Servlet 'dispatcherServlet'
2025-11-01 19:57:09.029 [http-nio-8082-exec-1] INFO  org.springframework.web.servlet.DispatcherServlet - Completed initialization in 1 ms
2025-11-01 19:57:09.033 [http-nio-8082-exec-1] INFO  c.q.x.user.biz.filter.HeaderUserId2ContextFilter - ## HeaderUserId2ContextFilter, 用户 ID: null
2025-11-01 19:57:09.084 [http-nio-8082-exec-1] INFO  c.q.f.b.operationlog.aspect.ApiOperationLogAspect - ====== 请求开始: [密码更新], 入参: {"encodePassword":"$2a$10$CDsf5vpTv16NpQojFHmadefgbgyFVxf/bk2kHTlaU5QU0sVdU6oRm"}, 请求类: UserController, 请求方法: updatePassword =================================== 
2025-11-01 19:57:09.109 [http-nio-8082-exec-1] DEBUG c.q.x.u.b.d.m.U.updateByPrimaryKeySelective - ==>  Preparing: update t_user SET `password` = ?, update_time = ? where id = ?
2025-11-01 19:57:09.185 [http-nio-8082-exec-1] DEBUG c.q.x.u.b.d.m.U.updateByPrimaryKeySelective - ==> Parameters: $2a$10$CDsf5vpTv16NpQojFHmadefgbgyFVxf/bk2kHTlaU5QU0sVdU6oRm(String), 2025-11-01T19:57:09.086882(LocalDateTime), null
2025-11-01 19:57:09.189 [http-nio-8082-exec-1] DEBUG c.q.x.u.b.d.m.U.updateByPrimaryKeySelective - <==    Updates: 0
2025-11-01 19:57:09.190 [http-nio-8082-exec-1] INFO  c.q.f.b.operationlog.aspect.ApiOperationLogAspect - ====== 请求结束: [密码更新], 耗时: 106ms, 出参: {"success":true,"message":null,"errorCode":null,"data":null} =================================== 
2025-11-01 19:58:53.820 [main] WARN  com.alibaba.nacos.client.logging.NacosLogging - Load Logback Configuration of Nacos fail, message: Could not initialize Logback Nacos logging from classpath:nacos-logback.xml
2025-11-01 19:58:53.864 [main] WARN  com.alibaba.nacos.client.logging.NacosLogging - Load Logback Configuration of Nacos fail, message: Could not initialize Logback Nacos logging from classpath:nacos-logback.xml
2025-11-01 19:58:55.273 [main] WARN  com.alibaba.nacos.client.logging.NacosLogging - Load Logback Configuration of Nacos fail, message: Could not initialize Logback Nacos logging from classpath:nacos-logback.xml
2025-11-01 19:58:55.283 [main] WARN  com.alibaba.nacos.client.logging.NacosLogging - Load Logback Configuration of Nacos fail, message: Could not initialize Logback Nacos logging from classpath:nacos-logback.xml
2025-11-01 19:58:55.283 [main] INFO  c.q.xiaohashu.user.biz.XiaohashuUserBizApplication - The following 1 profile is active: "dev"
2025-11-01 19:58:55.700 [main] INFO  o.s.d.r.config.RepositoryConfigurationDelegate - Multiple Spring Data modules found, entering strict repository configuration mode
2025-11-01 19:58:55.702 [main] INFO  o.s.d.r.config.RepositoryConfigurationDelegate - Bootstrapping Spring Data Redis repositories in DEFAULT mode.
2025-11-01 19:58:55.717 [main] INFO  o.s.d.r.config.RepositoryConfigurationDelegate - Finished Spring Data repository scanning in 6 ms. Found 0 Redis repository interfaces.
2025-11-01 19:58:55.869 [main] INFO  o.springframework.cloud.context.scope.GenericScope - BeanFactory id=6a717c5c-2977-328c-ac4e-e882ae21d846
2025-11-01 19:58:55.894 [main] INFO  o.s.c.s.PostProcessorRegistrationDelegate$BeanPostProcessorChecker - Bean 'com.quanxiaoha.xiaohashu.oss.api.FileFeignApi' of type [org.springframework.cloud.openfeign.FeignClientFactoryBean] is not eligible for getting processed by all BeanPostProcessors (for example: not eligible for auto-proxying)
2025-11-01 19:58:55.896 [main] INFO  o.s.c.s.PostProcessorRegistrationDelegate$BeanPostProcessorChecker - Bean 'com.quanxiaoha.xiaohashu.user.api.UserFeignApi' of type [org.springframework.cloud.openfeign.FeignClientFactoryBean] is not eligible for getting processed by all BeanPostProcessors (for example: not eligible for auto-proxying)
2025-11-01 19:58:56.156 [main] INFO  o.s.boot.web.embedded.tomcat.TomcatWebServer - Tomcat initialized with port(s): 8082 (http)
2025-11-01 19:58:56.163 [main] INFO  org.apache.catalina.core.StandardService - Starting service [Tomcat]
2025-11-01 19:58:56.163 [main] INFO  org.apache.catalina.core.StandardEngine - Starting Servlet engine: [Apache Tomcat/10.1.5]
2025-11-01 19:58:56.254 [main] INFO  o.a.c.core.ContainerBase.[Tomcat].[localhost].[/] - Initializing Spring embedded WebApplicationContext
2025-11-01 19:58:56.254 [main] INFO  o.s.b.w.s.c.ServletWebServerApplicationContext - Root WebApplicationContext: initialization completed in 958 ms
2025-11-01 19:58:56.515 [main] INFO  o.s.cloud.openfeign.FeignClientFactoryBean - For 'xiaohashu-oss' URL not provided. Will try picking an instance via load-balancing.
2025-11-01 19:58:56.547 [main] INFO  c.a.d.s.b.a.DruidDataSourceAutoConfigure - Init DruidDataSource
2025-11-01 19:58:56.761 [main] INFO  com.alibaba.druid.pool.DruidDataSource - {dataSource-1} inited
2025-11-01 19:58:58.315 [main] INFO  org.springframework.cloud.commons.util.InetUtils - Cannot determine local hostname
2025-11-01 19:58:59.721 [main] INFO  org.springframework.cloud.commons.util.InetUtils - Cannot determine local hostname
2025-11-01 19:58:59.737 [main] WARN  o.s.c.l.c.LoadBalancerCacheAutoConfiguration$LoadBalancerCaffeineWarnLogger - Spring Cloud LoadBalancer is currently working with the default cache. While this cache implementation is useful for development and tests, it's recommended to use Caffeine cache in production.You can switch to using Caffeine cache, by adding it and org.springframework.cache.caffeine.CaffeineCacheManager to the classpath.
2025-11-01 19:58:59.795 [main] INFO  o.s.boot.web.embedded.tomcat.TomcatWebServer - Tomcat started on port(s): 8082 (http) with context path ''
2025-11-01 19:58:59.800 [main] WARN  com.alibaba.nacos.client.logging.NacosLogging - Load Logback Configuration of Nacos fail, message: Could not initialize Logback Nacos logging from classpath:nacos-logback.xml
2025-11-01 19:58:59.800 [main] INFO  com.alibaba.nacos.client.naming - initializer namespace from ans.namespace attribute : null
2025-11-01 19:58:59.800 [main] INFO  com.alibaba.nacos.client.naming - initializer namespace from ALIBABA_ALIWARE_NAMESPACE attribute :null
2025-11-01 19:58:59.801 [main] INFO  com.alibaba.nacos.client.naming - initializer namespace from namespace attribute :null
2025-11-01 19:58:59.815 [main] INFO  com.alibaba.nacos.client.utils.ParamUtil - [settings] [req-serv] nacos-server port:8848
2025-11-01 19:58:59.815 [main] INFO  com.alibaba.nacos.client.utils.ParamUtil - [settings] [http-client] connect timeout:1000
2025-11-01 19:58:59.815 [main] INFO  com.alibaba.nacos.client.utils.ParamUtil - PER_TASK_CONFIG_SIZE: 3000.0
2025-11-01 19:58:59.818 [main] INFO  c.a.n.p.auth.spi.client.ClientAuthPluginManager - [ClientAuthPluginManager] Load ClientAuthService com.alibaba.nacos.client.auth.impl.NacosClientAuthServiceImpl success.
2025-11-01 19:58:59.818 [main] INFO  c.a.n.p.auth.spi.client.ClientAuthPluginManager - [ClientAuthPluginManager] Load ClientAuthService com.alibaba.nacos.client.auth.ram.RamClientAuthServiceImpl success.
2025-11-01 19:58:59.820 [main] INFO  c.a.n.client.auth.ram.identify.CredentialWatcher - null No credential found
2025-11-01 19:58:59.824 [main] INFO  com.alibaba.nacos.common.remote.client - [RpcClientFactory] create a new rpc client of b687195b-1481-4bc1-8e62-8b67c162deeb
2025-11-01 19:58:59.837 [main] INFO  com.alibaba.nacos.common.remote.client - [b687195b-1481-4bc1-8e62-8b67c162deeb] RpcClient init, ServerListFactory = com.alibaba.nacos.client.naming.core.ServerListManager
2025-11-01 19:58:59.837 [main] INFO  com.alibaba.nacos.common.remote.client - [b687195b-1481-4bc1-8e62-8b67c162deeb] Registry connection listener to current client:com.alibaba.nacos.client.naming.remote.gprc.redo.NamingGrpcRedoService
2025-11-01 19:58:59.838 [main] INFO  com.alibaba.nacos.common.remote.client - [b687195b-1481-4bc1-8e62-8b67c162deeb] Register server push request handler:com.alibaba.nacos.client.naming.remote.gprc.NamingPushRequestHandler
2025-11-01 19:58:59.840 [main] INFO  com.alibaba.nacos.common.remote.client - [b687195b-1481-4bc1-8e62-8b67c162deeb] Try to connect to server on start up, server: {serverIp = '127.0.0.1', server main port = 8848}
2025-11-01 19:58:59.860 [main] INFO  c.a.nacos.common.remote.client.grpc.GrpcClient - grpc client connection server:127.0.0.1 ip,serverPort:9848,grpcTslConfig:{"sslProvider":"OPENSSL","enableTls":false,"mutualAuthEnable":false,"trustAll":false}
2025-11-01 19:59:00.577 [main] INFO  com.alibaba.nacos.common.remote.client - [b687195b-1481-4bc1-8e62-8b67c162deeb] Success to connect to server [127.0.0.1:8848] on start up, connectionId = 1761998340409_127.0.0.1_14582
2025-11-01 19:59:00.578 [com.alibaba.nacos.client.remote.worker] INFO  com.alibaba.nacos.common.remote.client - [b687195b-1481-4bc1-8e62-8b67c162deeb] Notify connected event to listeners.
2025-11-01 19:59:00.578 [com.alibaba.nacos.client.remote.worker] INFO  com.alibaba.nacos.client.naming - Grpc connection connect
2025-11-01 19:59:00.578 [main] INFO  com.alibaba.nacos.common.remote.client - [b687195b-1481-4bc1-8e62-8b67c162deeb] Register server push request handler:com.alibaba.nacos.common.remote.client.RpcClient$ConnectResetRequestHandler
2025-11-01 19:59:00.578 [main] INFO  com.alibaba.nacos.common.remote.client - [b687195b-1481-4bc1-8e62-8b67c162deeb] Register server push request handler:com.alibaba.nacos.common.remote.client.RpcClient$$Lambda$1264/0x000001b12e7c0440
2025-11-01 19:59:00.579 [main] INFO  com.alibaba.nacos.client.naming - [REGISTER-SERVICE] xiaohashu registering service xiaohashu-user with instance Instance{instanceId='null', ip='192.168.134.1', port=8082, weight=1.0, healthy=true, enabled=true, ephemeral=true, clusterName='DEFAULT', serviceName='null', metadata={IPv6=null, preserved.register.source=SPRING_CLOUD}}
2025-11-01 19:59:00.589 [main] INFO  c.a.cloud.nacos.registry.NacosServiceRegistry - nacos registry, DEFAULT_GROUP xiaohashu-user 192.168.134.1:8082 register finished
2025-11-01 19:59:01.756 [main] INFO  org.springframework.cloud.commons.util.InetUtils - Cannot determine local hostname
2025-11-01 19:59:01.764 [main] INFO  c.q.xiaohashu.user.biz.XiaohashuUserBizApplication - Started XiaohashuUserBizApplication in 9.573 seconds (process running for 10.422)
2025-11-01 19:59:01.765 [main] INFO  c.q.x.u.biz.runner.PushRolePermissions2RedisRunner - ==> 服务启动，开始同步角色权限数据到 Redis 中...
2025-11-01 19:59:02.081 [main] WARN  c.q.x.u.biz.runner.PushRolePermissions2RedisRunner - ==> 角色权限数据已经同步至 Redis 中，不再同步...
2025-11-01 20:05:22.307 [Thread-7] WARN  com.alibaba.nacos.common.notify.NotifyCenter - [NotifyCenter] Start destroying Publisher
2025-11-01 20:05:22.307 [Thread-10] WARN  c.alibaba.nacos.common.http.HttpClientBeanHolder - [HttpClientBeanHolder] Start destroying common HttpClient
2025-11-01 20:05:22.308 [Thread-10] WARN  c.alibaba.nacos.common.http.HttpClientBeanHolder - [HttpClientBeanHolder] Destruction of the end
2025-11-01 20:05:22.308 [Thread-7] WARN  com.alibaba.nacos.common.notify.NotifyCenter - [NotifyCenter] Destruction of the end
2025-11-01 20:05:22.331 [SpringApplicationShutdownHook] INFO  c.a.cloud.nacos.registry.NacosServiceRegistry - De-registering from Nacos Server now...
2025-11-01 20:05:22.331 [SpringApplicationShutdownHook] INFO  com.alibaba.nacos.client.naming - [DEREGISTER-SERVICE] xiaohashu deregistering service xiaohashu-user with instance: Instance{instanceId='null', ip='192.168.134.1', port=8082, weight=1.0, healthy=true, enabled=true, ephemeral=true, clusterName='DEFAULT', serviceName='null', metadata={}}
2025-11-01 20:05:22.334 [SpringApplicationShutdownHook] INFO  c.a.cloud.nacos.registry.NacosServiceRegistry - De-registration finished.
2025-11-01 20:05:22.335 [SpringApplicationShutdownHook] INFO  com.alibaba.nacos.client.naming - com.alibaba.nacos.client.naming.cache.ServiceInfoHolder do shutdown begin
2025-11-01 20:05:22.335 [SpringApplicationShutdownHook] INFO  com.alibaba.nacos.client.naming - com.alibaba.nacos.client.naming.backups.FailoverReactor do shutdown begin
2025-11-01 20:05:22.335 [SpringApplicationShutdownHook] INFO  com.alibaba.nacos.client.naming - com.alibaba.nacos.client.naming.backups.FailoverReactor do shutdown stop
2025-11-01 20:05:22.335 [SpringApplicationShutdownHook] INFO  com.alibaba.nacos.client.naming - com.alibaba.nacos.client.naming.cache.ServiceInfoHolder do shutdown stop
2025-11-01 20:05:22.335 [SpringApplicationShutdownHook] INFO  com.alibaba.nacos.client.naming - com.alibaba.nacos.client.naming.remote.NamingClientProxyDelegate do shutdown begin
2025-11-01 20:05:22.335 [SpringApplicationShutdownHook] INFO  com.alibaba.nacos.client.naming - com.alibaba.nacos.client.naming.core.ServiceInfoUpdateService do shutdown begin
2025-11-01 20:05:22.338 [SpringApplicationShutdownHook] INFO  com.alibaba.nacos.client.naming - com.alibaba.nacos.client.naming.core.ServiceInfoUpdateService do shutdown stop
2025-11-01 20:05:22.338 [SpringApplicationShutdownHook] INFO  com.alibaba.nacos.client.naming - com.alibaba.nacos.client.naming.core.ServerListManager do shutdown begin
2025-11-01 20:05:22.338 [SpringApplicationShutdownHook] WARN  com.alibaba.nacos.client.naming - [NamingHttpClientManager] Start destroying NacosRestTemplate
2025-11-01 20:05:22.338 [SpringApplicationShutdownHook] WARN  com.alibaba.nacos.client.naming - [NamingHttpClientManager] Destruction of the end
2025-11-01 20:05:22.338 [SpringApplicationShutdownHook] INFO  com.alibaba.nacos.client.naming - com.alibaba.nacos.client.naming.core.ServerListManager do shutdown stop
2025-11-01 20:05:22.338 [SpringApplicationShutdownHook] INFO  com.alibaba.nacos.client.naming - com.alibaba.nacos.client.naming.remote.http.NamingHttpClientProxy do shutdown begin
2025-11-01 20:05:22.338 [SpringApplicationShutdownHook] WARN  com.alibaba.nacos.client.naming - [NamingHttpClientManager] Start destroying NacosRestTemplate
2025-11-01 20:05:22.338 [SpringApplicationShutdownHook] WARN  com.alibaba.nacos.client.naming - [NamingHttpClientManager] Destruction of the end
2025-11-01 20:05:22.338 [SpringApplicationShutdownHook] INFO  com.alibaba.nacos.client.naming - com.alibaba.nacos.client.naming.remote.http.NamingHttpClientProxy do shutdown stop
2025-11-01 20:05:22.338 [SpringApplicationShutdownHook] INFO  com.alibaba.nacos.common.remote.client - Shutdown rpc client, set status to shutdown
2025-11-01 20:05:22.338 [SpringApplicationShutdownHook] INFO  com.alibaba.nacos.common.remote.client - Shutdown client event executor java.util.concurrent.ScheduledThreadPoolExecutor@3efce9b6[Running, pool size = 2, active threads = 2, queued tasks = 0, completed tasks = 0]
2025-11-01 20:05:22.339 [SpringApplicationShutdownHook] INFO  com.alibaba.nacos.common.remote.client - Close current connection 1761998340409_127.0.0.1_14582
2025-11-01 20:05:22.341 [nacos-grpc-client-executor-127.0.0.1-169] INFO  c.a.nacos.common.remote.client.grpc.GrpcClient - [1761998340409_127.0.0.1_14582]Ignore complete event,isRunning:false,isAbandon=false
2025-11-01 20:05:22.343 [SpringApplicationShutdownHook] INFO  c.a.nacos.common.remote.client.grpc.GrpcClient - Shutdown grpc executor java.util.concurrent.ThreadPoolExecutor@5d370d27[Running, pool size = 7, active threads = 0, queued tasks = 0, completed tasks = 170]
2025-11-01 20:05:22.344 [SpringApplicationShutdownHook] INFO  com.alibaba.nacos.client.naming - Shutdown grpc redo service executor java.util.concurrent.ScheduledThreadPoolExecutor@7d309225[Running, pool size = 1, active threads = 0, queued tasks = 1, completed tasks = 127]
2025-11-01 20:05:22.344 [SpringApplicationShutdownHook] INFO  c.a.n.client.auth.ram.identify.CredentialWatcher - [null] CredentialWatcher is stopped
2025-11-01 20:05:22.344 [SpringApplicationShutdownHook] INFO  c.a.n.client.auth.ram.identify.CredentialService - [null] CredentialService is freed
2025-11-01 20:05:22.344 [SpringApplicationShutdownHook] INFO  com.alibaba.nacos.client.naming - com.alibaba.nacos.client.naming.remote.NamingClientProxyDelegate do shutdown stop
2025-11-01 20:05:22.345 [SpringApplicationShutdownHook] INFO  com.alibaba.druid.pool.DruidDataSource - {dataSource-1} closing ...
2025-11-01 20:05:22.349 [SpringApplicationShutdownHook] INFO  com.alibaba.druid.pool.DruidDataSource - {dataSource-1} closed
2025-11-01 20:05:59.874 [main] WARN  com.alibaba.nacos.client.logging.NacosLogging - Load Logback Configuration of Nacos fail, message: Could not initialize Logback Nacos logging from classpath:nacos-logback.xml
2025-11-01 20:05:59.918 [main] WARN  com.alibaba.nacos.client.logging.NacosLogging - Load Logback Configuration of Nacos fail, message: Could not initialize Logback Nacos logging from classpath:nacos-logback.xml
2025-11-01 20:06:01.337 [main] WARN  com.alibaba.nacos.client.logging.NacosLogging - Load Logback Configuration of Nacos fail, message: Could not initialize Logback Nacos logging from classpath:nacos-logback.xml
2025-11-01 20:06:01.346 [main] WARN  com.alibaba.nacos.client.logging.NacosLogging - Load Logback Configuration of Nacos fail, message: Could not initialize Logback Nacos logging from classpath:nacos-logback.xml
2025-11-01 20:06:01.347 [main] INFO  c.q.xiaohashu.user.biz.XiaohashuUserBizApplication - The following 1 profile is active: "dev"
2025-11-01 20:06:01.740 [main] INFO  o.s.d.r.config.RepositoryConfigurationDelegate - Multiple Spring Data modules found, entering strict repository configuration mode
2025-11-01 20:06:01.741 [main] INFO  o.s.d.r.config.RepositoryConfigurationDelegate - Bootstrapping Spring Data Redis repositories in DEFAULT mode.
2025-11-01 20:06:01.756 [main] INFO  o.s.d.r.config.RepositoryConfigurationDelegate - Finished Spring Data repository scanning in 5 ms. Found 0 Redis repository interfaces.
2025-11-01 20:06:01.894 [main] INFO  o.springframework.cloud.context.scope.GenericScope - BeanFactory id=6a717c5c-2977-328c-ac4e-e882ae21d846
2025-11-01 20:06:01.918 [main] INFO  o.s.c.s.PostProcessorRegistrationDelegate$BeanPostProcessorChecker - Bean 'com.quanxiaoha.xiaohashu.oss.api.FileFeignApi' of type [org.springframework.cloud.openfeign.FeignClientFactoryBean] is not eligible for getting processed by all BeanPostProcessors (for example: not eligible for auto-proxying)
2025-11-01 20:06:01.919 [main] INFO  o.s.c.s.PostProcessorRegistrationDelegate$BeanPostProcessorChecker - Bean 'com.quanxiaoha.xiaohashu.user.api.UserFeignApi' of type [org.springframework.cloud.openfeign.FeignClientFactoryBean] is not eligible for getting processed by all BeanPostProcessors (for example: not eligible for auto-proxying)
2025-11-01 20:06:02.181 [main] INFO  o.s.boot.web.embedded.tomcat.TomcatWebServer - Tomcat initialized with port(s): 8082 (http)
2025-11-01 20:06:02.188 [main] INFO  org.apache.catalina.core.StandardService - Starting service [Tomcat]
2025-11-01 20:06:02.188 [main] INFO  org.apache.catalina.core.StandardEngine - Starting Servlet engine: [Apache Tomcat/10.1.5]
2025-11-01 20:06:02.271 [main] INFO  o.a.c.core.ContainerBase.[Tomcat].[localhost].[/] - Initializing Spring embedded WebApplicationContext
2025-11-01 20:06:02.271 [main] INFO  o.s.b.w.s.c.ServletWebServerApplicationContext - Root WebApplicationContext: initialization completed in 912 ms
2025-11-01 20:06:02.533 [main] INFO  o.s.cloud.openfeign.FeignClientFactoryBean - For 'xiaohashu-oss' URL not provided. Will try picking an instance via load-balancing.
2025-11-01 20:06:02.568 [main] INFO  c.a.d.s.b.a.DruidDataSourceAutoConfigure - Init DruidDataSource
2025-11-01 20:06:02.779 [main] INFO  com.alibaba.druid.pool.DruidDataSource - {dataSource-1} inited
2025-11-01 20:06:04.329 [main] INFO  org.springframework.cloud.commons.util.InetUtils - Cannot determine local hostname
2025-11-01 20:06:05.743 [main] INFO  org.springframework.cloud.commons.util.InetUtils - Cannot determine local hostname
2025-11-01 20:06:05.766 [main] WARN  o.s.c.l.c.LoadBalancerCacheAutoConfiguration$LoadBalancerCaffeineWarnLogger - Spring Cloud LoadBalancer is currently working with the default cache. While this cache implementation is useful for development and tests, it's recommended to use Caffeine cache in production.You can switch to using Caffeine cache, by adding it and org.springframework.cache.caffeine.CaffeineCacheManager to the classpath.
2025-11-01 20:06:27.755 [main] INFO  o.s.boot.web.embedded.tomcat.TomcatWebServer - Tomcat started on port(s): 8082 (http) with context path ''
2025-11-01 20:06:28.464 [main] WARN  com.alibaba.nacos.client.logging.NacosLogging - Load Logback Configuration of Nacos fail, message: Could not initialize Logback Nacos logging from classpath:nacos-logback.xml
2025-11-01 20:06:28.472 [main] INFO  com.alibaba.nacos.client.naming - initializer namespace from ans.namespace attribute : null
2025-11-01 20:06:28.523 [main] INFO  com.alibaba.nacos.client.naming - initializer namespace from ALIBABA_ALIWARE_NAMESPACE attribute :null
2025-11-01 20:06:28.559 [main] INFO  com.alibaba.nacos.client.naming - initializer namespace from namespace attribute :null
2025-11-01 20:06:30.339 [main] INFO  com.alibaba.nacos.client.utils.ParamUtil - [settings] [req-serv] nacos-server port:8848
2025-11-01 20:06:30.344 [main] INFO  com.alibaba.nacos.client.utils.ParamUtil - [settings] [http-client] connect timeout:1000
2025-11-01 20:06:30.440 [main] INFO  com.alibaba.nacos.client.utils.ParamUtil - PER_TASK_CONFIG_SIZE: 3000.0
2025-11-01 20:06:30.885 [main] INFO  c.a.n.p.auth.spi.client.ClientAuthPluginManager - [ClientAuthPluginManager] Load ClientAuthService com.alibaba.nacos.client.auth.impl.NacosClientAuthServiceImpl success.
2025-11-01 20:06:30.891 [main] INFO  c.a.n.p.auth.spi.client.ClientAuthPluginManager - [ClientAuthPluginManager] Load ClientAuthService com.alibaba.nacos.client.auth.ram.RamClientAuthServiceImpl success.
2025-11-01 20:06:31.137 [main] INFO  c.a.n.client.auth.ram.identify.CredentialWatcher - null No credential found
2025-11-01 20:06:31.523 [main] INFO  com.alibaba.nacos.common.remote.client - [RpcClientFactory] create a new rpc client of b5726c91-a342-4579-9a4c-d3e9c45237d2
2025-11-01 20:06:33.760 [main] INFO  com.alibaba.nacos.common.remote.client - [b5726c91-a342-4579-9a4c-d3e9c45237d2] RpcClient init, ServerListFactory = com.alibaba.nacos.client.naming.core.ServerListManager
2025-11-01 20:06:33.765 [main] INFO  com.alibaba.nacos.common.remote.client - [b5726c91-a342-4579-9a4c-d3e9c45237d2] Registry connection listener to current client:com.alibaba.nacos.client.naming.remote.gprc.redo.NamingGrpcRedoService
2025-11-01 20:06:33.828 [main] INFO  com.alibaba.nacos.common.remote.client - [b5726c91-a342-4579-9a4c-d3e9c45237d2] Register server push request handler:com.alibaba.nacos.client.naming.remote.gprc.NamingPushRequestHandler
2025-11-01 20:06:33.942 [main] INFO  com.alibaba.nacos.common.remote.client - [b5726c91-a342-4579-9a4c-d3e9c45237d2] Try to connect to server on start up, server: {serverIp = '127.0.0.1', server main port = 8848}
2025-11-01 20:06:35.083 [main] INFO  c.a.nacos.common.remote.client.grpc.GrpcClient - grpc client connection server:127.0.0.1 ip,serverPort:9848,grpcTslConfig:{"sslProvider":"OPENSSL","enableTls":false,"mutualAuthEnable":false,"trustAll":false}
2025-11-01 20:06:36.743 [com.alibaba.nacos.client.naming.grpc.redo.0] WARN  com.alibaba.nacos.client.naming - Grpc Connection is disconnect, skip current redo task
2025-11-01 20:06:39.780 [com.alibaba.nacos.client.naming.grpc.redo.0] WARN  com.alibaba.nacos.client.naming - Grpc Connection is disconnect, skip current redo task
2025-11-01 20:06:42.833 [com.alibaba.nacos.client.naming.grpc.redo.0] WARN  com.alibaba.nacos.client.naming - Grpc Connection is disconnect, skip current redo task
2025-11-01 20:06:44.046 [Thread-10] WARN  c.alibaba.nacos.common.http.HttpClientBeanHolder - [HttpClientBeanHolder] Start destroying common HttpClient
2025-11-01 20:06:44.046 [Thread-7] WARN  com.alibaba.nacos.common.notify.NotifyCenter - [NotifyCenter] Start destroying Publisher
2025-11-01 20:06:44.047 [Thread-7] WARN  com.alibaba.nacos.common.notify.NotifyCenter - [NotifyCenter] Destruction of the end
2025-11-01 20:06:44.047 [Thread-10] WARN  c.alibaba.nacos.common.http.HttpClientBeanHolder - [HttpClientBeanHolder] Destruction of the end
2025-11-01 20:06:44.622 [main] INFO  com.alibaba.nacos.common.remote.client - [b5726c91-a342-4579-9a4c-d3e9c45237d2] Success to connect to server [127.0.0.1:8848] on start up, connectionId = 1761998804462_127.0.0.1_14843
2025-11-01 20:06:44.623 [com.alibaba.nacos.client.remote.worker] INFO  com.alibaba.nacos.common.remote.client - [b5726c91-a342-4579-9a4c-d3e9c45237d2] Notify connected event to listeners.
2025-11-01 20:06:44.623 [com.alibaba.nacos.client.remote.worker] INFO  com.alibaba.nacos.client.naming - Grpc connection connect
2025-11-01 20:06:44.623 [main] INFO  com.alibaba.nacos.common.remote.client - [b5726c91-a342-4579-9a4c-d3e9c45237d2] Register server push request handler:com.alibaba.nacos.common.remote.client.RpcClient$ConnectResetRequestHandler
2025-11-01 20:06:44.624 [main] INFO  com.alibaba.nacos.common.remote.client - [b5726c91-a342-4579-9a4c-d3e9c45237d2] Register server push request handler:com.alibaba.nacos.common.remote.client.RpcClient$$Lambda$1266/0x000002502d7b7b20
2025-11-01 20:06:44.624 [main] INFO  com.alibaba.nacos.client.naming - [REGISTER-SERVICE] xiaohashu registering service xiaohashu-user with instance Instance{instanceId='null', ip='192.168.134.1', port=8082, weight=1.0, healthy=true, enabled=true, ephemeral=true, clusterName='DEFAULT', serviceName='null', metadata={IPv6=null, preserved.register.source=SPRING_CLOUD}}
2025-11-01 20:06:44.634 [main] INFO  c.a.cloud.nacos.registry.NacosServiceRegistry - nacos registry, DEFAULT_GROUP xiaohashu-user 192.168.134.1:8082 register finished
2025-11-01 20:06:45.792 [main] INFO  org.springframework.cloud.commons.util.InetUtils - Cannot determine local hostname
2025-11-01 20:06:45.802 [main] INFO  c.q.xiaohashu.user.biz.XiaohashuUserBizApplication - Started XiaohashuUserBizApplication in 47.546 seconds (process running for 48.296)
2025-11-01 20:06:45.805 [main] INFO  c.q.x.u.biz.runner.PushRolePermissions2RedisRunner - ==> 服务启动，开始同步角色权限数据到 Redis 中...
2025-11-01 20:06:45.857 [SpringApplicationShutdownHook] INFO  c.a.cloud.nacos.registry.NacosServiceRegistry - De-registering from Nacos Server now...
2025-11-01 20:06:45.858 [SpringApplicationShutdownHook] INFO  com.alibaba.nacos.client.naming - [DEREGISTER-SERVICE] xiaohashu deregistering service xiaohashu-user with instance: Instance{instanceId='null', ip='192.168.134.1', port=8082, weight=1.0, healthy=true, enabled=true, ephemeral=true, clusterName='DEFAULT', serviceName='null', metadata={}}
2025-11-01 20:06:45.862 [SpringApplicationShutdownHook] INFO  c.a.cloud.nacos.registry.NacosServiceRegistry - De-registration finished.
2025-11-01 20:06:45.863 [SpringApplicationShutdownHook] INFO  com.alibaba.nacos.client.naming - com.alibaba.nacos.client.naming.cache.ServiceInfoHolder do shutdown begin
2025-11-01 20:06:45.863 [SpringApplicationShutdownHook] INFO  com.alibaba.nacos.client.naming - com.alibaba.nacos.client.naming.backups.FailoverReactor do shutdown begin
2025-11-01 20:06:45.863 [SpringApplicationShutdownHook] INFO  com.alibaba.nacos.client.naming - com.alibaba.nacos.client.naming.backups.FailoverReactor do shutdown stop
2025-11-01 20:06:45.863 [SpringApplicationShutdownHook] INFO  com.alibaba.nacos.client.naming - com.alibaba.nacos.client.naming.cache.ServiceInfoHolder do shutdown stop
2025-11-01 20:06:45.863 [SpringApplicationShutdownHook] INFO  com.alibaba.nacos.client.naming - com.alibaba.nacos.client.naming.remote.NamingClientProxyDelegate do shutdown begin
2025-11-01 20:06:45.863 [SpringApplicationShutdownHook] INFO  com.alibaba.nacos.client.naming - com.alibaba.nacos.client.naming.core.ServiceInfoUpdateService do shutdown begin
2025-11-01 20:06:45.863 [SpringApplicationShutdownHook] INFO  com.alibaba.nacos.client.naming - com.alibaba.nacos.client.naming.core.ServiceInfoUpdateService do shutdown stop
2025-11-01 20:06:45.863 [SpringApplicationShutdownHook] INFO  com.alibaba.nacos.client.naming - com.alibaba.nacos.client.naming.core.ServerListManager do shutdown begin
2025-11-01 20:06:45.863 [SpringApplicationShutdownHook] WARN  com.alibaba.nacos.client.naming - [NamingHttpClientManager] Start destroying NacosRestTemplate
2025-11-01 20:06:45.863 [SpringApplicationShutdownHook] WARN  com.alibaba.nacos.client.naming - [NamingHttpClientManager] Destruction of the end
2025-11-01 20:06:45.863 [SpringApplicationShutdownHook] INFO  com.alibaba.nacos.client.naming - com.alibaba.nacos.client.naming.core.ServerListManager do shutdown stop
2025-11-01 20:06:45.863 [SpringApplicationShutdownHook] INFO  com.alibaba.nacos.client.naming - com.alibaba.nacos.client.naming.remote.http.NamingHttpClientProxy do shutdown begin
2025-11-01 20:06:45.863 [SpringApplicationShutdownHook] WARN  com.alibaba.nacos.client.naming - [NamingHttpClientManager] Start destroying NacosRestTemplate
2025-11-01 20:06:45.863 [SpringApplicationShutdownHook] WARN  com.alibaba.nacos.client.naming - [NamingHttpClientManager] Destruction of the end
2025-11-01 20:06:45.863 [SpringApplicationShutdownHook] INFO  com.alibaba.nacos.client.naming - com.alibaba.nacos.client.naming.remote.http.NamingHttpClientProxy do shutdown stop
2025-11-01 20:06:45.863 [SpringApplicationShutdownHook] INFO  com.alibaba.nacos.common.remote.client - Shutdown rpc client, set status to shutdown
2025-11-01 20:06:45.863 [SpringApplicationShutdownHook] INFO  com.alibaba.nacos.common.remote.client - Shutdown client event executor java.util.concurrent.ScheduledThreadPoolExecutor@3af9d1b8[Running, pool size = 2, active threads = 2, queued tasks = 0, completed tasks = 0]
2025-11-01 20:06:45.863 [SpringApplicationShutdownHook] INFO  com.alibaba.nacos.common.remote.client - Close current connection 1761998804462_127.0.0.1_14843
2025-11-01 20:06:45.865 [SpringApplicationShutdownHook] INFO  c.a.nacos.common.remote.client.grpc.GrpcClient - Shutdown grpc executor java.util.concurrent.ThreadPoolExecutor@52af4a02[Running, pool size = 9, active threads = 0, queued tasks = 0, completed tasks = 9]
2025-11-01 20:06:45.865 [SpringApplicationShutdownHook] INFO  com.alibaba.nacos.client.naming - Shutdown grpc redo service executor java.util.concurrent.ScheduledThreadPoolExecutor@2536012[Running, pool size = 1, active threads = 0, queued tasks = 1, completed tasks = 3]
2025-11-01 20:06:45.865 [SpringApplicationShutdownHook] INFO  c.a.n.client.auth.ram.identify.CredentialWatcher - [null] CredentialWatcher is stopped
2025-11-01 20:06:45.866 [SpringApplicationShutdownHook] INFO  c.a.n.client.auth.ram.identify.CredentialService - [null] CredentialService is freed
2025-11-01 20:06:45.866 [SpringApplicationShutdownHook] INFO  com.alibaba.nacos.client.naming - com.alibaba.nacos.client.naming.remote.NamingClientProxyDelegate do shutdown stop
2025-11-01 20:06:45.866 [SpringApplicationShutdownHook] INFO  com.alibaba.druid.pool.DruidDataSource - {dataSource-1} closing ...
2025-11-01 20:06:45.873 [SpringApplicationShutdownHook] INFO  com.alibaba.druid.pool.DruidDataSource - {dataSource-1} closed
2025-11-01 20:06:46.114 [main] ERROR c.q.x.u.biz.runner.PushRolePermissions2RedisRunner - ==> 同步角色权限数据到 Redis 中失败: 
org.springframework.data.redis.RedisSystemException: Redis exception
	at org.springframework.data.redis.connection.lettuce.LettuceExceptionConverter.convert(LettuceExceptionConverter.java:72)
	at org.springframework.data.redis.connection.lettuce.LettuceExceptionConverter.convert(LettuceExceptionConverter.java:41)
	at org.springframework.data.redis.PassThroughExceptionTranslationStrategy.translate(PassThroughExceptionTranslationStrategy.java:40)
	at org.springframework.data.redis.FallbackExceptionTranslationStrategy.translate(FallbackExceptionTranslationStrategy.java:38)
	at org.springframework.data.redis.connection.lettuce.LettuceConnection.convertLettuceAccessException(LettuceConnection.java:248)
	at org.springframework.data.redis.connection.lettuce.LettuceConnection.await(LettuceConnection.java:961)
	at org.springframework.data.redis.connection.lettuce.LettuceConnection.lambda$doInvoke$4(LettuceConnection.java:818)
	at org.springframework.data.redis.connection.lettuce.LettuceInvoker$Synchronizer.invoke(LettuceInvoker.java:673)
	at org.springframework.data.redis.connection.lettuce.LettuceInvoker$DefaultSingleInvocationSpec.getOrElse(LettuceInvoker.java:598)
	at org.springframework.data.redis.connection.lettuce.LettuceInvoker$SingleInvocationSpec.orElse(LettuceInvoker.java:385)
	at org.springframework.data.redis.connection.lettuce.LettuceStringCommands.set(LettuceStringCommands.java:113)
	at org.springframework.data.redis.connection.DefaultedRedisConnection.set(DefaultedRedisConnection.java:326)
	at org.springframework.data.redis.core.DefaultValueOperations.lambda$setIfAbsent$11(DefaultValueOperations.java:299)
	at org.springframework.data.redis.core.RedisTemplate.execute(RedisTemplate.java:406)
	at org.springframework.data.redis.core.RedisTemplate.execute(RedisTemplate.java:373)
	at org.springframework.data.redis.core.AbstractOperations.execute(AbstractOperations.java:97)
	at org.springframework.data.redis.core.DefaultValueOperations.setIfAbsent(DefaultValueOperations.java:299)
	at com.quanxiaoha.xiaohashu.user.biz.runner.PushRolePermissions2RedisRunner.run(PushRolePermissions2RedisRunner.java:52)
	at org.springframework.boot.SpringApplication.callRunner(SpringApplication.java:758)
	at org.springframework.boot.SpringApplication.callRunners(SpringApplication.java:748)
	at org.springframework.boot.SpringApplication.run(SpringApplication.java:315)
	at org.springframework.boot.SpringApplication.run(SpringApplication.java:1302)
	at org.springframework.boot.SpringApplication.run(SpringApplication.java:1291)
	at com.quanxiaoha.xiaohashu.user.biz.XiaohashuUserBizApplication.main(XiaohashuUserBizApplication.java:15)
Caused by: io.lettuce.core.RedisException: Connection is closed
	at io.lettuce.core.protocol.DefaultEndpoint.validateWrite(DefaultEndpoint.java:284)
	at io.lettuce.core.protocol.DefaultEndpoint.write(DefaultEndpoint.java:180)
	at io.lettuce.core.protocol.CommandExpiryWriter.write(CommandExpiryWriter.java:116)
	at io.lettuce.core.RedisChannelHandler.dispatch(RedisChannelHandler.java:218)
	at io.lettuce.core.StatefulRedisConnectionImpl.dispatch(StatefulRedisConnectionImpl.java:163)
	at io.lettuce.core.AbstractRedisAsyncCommands.dispatch(AbstractRedisAsyncCommands.java:676)
	at io.lettuce.core.AbstractRedisAsyncCommands.set(AbstractRedisAsyncCommands.java:1670)
	at org.springframework.data.redis.connection.lettuce.LettuceInvoker.lambda$from$10(LettuceInvoker.java:219)
	at org.springframework.data.redis.connection.lettuce.LettuceInvoker.lambda$from$7(LettuceInvoker.java:174)
	... 18 common frames omitted
2025-11-01 20:06:50.540 [main] WARN  com.alibaba.nacos.client.logging.NacosLogging - Load Logback Configuration of Nacos fail, message: Could not initialize Logback Nacos logging from classpath:nacos-logback.xml
2025-11-01 20:06:50.585 [main] WARN  com.alibaba.nacos.client.logging.NacosLogging - Load Logback Configuration of Nacos fail, message: Could not initialize Logback Nacos logging from classpath:nacos-logback.xml
2025-11-01 20:06:51.992 [main] WARN  com.alibaba.nacos.client.logging.NacosLogging - Load Logback Configuration of Nacos fail, message: Could not initialize Logback Nacos logging from classpath:nacos-logback.xml
2025-11-01 20:06:52.002 [main] WARN  com.alibaba.nacos.client.logging.NacosLogging - Load Logback Configuration of Nacos fail, message: Could not initialize Logback Nacos logging from classpath:nacos-logback.xml
2025-11-01 20:06:52.002 [main] INFO  c.q.xiaohashu.user.biz.XiaohashuUserBizApplication - The following 1 profile is active: "dev"
2025-11-01 20:06:52.408 [main] INFO  o.s.d.r.config.RepositoryConfigurationDelegate - Multiple Spring Data modules found, entering strict repository configuration mode
2025-11-01 20:06:52.409 [main] INFO  o.s.d.r.config.RepositoryConfigurationDelegate - Bootstrapping Spring Data Redis repositories in DEFAULT mode.
2025-11-01 20:06:52.425 [main] INFO  o.s.d.r.config.RepositoryConfigurationDelegate - Finished Spring Data repository scanning in 6 ms. Found 0 Redis repository interfaces.
2025-11-01 20:06:52.561 [main] INFO  o.springframework.cloud.context.scope.GenericScope - BeanFactory id=6a717c5c-2977-328c-ac4e-e882ae21d846
2025-11-01 20:06:52.585 [main] INFO  o.s.c.s.PostProcessorRegistrationDelegate$BeanPostProcessorChecker - Bean 'com.quanxiaoha.xiaohashu.oss.api.FileFeignApi' of type [org.springframework.cloud.openfeign.FeignClientFactoryBean] is not eligible for getting processed by all BeanPostProcessors (for example: not eligible for auto-proxying)
2025-11-01 20:06:52.586 [main] INFO  o.s.c.s.PostProcessorRegistrationDelegate$BeanPostProcessorChecker - Bean 'com.quanxiaoha.xiaohashu.user.api.UserFeignApi' of type [org.springframework.cloud.openfeign.FeignClientFactoryBean] is not eligible for getting processed by all BeanPostProcessors (for example: not eligible for auto-proxying)
2025-11-01 20:06:52.850 [main] INFO  o.s.boot.web.embedded.tomcat.TomcatWebServer - Tomcat initialized with port(s): 8082 (http)
2025-11-01 20:06:52.857 [main] INFO  org.apache.catalina.core.StandardService - Starting service [Tomcat]
2025-11-01 20:06:52.857 [main] INFO  org.apache.catalina.core.StandardEngine - Starting Servlet engine: [Apache Tomcat/10.1.5]
2025-11-01 20:06:52.941 [main] INFO  o.a.c.core.ContainerBase.[Tomcat].[localhost].[/] - Initializing Spring embedded WebApplicationContext
2025-11-01 20:06:52.941 [main] INFO  o.s.b.w.s.c.ServletWebServerApplicationContext - Root WebApplicationContext: initialization completed in 927 ms
2025-11-01 20:06:53.214 [main] INFO  o.s.cloud.openfeign.FeignClientFactoryBean - For 'xiaohashu-oss' URL not provided. Will try picking an instance via load-balancing.
2025-11-01 20:06:53.249 [main] INFO  c.a.d.s.b.a.DruidDataSourceAutoConfigure - Init DruidDataSource
2025-11-01 20:06:53.456 [main] INFO  com.alibaba.druid.pool.DruidDataSource - {dataSource-1} inited
2025-11-01 20:06:55.018 [main] INFO  org.springframework.cloud.commons.util.InetUtils - Cannot determine local hostname
2025-11-01 20:06:56.442 [main] INFO  org.springframework.cloud.commons.util.InetUtils - Cannot determine local hostname
2025-11-01 20:06:56.460 [main] WARN  o.s.c.l.c.LoadBalancerCacheAutoConfiguration$LoadBalancerCaffeineWarnLogger - Spring Cloud LoadBalancer is currently working with the default cache. While this cache implementation is useful for development and tests, it's recommended to use Caffeine cache in production.You can switch to using Caffeine cache, by adding it and org.springframework.cache.caffeine.CaffeineCacheManager to the classpath.
2025-11-01 20:07:22.261 [main] INFO  o.s.boot.web.embedded.tomcat.TomcatWebServer - Tomcat started on port(s): 8082 (http) with context path ''
2025-11-01 20:07:22.677 [main] WARN  com.alibaba.nacos.client.logging.NacosLogging - Load Logback Configuration of Nacos fail, message: Could not initialize Logback Nacos logging from classpath:nacos-logback.xml
2025-11-01 20:07:22.684 [main] INFO  com.alibaba.nacos.client.naming - initializer namespace from ans.namespace attribute : null
2025-11-01 20:07:22.728 [main] INFO  com.alibaba.nacos.client.naming - initializer namespace from ALIBABA_ALIWARE_NAMESPACE attribute :null
2025-11-01 20:07:22.767 [main] INFO  com.alibaba.nacos.client.naming - initializer namespace from namespace attribute :null
2025-11-01 20:07:24.771 [main] INFO  com.alibaba.nacos.client.utils.ParamUtil - [settings] [req-serv] nacos-server port:8848
2025-11-01 20:07:24.781 [main] INFO  com.alibaba.nacos.client.utils.ParamUtil - [settings] [http-client] connect timeout:1000
2025-11-01 20:07:24.907 [main] INFO  com.alibaba.nacos.client.utils.ParamUtil - PER_TASK_CONFIG_SIZE: 3000.0
2025-11-01 20:07:25.524 [main] INFO  c.a.n.p.auth.spi.client.ClientAuthPluginManager - [ClientAuthPluginManager] Load ClientAuthService com.alibaba.nacos.client.auth.impl.NacosClientAuthServiceImpl success.
2025-11-01 20:07:25.531 [main] INFO  c.a.n.p.auth.spi.client.ClientAuthPluginManager - [ClientAuthPluginManager] Load ClientAuthService com.alibaba.nacos.client.auth.ram.RamClientAuthServiceImpl success.
2025-11-01 20:07:26.039 [main] INFO  c.a.n.client.auth.ram.identify.CredentialWatcher - null No credential found
2025-11-01 20:07:26.491 [main] INFO  com.alibaba.nacos.common.remote.client - [RpcClientFactory] create a new rpc client of 59e52091-3587-41a7-aee3-0aa0d0568c06
2025-11-01 20:07:29.209 [main] INFO  com.alibaba.nacos.common.remote.client - [59e52091-3587-41a7-aee3-0aa0d0568c06] RpcClient init, ServerListFactory = com.alibaba.nacos.client.naming.core.ServerListManager
2025-11-01 20:07:29.210 [main] INFO  com.alibaba.nacos.common.remote.client - [59e52091-3587-41a7-aee3-0aa0d0568c06] Registry connection listener to current client:com.alibaba.nacos.client.naming.remote.gprc.redo.NamingGrpcRedoService
2025-11-01 20:07:29.210 [main] INFO  com.alibaba.nacos.common.remote.client - [59e52091-3587-41a7-aee3-0aa0d0568c06] Register server push request handler:com.alibaba.nacos.client.naming.remote.gprc.NamingPushRequestHandler
2025-11-01 20:07:29.212 [main] INFO  com.alibaba.nacos.common.remote.client - [59e52091-3587-41a7-aee3-0aa0d0568c06] Try to connect to server on start up, server: {serverIp = '127.0.0.1', server main port = 8848}
2025-11-01 20:07:29.243 [main] INFO  c.a.nacos.common.remote.client.grpc.GrpcClient - grpc client connection server:127.0.0.1 ip,serverPort:9848,grpcTslConfig:{"sslProvider":"OPENSSL","enableTls":false,"mutualAuthEnable":false,"trustAll":false}
2025-11-01 20:07:32.225 [com.alibaba.nacos.client.naming.grpc.redo.0] WARN  com.alibaba.nacos.client.naming - Grpc Connection is disconnect, skip current redo task
2025-11-01 20:07:35.313 [com.alibaba.nacos.client.naming.grpc.redo.0] WARN  com.alibaba.nacos.client.naming - Grpc Connection is disconnect, skip current redo task
2025-11-01 20:07:38.358 [com.alibaba.nacos.client.naming.grpc.redo.0] WARN  com.alibaba.nacos.client.naming - Grpc Connection is disconnect, skip current redo task
2025-11-01 20:07:41.390 [com.alibaba.nacos.client.naming.grpc.redo.0] WARN  com.alibaba.nacos.client.naming - Grpc Connection is disconnect, skip current redo task
2025-11-01 20:07:44.416 [com.alibaba.nacos.client.naming.grpc.redo.0] WARN  com.alibaba.nacos.client.naming - Grpc Connection is disconnect, skip current redo task
2025-11-01 20:07:47.582 [com.alibaba.nacos.client.naming.grpc.redo.0] WARN  com.alibaba.nacos.client.naming - Grpc Connection is disconnect, skip current redo task
2025-11-01 20:07:50.621 [com.alibaba.nacos.client.naming.grpc.redo.0] WARN  com.alibaba.nacos.client.naming - Grpc Connection is disconnect, skip current redo task
2025-11-01 20:07:53.684 [com.alibaba.nacos.client.naming.grpc.redo.0] WARN  com.alibaba.nacos.client.naming - Grpc Connection is disconnect, skip current redo task
2025-11-01 20:07:56.730 [com.alibaba.nacos.client.naming.grpc.redo.0] WARN  com.alibaba.nacos.client.naming - Grpc Connection is disconnect, skip current redo task
2025-11-01 20:07:56.156 [main] ERROR c.a.nacos.common.remote.client.grpc.GrpcClient - Server check fail, please check server 127.0.0.1 ,port 9848 is available , error ={}
java.util.concurrent.TimeoutException: Waited 3000 milliseconds (plus 135 milliseconds, 752000 nanoseconds delay) for com.alibaba.nacos.shaded.io.grpc.stub.ClientCalls$GrpcFuture@2a5ed225[status=PENDING, info=[GrpcFuture{clientCall=PendingCall{realCall=ClientCallImpl{method=MethodDescriptor{fullMethodName=Request/request, type=UNARY, idempotent=false, safe=false, sampledToLocalTracing=true, requestMarshaller=com.alibaba.nacos.shaded.io.grpc.protobuf.lite.ProtoLiteUtils$MessageMarshaller@2a525f88, responseMarshaller=com.alibaba.nacos.shaded.io.grpc.protobuf.lite.ProtoLiteUtils$MessageMarshaller@1cf4d454, schemaDescriptor=com.alibaba.nacos.api.grpc.auto.RequestGrpc$RequestMethodDescriptorSupplier@3ff3275b}}}}]]
	at com.alibaba.nacos.shaded.com.google.common.util.concurrent.AbstractFuture.get(AbstractFuture.java:508)
	at com.alibaba.nacos.common.remote.client.grpc.GrpcClient.serverCheck(GrpcClient.java:218)
	at com.alibaba.nacos.common.remote.client.grpc.GrpcClient.connectToServer(GrpcClient.java:329)
	at com.alibaba.nacos.common.remote.client.RpcClient.start(RpcClient.java:363)
	at com.alibaba.nacos.client.naming.remote.gprc.NamingGrpcClientProxy.start(NamingGrpcClientProxy.java:105)
	at com.alibaba.nacos.client.naming.remote.gprc.NamingGrpcClientProxy.<init>(NamingGrpcClientProxy.java:98)
	at com.alibaba.nacos.client.naming.remote.NamingClientProxyDelegate.<init>(NamingClientProxyDelegate.java:78)
	at com.alibaba.nacos.client.naming.NacosNamingService.init(NacosNamingService.java:102)
	at com.alibaba.nacos.client.naming.NacosNamingService.<init>(NacosNamingService.java:85)
	at java.base/jdk.internal.reflect.NativeConstructorAccessorImpl.newInstance0(Native Method)
	at java.base/jdk.internal.reflect.NativeConstructorAccessorImpl.newInstance(NativeConstructorAccessorImpl.java:77)
	at java.base/jdk.internal.reflect.DelegatingConstructorAccessorImpl.newInstance(DelegatingConstructorAccessorImpl.java:45)
	at java.base/java.lang.reflect.Constructor.newInstanceWithCaller(Constructor.java:499)
	at java.base/java.lang.reflect.Constructor.newInstance(Constructor.java:480)
	at com.alibaba.nacos.api.naming.NamingFactory.createNamingService(NamingFactory.java:59)
	at com.alibaba.nacos.api.NacosFactory.createNamingService(NacosFactory.java:77)
	at com.alibaba.cloud.nacos.NacosServiceManager.createNewNamingService(NacosServiceManager.java:99)
	at com.alibaba.cloud.nacos.NacosServiceManager.buildNamingService(NacosServiceManager.java:90)
	at com.alibaba.cloud.nacos.NacosServiceManager.getNamingService(NacosServiceManager.java:46)
	at com.alibaba.cloud.nacos.registry.NacosServiceRegistry.namingService(NacosServiceRegistry.java:193)
	at com.alibaba.cloud.nacos.registry.NacosServiceRegistry.register(NacosServiceRegistry.java:68)
	at org.springframework.cloud.client.serviceregistry.AbstractAutoServiceRegistration.register(AbstractAutoServiceRegistration.java:264)
	at com.alibaba.cloud.nacos.registry.NacosAutoServiceRegistration.register(NacosAutoServiceRegistration.java:78)
	at org.springframework.cloud.client.serviceregistry.AbstractAutoServiceRegistration.start(AbstractAutoServiceRegistration.java:156)
	at org.springframework.cloud.client.serviceregistry.AbstractAutoServiceRegistration.onApplicationEvent(AbstractAutoServiceRegistration.java:119)
	at org.springframework.cloud.client.serviceregistry.AbstractAutoServiceRegistration.onApplicationEvent(AbstractAutoServiceRegistration.java:49)
	at org.springframework.context.event.SimpleApplicationEventMulticaster.doInvokeListener(SimpleApplicationEventMulticaster.java:176)
	at org.springframework.context.event.SimpleApplicationEventMulticaster.invokeListener(SimpleApplicationEventMulticaster.java:169)
	at org.springframework.context.event.SimpleApplicationEventMulticaster.multicastEvent(SimpleApplicationEventMulticaster.java:143)
	at org.springframework.context.support.AbstractApplicationContext.publishEvent(AbstractApplicationContext.java:413)
	at org.springframework.context.support.AbstractApplicationContext.publishEvent(AbstractApplicationContext.java:370)
	at org.springframework.boot.web.servlet.context.WebServerStartStopLifecycle.start(WebServerStartStopLifecycle.java:47)
	at org.springframework.context.support.DefaultLifecycleProcessor.doStart(DefaultLifecycleProcessor.java:178)
	at org.springframework.context.support.DefaultLifecycleProcessor$LifecycleGroup.start(DefaultLifecycleProcessor.java:356)
	at java.base/java.lang.Iterable.forEach(Iterable.java:75)
	at org.springframework.context.support.DefaultLifecycleProcessor.startBeans(DefaultLifecycleProcessor.java:155)
	at org.springframework.context.support.DefaultLifecycleProcessor.onRefresh(DefaultLifecycleProcessor.java:123)
	at org.springframework.context.support.AbstractApplicationContext.finishRefresh(AbstractApplicationContext.java:932)
	at org.springframework.context.support.AbstractApplicationContext.refresh(AbstractApplicationContext.java:587)
	at org.springframework.boot.web.servlet.context.ServletWebServerApplicationContext.refresh(ServletWebServerApplicationContext.java:146)
	at org.springframework.boot.SpringApplication.refresh(SpringApplication.java:730)
	at org.springframework.boot.SpringApplication.refreshContext(SpringApplication.java:432)
	at org.springframework.boot.SpringApplication.run(SpringApplication.java:308)
	at org.springframework.boot.SpringApplication.run(SpringApplication.java:1302)
	at org.springframework.boot.SpringApplication.run(SpringApplication.java:1291)
	at com.quanxiaoha.xiaohashu.user.biz.XiaohashuUserBizApplication.main(XiaohashuUserBizApplication.java:15)
2025-11-01 20:07:59.908 [com.alibaba.nacos.client.naming.grpc.redo.0] WARN  com.alibaba.nacos.client.naming - Grpc Connection is disconnect, skip current redo task
2025-11-01 20:08:00.188 [main] INFO  com.alibaba.nacos.common.remote.client - [59e52091-3587-41a7-aee3-0aa0d0568c06] Try to connect to server on start up, server: {serverIp = '127.0.0.1', server main port = 8848}
2025-11-01 20:08:00.350 [main] INFO  c.a.nacos.common.remote.client.grpc.GrpcClient - grpc client connection server:127.0.0.1 ip,serverPort:9848,grpcTslConfig:{"sslProvider":"OPENSSL","enableTls":false,"mutualAuthEnable":false,"trustAll":false}
2025-11-01 20:08:03.054 [com.alibaba.nacos.client.naming.grpc.redo.0] WARN  com.alibaba.nacos.client.naming - Grpc Connection is disconnect, skip current redo task
2025-11-01 20:08:04.719 [main] ERROR c.a.nacos.common.remote.client.grpc.GrpcClient - Server check fail, please check server 127.0.0.1 ,port 9848 is available , error ={}
java.util.concurrent.TimeoutException: Waited 3000 milliseconds (plus 1 milliseconds, 607000 nanoseconds delay) for com.alibaba.nacos.shaded.io.grpc.stub.ClientCalls$GrpcFuture@1f1e15de[status=PENDING, info=[GrpcFuture{clientCall=PendingCall{realCall=ClientCallImpl{method=MethodDescriptor{fullMethodName=Request/request, type=UNARY, idempotent=false, safe=false, sampledToLocalTracing=true, requestMarshaller=com.alibaba.nacos.shaded.io.grpc.protobuf.lite.ProtoLiteUtils$MessageMarshaller@2a525f88, responseMarshaller=com.alibaba.nacos.shaded.io.grpc.protobuf.lite.ProtoLiteUtils$MessageMarshaller@1cf4d454, schemaDescriptor=com.alibaba.nacos.api.grpc.auto.RequestGrpc$RequestMethodDescriptorSupplier@3ff3275b}}}}]]
	at com.alibaba.nacos.shaded.com.google.common.util.concurrent.AbstractFuture.get(AbstractFuture.java:508)
	at com.alibaba.nacos.common.remote.client.grpc.GrpcClient.serverCheck(GrpcClient.java:218)
	at com.alibaba.nacos.common.remote.client.grpc.GrpcClient.connectToServer(GrpcClient.java:329)
	at com.alibaba.nacos.common.remote.client.RpcClient.start(RpcClient.java:363)
	at com.alibaba.nacos.client.naming.remote.gprc.NamingGrpcClientProxy.start(NamingGrpcClientProxy.java:105)
	at com.alibaba.nacos.client.naming.remote.gprc.NamingGrpcClientProxy.<init>(NamingGrpcClientProxy.java:98)
	at com.alibaba.nacos.client.naming.remote.NamingClientProxyDelegate.<init>(NamingClientProxyDelegate.java:78)
	at com.alibaba.nacos.client.naming.NacosNamingService.init(NacosNamingService.java:102)
	at com.alibaba.nacos.client.naming.NacosNamingService.<init>(NacosNamingService.java:85)
	at java.base/jdk.internal.reflect.NativeConstructorAccessorImpl.newInstance0(Native Method)
	at java.base/jdk.internal.reflect.NativeConstructorAccessorImpl.newInstance(NativeConstructorAccessorImpl.java:77)
	at java.base/jdk.internal.reflect.DelegatingConstructorAccessorImpl.newInstance(DelegatingConstructorAccessorImpl.java:45)
	at java.base/java.lang.reflect.Constructor.newInstanceWithCaller(Constructor.java:499)
	at java.base/java.lang.reflect.Constructor.newInstance(Constructor.java:480)
	at com.alibaba.nacos.api.naming.NamingFactory.createNamingService(NamingFactory.java:59)
	at com.alibaba.nacos.api.NacosFactory.createNamingService(NacosFactory.java:77)
	at com.alibaba.cloud.nacos.NacosServiceManager.createNewNamingService(NacosServiceManager.java:99)
	at com.alibaba.cloud.nacos.NacosServiceManager.buildNamingService(NacosServiceManager.java:90)
	at com.alibaba.cloud.nacos.NacosServiceManager.getNamingService(NacosServiceManager.java:46)
	at com.alibaba.cloud.nacos.registry.NacosServiceRegistry.namingService(NacosServiceRegistry.java:193)
	at com.alibaba.cloud.nacos.registry.NacosServiceRegistry.register(NacosServiceRegistry.java:68)
	at org.springframework.cloud.client.serviceregistry.AbstractAutoServiceRegistration.register(AbstractAutoServiceRegistration.java:264)
	at com.alibaba.cloud.nacos.registry.NacosAutoServiceRegistration.register(NacosAutoServiceRegistration.java:78)
	at org.springframework.cloud.client.serviceregistry.AbstractAutoServiceRegistration.start(AbstractAutoServiceRegistration.java:156)
	at org.springframework.cloud.client.serviceregistry.AbstractAutoServiceRegistration.onApplicationEvent(AbstractAutoServiceRegistration.java:119)
	at org.springframework.cloud.client.serviceregistry.AbstractAutoServiceRegistration.onApplicationEvent(AbstractAutoServiceRegistration.java:49)
	at org.springframework.context.event.SimpleApplicationEventMulticaster.doInvokeListener(SimpleApplicationEventMulticaster.java:176)
	at org.springframework.context.event.SimpleApplicationEventMulticaster.invokeListener(SimpleApplicationEventMulticaster.java:169)
	at org.springframework.context.event.SimpleApplicationEventMulticaster.multicastEvent(SimpleApplicationEventMulticaster.java:143)
	at org.springframework.context.support.AbstractApplicationContext.publishEvent(AbstractApplicationContext.java:413)
	at org.springframework.context.support.AbstractApplicationContext.publishEvent(AbstractApplicationContext.java:370)
	at org.springframework.boot.web.servlet.context.WebServerStartStopLifecycle.start(WebServerStartStopLifecycle.java:47)
	at org.springframework.context.support.DefaultLifecycleProcessor.doStart(DefaultLifecycleProcessor.java:178)
	at org.springframework.context.support.DefaultLifecycleProcessor$LifecycleGroup.start(DefaultLifecycleProcessor.java:356)
	at java.base/java.lang.Iterable.forEach(Iterable.java:75)
	at org.springframework.context.support.DefaultLifecycleProcessor.startBeans(DefaultLifecycleProcessor.java:155)
	at org.springframework.context.support.DefaultLifecycleProcessor.onRefresh(DefaultLifecycleProcessor.java:123)
	at org.springframework.context.support.AbstractApplicationContext.finishRefresh(AbstractApplicationContext.java:932)
	at org.springframework.context.support.AbstractApplicationContext.refresh(AbstractApplicationContext.java:587)
	at org.springframework.boot.web.servlet.context.ServletWebServerApplicationContext.refresh(ServletWebServerApplicationContext.java:146)
	at org.springframework.boot.SpringApplication.refresh(SpringApplication.java:730)
	at org.springframework.boot.SpringApplication.refreshContext(SpringApplication.java:432)
	at org.springframework.boot.SpringApplication.run(SpringApplication.java:308)
	at org.springframework.boot.SpringApplication.run(SpringApplication.java:1302)
	at org.springframework.boot.SpringApplication.run(SpringApplication.java:1291)
	at com.quanxiaoha.xiaohashu.user.biz.XiaohashuUserBizApplication.main(XiaohashuUserBizApplication.java:15)
2025-11-01 20:08:04.945 [main] INFO  com.alibaba.nacos.common.remote.client - [59e52091-3587-41a7-aee3-0aa0d0568c06] Try to connect to server on start up, server: {serverIp = '127.0.0.1', server main port = 8848}
2025-11-01 20:08:05.000 [main] INFO  c.a.nacos.common.remote.client.grpc.GrpcClient - grpc client connection server:127.0.0.1 ip,serverPort:9848,grpcTslConfig:{"sslProvider":"OPENSSL","enableTls":false,"mutualAuthEnable":false,"trustAll":false}
2025-11-01 20:08:06.164 [com.alibaba.nacos.client.naming.grpc.redo.0] WARN  com.alibaba.nacos.client.naming - Grpc Connection is disconnect, skip current redo task
2025-11-01 20:08:08.888 [main] ERROR c.a.nacos.common.remote.client.grpc.GrpcClient - Server check fail, please check server 127.0.0.1 ,port 9848 is available , error ={}
java.util.concurrent.TimeoutException: Waited 3000 milliseconds (plus 11 milliseconds, 780400 nanoseconds delay) for com.alibaba.nacos.shaded.io.grpc.stub.ClientCalls$GrpcFuture@3d5e0bf0[status=PENDING, info=[GrpcFuture{clientCall=PendingCall{realCall=ClientCallImpl{method=MethodDescriptor{fullMethodName=Request/request, type=UNARY, idempotent=false, safe=false, sampledToLocalTracing=true, requestMarshaller=com.alibaba.nacos.shaded.io.grpc.protobuf.lite.ProtoLiteUtils$MessageMarshaller@2a525f88, responseMarshaller=com.alibaba.nacos.shaded.io.grpc.protobuf.lite.ProtoLiteUtils$MessageMarshaller@1cf4d454, schemaDescriptor=com.alibaba.nacos.api.grpc.auto.RequestGrpc$RequestMethodDescriptorSupplier@3ff3275b}}}}]]
	at com.alibaba.nacos.shaded.com.google.common.util.concurrent.AbstractFuture.get(AbstractFuture.java:508)
	at com.alibaba.nacos.common.remote.client.grpc.GrpcClient.serverCheck(GrpcClient.java:218)
	at com.alibaba.nacos.common.remote.client.grpc.GrpcClient.connectToServer(GrpcClient.java:329)
	at com.alibaba.nacos.common.remote.client.RpcClient.start(RpcClient.java:363)
	at com.alibaba.nacos.client.naming.remote.gprc.NamingGrpcClientProxy.start(NamingGrpcClientProxy.java:105)
	at com.alibaba.nacos.client.naming.remote.gprc.NamingGrpcClientProxy.<init>(NamingGrpcClientProxy.java:98)
	at com.alibaba.nacos.client.naming.remote.NamingClientProxyDelegate.<init>(NamingClientProxyDelegate.java:78)
	at com.alibaba.nacos.client.naming.NacosNamingService.init(NacosNamingService.java:102)
	at com.alibaba.nacos.client.naming.NacosNamingService.<init>(NacosNamingService.java:85)
	at java.base/jdk.internal.reflect.NativeConstructorAccessorImpl.newInstance0(Native Method)
	at java.base/jdk.internal.reflect.NativeConstructorAccessorImpl.newInstance(NativeConstructorAccessorImpl.java:77)
	at java.base/jdk.internal.reflect.DelegatingConstructorAccessorImpl.newInstance(DelegatingConstructorAccessorImpl.java:45)
	at java.base/java.lang.reflect.Constructor.newInstanceWithCaller(Constructor.java:499)
	at java.base/java.lang.reflect.Constructor.newInstance(Constructor.java:480)
	at com.alibaba.nacos.api.naming.NamingFactory.createNamingService(NamingFactory.java:59)
	at com.alibaba.nacos.api.NacosFactory.createNamingService(NacosFactory.java:77)
	at com.alibaba.cloud.nacos.NacosServiceManager.createNewNamingService(NacosServiceManager.java:99)
	at com.alibaba.cloud.nacos.NacosServiceManager.buildNamingService(NacosServiceManager.java:90)
	at com.alibaba.cloud.nacos.NacosServiceManager.getNamingService(NacosServiceManager.java:46)
	at com.alibaba.cloud.nacos.registry.NacosServiceRegistry.namingService(NacosServiceRegistry.java:193)
	at com.alibaba.cloud.nacos.registry.NacosServiceRegistry.register(NacosServiceRegistry.java:68)
	at org.springframework.cloud.client.serviceregistry.AbstractAutoServiceRegistration.register(AbstractAutoServiceRegistration.java:264)
	at com.alibaba.cloud.nacos.registry.NacosAutoServiceRegistration.register(NacosAutoServiceRegistration.java:78)
	at org.springframework.cloud.client.serviceregistry.AbstractAutoServiceRegistration.start(AbstractAutoServiceRegistration.java:156)
	at org.springframework.cloud.client.serviceregistry.AbstractAutoServiceRegistration.onApplicationEvent(AbstractAutoServiceRegistration.java:119)
	at org.springframework.cloud.client.serviceregistry.AbstractAutoServiceRegistration.onApplicationEvent(AbstractAutoServiceRegistration.java:49)
	at org.springframework.context.event.SimpleApplicationEventMulticaster.doInvokeListener(SimpleApplicationEventMulticaster.java:176)
	at org.springframework.context.event.SimpleApplicationEventMulticaster.invokeListener(SimpleApplicationEventMulticaster.java:169)
	at org.springframework.context.event.SimpleApplicationEventMulticaster.multicastEvent(SimpleApplicationEventMulticaster.java:143)
	at org.springframework.context.support.AbstractApplicationContext.publishEvent(AbstractApplicationContext.java:413)
	at org.springframework.context.support.AbstractApplicationContext.publishEvent(AbstractApplicationContext.java:370)
	at org.springframework.boot.web.servlet.context.WebServerStartStopLifecycle.start(WebServerStartStopLifecycle.java:47)
	at org.springframework.context.support.DefaultLifecycleProcessor.doStart(DefaultLifecycleProcessor.java:178)
	at org.springframework.context.support.DefaultLifecycleProcessor$LifecycleGroup.start(DefaultLifecycleProcessor.java:356)
	at java.base/java.lang.Iterable.forEach(Iterable.java:75)
	at org.springframework.context.support.DefaultLifecycleProcessor.startBeans(DefaultLifecycleProcessor.java:155)
	at org.springframework.context.support.DefaultLifecycleProcessor.onRefresh(DefaultLifecycleProcessor.java:123)
	at org.springframework.context.support.AbstractApplicationContext.finishRefresh(AbstractApplicationContext.java:932)
	at org.springframework.context.support.AbstractApplicationContext.refresh(AbstractApplicationContext.java:587)
	at org.springframework.boot.web.servlet.context.ServletWebServerApplicationContext.refresh(ServletWebServerApplicationContext.java:146)
	at org.springframework.boot.SpringApplication.refresh(SpringApplication.java:730)
	at org.springframework.boot.SpringApplication.refreshContext(SpringApplication.java:432)
	at org.springframework.boot.SpringApplication.run(SpringApplication.java:308)
	at org.springframework.boot.SpringApplication.run(SpringApplication.java:1302)
	at org.springframework.boot.SpringApplication.run(SpringApplication.java:1291)
	at com.quanxiaoha.xiaohashu.user.biz.XiaohashuUserBizApplication.main(XiaohashuUserBizApplication.java:15)
2025-11-01 20:08:09.222 [com.alibaba.nacos.client.remote.worker] INFO  com.alibaba.nacos.common.remote.client - [59e52091-3587-41a7-aee3-0aa0d0568c06] Try to reconnect to a new server, server is  not appointed, will choose a random server.
2025-11-01 20:08:09.234 [com.alibaba.nacos.client.naming.grpc.redo.0] WARN  com.alibaba.nacos.client.naming - Grpc Connection is disconnect, skip current redo task
2025-11-01 20:08:09.412 [com.alibaba.nacos.client.remote.worker] INFO  c.a.nacos.common.remote.client.grpc.GrpcClient - grpc client connection server:127.0.0.1 ip,serverPort:9848,grpcTslConfig:{"sslProvider":"OPENSSL","enableTls":false,"mutualAuthEnable":false,"trustAll":false}
2025-11-01 20:08:09.712 [main] INFO  com.alibaba.nacos.common.remote.client - [59e52091-3587-41a7-aee3-0aa0d0568c06] Register server push request handler:com.alibaba.nacos.common.remote.client.RpcClient$ConnectResetRequestHandler
2025-11-01 20:08:09.931 [main] INFO  com.alibaba.nacos.common.remote.client - [59e52091-3587-41a7-aee3-0aa0d0568c06] Register server push request handler:com.alibaba.nacos.common.remote.client.RpcClient$$Lambda$1263/0x000001a4be75fd08
2025-11-01 20:08:10.648 [main] INFO  com.alibaba.nacos.client.naming - [REGISTER-SERVICE] xiaohashu registering service xiaohashu-user with instance Instance{instanceId='null', ip='192.168.134.1', port=8082, weight=1.0, healthy=true, enabled=true, ephemeral=true, clusterName='DEFAULT', serviceName='null', metadata={IPv6=null, preserved.register.source=SPRING_CLOUD}}
2025-11-01 20:08:11.686 [main] ERROR com.alibaba.nacos.common.remote.client - Send request fail, request = InstanceRequest{headers={app=unknown}, requestId='null'}, retryTimes = 0, errorMessage = Client not connected, current status:STARTING
2025-11-01 20:08:11.812 [main] ERROR com.alibaba.nacos.common.remote.client - Send request fail, request = InstanceRequest{headers={app=unknown}, requestId='null'}, retryTimes = 1, errorMessage = Client not connected, current status:STARTING
2025-11-01 20:08:11.945 [main] ERROR com.alibaba.nacos.common.remote.client - Send request fail, request = InstanceRequest{headers={app=unknown}, requestId='null'}, retryTimes = 2, errorMessage = Client not connected, current status:STARTING
2025-11-01 20:08:12.346 [com.alibaba.nacos.client.naming.grpc.redo.0] WARN  com.alibaba.nacos.client.naming - Grpc Connection is disconnect, skip current redo task
2025-11-01 20:08:13.995 [com.alibaba.nacos.client.remote.worker] ERROR c.a.nacos.common.remote.client.grpc.GrpcClient - Server check fail, please check server 127.0.0.1 ,port 9848 is available , error ={}
java.util.concurrent.TimeoutException: Waited 3000 milliseconds (plus 1 milliseconds, 158400 nanoseconds delay) for com.alibaba.nacos.shaded.io.grpc.stub.ClientCalls$GrpcFuture@1dda1659[status=PENDING, info=[GrpcFuture{clientCall=PendingCall{realCall=ClientCallImpl{method=MethodDescriptor{fullMethodName=Request/request, type=UNARY, idempotent=false, safe=false, sampledToLocalTracing=true, requestMarshaller=com.alibaba.nacos.shaded.io.grpc.protobuf.lite.ProtoLiteUtils$MessageMarshaller@2a525f88, responseMarshaller=com.alibaba.nacos.shaded.io.grpc.protobuf.lite.ProtoLiteUtils$MessageMarshaller@1cf4d454, schemaDescriptor=com.alibaba.nacos.api.grpc.auto.RequestGrpc$RequestMethodDescriptorSupplier@3ff3275b}}}}]]
	at com.alibaba.nacos.shaded.com.google.common.util.concurrent.AbstractFuture.get(AbstractFuture.java:508)
	at com.alibaba.nacos.common.remote.client.grpc.GrpcClient.serverCheck(GrpcClient.java:218)
	at com.alibaba.nacos.common.remote.client.grpc.GrpcClient.connectToServer(GrpcClient.java:329)
	at com.alibaba.nacos.common.remote.client.RpcClient.reconnect(RpcClient.java:502)
	at com.alibaba.nacos.common.remote.client.RpcClient.lambda$start$2(RpcClient.java:343)
	at java.base/java.util.concurrent.Executors$RunnableAdapter.call(Executors.java:539)
	at java.base/java.util.concurrent.FutureTask.run$$$capture(FutureTask.java:264)
	at java.base/java.util.concurrent.FutureTask.run(FutureTask.java)
	at java.base/java.util.concurrent.ScheduledThreadPoolExecutor$ScheduledFutureTask.run(ScheduledThreadPoolExecutor.java:304)
	at java.base/java.util.concurrent.ThreadPoolExecutor.runWorker(ThreadPoolExecutor.java:1136)
	at java.base/java.util.concurrent.ThreadPoolExecutor$Worker.run(ThreadPoolExecutor.java:635)
	at java.base/java.lang.Thread.run(Thread.java:842)
2025-11-01 20:08:14.440 [com.alibaba.nacos.client.remote.worker] INFO  c.a.nacos.common.remote.client.grpc.GrpcClient - grpc client connection server:127.0.0.1 ip,serverPort:9848,grpcTslConfig:{"sslProvider":"OPENSSL","enableTls":false,"mutualAuthEnable":false,"trustAll":false}
2025-11-01 20:08:15.457 [com.alibaba.nacos.client.naming.grpc.redo.0] WARN  com.alibaba.nacos.client.naming - Grpc Connection is disconnect, skip current redo task
2025-11-01 20:08:18.558 [com.alibaba.nacos.client.naming.grpc.redo.0] WARN  com.alibaba.nacos.client.naming - Grpc Connection is disconnect, skip current redo task
2025-11-01 20:08:18.907 [com.alibaba.nacos.client.remote.worker] ERROR c.a.nacos.common.remote.client.grpc.GrpcClient - Server check fail, please check server 127.0.0.1 ,port 9848 is available , error ={}
java.util.concurrent.TimeoutException: Waited 3000 milliseconds (plus 1 milliseconds, 568700 nanoseconds delay) for com.alibaba.nacos.shaded.io.grpc.stub.ClientCalls$GrpcFuture@3ff742e4[status=PENDING, info=[GrpcFuture{clientCall=PendingCall{realCall=ClientCallImpl{method=MethodDescriptor{fullMethodName=Request/request, type=UNARY, idempotent=false, safe=false, sampledToLocalTracing=true, requestMarshaller=com.alibaba.nacos.shaded.io.grpc.protobuf.lite.ProtoLiteUtils$MessageMarshaller@2a525f88, responseMarshaller=com.alibaba.nacos.shaded.io.grpc.protobuf.lite.ProtoLiteUtils$MessageMarshaller@1cf4d454, schemaDescriptor=com.alibaba.nacos.api.grpc.auto.RequestGrpc$RequestMethodDescriptorSupplier@3ff3275b}}}}]]
	at com.alibaba.nacos.shaded.com.google.common.util.concurrent.AbstractFuture.get(AbstractFuture.java:508)
	at com.alibaba.nacos.common.remote.client.grpc.GrpcClient.serverCheck(GrpcClient.java:218)
	at com.alibaba.nacos.common.remote.client.grpc.GrpcClient.connectToServer(GrpcClient.java:329)
	at com.alibaba.nacos.common.remote.client.RpcClient.reconnect(RpcClient.java:502)
	at com.alibaba.nacos.common.remote.client.RpcClient.lambda$start$2(RpcClient.java:343)
	at java.base/java.util.concurrent.Executors$RunnableAdapter.call(Executors.java:539)
	at java.base/java.util.concurrent.FutureTask.run$$$capture(FutureTask.java:264)
	at java.base/java.util.concurrent.FutureTask.run(FutureTask.java)
	at java.base/java.util.concurrent.ScheduledThreadPoolExecutor$ScheduledFutureTask.run(ScheduledThreadPoolExecutor.java:304)
	at java.base/java.util.concurrent.ThreadPoolExecutor.runWorker(ThreadPoolExecutor.java:1136)
	at java.base/java.util.concurrent.ThreadPoolExecutor$Worker.run(ThreadPoolExecutor.java:635)
	at java.base/java.lang.Thread.run(Thread.java:842)
2025-11-01 20:08:19.184 [com.alibaba.nacos.client.remote.worker] INFO  com.alibaba.nacos.common.remote.client - [59e52091-3587-41a7-aee3-0aa0d0568c06] Fail to connect server, after trying 1 times, last try server is {serverIp = '127.0.0.1', server main port = 8848}, error = unknown
2025-11-01 20:08:19.550 [com.alibaba.nacos.client.remote.worker] INFO  c.a.nacos.common.remote.client.grpc.GrpcClient - grpc client connection server:127.0.0.1 ip,serverPort:9848,grpcTslConfig:{"sslProvider":"OPENSSL","enableTls":false,"mutualAuthEnable":false,"trustAll":false}
2025-11-01 20:08:21.645 [com.alibaba.nacos.client.naming.grpc.redo.0] WARN  com.alibaba.nacos.client.naming - Grpc Connection is disconnect, skip current redo task
2025-11-01 20:08:23.954 [com.alibaba.nacos.client.remote.worker] ERROR c.a.nacos.common.remote.client.grpc.GrpcClient - Server check fail, please check server 127.0.0.1 ,port 9848 is available , error ={}
java.util.concurrent.TimeoutException: Waited 3000 milliseconds (plus 1 milliseconds, 666200 nanoseconds delay) for com.alibaba.nacos.shaded.io.grpc.stub.ClientCalls$GrpcFuture@738eb9db[status=PENDING, info=[GrpcFuture{clientCall=PendingCall{realCall=ClientCallImpl{method=MethodDescriptor{fullMethodName=Request/request, type=UNARY, idempotent=false, safe=false, sampledToLocalTracing=true, requestMarshaller=com.alibaba.nacos.shaded.io.grpc.protobuf.lite.ProtoLiteUtils$MessageMarshaller@2a525f88, responseMarshaller=com.alibaba.nacos.shaded.io.grpc.protobuf.lite.ProtoLiteUtils$MessageMarshaller@1cf4d454, schemaDescriptor=com.alibaba.nacos.api.grpc.auto.RequestGrpc$RequestMethodDescriptorSupplier@3ff3275b}}}}]]
	at com.alibaba.nacos.shaded.com.google.common.util.concurrent.AbstractFuture.get(AbstractFuture.java:508)
	at com.alibaba.nacos.common.remote.client.grpc.GrpcClient.serverCheck(GrpcClient.java:218)
	at com.alibaba.nacos.common.remote.client.grpc.GrpcClient.connectToServer(GrpcClient.java:329)
	at com.alibaba.nacos.common.remote.client.RpcClient.reconnect(RpcClient.java:502)
	at com.alibaba.nacos.common.remote.client.RpcClient.lambda$start$2(RpcClient.java:343)
	at java.base/java.util.concurrent.Executors$RunnableAdapter.call(Executors.java:539)
	at java.base/java.util.concurrent.FutureTask.run$$$capture(FutureTask.java:264)
	at java.base/java.util.concurrent.FutureTask.run(FutureTask.java)
	at java.base/java.util.concurrent.ScheduledThreadPoolExecutor$ScheduledFutureTask.run(ScheduledThreadPoolExecutor.java:304)
	at java.base/java.util.concurrent.ThreadPoolExecutor.runWorker(ThreadPoolExecutor.java:1136)
	at java.base/java.util.concurrent.ThreadPoolExecutor$Worker.run(ThreadPoolExecutor.java:635)
	at java.base/java.lang.Thread.run(Thread.java:842)
2025-11-01 20:08:24.139 [com.alibaba.nacos.client.remote.worker] INFO  com.alibaba.nacos.common.remote.client - [59e52091-3587-41a7-aee3-0aa0d0568c06] Fail to connect server, after trying 2 times, last try server is {serverIp = '127.0.0.1', server main port = 8848}, error = unknown
2025-11-01 20:08:24.608 [com.alibaba.nacos.client.remote.worker] INFO  c.a.nacos.common.remote.client.grpc.GrpcClient - grpc client connection server:127.0.0.1 ip,serverPort:9848,grpcTslConfig:{"sslProvider":"OPENSSL","enableTls":false,"mutualAuthEnable":false,"trustAll":false}
2025-11-01 20:08:24.720 [com.alibaba.nacos.client.naming.grpc.redo.0] WARN  com.alibaba.nacos.client.naming - Grpc Connection is disconnect, skip current redo task
2025-11-01 20:08:27.838 [com.alibaba.nacos.client.naming.grpc.redo.0] WARN  com.alibaba.nacos.client.naming - Grpc Connection is disconnect, skip current redo task
2025-11-01 20:08:29.050 [com.alibaba.nacos.client.remote.worker] ERROR c.a.nacos.common.remote.client.grpc.GrpcClient - Server check fail, please check server 127.0.0.1 ,port 9848 is available , error ={}
java.util.concurrent.TimeoutException: Waited 3000 milliseconds (plus 822500 nanoseconds delay) for com.alibaba.nacos.shaded.io.grpc.stub.ClientCalls$GrpcFuture@4483eef[status=PENDING, info=[GrpcFuture{clientCall=PendingCall{realCall=ClientCallImpl{method=MethodDescriptor{fullMethodName=Request/request, type=UNARY, idempotent=false, safe=false, sampledToLocalTracing=true, requestMarshaller=com.alibaba.nacos.shaded.io.grpc.protobuf.lite.ProtoLiteUtils$MessageMarshaller@2a525f88, responseMarshaller=com.alibaba.nacos.shaded.io.grpc.protobuf.lite.ProtoLiteUtils$MessageMarshaller@1cf4d454, schemaDescriptor=com.alibaba.nacos.api.grpc.auto.RequestGrpc$RequestMethodDescriptorSupplier@3ff3275b}}}}]]
	at com.alibaba.nacos.shaded.com.google.common.util.concurrent.AbstractFuture.get(AbstractFuture.java:508)
	at com.alibaba.nacos.common.remote.client.grpc.GrpcClient.serverCheck(GrpcClient.java:218)
	at com.alibaba.nacos.common.remote.client.grpc.GrpcClient.connectToServer(GrpcClient.java:329)
	at com.alibaba.nacos.common.remote.client.RpcClient.reconnect(RpcClient.java:502)
	at com.alibaba.nacos.common.remote.client.RpcClient.lambda$start$2(RpcClient.java:343)
	at java.base/java.util.concurrent.Executors$RunnableAdapter.call(Executors.java:539)
	at java.base/java.util.concurrent.FutureTask.run$$$capture(FutureTask.java:264)
	at java.base/java.util.concurrent.FutureTask.run(FutureTask.java)
	at java.base/java.util.concurrent.ScheduledThreadPoolExecutor$ScheduledFutureTask.run(ScheduledThreadPoolExecutor.java:304)
	at java.base/java.util.concurrent.ThreadPoolExecutor.runWorker(ThreadPoolExecutor.java:1136)
	at java.base/java.util.concurrent.ThreadPoolExecutor$Worker.run(ThreadPoolExecutor.java:635)
	at java.base/java.lang.Thread.run(Thread.java:842)
2025-11-01 20:08:29.339 [com.alibaba.nacos.client.remote.worker] INFO  com.alibaba.nacos.common.remote.client - [59e52091-3587-41a7-aee3-0aa0d0568c06] Fail to connect server, after trying 3 times, last try server is {serverIp = '127.0.0.1', server main port = 8848}, error = unknown
2025-11-01 20:08:29.908 [com.alibaba.nacos.client.remote.worker] INFO  c.a.nacos.common.remote.client.grpc.GrpcClient - grpc client connection server:127.0.0.1 ip,serverPort:9848,grpcTslConfig:{"sslProvider":"OPENSSL","enableTls":false,"mutualAuthEnable":false,"trustAll":false}
2025-11-01 20:08:30.955 [com.alibaba.nacos.client.naming.grpc.redo.0] WARN  com.alibaba.nacos.client.naming - Grpc Connection is disconnect, skip current redo task
2025-11-01 20:08:30.805 [main] ERROR c.a.cloud.nacos.registry.NacosServiceRegistry - nacos registry, xiaohashu-user register failed...NacosRegistration{nacosDiscoveryProperties=NacosDiscoveryProperties{serverAddr='127.0.0.1:8848', username='', password='', endpoint='', namespace='xiaohashu', watchDelay=30000, logName='', service='xiaohashu-user', weight=1.0, clusterName='DEFAULT', group='DEFAULT_GROUP', namingLoadCacheAtStart='false', metadata={IPv6=null, preserved.register.source=SPRING_CLOUD}, registerEnabled=true, ip='192.168.134.1', networkInterface='', port=8082, secure=false, accessKey='', secretKey='', heartBeatInterval=null, heartBeatTimeout=null, ipDeleteTimeout=null, instanceEnabled=true, ephemeral=true, failureToleranceEnabled=false}, ipDeleteTimeout=null, failFast=true}},
com.alibaba.nacos.api.exception.NacosException: Client not connected, current status:STARTING
	at com.alibaba.nacos.common.remote.client.RpcClient.request(RpcClient.java:643)
	at com.alibaba.nacos.common.remote.client.RpcClient.request(RpcClient.java:623)
	at com.alibaba.nacos.client.naming.remote.gprc.NamingGrpcClientProxy.requestToServer(NamingGrpcClientProxy.java:357)
	at com.alibaba.nacos.client.naming.remote.gprc.NamingGrpcClientProxy.doRegisterService(NamingGrpcClientProxy.java:210)
	at com.alibaba.nacos.client.naming.remote.gprc.NamingGrpcClientProxy.registerService(NamingGrpcClientProxy.java:124)
	at com.alibaba.nacos.client.naming.remote.NamingClientProxyDelegate.registerService(NamingClientProxyDelegate.java:98)
	at com.alibaba.nacos.client.naming.NacosNamingService.registerInstance(NacosNamingService.java:143)
	at com.alibaba.cloud.nacos.registry.NacosServiceRegistry.register(NacosServiceRegistry.java:75)
	at org.springframework.cloud.client.serviceregistry.AbstractAutoServiceRegistration.register(AbstractAutoServiceRegistration.java:264)
	at com.alibaba.cloud.nacos.registry.NacosAutoServiceRegistration.register(NacosAutoServiceRegistration.java:78)
	at org.springframework.cloud.client.serviceregistry.AbstractAutoServiceRegistration.start(AbstractAutoServiceRegistration.java:156)
	at org.springframework.cloud.client.serviceregistry.AbstractAutoServiceRegistration.onApplicationEvent(AbstractAutoServiceRegistration.java:119)
	at org.springframework.cloud.client.serviceregistry.AbstractAutoServiceRegistration.onApplicationEvent(AbstractAutoServiceRegistration.java:49)
	at org.springframework.context.event.SimpleApplicationEventMulticaster.doInvokeListener(SimpleApplicationEventMulticaster.java:176)
	at org.springframework.context.event.SimpleApplicationEventMulticaster.invokeListener(SimpleApplicationEventMulticaster.java:169)
	at org.springframework.context.event.SimpleApplicationEventMulticaster.multicastEvent(SimpleApplicationEventMulticaster.java:143)
	at org.springframework.context.support.AbstractApplicationContext.publishEvent(AbstractApplicationContext.java:413)
	at org.springframework.context.support.AbstractApplicationContext.publishEvent(AbstractApplicationContext.java:370)
	at org.springframework.boot.web.servlet.context.WebServerStartStopLifecycle.start(WebServerStartStopLifecycle.java:47)
	at org.springframework.context.support.DefaultLifecycleProcessor.doStart(DefaultLifecycleProcessor.java:178)
	at org.springframework.context.support.DefaultLifecycleProcessor$LifecycleGroup.start(DefaultLifecycleProcessor.java:356)
	at java.base/java.lang.Iterable.forEach(Iterable.java:75)
	at org.springframework.context.support.DefaultLifecycleProcessor.startBeans(DefaultLifecycleProcessor.java:155)
	at org.springframework.context.support.DefaultLifecycleProcessor.onRefresh(DefaultLifecycleProcessor.java:123)
	at org.springframework.context.support.AbstractApplicationContext.finishRefresh(AbstractApplicationContext.java:932)
	at org.springframework.context.support.AbstractApplicationContext.refresh(AbstractApplicationContext.java:587)
	at org.springframework.boot.web.servlet.context.ServletWebServerApplicationContext.refresh(ServletWebServerApplicationContext.java:146)
	at org.springframework.boot.SpringApplication.refresh(SpringApplication.java:730)
	at org.springframework.boot.SpringApplication.refreshContext(SpringApplication.java:432)
	at org.springframework.boot.SpringApplication.run(SpringApplication.java:308)
	at org.springframework.boot.SpringApplication.run(SpringApplication.java:1302)
	at org.springframework.boot.SpringApplication.run(SpringApplication.java:1291)
	at com.quanxiaoha.xiaohashu.user.biz.XiaohashuUserBizApplication.main(XiaohashuUserBizApplication.java:15)
2025-11-01 20:08:31.466 [main] WARN  o.s.b.w.s.c.AnnotationConfigServletWebServerApplicationContext - Exception encountered during context initialization - cancelling refresh attempt: org.springframework.context.ApplicationContextException: Failed to start bean 'webServerStartStop'
2025-11-01 20:08:32.419 [main] INFO  com.alibaba.nacos.client.naming - com.alibaba.nacos.client.naming.cache.ServiceInfoHolder do shutdown begin
2025-11-01 20:08:32.447 [main] INFO  com.alibaba.nacos.client.naming - com.alibaba.nacos.client.naming.backups.FailoverReactor do shutdown begin
2025-11-01 20:08:32.513 [main] INFO  com.alibaba.nacos.client.naming - com.alibaba.nacos.client.naming.backups.FailoverReactor do shutdown stop
2025-11-01 20:08:32.547 [main] INFO  com.alibaba.nacos.client.naming - com.alibaba.nacos.client.naming.cache.ServiceInfoHolder do shutdown stop
2025-11-01 20:08:32.591 [main] INFO  com.alibaba.nacos.client.naming - com.alibaba.nacos.client.naming.remote.NamingClientProxyDelegate do shutdown begin
2025-11-01 20:08:32.639 [main] INFO  com.alibaba.nacos.client.naming - com.alibaba.nacos.client.naming.core.ServiceInfoUpdateService do shutdown begin
2025-11-01 20:08:32.685 [main] INFO  com.alibaba.nacos.client.naming - com.alibaba.nacos.client.naming.core.ServiceInfoUpdateService do shutdown stop
2025-11-01 20:08:32.726 [main] INFO  com.alibaba.nacos.client.naming - com.alibaba.nacos.client.naming.core.ServerListManager do shutdown begin
2025-11-01 20:08:32.791 [main] WARN  com.alibaba.nacos.client.naming - [NamingHttpClientManager] Start destroying NacosRestTemplate
2025-11-01 20:08:32.862 [main] WARN  com.alibaba.nacos.client.naming - [NamingHttpClientManager] Destruction of the end
2025-11-01 20:08:32.933 [main] INFO  com.alibaba.nacos.client.naming - com.alibaba.nacos.client.naming.core.ServerListManager do shutdown stop
2025-11-01 20:08:33.012 [main] INFO  com.alibaba.nacos.client.naming - com.alibaba.nacos.client.naming.remote.http.NamingHttpClientProxy do shutdown begin
2025-11-01 20:08:33.086 [main] WARN  com.alibaba.nacos.client.naming - [NamingHttpClientManager] Start destroying NacosRestTemplate
2025-11-01 20:08:33.131 [main] WARN  com.alibaba.nacos.client.naming - [NamingHttpClientManager] Destruction of the end
2025-11-01 20:08:33.174 [main] INFO  com.alibaba.nacos.client.naming - com.alibaba.nacos.client.naming.remote.http.NamingHttpClientProxy do shutdown stop
2025-11-01 20:08:33.220 [main] INFO  com.alibaba.nacos.common.remote.client - Shutdown rpc client, set status to shutdown
2025-11-01 20:08:33.270 [main] INFO  com.alibaba.nacos.common.remote.client - Shutdown client event executor java.util.concurrent.ScheduledThreadPoolExecutor@27107a97[Running, pool size = 2, active threads = 2, queued tasks = 0, completed tasks = 0]
2025-11-01 20:08:33.331 [main] INFO  c.a.nacos.common.remote.client.grpc.GrpcClient - Shutdown grpc executor java.util.concurrent.ThreadPoolExecutor@eb1e868[Running, pool size = 4, active threads = 0, queued tasks = 0, completed tasks = 16]
2025-11-01 20:08:33.447 [main] INFO  com.alibaba.nacos.client.naming - Shutdown grpc redo service executor java.util.concurrent.ScheduledThreadPoolExecutor@71a7cf7c[Running, pool size = 1, active threads = 0, queued tasks = 1, completed tasks = 20]
2025-11-01 20:08:33.308 [com.alibaba.nacos.client.remote.worker] ERROR c.a.nacos.common.remote.client.grpc.GrpcClient - Server check fail, please check server 127.0.0.1 ,port 9848 is available , error ={}
java.lang.InterruptedException: null
	at com.alibaba.nacos.shaded.com.google.common.util.concurrent.AbstractFuture.get(AbstractFuture.java:438)
	at com.alibaba.nacos.common.remote.client.grpc.GrpcClient.serverCheck(GrpcClient.java:218)
	at com.alibaba.nacos.common.remote.client.grpc.GrpcClient.connectToServer(GrpcClient.java:329)
	at com.alibaba.nacos.common.remote.client.RpcClient.reconnect(RpcClient.java:502)
	at com.alibaba.nacos.common.remote.client.RpcClient.lambda$start$2(RpcClient.java:343)
	at java.base/java.util.concurrent.Executors$RunnableAdapter.call(Executors.java:539)
	at java.base/java.util.concurrent.FutureTask.run$$$capture(FutureTask.java:264)
	at java.base/java.util.concurrent.FutureTask.run(FutureTask.java)
	at java.base/java.util.concurrent.ScheduledThreadPoolExecutor$ScheduledFutureTask.run(ScheduledThreadPoolExecutor.java:304)
	at java.base/java.util.concurrent.ThreadPoolExecutor.runWorker(ThreadPoolExecutor.java:1136)
	at java.base/java.util.concurrent.ThreadPoolExecutor$Worker.run(ThreadPoolExecutor.java:635)
	at java.base/java.lang.Thread.run(Thread.java:842)
2025-11-01 20:08:33.550 [main] INFO  c.a.n.client.auth.ram.identify.CredentialWatcher - [null] CredentialWatcher is stopped
2025-11-01 20:08:33.561 [com.alibaba.nacos.client.remote.worker] INFO  com.alibaba.nacos.common.remote.client - [59e52091-3587-41a7-aee3-0aa0d0568c06] Fail to connect server, after trying 4 times, last try server is {serverIp = '127.0.0.1', server main port = 8848}, error = unknown
2025-11-01 20:08:33.687 [main] INFO  c.a.n.client.auth.ram.identify.CredentialService - [null] CredentialService is freed
2025-11-01 20:08:33.820 [main] INFO  com.alibaba.nacos.client.naming - com.alibaba.nacos.client.naming.remote.NamingClientProxyDelegate do shutdown stop
2025-11-01 20:08:34.215 [com.alibaba.nacos.client.remote.worker] INFO  com.alibaba.nacos.common.remote.client - [59e52091-3587-41a7-aee3-0aa0d0568c06] Client is shutdown, stop reconnect to server
2025-11-01 20:08:35.324 [main] INFO  com.alibaba.druid.pool.DruidDataSource - {dataSource-1} closing ...
2025-11-01 20:08:38.248 [main] INFO  com.alibaba.druid.pool.DruidDataSource - {dataSource-1} closed
2025-11-01 20:08:47.268 [main] INFO  org.apache.catalina.core.StandardService - Stopping service [Tomcat]
2025-11-01 20:09:08.938 [main] INFO  o.s.b.a.logging.ConditionEvaluationReportLogger - 

Error starting ApplicationContext. To display the condition evaluation report re-run your application with 'debug' enabled.
2025-11-01 20:09:19.824 [main] ERROR org.springframework.boot.SpringApplication - Application run failed
org.springframework.context.ApplicationContextException: Failed to start bean 'webServerStartStop'
	at org.springframework.context.support.DefaultLifecycleProcessor.doStart(DefaultLifecycleProcessor.java:181)
	at org.springframework.context.support.DefaultLifecycleProcessor$LifecycleGroup.start(DefaultLifecycleProcessor.java:356)
	at java.base/java.lang.Iterable.forEach(Iterable.java:75)
	at org.springframework.context.support.DefaultLifecycleProcessor.startBeans(DefaultLifecycleProcessor.java:155)
	at org.springframework.context.support.DefaultLifecycleProcessor.onRefresh(DefaultLifecycleProcessor.java:123)
	at org.springframework.context.support.AbstractApplicationContext.finishRefresh(AbstractApplicationContext.java:932)
	at org.springframework.context.support.AbstractApplicationContext.refresh(AbstractApplicationContext.java:587)
	at org.springframework.boot.web.servlet.context.ServletWebServerApplicationContext.refresh(ServletWebServerApplicationContext.java:146)
	at org.springframework.boot.SpringApplication.refresh(SpringApplication.java:730)
	at org.springframework.boot.SpringApplication.refreshContext(SpringApplication.java:432)
	at org.springframework.boot.SpringApplication.run(SpringApplication.java:308)
	at org.springframework.boot.SpringApplication.run(SpringApplication.java:1302)
	at org.springframework.boot.SpringApplication.run(SpringApplication.java:1291)
	at com.quanxiaoha.xiaohashu.user.biz.XiaohashuUserBizApplication.main(XiaohashuUserBizApplication.java:15)
Caused by: java.lang.reflect.UndeclaredThrowableException: null
	at org.springframework.util.ReflectionUtils.rethrowRuntimeException(ReflectionUtils.java:147)
	at com.alibaba.cloud.nacos.registry.NacosServiceRegistry.register(NacosServiceRegistry.java:83)
	at org.springframework.cloud.client.serviceregistry.AbstractAutoServiceRegistration.register(AbstractAutoServiceRegistration.java:264)
	at com.alibaba.cloud.nacos.registry.NacosAutoServiceRegistration.register(NacosAutoServiceRegistration.java:78)
	at org.springframework.cloud.client.serviceregistry.AbstractAutoServiceRegistration.start(AbstractAutoServiceRegistration.java:156)
	at org.springframework.cloud.client.serviceregistry.AbstractAutoServiceRegistration.onApplicationEvent(AbstractAutoServiceRegistration.java:119)
	at org.springframework.cloud.client.serviceregistry.AbstractAutoServiceRegistration.onApplicationEvent(AbstractAutoServiceRegistration.java:49)
	at org.springframework.context.event.SimpleApplicationEventMulticaster.doInvokeListener(SimpleApplicationEventMulticaster.java:176)
	at org.springframework.context.event.SimpleApplicationEventMulticaster.invokeListener(SimpleApplicationEventMulticaster.java:169)
	at org.springframework.context.event.SimpleApplicationEventMulticaster.multicastEvent(SimpleApplicationEventMulticaster.java:143)
	at org.springframework.context.support.AbstractApplicationContext.publishEvent(AbstractApplicationContext.java:413)
	at org.springframework.context.support.AbstractApplicationContext.publishEvent(AbstractApplicationContext.java:370)
	at org.springframework.boot.web.servlet.context.WebServerStartStopLifecycle.start(WebServerStartStopLifecycle.java:47)
	at org.springframework.context.support.DefaultLifecycleProcessor.doStart(DefaultLifecycleProcessor.java:178)
	... 13 common frames omitted
Caused by: com.alibaba.nacos.api.exception.NacosException: Client not connected, current status:STARTING
	at com.alibaba.nacos.common.remote.client.RpcClient.request(RpcClient.java:643)
	at com.alibaba.nacos.common.remote.client.RpcClient.request(RpcClient.java:623)
	at com.alibaba.nacos.client.naming.remote.gprc.NamingGrpcClientProxy.requestToServer(NamingGrpcClientProxy.java:357)
	at com.alibaba.nacos.client.naming.remote.gprc.NamingGrpcClientProxy.doRegisterService(NamingGrpcClientProxy.java:210)
	at com.alibaba.nacos.client.naming.remote.gprc.NamingGrpcClientProxy.registerService(NamingGrpcClientProxy.java:124)
	at com.alibaba.nacos.client.naming.remote.NamingClientProxyDelegate.registerService(NamingClientProxyDelegate.java:98)
	at com.alibaba.nacos.client.naming.NacosNamingService.registerInstance(NacosNamingService.java:143)
	at com.alibaba.cloud.nacos.registry.NacosServiceRegistry.register(NacosServiceRegistry.java:75)
	... 25 common frames omitted
2025-11-01 20:09:20.207 [Thread-10] WARN  c.alibaba.nacos.common.http.HttpClientBeanHolder - [HttpClientBeanHolder] Start destroying common HttpClient
2025-11-01 20:09:20.209 [Thread-7] WARN  com.alibaba.nacos.common.notify.NotifyCenter - [NotifyCenter] Start destroying Publisher
2025-11-01 20:09:20.448 [Thread-7] WARN  com.alibaba.nacos.common.notify.NotifyCenter - [NotifyCenter] Destruction of the end
2025-11-01 20:13:43.238 [main] WARN  com.alibaba.nacos.client.logging.NacosLogging - Load Logback Configuration of Nacos fail, message: Could not initialize Logback Nacos logging from classpath:nacos-logback.xml
2025-11-01 20:13:43.280 [main] WARN  com.alibaba.nacos.client.logging.NacosLogging - Load Logback Configuration of Nacos fail, message: Could not initialize Logback Nacos logging from classpath:nacos-logback.xml
2025-11-01 20:13:44.670 [main] WARN  com.alibaba.nacos.client.logging.NacosLogging - Load Logback Configuration of Nacos fail, message: Could not initialize Logback Nacos logging from classpath:nacos-logback.xml
2025-11-01 20:13:44.678 [main] WARN  com.alibaba.nacos.client.logging.NacosLogging - Load Logback Configuration of Nacos fail, message: Could not initialize Logback Nacos logging from classpath:nacos-logback.xml
2025-11-01 20:13:44.678 [main] INFO  c.q.xiaohashu.user.biz.XiaohashuUserBizApplication - The following 1 profile is active: "dev"
2025-11-01 20:13:45.061 [main] INFO  o.s.d.r.config.RepositoryConfigurationDelegate - Multiple Spring Data modules found, entering strict repository configuration mode
2025-11-01 20:13:45.063 [main] INFO  o.s.d.r.config.RepositoryConfigurationDelegate - Bootstrapping Spring Data Redis repositories in DEFAULT mode.
2025-11-01 20:13:45.077 [main] INFO  o.s.d.r.config.RepositoryConfigurationDelegate - Finished Spring Data repository scanning in 6 ms. Found 0 Redis repository interfaces.
2025-11-01 20:13:45.203 [main] INFO  o.springframework.cloud.context.scope.GenericScope - BeanFactory id=6a717c5c-2977-328c-ac4e-e882ae21d846
2025-11-01 20:13:45.224 [main] INFO  o.s.c.s.PostProcessorRegistrationDelegate$BeanPostProcessorChecker - Bean 'com.quanxiaoha.xiaohashu.oss.api.FileFeignApi' of type [org.springframework.cloud.openfeign.FeignClientFactoryBean] is not eligible for getting processed by all BeanPostProcessors (for example: not eligible for auto-proxying)
2025-11-01 20:13:45.225 [main] INFO  o.s.c.s.PostProcessorRegistrationDelegate$BeanPostProcessorChecker - Bean 'com.quanxiaoha.xiaohashu.user.api.UserFeignApi' of type [org.springframework.cloud.openfeign.FeignClientFactoryBean] is not eligible for getting processed by all BeanPostProcessors (for example: not eligible for auto-proxying)
2025-11-01 20:13:45.461 [main] INFO  o.s.boot.web.embedded.tomcat.TomcatWebServer - Tomcat initialized with port(s): 8082 (http)
2025-11-01 20:13:45.468 [main] INFO  org.apache.catalina.core.StandardService - Starting service [Tomcat]
2025-11-01 20:13:45.468 [main] INFO  org.apache.catalina.core.StandardEngine - Starting Servlet engine: [Apache Tomcat/10.1.5]
2025-11-01 20:13:45.546 [main] INFO  o.a.c.core.ContainerBase.[Tomcat].[localhost].[/] - Initializing Spring embedded WebApplicationContext
2025-11-01 20:13:45.547 [main] INFO  o.s.b.w.s.c.ServletWebServerApplicationContext - Root WebApplicationContext: initialization completed in 853 ms
2025-11-01 20:13:45.757 [main] INFO  o.s.cloud.openfeign.FeignClientFactoryBean - For 'xiaohashu-oss' URL not provided. Will try picking an instance via load-balancing.
2025-11-01 20:13:45.786 [main] INFO  c.a.d.s.b.a.DruidDataSourceAutoConfigure - Init DruidDataSource
2025-11-01 20:13:45.982 [main] INFO  com.alibaba.druid.pool.DruidDataSource - {dataSource-1} inited
2025-11-01 20:13:47.469 [main] INFO  org.springframework.cloud.commons.util.InetUtils - Cannot determine local hostname
2025-11-01 20:13:48.885 [main] INFO  org.springframework.cloud.commons.util.InetUtils - Cannot determine local hostname
2025-11-01 20:13:48.898 [main] WARN  o.s.c.l.c.LoadBalancerCacheAutoConfiguration$LoadBalancerCaffeineWarnLogger - Spring Cloud LoadBalancer is currently working with the default cache. While this cache implementation is useful for development and tests, it's recommended to use Caffeine cache in production.You can switch to using Caffeine cache, by adding it and org.springframework.cache.caffeine.CaffeineCacheManager to the classpath.
2025-11-01 20:13:48.947 [main] INFO  o.s.boot.web.embedded.tomcat.TomcatWebServer - Tomcat started on port(s): 8082 (http) with context path ''
2025-11-01 20:13:48.951 [main] WARN  com.alibaba.nacos.client.logging.NacosLogging - Load Logback Configuration of Nacos fail, message: Could not initialize Logback Nacos logging from classpath:nacos-logback.xml
2025-11-01 20:13:48.951 [main] INFO  com.alibaba.nacos.client.naming - initializer namespace from ans.namespace attribute : null
2025-11-01 20:13:48.952 [main] INFO  com.alibaba.nacos.client.naming - initializer namespace from ALIBABA_ALIWARE_NAMESPACE attribute :null
2025-11-01 20:13:48.952 [main] INFO  com.alibaba.nacos.client.naming - initializer namespace from namespace attribute :null
2025-11-01 20:13:48.965 [main] INFO  com.alibaba.nacos.client.utils.ParamUtil - [settings] [req-serv] nacos-server port:8848
2025-11-01 20:13:48.965 [main] INFO  com.alibaba.nacos.client.utils.ParamUtil - [settings] [http-client] connect timeout:1000
2025-11-01 20:13:48.965 [main] INFO  com.alibaba.nacos.client.utils.ParamUtil - PER_TASK_CONFIG_SIZE: 3000.0
2025-11-01 20:13:48.968 [main] INFO  c.a.n.p.auth.spi.client.ClientAuthPluginManager - [ClientAuthPluginManager] Load ClientAuthService com.alibaba.nacos.client.auth.impl.NacosClientAuthServiceImpl success.
2025-11-01 20:13:48.968 [main] INFO  c.a.n.p.auth.spi.client.ClientAuthPluginManager - [ClientAuthPluginManager] Load ClientAuthService com.alibaba.nacos.client.auth.ram.RamClientAuthServiceImpl success.
2025-11-01 20:13:48.969 [main] INFO  c.a.n.client.auth.ram.identify.CredentialWatcher - null No credential found
2025-11-01 20:13:48.973 [main] INFO  com.alibaba.nacos.common.remote.client - [RpcClientFactory] create a new rpc client of c59dce37-1e98-4c6a-807c-bd2da9f5f835
2025-11-01 20:13:48.983 [main] INFO  com.alibaba.nacos.common.remote.client - [c59dce37-1e98-4c6a-807c-bd2da9f5f835] RpcClient init, ServerListFactory = com.alibaba.nacos.client.naming.core.ServerListManager
2025-11-01 20:13:48.983 [main] INFO  com.alibaba.nacos.common.remote.client - [c59dce37-1e98-4c6a-807c-bd2da9f5f835] Registry connection listener to current client:com.alibaba.nacos.client.naming.remote.gprc.redo.NamingGrpcRedoService
2025-11-01 20:13:48.984 [main] INFO  com.alibaba.nacos.common.remote.client - [c59dce37-1e98-4c6a-807c-bd2da9f5f835] Register server push request handler:com.alibaba.nacos.client.naming.remote.gprc.NamingPushRequestHandler
2025-11-01 20:13:48.985 [main] INFO  com.alibaba.nacos.common.remote.client - [c59dce37-1e98-4c6a-807c-bd2da9f5f835] Try to connect to server on start up, server: {serverIp = '127.0.0.1', server main port = 8848}
2025-11-01 20:13:49.003 [main] INFO  c.a.nacos.common.remote.client.grpc.GrpcClient - grpc client connection server:127.0.0.1 ip,serverPort:9848,grpcTslConfig:{"sslProvider":"OPENSSL","enableTls":false,"mutualAuthEnable":false,"trustAll":false}
2025-11-01 20:13:49.671 [main] INFO  com.alibaba.nacos.common.remote.client - [c59dce37-1e98-4c6a-807c-bd2da9f5f835] Success to connect to server [127.0.0.1:8848] on start up, connectionId = 1761999229502_127.0.0.1_1199
2025-11-01 20:13:49.672 [com.alibaba.nacos.client.remote.worker] INFO  com.alibaba.nacos.common.remote.client - [c59dce37-1e98-4c6a-807c-bd2da9f5f835] Notify connected event to listeners.
2025-11-01 20:13:49.672 [com.alibaba.nacos.client.remote.worker] INFO  com.alibaba.nacos.client.naming - Grpc connection connect
2025-11-01 20:13:49.672 [main] INFO  com.alibaba.nacos.common.remote.client - [c59dce37-1e98-4c6a-807c-bd2da9f5f835] Register server push request handler:com.alibaba.nacos.common.remote.client.RpcClient$ConnectResetRequestHandler
2025-11-01 20:13:49.673 [main] INFO  com.alibaba.nacos.common.remote.client - [c59dce37-1e98-4c6a-807c-bd2da9f5f835] Register server push request handler:com.alibaba.nacos.common.remote.client.RpcClient$$Lambda$1264/0x000001d30d7a8890
2025-11-01 20:13:49.673 [main] INFO  com.alibaba.nacos.client.naming - [REGISTER-SERVICE] xiaohashu registering service xiaohashu-user with instance Instance{instanceId='null', ip='192.168.134.1', port=8082, weight=1.0, healthy=true, enabled=true, ephemeral=true, clusterName='DEFAULT', serviceName='null', metadata={IPv6=null, preserved.register.source=SPRING_CLOUD}}
2025-11-01 20:13:49.684 [main] INFO  c.a.cloud.nacos.registry.NacosServiceRegistry - nacos registry, DEFAULT_GROUP xiaohashu-user 192.168.134.1:8082 register finished
2025-11-01 20:13:50.846 [main] INFO  org.springframework.cloud.commons.util.InetUtils - Cannot determine local hostname
2025-11-01 20:13:50.853 [main] INFO  c.q.xiaohashu.user.biz.XiaohashuUserBizApplication - Started XiaohashuUserBizApplication in 9.173 seconds (process running for 9.773)
2025-11-01 20:13:50.855 [main] INFO  c.q.x.u.biz.runner.PushRolePermissions2RedisRunner - ==> 服务启动，开始同步角色权限数据到 Redis 中...
2025-11-01 20:13:51.148 [main] WARN  c.q.x.u.biz.runner.PushRolePermissions2RedisRunner - ==> 角色权限数据已经同步至 Redis 中，不再同步...
2025-11-01 20:13:55.306 [http-nio-8082-exec-2] INFO  o.a.c.core.ContainerBase.[Tomcat].[localhost].[/] - Initializing Spring DispatcherServlet 'dispatcherServlet'
2025-11-01 20:13:55.306 [http-nio-8082-exec-2] INFO  org.springframework.web.servlet.DispatcherServlet - Initializing Servlet 'dispatcherServlet'
2025-11-01 20:13:55.307 [http-nio-8082-exec-2] INFO  org.springframework.web.servlet.DispatcherServlet - Completed initialization in 1 ms
2025-11-01 20:13:55.312 [http-nio-8082-exec-2] INFO  c.q.x.user.biz.filter.HeaderUserId2ContextFilter - ## HeaderUserId2ContextFilter, 用户 ID: 11
2025-11-01 20:13:55.315 [http-nio-8082-exec-2] INFO  c.q.x.user.biz.filter.HeaderUserId2ContextFilter - ===== 设置 userId 到 ThreadLocal 中， 用户 ID: 11
2025-11-01 20:13:55.367 [http-nio-8082-exec-2] INFO  c.q.f.b.operationlog.aspect.ApiOperationLogAspect - ====== 请求开始: [密码更新], 入参: {"encodePassword":"$2a$10$RwMtA1jqNugwqw93fPCaVe913KU9eJtBDl6Bn1GqNs96ueNXoXFzC"}, 请求类: UserController, 请求方法: updatePassword =================================== 
2025-11-01 20:13:55.389 [http-nio-8082-exec-2] DEBUG c.q.x.u.b.d.m.U.updateByPrimaryKeySelective - ==>  Preparing: update t_user SET `password` = ?, update_time = ? where id = ?
2025-11-01 20:13:55.457 [http-nio-8082-exec-2] DEBUG c.q.x.u.b.d.m.U.updateByPrimaryKeySelective - ==> Parameters: $2a$10$RwMtA1jqNugwqw93fPCaVe913KU9eJtBDl6Bn1GqNs96ueNXoXFzC(String), 2025-11-01T20:13:55.367164400(LocalDateTime), 11(Long)
2025-11-01 20:13:55.465 [http-nio-8082-exec-2] DEBUG c.q.x.u.b.d.m.U.updateByPrimaryKeySelective - <==    Updates: 1
2025-11-01 20:13:55.467 [http-nio-8082-exec-2] INFO  c.q.f.b.operationlog.aspect.ApiOperationLogAspect - ====== 请求结束: [密码更新], 耗时: 100ms, 出参: {"success":true,"message":null,"errorCode":null,"data":null} =================================== 
2025-11-01 20:13:55.476 [http-nio-8082-exec-2] INFO  c.q.x.user.biz.filter.HeaderUserId2ContextFilter - ===== 删除 ThreadLocal， userId: 11
